FIPS,NAME,STATEFP,ag_km2,aland_km2,pct_ag_area
01001,Autauga,1,317.09672757557684,1539.602123,20.59601781775257
01003,Baldwin,1,645.8838776244,4117.546676,15.686133721059488
01005,Barbour,1,388.1602250888483,2292.144655,16.934368615965393
01007,Bibb,1,119.55568811720855,1612.167481,7.41583548398149
01009,Blount,1,563.8751829139787,1670.103911,33.76288021362395
01011,Bullock,1,314.1657877459222,1613.05916,19.476395877874822
01013,Butler,1,205.19948660076858,2012.00253,10.198768815701667
01015,Calhoun,1,294.6917316976158,1569.189622,18.779867491222536
01017,Chambers,1,214.7216868434941,1545.085607,13.897073784824537
01019,Cherokee,1,401.52615250603975,1433.623321,28.007786049822478
01021,Chilton,1,325.0496749686469,1794.477075,18.11389398600408
01023,Choctaw,1,105.43215316950446,2365.869835,4.456380127502005
01025,Clarke,1,100.6778046815406,3207.494111,3.1388305386522526
01029,Cleburne,1,149.03643217257465,1450.66394,10.273670425183012
01031,Coffee,1,502.8447504663876,1758.565925,28.59402330716647
01033,Colbert,1,483.58097238437404,1535.202321,31.499494611848885
01035,Conecuh,1,217.58417883972962,2202.007854,9.881171788033488
01037,Coosa,1,97.93980279007044,1685.850815,5.809517776937483
01039,Covington,1,485.9347811757492,2669.12902,18.205743429208574
01041,Crenshaw,1,262.2226702623772,1576.952799,16.62844128427063
01043,Cullman,1,757.3906414500129,1903.073019,39.79829643362796
01045,Dale,1,337.19649713080935,1453.244553,23.203011250564746
01047,Dallas,1,641.7102533022264,2534.919599,25.314816831089026
01049,DeKalb,1,865.6833360702251,2012.676479,43.01154930276427
01051,Elmore,1,357.83269554521894,1601.769095,22.339842656610813
01053,Escambia,1,341.31828490377313,2448.115119,13.942084759608607
01055,Etowah,1,373.524970320252,1386.373604,26.942591033365634
01057,Fayette,1,170.3175875493377,1625.69329,10.476612568742146
01061,Geneva,1,634.0436138778516,1487.897666,42.61338856605557
01063,Greene,1,320.10315226012756,1675.782061,19.101717324095855
01065,Hale,1,460.3257488029483,1667.907112,27.59900389482531
01067,Henry,1,448.5453039951283,1454.926621,30.82941074284792
01069,Houston,1,656.5735552335982,1501.854593,43.717518213402585
01075,Lamar,1,157.1274545966651,1566.544637,10.030193260089346
01077,Lauderdale,1,791.1765811352593,1730.146083,45.72888895967632
01079,Lawrence,1,802.0611241120616,1788.864247,44.836332631565064
01081,Lee,1,205.2648350391836,1573.548952,13.044706030803138
01083,Limestone,1,825.0610994130021,1450.277885,56.88986282880554
01085,Lowndes,1,586.8590517683485,1854.201378,31.650232748794156
01087,Macon,1,268.9335216138276,1576.855717,17.055049407150523
01091,Marengo,1,513.0177979618085,2530.140238,20.276259404788316
01095,Marshall,1,585.5285657356108,1465.53186,39.95331536058252
01097,Mobile,1,354.93204700871524,3184.053031,11.147177624024796
01103,Morgan,1,587.2028484326589,1500.612908,39.130867481026556
01105,Perry,1,441.5047552063486,1863.900621,23.68714030308532
01107,Pickens,1,313.5232425550453,2282.893837,13.733588372512884
01109,Pike,1,412.6856346590236,1740.647518,23.70874231522752
01111,Randolph,1,279.18073168670315,1503.615935,18.567290036514752
01113,Russell,1,231.8153955551801,1660.577613,13.95992537418244
01115,St. Clair,1,291.0498596198549,1635.844944,17.792020000879425
01117,Shelby,1,255.01114148167656,2034.112797,12.536725684916703
01119,Sumter,1,514.1063457430147,2340.898915,21.96191994659516
01121,Talladega,1,412.6634244273917,1908.256939,21.625149946717514
01123,Tallapoosa,1,151.76413961335734,1855.782851,8.177903978990768
01125,Tuscaloosa,1,297.8336547196717,3421.009204,8.706017346326663
01127,Walker,1,282.7269505825198,2048.68608,13.8004037486563
01131,Wilcox,1,241.59906123801676,2301.075082,10.49939930808467
01133,Winston,1,211.14168954294885,1587.60892,13.299351426102396
04001,Apache,4,20.682324636349666,29001.320728,0.07131511295753312
04003,Cochise,4,462.75448413902706,15966.170808,2.898343564677133
04005,Coconino,4,4.806166676554602,48222.143094,0.009966721444100657
04007,Gila,4,2.9225830473685463,12323.152727,0.023716195945256556
04009,Graham,4,185.70543454708275,11972.737302,1.5510691487072163
04011,Greenlee,4,12.555345330641083,4770.701075,0.26317610626318866
04012,La Paz,4,450.0572322281044,11653.985203,3.861831162375678
04013,Maricopa,4,928.6596409220866,23825.949527,3.897681558796692
04015,Mohave,4,79.71758920451852,34475.503959,0.23122965598798112
04017,Navajo,4,28.622305607067393,25770.094216,0.11106791215880198
04019,Pima,4,114.45148384012828,23794.796847,0.48099374235488834
04021,Pinal,4,1255.5726475774861,13897.458216,9.034548822258435
04023,Santa Cruz,4,7.352949781854846,3203.61324,0.22952052045629723
04025,Yavapai,4,33.1289438305262,21039.796371,0.15745848128163994
04027,Yuma,4,714.8587505159204,14281.12783,5.005618316882753
05001,Arkansas,5,1483.9753495179418,2560.886962,57.94770997463267
05003,Ashley,5,604.4733123114726,2396.662506,25.221461544885226
05005,Baxter,5,249.30833161640072,1435.438304,17.3680980172869
05007,Benton,5,819.173097764835,2195.165155,37.31715109904043
05009,Boone,5,676.3034673600072,1528.068629,44.258710278123715
05011,Bradley,5,65.19990188931287,1681.514472,3.8774511296214915
05013,Calhoun,5,41.40084194298527,1627.975429,2.5430876415878183
05015,Carroll,5,663.1810126938303,1631.600824,40.64603320486128
05017,Chicot,5,1248.4869671151569,1668.823389,74.81240827187118
05019,Clark,5,280.97331104961415,2243.130281,12.525947040595193
05023,Cleburne,5,329.40569330408226,1434.168144,22.96841515286664
05025,Cleveland,5,70.80159779551548,1548.2534,4.572998050287858
05027,Columbia,5,125.33039852019807,1983.889572,6.317407999370142
05029,Conway,5,560.0369330511478,1430.333634,39.154286785872216
05031,Craighead,5,1375.858455729117,1831.867052,75.10689458751818
05033,Crawford,5,445.32788937838654,1531.188213,29.08381122565411
05035,Crittenden,5,1279.4450525157085,1580.755093,80.93885372765384
05037,Cross,5,1249.74310668054,1596.421809,78.28401614378974
05039,Dallas,5,44.62661371935917,1728.522506,2.581777996204995
05041,Desha,5,1204.572563790843,1989.461629,60.54766506837932
05043,Drew,5,435.6989807773977,2145.434144,20.308196455057335
05045,Faulkner,5,718.8817396410724,1678.154687,42.8376326217103
05049,Fulton,5,604.5414266374664,1601.111507,37.75760926046898
05051,Garland,5,137.65023919658947,1755.29036,7.8420210315853085
05055,Greene,5,1024.7978933245108,1496.205817,68.49310981689031
05057,Hempstead,5,554.0160787721569,1884.268205,29.402187931741754
05059,Hot Spring,5,231.5388410340767,1593.380758,14.531293908977702
05061,Howard,5,348.6784163062785,1524.380365,22.873452342472184
05063,Independence,5,838.6681982142381,1978.631568,42.38627401775276
05065,Izard,5,427.96978984524435,1503.683622,28.46142523491849
05071,Johnson,5,372.0975893212563,1709.103303,21.771509578625878
05073,Lafayette,5,380.3414576741536,1368.278177,27.797085714548643
05075,Lawrence,5,1005.4789544631079,1521.880769,66.06818188022638
05077,Lee,5,1136.6024972894634,1560.781754,72.82264124222094
05081,Little River,5,466.5007794418105,1378.511384,33.840908740860314
05083,Logan,5,601.2738551263981,1834.027338,32.78434528582791
05085,Lonoke,5,1381.7168642541285,1996.628038,69.20251734209737
05091,Miller,5,669.829651399105,1620.628512,41.33147395836419
05093,Mississippi,5,1989.0094484855558,2332.480077,85.27444534676538
05099,Nevada,5,212.62087894861364,1600.192986,13.287202281776135
05101,Newton,5,219.5054033435729,2126.144031,10.324107875247371
05103,Ouachita,5,60.059562277656354,1897.89873,3.164529346497658
05105,Perry,5,225.31563987080844,1428.543055,15.772408054639168
05107,Phillips,5,1334.345324129343,1801.669159,74.06161766514109
05109,Pike,5,196.00732662159973,1555.614399,12.599994365415984
05111,Poinsett,5,1572.4536391091315,1964.149128,80.05775206642718
05113,Polk,5,360.9625468639595,2221.38279,16.249452750282607
05115,Pope,5,478.1718767812065,2104.417474,22.722291688270143
05117,Prairie,5,1084.157221147746,1678.019578,64.60933086608756
05119,Pulaski,5,445.03401906104426,1965.5795,22.64136449637597
05121,Randolph,5,775.256791404413,1689.251367,45.89351274471474
05123,St. Francis,5,1169.7517507599757,1644.132566,71.1470458617493
05125,Saline,5,164.885988305497,1873.977181,8.798719108068852
05127,Scott,5,327.01370459027316,2311.063521,14.1499228220596
05129,Searcy,5,430.1782291231697,1725.176966,24.93531026678278
05131,Sebastian,5,432.6752723355367,1377.601669,31.40786499261542
05133,Sevier,5,332.7821516536715,1463.680826,22.73597807269981
05135,Sharp,5,390.05658881638755,1565.460775,24.916407682995924
05137,Stone,5,256.7375114441818,1570.579417,16.34667490642288
05141,Van Buren,5,311.59374389698223,1838.20043,16.951021162419284
05145,White,5,1338.820203780537,2680.85209,49.94009959648825
05147,Woodruff,5,1118.189583683529,1519.723271,73.57849978488149
05149,Yell,5,543.5045929657864,2409.045644,22.56099191476284
06001,Alameda,6,26.49958182783012,1909.598013,1.3877047235820579
06003,Alpine,6,4.170163900768564,1912.29263,0.2180714308755436
06005,Amador,6,18.02439091504792,1539.933577,1.1704654787878506
06007,Butte,6,1079.7725850124611,4238.438186,25.47571859320874
06009,Calaveras,6,3.021381978290871,2641.8292,0.11436704455726626
06011,Colusa,6,1364.6210526688567,2980.332864,45.787538336820376
06013,Contra Costa,6,204.41395439762516,1857.233047,11.006370725947198
06015,Del Norte,6,49.80165875191029,2606.117983,1.9109518094258242
06017,El Dorado,6,0.3097223003540039,4423.290468,0.007002079166961095
06019,Fresno,6,5253.267948180947,15431.404077,34.04270876433578
06021,Glenn,6,1147.3861609761673,3403.16029,33.715313508673056
06023,Humboldt,6,136.5758179246826,9241.52743,1.4778489698718842
06025,Imperial,6,2017.2537706459862,10817.292933,18.648415857279865
06027,Inyo,6,102.35981294662608,26368.50843,0.3881896210335857
06029,Kern,6,4004.9238002481975,21062.456129,19.014514621274337
06031,Kings,6,2147.8366390801725,3600.883824,59.64748500811873
06033,Lake,6,50.98913921426571,3254.364315,1.5667925984576103
06035,Lassen,6,376.3120511966738,11761.615592,3.199492860935136
06037,Los Angeles,6,177.55793660123794,10510.671776,1.6893110201259693
06039,Madera,6,1562.943586328589,5534.617472,28.23941481476588
06041,Marin,6,14.965813881120749,1347.976788,1.1102426996035741
06043,Mariposa,6,0.03425501916503906,3752.472149,0.0009128653806042962
06045,Mendocino,6,120.78173181469728,9081.426659,1.3299863154760878
06047,Merced,6,2408.5549175017136,5013.300944,48.043294117108836
06049,Modoc,6,557.7391868110126,10140.960152,5.499865677916261
06051,Mono,6,82.07624985239545,7896.838487,1.0393558129308547
06053,Monterey,6,968.4225623222665,8499.616962,11.393720054113968
06055,Napa,6,121.27804023994452,1938.114186,6.257528122749343
06057,Nevada,6,2.494720206665039,2480.587324,0.10056973937294211
06059,Orange,6,16.10542955041887,2053.294769,0.7843700667616549
06061,Placer,6,177.46123655850613,3644.325262,4.869522443809411
06063,Plumas,6,82.50717927459453,6612.400908,1.247764320744276
06065,Riverside,6,715.1848983496794,18664.901451,3.83171001586704
06067,Sacramento,6,760.3945349802851,2500.490904,30.409810080248352
06069,San Benito,6,170.6706980128973,3596.590995,4.7453463084950345
06071,San Bernardino,6,71.52680171603978,51954.8956,0.13767095649026728
06073,San Diego,6,45.79020340465926,10900.649391,0.42006858272558906
06075,San Francisco,6,0.0007102278442382813,121.375681,0.0005851483908364488
06077,San Joaquin,6,2381.449380129451,3606.263159,66.03648361562766
06079,San Luis Obispo,6,319.4585653360832,8548.611925,3.736964177796423
06081,San Mateo,6,10.845264390075684,1161.960635,0.9333590195226953
06083,Santa Barbara,6,399.77334059381747,7083.976828,5.643346248870839
06085,Santa Clara,6,80.69390764207476,3343.896477,2.4131700307441895
06087,Santa Cruz,6,59.314701509315405,1152.866293,5.1449766438193025
06089,Shasta,6,185.66836993066096,9778.230074,1.8987932225520774
06091,Sierra,6,29.91816702296502,2468.694587,1.2119023220009604
06093,Siskiyou,6,712.2912156973612,16261.93326,4.3801140018782805
06095,Solano,6,754.333439733146,2128.327622,35.44254333476606
06097,Sonoma,6,255.5818964851869,4081.491107,6.261973621523975
06099,Stanislaus,6,1762.2639788383465,3874.662824,45.481737608824425
06101,Sutter,6,1222.0188991454029,1560.546527,78.30711087445859
06103,Tehama,6,479.7809303754077,7638.22875,6.2813113626036365
06105,Trinity,6,3.222625946472168,8234.265085,0.039136776788285386
06107,Tulare,6,3123.4956197982983,12495.083015,24.99779806223479
06109,Tuolumne,6,1.157821255090332,5752.079372,0.020128742672195724
06111,Ventura,6,321.6153824641755,4771.968316,6.739679754071853
06113,Yolo,6,1480.7119733940885,2628.144763,56.34057888439414
06115,Yuba,6,435.4600048842376,1636.913845,26.602499955288582
08001,Adams,8,1662.17082329571,3020.592854,55.027966483287926
08003,Alamosa,8,292.20917744614377,1871.465869,15.61391967048178
08005,Arapahoe,8,509.1138747295305,2066.632437,24.63495034794765
08007,Archuleta,8,60.81989060646902,3496.70879,1.7393467474444453
08009,Baca,8,2034.2909932336809,6617.400546,30.74154237895336
08011,Bent,8,270.7502943276525,3918.25514,6.9099710114245525
08013,Boulder,8,166.3383591274953,1881.290197,8.841717210494522
08014,Broomfield,8,12.124642546212705,85.478796,14.184386202880892
08015,Chaffee,8,39.02555168908692,2624.715692,1.486848720721822
08017,Cheyenne,8,1935.5172575261372,4605.713965,42.024260999155146
08019,Clear Creek,8,0.0,1023.561805,0.0
08021,Conejos,8,395.8720374920975,3334.445557,11.872199762297617
08023,Costilla,8,160.04337103323257,3179.4523,5.033677373717246
08025,Crowley,8,27.05372582860275,2039.427875,1.3265350621238687
08027,Custer,8,54.330662131771795,1913.031959,2.8400289852016942
08029,Delta,8,297.07143400655184,2958.095177,10.042659760117376
08031,Denver,8,32.47473005088058,397.024697,8.17952391784851
08033,Dolores,8,148.9382856755814,2763.958517,5.388586144094485
08035,Douglas,8,3.57451522796583,2176.237637,0.16425206361624145
08037,Eagle,8,42.328470240740614,4362.761542,0.9702219530736987
08039,Elbert,8,402.10709915853715,4793.643993,8.3883388033346
08041,El Paso,8,22.533622503378954,5508.504028,0.40906972907416295
08043,Fremont,8,17.888952290386843,3970.66437,0.45052793747931014
08045,Garfield,8,155.38360068674388,7634.105497,2.0353871288234817
08047,Gilpin,8,0.0,388.228994,0.0
08049,Grand,8,60.00329098744184,4782.26051,1.2547056117493238
08051,Gunnison,8,119.05756890972374,8389.338082,1.4191533079966265
08053,Hinsdale,8,12.895896277125459,2893.614469,0.44566739678980566
08055,Huerfano,8,15.166068198242188,4120.756321,0.3680408890220856
08061,Kiowa,8,1919.2544794448872,4578.603579,41.917900214109956
08063,Kit Carson,8,3106.5668475479406,5596.501999,55.50908135301357
08065,Lake,8,0.012543201721191406,976.21587,0.0012848799232480625
08067,La Plata,8,344.48667639169946,4376.522013,7.871242858334492
08069,Larimer,8,235.592113248848,6723.008226,3.5042663243775123
08071,Las Animas,8,60.45079153504519,12361.852575,0.48901077867000203
08075,Logan,8,1659.7773965068109,4761.947992,34.85500890171862
08077,Mesa,8,303.87443360103833,8621.899288,3.5244488882394185
08079,Mineral,8,2.8579648068299535,2268.209079,0.12600094203352555
08081,Moffat,8,157.99376108132518,12284.943825,1.286076382049107
08083,Montezuma,8,399.20716678043857,5255.937129,7.595356584038746
08085,Montrose,8,382.0107507770649,5804.023559,6.581826329507235
08087,Morgan,8,1019.4928637176407,3316.441514,30.7405651332599
08089,Otero,8,270.7444884797201,3268.424425,8.283639248587491
08091,Ouray,8,46.48379232345042,1402.719365,3.313834077099978
08093,Park,8,0.7404691788756128,5682.181421,0.013031424447994808
08095,Phillips,8,1378.9515408832294,1781.724975,77.39418598446875
08097,Pitkin,8,22.997893214735328,2514.104904,0.9147547175992989
08099,Prowers,8,1577.6242619868076,4243.428664,37.178055457156795
08101,Pueblo,8,101.20185376276304,6179.916826,1.6375924888987017
08103,Rio Blanco,8,127.99884556926604,8342.275042,1.5343397925007665
08105,Rio Grande,8,379.00370732622935,2361.956098,16.046179166799625
08107,Routt,8,179.85741132199516,6117.602765,2.9399982024167137
08109,Saguache,8,305.2509079678073,8206.547694,3.719601948953315
08111,San Juan,8,0.009941360595703124,1003.660616,0.0009905101821493733
08113,San Miguel,8,39.94922522710462,3332.606119,1.1987382787105967
08115,Sedgwick,8,805.2513335079065,1419.41913,56.731046981726
08117,Summit,8,5.368934536901856,1575.590691,0.3407569343719774
08119,Teller,8,0.3800930105174345,1442.734237,0.026345324091552314
08123,Weld,8,2591.4679643200766,10323.763901,25.101968518178307
08125,Yuma,8,2157.869430756077,6123.763482,35.23763510950172
12001,Alachua,12,602.5470968285439,2266.324954,26.586968288244154
12003,Baker,12,66.64247914451163,1515.738968,4.396698940348918
12005,Bay,12,39.065080759722306,1964.585684,1.9884640857294524
12007,Bradford,12,126.24305956621932,761.362115,16.581211105601085
12009,Brevard,12,323.2621339157212,2629.306677,12.294576997939188
12011,Broward,12,22.82879137535018,3116.026236,0.7326251336270899
12013,Calhoun,12,163.0265541687845,1469.390185,11.094844366936105
12015,Charlotte,12,384.24086522263457,1764.058624,21.78163809269383
12017,Citrus,12,184.36061260349814,1507.142282,12.232462376335754
12021,Collier,12,409.18381857189394,5170.431469,7.913920163630621
12023,Columbia,12,386.35411215766504,2065.645989,18.703791173080095
12027,DeSoto,12,1015.8814023462018,1649.027555,61.604877327001475
12029,Dixie,12,113.53149237820683,1826.212953,6.216771827825647
12031,Duval,12,55.362516397314934,1975.993782,2.801755597696255
12033,Escambia,12,215.15706551270824,1701.544502,12.64480977487289
12035,Flagler,12,109.57633283598489,1256.519758,8.720621553169789
12039,Gadsden,12,143.75985959409132,1337.194435,10.75085685606307
12041,Gilchrist,12,372.6049726278179,905.70553,41.139747995997986
12043,Glades,12,931.3031253466004,2089.129695,44.578521265363584
12045,Gulf,12,22.002280340888767,1433.354005,1.535020676269626
12047,Hamilton,12,211.35926415108742,1330.689567,15.883438887071955
12049,Hardee,12,917.294838950346,1651.329788,55.54885799409718
12051,Hendry,12,1700.0077429842718,2994.619283,56.768743614086716
12053,Hernando,12,197.72808343658255,1224.485109,16.147855288992538
12055,Highlands,12,1346.0585411240256,2634.768891,51.088296424098985
12057,Hillsborough,12,525.0968954463742,2646.574869,19.840621234523415
12059,Holmes,12,272.4892564707031,1240.232909,21.970813263648292
12061,Indian River,12,438.57867007539977,1302.203812,33.679725557077376
12067,Lafayette,12,186.53132801067517,1407.329178,13.254278453585446
12069,Lake,12,627.1940321812823,2462.296203,25.471916474432472
12071,Lee,12,174.2939960118934,2025.413418,8.60535407057787
12073,Leon,12,99.65143379624716,1727.086019,5.76991723052372
12075,Levy,12,661.0499374700966,2896.211042,22.82464668091327
12077,Liberty,12,37.259026848029166,2164.099093,1.721687651390239
12081,Manatee,12,718.7490712898366,1924.706077,37.343315942044306
12085,Martin,12,559.216753797024,1408.397026,39.705902772690465
12086,Miami-Dade,12,212.55200829364017,4917.746437,4.322142489788564
12089,Nassau,12,79.09041645150626,1680.074654,4.707553694903027
12091,Okaloosa,12,126.34798443958739,2409.293012,5.24419337167726
12093,Okeechobee,12,1080.6497380256906,1991.328272,54.26778463504337
12095,Orange,12,239.84617562275358,2337.566033,10.260509103776561
12097,Osceola,12,1265.5661791866492,3438.755923,36.80302433568935
12099,Palm Beach,12,1814.0838675134905,5090.938139,35.63358693393643
12101,Pasco,12,434.37418405752095,1933.86257,22.461481534208552
12103,Pinellas,12,4.42081231023763,709.00665,0.6235219811037922
12105,Polk,12,1332.3813452334005,4654.624281,28.62489569076779
12107,Putnam,12,214.75263239023295,1885.167077,11.391702889909581
12109,St. Johns,12,135.40250855904972,1555.841585,8.702846733528448
12111,St. Lucie,12,723.3713943853476,1480.655751,48.8547992264103
12113,Santa Rosa,12,293.30330985614825,2622.050626,11.186027719975389
12115,Sarasota,12,198.76188562200377,1442.282866,13.781061281913873
12117,Seminole,12,47.50463362479032,801.344504,5.928116233113933
12119,Sumter,12,439.5651010357676,1442.915229,30.463681594129714
12121,Suwannee,12,715.6849979927609,1783.34212,40.1316713134528
12123,Taylor,12,73.44174732816138,2702.180641,2.7178696425336946
12127,Volusia,12,196.72576027570946,2852.206495,6.897318290964394
12129,Wakulla,12,32.47856276988693,1570.616088,2.0678868004748803
12131,Walton,12,220.96393749629908,2687.739968,8.221179880757687
13001,Appling,13,330.04657912297677,1316.423274,25.071463384274438
13003,Atkinson,13,212.9633448673797,887.636792,23.99217188682955
13005,Bacon,13,220.85884685753558,735.776071,30.017128249001665
13007,Baker,13,364.1555910167749,885.665383,41.11661108208572
13009,Baldwin,13,83.11809381446244,670.027544,12.405175661623613
13011,Banks,13,148.87984736860037,601.022383,24.771098644524255
13013,Barrow,13,116.06250779145604,417.082282,27.827244838814813
13015,Bartow,13,256.12829637544394,1190.154672,21.520589079823733
13017,Ben Hill,13,183.51552854581084,647.813388,28.328455685730727
13019,Berrien,13,415.82422124863257,1174.239875,35.41220410766859
13021,Bibb,13,61.17096005677659,645.938974,9.4700834783158
13023,Bleckley,13,220.63058173406648,559.100774,39.46168418898781
13025,Brantley,13,57.57428819885685,1147.397684,5.017814573073241
13027,Brooks,13,479.00291168472944,1277.10881,37.506820713634376
13029,Bryan,13,28.32354311014046,1133.250591,2.499318626884392
13031,Bulloch,13,546.671232117637,1750.692421,31.226000955974722
13033,Burke,13,634.1319406878189,2142.010511,29.604520492841733
13035,Butts,13,87.13531636279535,475.754781,18.315174086037267
13037,Calhoun,13,310.52936953363695,726.191502,42.76136097412456
13039,Camden,13,7.836171208053768,1632.473254,0.4800183518384166
13043,Candler,13,185.38827845384662,629.520691,29.449115986855883
13045,Carroll,13,313.56171285018695,1292.475865,24.260546857498724
13047,Catoosa,13,110.82756903072728,419.998845,26.387589001757206
13049,Charlton,13,26.45632149048977,2020.415648,1.309449445052495
13051,Chatham,13,9.771949241362927,1121.783898,0.8711079967171116
13053,Chattahoochee,13,10.040861106602568,644.22625,1.558592358911573
13055,Chattooga,13,175.03236369847824,811.512396,21.568661743335618
13057,Cherokee,13,99.82129642526927,1090.599861,9.152879987875705
13059,Clarke,13,39.654797518529314,308.774405,12.842643974499541
13063,Clayton,13,12.41824877511082,366.930141,3.384363230904713
13065,Clinch,13,28.828186355988628,2110.829174,1.3657280613267018
13067,Cobb,13,14.729622500598865,879.964563,1.6738881450387297
13069,Coffee,13,501.6862589519161,1534.04369,32.70351830409186
13071,Colquitt,13,631.2982537772135,1416.784215,44.55853242105846
13073,Columbia,13,61.92603809418419,751.293212,8.242592519814247
13075,Cook,13,258.7870546908347,591.237665,43.77039387212157
13077,Coweta,13,182.8344477852113,1142.008517,16.009902296132463
13079,Crawford,13,115.26146908620198,841.521989,13.696786369559973
13081,Crisp,13,354.6145921579051,706.189044,50.21524975087338
13083,Dade,13,76.21668154037344,450.605317,16.914288106452467
13085,Dawson,13,48.50939108462537,546.042248,8.883816456016305
13087,Decatur,13,568.1685163828214,1546.667777,36.73500701520217
13089,DeKalb,13,7.2149155634023625,693.405943,1.0405038543781795
13091,Dodge,13,279.8205403704846,1284.516931,21.784106820035724
13093,Dooly,13,550.0390380554862,1016.908429,54.08933807308291
13095,Dougherty,13,202.05816110397498,851.183464,23.738497004445442
13097,Douglas,13,37.588325627152976,518.246643,7.25298005010965
13099,Early,13,557.6568462942884,1327.6266,42.00404287578212
13101,Echols,13,39.12010764515166,1088.84947,3.592793009776793
13103,Effingham,13,112.48566500656594,1240.066122,9.070940896695664
13105,Elbert,13,207.6837970120495,909.338654,22.838993602492287
13107,Emanuel,13,306.1792491196018,1762.672231,17.370174881912114
13109,Evans,13,104.57311422763384,473.694909,22.076047734689467
13111,Fannin,13,68.12614499767827,1002.402372,6.796287289479625
13113,Fayette,13,73.88581891745007,503.420082,14.676772254280088
13115,Floyd,13,269.0386659968437,1320.434486,20.37501056276136
13117,Forsyth,13,70.30087172892684,581.585477,12.08779698068816
13121,Fulton,13,52.70784869681396,1364.248547,3.863507775963493
13123,Gilmer,13,64.96587540475524,1103.886887,5.88519314522442
13125,Glascock,13,53.17253633116168,372.299246,14.282203604345113
13127,Glynn,13,7.1722440500643865,1086.631796,0.6600436391118071
13129,Gordon,13,300.4466668352307,921.598697,32.600595879014215
13131,Grady,13,400.5111020527154,1177.152222,34.023730709375954
13133,Greene,13,128.21051903249344,1004.011853,12.769821257527868
13135,Gwinnett,13,38.81907186334683,1115.127417,3.4811333011415706
13137,Habersham,13,118.42023596522648,716.980219,16.516527628947944
13139,Hall,13,178.33584441379656,1017.824021,17.52128469502849
13141,Hancock,13,79.92073493946698,1220.058034,6.550568310053601
13143,Haralson,13,98.70095202949436,730.804585,13.50579266405319
13145,Harris,13,109.13924128822889,1201.359255,9.084646481391522
13147,Hart,13,259.3478626816411,601.968095,43.083323657151816
13149,Heard,13,102.73820696910904,766.640654,13.401090384793113
13151,Henry,13,127.43558613554544,825.296434,15.441189478778897
13153,Houston,13,218.7470992284889,973.983087,22.4590244069083
13155,Irwin,13,431.3575610377706,917.795231,46.99932473693259
13159,Jasper,13,138.45824683837296,954.172363,14.510821336623954
13161,Jeff Davis,13,211.35944553502148,857.073381,24.660600856418558
13165,Jenkins,13,240.14923195097396,899.567326,26.696082106362983
13167,Johnson,13,172.17669539829987,784.815229,21.938500813457058
13169,Jones,13,91.59271653435133,1020.29644,8.977069108890678
13171,Lamar,13,124.83133953647986,475.264444,26.265659279253775
13173,Lanier,13,110.02255444354964,509.026287,21.614316834593975
13175,Laurens,13,409.73808330616174,2090.889583,19.596352033007463
13177,Lee,13,394.53555431037216,921.731013,42.803762566940144
13179,Liberty,13,13.220566000528732,1337.652375,0.9883409357777825
13183,Long,13,31.62159122310408,1037.013502,3.0492940701464537
13185,Lowndes,13,225.56186120043895,1287.62218,17.517705481000565
13187,Lumpkin,13,57.785646803820796,732.816473,7.88541864612544
13189,McDuffie,13,108.57936345746592,666.84871,16.28245834913078
13191,McIntosh,13,6.2168759226074215,1117.201444,0.5564686615825232
13193,Macon,13,369.2165461812818,1037.709939,35.579937350998215
13199,Meriwether,13,228.810079777383,1298.162538,17.625688084474906
13201,Miller,13,441.1862743200097,731.471786,60.31487239345274
13205,Mitchell,13,719.0501373833482,1326.483091,54.20725995393395
13211,Morgan,13,272.42774016477244,899.772835,30.27739108891551
13213,Murray,13,168.24782559215782,892.23515,18.856892781253663
13215,Muscogee,13,17.376451096812055,560.569943,3.0997828752320484
13217,Newton,13,146.66591728162214,709.007143,20.686098684568844
13219,Oconee,13,135.5489266766099,477.412565,28.39240870767821
13221,Oglethorpe,13,207.50338386582868,1137.166381,18.247407532691447
13223,Paulding,13,78.7556040267705,808.831878,9.736955994057706
13225,Peach,13,148.74504891276254,389.188326,38.219298723971114
13227,Pickens,13,61.294695137346814,601.02792,10.198310776868205
13229,Pierce,13,221.81467346803623,881.758989,25.15592993495825
13231,Pike,13,172.36391288014994,559.659547,30.79799385252869
13233,Polk,13,184.0715652854894,803.751986,22.90153784895151
13235,Pulaski,13,270.6074549006668,645.583955,41.916694614981076
13237,Putnam,13,116.62007144118365,892.721781,13.063428486145972
13239,Quitman,13,32.84211115041624,391.703077,8.384440429201998
13241,Rabun,13,35.21251342151861,958.658901,3.6731013903681062
13243,Randolph,13,298.06549936711184,1109.126228,26.87390234244031
13245,Richmond,13,61.417012014957194,839.976498,7.3117536218206425
13247,Rockdale,13,34.03016587844813,336.212812,10.121614841509409
13249,Schley,13,78.91705737845936,432.287212,18.25570018908155
13251,Screven,13,424.8627584144762,1672.540369,25.40224237866968
13253,Seminole,13,385.2991382906087,615.215134,62.62835827614876
13255,Spalding,13,122.81219849233919,507.595644,24.19488818393784
13257,Stephens,13,72.32527073511054,463.996898,15.587447038301221
13259,Stewart,13,112.6300946046109,1188.153055,9.479426419907737
13261,Sumter,13,514.1260034654089,1250.630094,41.109358069342036
13263,Talbot,13,62.65054888751939,1013.662793,6.180610487053695
13265,Taliaferro,13,40.982317049672815,504.031037,8.130911400535998
13267,Tattnall,13,311.314357328816,1245.318484,24.99877431585734
13269,Taylor,13,169.69172320756692,975.612271,17.393356792615304
13271,Telfair,13,198.13496736644595,1132.621097,17.493490796811987
13273,Terrell,13,376.04959451566793,869.559691,43.24597821262944
13275,Thomas,13,393.30053372251115,1410.531714,27.883140082486026
13277,Tift,13,308.6254228294231,675.731947,45.67275888014557
13279,Toombs,13,242.6252988003753,942.77696,25.735174818058272
13281,Towns,13,35.01536028636282,431.13916,8.121591248255626
13283,Treutlen,13,65.10054114393598,516.529388,12.603453483257757
13285,Troup,13,143.7484305552117,1072.274464,13.405936202096454
13287,Turner,13,346.02250111529804,739.222164,46.80899977930018
13289,Twiggs,13,99.074633743183,930.477275,10.64772202450436
13293,Upson,13,123.1572477988767,837.774875,14.700518179048602
13295,Walker,13,280.52934401039175,1156.145261,24.264195293915733
13297,Walton,13,241.87419674710722,846.381028,28.577459648245707
13299,Ware,13,119.4033010851472,2328.846491,5.127143482689397
13301,Warren,13,106.24748817273789,736.483607,14.426320852615785
13307,Webster,13,133.93314211805037,542.23098,24.700385455299948
13309,Wheeler,13,94.35001682859317,765.314383,12.328269130229211
13311,White,13,81.00471701910543,623.522395,12.991468737719586
13313,Whitfield,13,162.38144278705647,752.229662,21.586684358513967
13315,Wilcox,13,327.6173950414156,978.52538,33.48072535854058
13317,Wilkes,13,207.66612737333094,1216.001409,17.07778673908847
13319,Wilkinson,13,64.1715983087747,1163.459874,5.51558328248583
13321,Worth,13,635.1310875346409,1478.137688,42.968330534485425
16001,Ada,16,274.9875300074346,2724.68823,10.092440191127285
16003,Adams,16,103.78524225012853,3529.648933,2.940384276742135
16005,Bannock,16,387.463884993416,2881.323493,13.447427403925172
16007,Bear Lake,16,260.09404559198384,2527.123157,10.292100124662973
16009,Benewah,16,258.13129373050896,2012.24292,12.828038362809046
16011,Bingham,16,1475.3320966209615,5422.887259,27.205656805283056
16013,Blaine,16,277.257181246863,6831.709953,4.058386306712443
16015,Boise,16,8.952481533949669,4919.826454,0.1819674254296302
16017,Bonner,16,70.62064498497864,4488.99748,1.5731941329799688
16019,Bonneville,16,954.0375169820101,4832.871623,19.74059299323561
16021,Boundary,16,209.62380083526799,3285.871995,6.379548599405132
16023,Butte,16,308.79351056383007,5792.473995,5.330943407434841
16025,Camas,16,300.9462500737243,2782.253888,10.816635080346927
16027,Canyon,16,972.9579683249844,1520.436972,63.99199613287123
16029,Caribou,16,713.0550311425588,4569.240751,15.605547398361605
16031,Cassia,16,1397.522247201084,6644.895771,21.03151494565533
16033,Clark,16,188.78422784594608,4566.524478,4.1340899135753215
16035,Clearwater,16,125.92124760885224,6364.412194,1.9785212486325683
16037,Custer,16,237.73904340261376,12748.378759,1.8648570763147165
16039,Elmore,16,507.3314054800832,7964.417369,6.3699751278075345
16043,Fremont,16,673.6059164057159,4827.633119,13.953129821622552
16045,Gem,16,185.56161683067575,1449.79657,12.799148561282342
16047,Gooding,16,554.9338613758465,1888.932879,29.378167299921646
16049,Idaho,16,728.5827424220607,21956.594313,3.318286670673163
16053,Jerome,16,761.8865252998949,1547.443958,49.23516107714803
16055,Kootenai,16,245.1313716725301,3205.833878,7.646415285418919
16057,Latah,16,867.341304165399,2786.483031,31.126739137332255
16059,Lemhi,16,304.3836812818719,11819.910408,2.5751775671316226
16061,Lewis,16,600.6463230517339,1240.141958,48.43367480448831
16067,Minidoka,16,814.9060623037643,1960.610464,41.56389437202169
16069,Nez Perce,16,766.0238703478328,2197.13982,34.86459365830586
16071,Oneida,16,533.5053036119115,3105.269252,17.18064555169567
16073,Owyhee,16,642.1092949858145,19860.56163,3.233087296060592
16075,Payette,16,314.4212486737655,1053.846147,29.835593133668826
16077,Power,16,944.6744408767107,3635.892392,25.981914177528026
16079,Shoshone,16,2.1791886829147042,6830.898577,0.03190193293532638
16081,Teton,16,371.5672775932874,1163.13995,31.94519091131616
16083,Twin Falls,16,1262.4657115995137,4977.213734,25.364908542613808
16085,Valley,16,83.43149711242675,9492.607314,0.8789102335390965
17001,Adams,17,1533.4097067794128,2214.804824,69.2345298404232
17003,Alexander,17,255.5726848818053,609.996948,41.897371080257486
17005,Bond,17,709.5515835192223,985.073312,72.03033265398446
17007,Boone,17,576.9757424378122,727.171389,79.3452205581499
17009,Brown,17,433.1037292579005,791.704469,54.7052272933299
17011,Bureau,17,1873.610094333873,2250.916543,83.2376526868803
17013,Calhoun,17,259.78221751769723,657.402921,39.51643797422331
17015,Carroll,17,877.3068390331598,1152.657063,76.11169594101206
17017,Cass,17,688.8450526797542,973.191108,70.78209480308509
17019,Champaign,17,2208.099015247024,2579.909092,85.58824890745507
17021,Christian,17,1591.2786926171682,1837.57585,86.5966263442768
17023,Clark,17,876.0741553589165,1298.695036,67.45803526417086
17027,Clinton,17,897.0577131617863,1227.664369,73.07027358727443
17029,Coles,17,1021.0289339086678,1316.459189,77.55872285598576
17031,Cook,17,68.71604500944323,2447.370818,2.8077496268259923
17033,Crawford,17,797.2343615104517,1148.953805,69.38785162998364
17035,Cumberland,17,651.8964868412743,895.929073,72.76206415072706
17037,DeKalb,17,1411.3071140019554,1635.174009,86.30929223642983
17039,De Witt,17,879.2660802339132,1029.654716,85.39426533679986
17041,Douglas,17,953.3938975981677,1079.156581,88.34620613763998
17043,DuPage,17,34.47694985508721,848.808625,4.06180484500699
17045,Edgar,17,1363.1186717083144,1614.558743,84.42670033643455
17047,Edwards,17,445.91035575457346,576.061989,77.4066618296826
17049,Effingham,17,863.6584741404336,1239.97033,69.65154352849987
17051,Fayette,17,1262.803971217842,1855.715976,68.04942068450684
17053,Ford,17,1157.0819268033829,1257.690125,92.00055751438637
17057,Fulton,17,1421.5951009026091,2242.157116,63.403010019151985
17059,Gallatin,17,588.7771199485816,836.540182,70.38240751818202
17061,Greene,17,1035.9399642056226,1406.415355,73.65818074459395
17063,Grundy,17,826.7100656564631,1082.842942,76.34625794665457
17065,Hamilton,17,828.8661275877685,1125.696542,73.6314003519226
17067,Hancock,17,1586.771927452796,2055.722033,77.18805859842608
17069,Hardin,17,116.78514513430892,459.650851,25.407359712319757
17071,Henderson,17,743.1788573361318,981.059027,75.75271587976854
17073,Henry,17,1827.2794347083097,2131.558653,85.7250365659213
17075,Iroquois,17,2582.548268806322,2894.067723,89.23593073797333
17079,Jasper,17,986.3031531358124,1281.043664,76.9921573208618
17083,Jersey,17,569.640929459646,956.445338,59.558127038478595
17085,Jo Daviess,17,1001.3223091985092,1556.339128,64.3383110521211
17087,Johnson,17,346.81885143653875,890.762652,38.93504635133027
17089,Kane,17,683.5513975354125,1345.134059,50.81660024604377
17091,Kankakee,17,1415.6547543921074,1752.121058,80.79662920141146
17093,Kendall,17,610.5517421895007,829.468028,73.60762821222335
17095,Knox,17,1394.7279613662165,1855.569287,75.16442372362981
17097,Lake,17,157.77447526354237,1149.803084,13.721869201695617
17099,LaSalle,17,2364.456655519853,2940.116335,80.42051354814343
17101,Lawrence,17,704.4548086431985,963.936864,73.08101131436743
17103,Lee,17,1630.154672329455,1877.336056,86.83339709581838
17105,Livingston,17,2437.0409211122337,2702.980759,90.16123821813093
17107,Logan,17,1428.0664221856216,1600.795502,89.20979727900445
17109,McDonough,17,1215.8137691292632,1526.558588,79.64409480818847
17111,McHenry,17,899.208069038639,1562.818741,57.53757908375626
17113,McLean,17,2646.8407103728755,3064.559693,86.3693638084039
17115,Macon,17,1195.157976932732,1503.684098,79.4819855129393
17117,Macoupin,17,1613.8579329559109,2234.952036,72.20995828815678
17123,Marshall,17,797.6291725054264,1001.866831,79.61429082438865
17125,Mason,17,1098.8410792819418,1396.795583,78.66871091630176
17127,Massac,17,377.7229100401896,614.391204,61.47921838415343
17129,Menard,17,672.224274824346,814.394259,82.54285530570594
17131,Mercer,17,1169.5754193745242,1453.49767,80.46627411343043
17137,Morgan,17,1170.8735042915284,1473.18023,79.47931152263213
17139,Moultrie,17,733.6978529079242,870.123798,84.32108794108909
17141,Ogle,17,1607.815829921314,1964.742119,81.83342813150706
17143,Peoria,17,974.872883601821,1602.352656,60.84009534052415
17145,Perry,17,765.5619859155671,1144.157907,66.91051831498352
17147,Piatt,17,1015.3520170788127,1137.399517,89.26960156945562
17149,Pike,17,1450.9105488769235,2153.325386,67.3799955320326
17151,Pope,17,257.30864440127743,955.109665,26.940219938123803
17153,Pulaski,17,325.0262348776153,515.887463,63.00332110951402
17155,Putnam,17,277.19511256727225,414.65915,66.8489077275329
17157,Randolph,17,932.6623297599766,1490.060417,62.592249221527815
17159,Richland,17,696.2748039156668,932.537547,74.66453293549442
17161,Rock Island,17,640.5828589802223,1106.960127,57.8686479626219
17163,St. Clair,17,969.8677477113886,1703.509128,56.93352220836404
17165,Saline,17,607.5520087660898,983.905217,61.749038247663826
17167,Sangamon,17,1741.5716808183868,2248.877362,77.4418254301582
17169,Schuyler,17,653.1949270624485,1132.511778,57.676656415528115
17171,Scott,17,495.28292888631677,649.861225,76.21364528808697
17173,Shelby,17,1544.0321709174264,1964.54308,78.5949764419229
17175,Stark,17,673.7602208513706,745.984521,90.31825753544966
17177,Stephenson,17,1225.357973051497,1462.219648,83.80122471528279
17179,Tazewell,17,1252.3985076756637,1674.222062,74.80480254689559
17183,Vermilion,17,1876.039251519487,2326.560311,80.63574551020899
17185,Wabash,17,449.084705790113,578.264185,77.66081964597427
17187,Warren,17,1209.2237021630597,1404.747944,86.08118682984595
17193,White,17,977.7923818375209,1281.491812,76.3011025651033
17195,Whiteside,17,1470.923858926828,1772.158753,83.00181100800216
17197,Will,17,1037.3652157686988,2164.927644,47.91685387932988
17199,Williamson,17,461.87216379671315,1088.2631,42.441222512893546
17201,Winnebago,17,775.8766346524513,1329.23427,58.370194943322616
17203,Woodford,17,1089.508359759619,1366.946108,79.70382690168346
18001,Adams,18,716.3371537791977,878.07947,81.57999113442405
18003,Allen,18,980.7496821887491,1702.451607,57.608079909947726
18005,Bartholomew,18,596.7139396277917,1053.901037,56.619541937863346
18007,Benton,18,972.189064726887,1052.616452,92.35928840744425
18009,Blackford,18,339.24782642367757,427.55945,79.34518262283235
18011,Boone,18,858.5693796062261,1095.336916,78.38404486005894
18013,Brown,18,60.03272304807991,808.043858,7.429389191406973
18015,Carroll,18,765.1931717778058,964.054632,79.37238683147635
18017,Cass,18,809.8137889549708,1067.476806,75.86242477618487
18019,Clark,18,354.51733043350725,965.665969,36.71221124221964
18023,Clinton,18,893.2702417100097,1049.119215,85.14477944339336
18025,Crawford,18,156.2024242646159,791.534791,19.73411984421742
18027,Daviess,18,811.8299027613118,1112.374406,72.98171356536153
18029,Dearborn,18,263.19400566477293,790.147727,33.309468175534334
18031,Decatur,18,711.3807299582538,964.94609,73.72232887727995
18033,DeKalb,18,658.8244658985968,939.731959,70.1077003489031
18035,Delaware,18,723.2935698548227,1015.542128,71.22240918545357
18037,Dubois,18,578.5963990700158,1106.620519,52.28498741310758
18039,Elkhart,18,673.8669793895817,1199.603932,56.174122259344315
18041,Fayette,18,359.7249486947429,556.901555,64.59399250460756
18043,Floyd,18,103.0149977274656,383.227223,26.880918563414685
18045,Fountain,18,754.0914568302012,1024.769248,73.58646429934645
18049,Fulton,18,753.6835878430978,954.146352,78.99035470431666
18051,Gibson,18,912.3176946118026,1262.419998,72.26736712481978
18055,Greene,18,668.5694646303712,1404.983918,47.58555995303366
18057,Hamilton,18,523.0262640100904,1021.307228,51.2114523104198
18059,Hancock,18,582.7905066727569,792.420113,73.54564796019469
18061,Harrison,18,511.98578359206437,1254.889433,40.79927443233673
18063,Hendricks,18,666.9309322344444,1053.849359,63.285224452505865
18065,Henry,18,787.8760086819091,1014.955632,77.62664532728157
18067,Howard,18,568.1611071810472,758.866958,74.86965945630844
18069,Huntington,18,734.1215892543997,991.057047,74.07460463316798
18073,Jasper,18,1154.432378751122,1449.421161,79.64782147617079
18075,Jay,18,801.9551764059626,994.310098,80.65443346286548
18079,Jennings,18,452.5693898957321,975.364388,46.40003217912567
18081,Johnson,18,480.19962947156404,829.945889,57.85914911273981
18083,Knox,18,1039.9868090032237,1336.511196,77.81355009338985
18085,Kosciusko,18,958.0154050444044,1376.412104,69.60236707162846
18087,LaGrange,18,667.6523174355805,983.236292,67.90354697724894
18089,Lake,18,518.7931084651757,1291.941587,40.15608086971317
18091,LaPorte,18,990.1393054623261,1549.504338,63.90038938131234
18093,Lawrence,18,447.94728427673755,1163.367154,38.50437780855016
18099,Marshall,18,814.1708383111734,1148.969982,70.86093205794243
18101,Martin,18,203.06672086452738,869.61571,23.351316970173798
18103,Miami,18,722.0194894721202,968.246949,74.56976654745134
18109,Morgan,18,467.9268148553141,1045.932638,44.73775823174132
18111,Newton,18,819.9484048714106,1040.539827,78.80029034884896
18113,Noble,18,700.7014906364308,1064.071373,65.850985978591
18115,Ohio,18,84.2395639273215,223.126823,37.75411794722748
18117,Orange,18,339.8592435251935,1031.794491,32.938656533803254
18119,Owen,18,336.1973426014954,997.911603,33.69009254835725
18121,Parke,18,594.2378342840292,1151.800955,51.59205952247446
18123,Perry,18,228.2701687711847,988.699435,23.08792345685772
18125,Pike,18,407.2622903648905,865.825919,47.03743344103914
18127,Porter,18,565.1816486702854,1082.793402,52.196628426655806
18129,Posey,18,743.0709395409327,1060.267353,70.0833556214319
18131,Pulaski,18,890.0659171656636,1123.188311,79.24458511976658
18133,Putnam,18,697.4854502961415,1244.585892,56.04156810546118
18135,Randolph,18,978.1268563899674,1171.656709,83.48237575704161
18137,Ripley,18,573.7829821325096,1156.236795,49.62504087517035
18139,Rush,18,906.9117300337224,1057.035406,85.79766816568889
18141,St. Joseph,18,629.3111793390442,1185.918569,53.06529434560563
18143,Scott,18,221.23755265456114,493.126045,44.86430090192481
18145,Shelby,18,857.6147101848777,1064.827021,80.54028431580136
18147,Spencer,18,646.8324303294721,1027.623721,62.944482217676644
18149,Starke,18,510.48441751536075,800.679814,63.7563740947965
18151,Steuben,18,471.1311209754725,799.729302,58.91132409394604
18153,Sullivan,18,722.4334583338521,1158.170862,62.37710531642196
18155,Switzerland,18,187.272358878299,571.509744,32.768008042623855
18157,Tippecanoe,18,886.7339038156372,1292.163442,68.6239739489269
18159,Tipton,18,594.285566747684,674.797599,88.06871388226206
18163,Vanderburgh,18,269.76590959957633,605.20594,44.57423362361188
18165,Vermillion,18,424.9119588212879,665.275343,63.870089774436124
18167,Vigo,18,540.2891692787425,1045.190745,51.69287729186145
18169,Wabash,18,780.4009776935962,1068.458874,73.03987047924468
18171,Warren,18,737.896293343718,944.543945,78.12196534103217
18173,Warrick,18,472.1521350455282,996.66471,47.373216921217995
18179,Wells,18,790.2116827767239,953.341278,82.88864659615881
18181,White,18,1123.5077523127807,1308.272993,85.8771646532629
18183,Whitley,18,637.8222414258022,869.152581,73.38438099003956
19001,Adair,19,1327.4246459648025,1474.404193,90.03125820361815
19003,Adams,19,964.7222058125124,1096.686268,87.9670179122287
19005,Allamakee,19,938.6209713408296,1655.115645,56.710295390919924
19007,Appanoose,19,888.8103763044268,1287.978861,69.00814937400023
19009,Audubon,19,1037.5395181652657,1147.264555,90.43594292558492
19011,Benton,19,1614.6921523333658,1854.696281,87.05965331761863
19013,Black Hawk,19,1115.626157099641,1465.5964,76.12096734814858
19015,Boone,19,1208.1689824129012,1480.329003,81.614896415895
19017,Bremer,19,929.4431286901453,1127.885577,82.40579963459761
19019,Buchanan,19,1287.10229922923,1479.085972,87.02011401601138
19021,Buena Vista,19,1344.496644982648,1488.981857,90.29637524875818
19023,Butler,19,1310.6909104188803,1502.553961,87.23087119923277
19025,Calhoun,19,1368.7270132657623,1475.894613,92.7388040588886
19027,Carroll,19,1338.0623580391104,1474.835098,90.72623507900207
19029,Cass,19,1320.499928687565,1461.422455,90.35716703063558
19031,Cedar,19,1286.009147928921,1500.798762,85.6883134828253
19033,Cerro Gordo,19,1272.8988097795452,1471.890326,86.48054731351942
19035,Cherokee,19,1333.8661940975835,1494.181171,89.27071361800633
19037,Chickasaw,19,1138.105049713269,1306.221492,87.12956085040966
19039,Clarke,19,831.7363780767324,1116.716166,74.4805531969645
19043,Clayton,19,1317.743618152547,2016.295993,65.35467127482146
19045,Clinton,19,1480.2398318062676,1799.818638,82.24383282590873
19047,Crawford,19,1667.160659195581,1849.742896,90.12931812311612
19049,Dallas,19,1158.1155997638077,1523.741156,76.0047462919488
19051,Davis,19,943.1376373685652,1300.661911,72.51212858562484
19053,Decatur,19,978.3361649844712,1377.567269,71.01912095332102
19055,Delaware,19,1250.6437570247779,1496.189231,83.58860838671401
19057,Des Moines,19,715.8028758102125,1077.770365,66.41515660993448
19059,Dickinson,19,850.2403916279396,985.542266,86.27132706127284
19061,Dubuque,19,1120.2493760232835,1575.487979,71.1049142205663
19063,Emmet,19,918.2046265692446,1025.328489,89.55223973780024
19065,Fayette,19,1549.1424916675144,1892.840952,81.84219017613026
19067,Floyd,19,1135.4788528597398,1296.631084,87.57146630766256
19071,Fremont,19,1089.949720715855,1323.915765,82.327724280544
19073,Greene,19,1324.2831584822268,1475.303196,89.76345757758575
19075,Grundy,19,1208.3325196151288,1299.797785,92.96311576766757
19077,Guthrie,19,1248.899289928769,1529.698829,81.64347558173942
19079,Hamilton,19,1336.9777574085979,1493.78437,89.5027277202397
19081,Hancock,19,1357.3465681915184,1478.895049,91.78112869532761
19083,Hardin,19,1288.6432787464748,1474.505075,87.39497073256766
19085,Harrison,19,1465.0008707651762,1804.814772,81.17181294686212
19087,Henry,19,838.5225497829845,1124.79969,74.54861138724037
19089,Howard,19,1097.6213472257743,1225.702839,89.55036345687817
19091,Humboldt,19,1024.1884356044552,1125.01476,91.03777763808675
19093,Ida,19,1028.5726964462679,1117.599829,92.03407782968334
19095,Iowa,19,1255.0132923297458,1518.911693,82.62582335191397
19099,Jasper,19,1633.3946751222952,1891.760879,86.34255487859124
19103,Johnson,19,1137.1835002001717,1587.64002,71.62728867216207
19105,Jones,19,1191.1316248712837,1490.857912,79.89571744455307
19107,Keokuk,19,1234.273989872515,1500.05654,82.28183118167766
19109,Kossuth,19,2320.006231009051,2519.361794,92.08706095862352
19111,Lee,19,841.5428714235197,1340.448548,62.78069178254798
19113,Linn,19,1280.9666591498087,1857.252376,68.97106046021872
19115,Louisa,19,763.4321292341025,1040.584,73.36573781973415
19117,Lucas,19,781.059876565105,1115.257644,70.03403032179575
19119,Lyon,19,1388.8336233292687,1522.007137,91.25013868639098
19123,Mahaska,19,1226.9805200600779,1478.527855,82.9866353826711
19127,Marshall,19,1282.0256904781252,1482.776065,86.46118053423834
19129,Mills,19,937.6012338448201,1132.950332,82.75748789354871
19131,Mitchell,19,1079.911413626439,1215.049039,88.8780105957879
19133,Monona,19,1416.9746588743337,1797.637883,78.82425444381524
19139,Muscatine,19,839.0132560192778,1132.977163,74.05385416575054
19141,O'Brien,19,1351.1582080846129,1484.154162,91.03893939588015
19143,Osceola,19,950.9838079126532,1032.593813,92.09660138769911
19145,Page,19,1209.555513375194,1385.497538,87.30116656296751
19147,Palo Alto,19,1332.6829251967617,1460.391649,91.25517296057626
19149,Plymouth,19,1899.743661664048,2234.715206,85.01054884145482
19151,Pocahontas,19,1390.6137924743505,1495.04714,93.014712062815
19153,Polk,19,774.0033279372659,1482.025649,52.22604132793021
19155,Pottawattamie,19,2063.9544365276997,2461.833316,83.83810646779385
19157,Poweshiek,19,1348.7214945045018,1514.945162,89.02774359990345
19159,Ringgold,19,1157.111155621411,1386.932362,83.42953033072357
19161,Sac,19,1359.675202682981,1489.300198,91.29624803037734
19163,Scott,19,826.7689285316759,1186.437868,69.68497473242113
19165,Shelby,19,1410.9145760867566,1530.110546,92.2099765781731
19167,Sioux,19,1787.139533872068,1988.884987,89.85635396482924
19169,Story,19,1247.7946496128695,1483.295645,84.1231250033684
19171,Tama,19,1573.6695681635956,1867.410528,84.27014545371544
19173,Taylor,19,1181.3312480298898,1377.618879,85.75167385100055
19177,Van Buren,19,807.3518253310745,1255.646305,64.29771043933223
19179,Wapello,19,757.1525869027384,1118.453189,67.69640377883874
19181,Warren,19,1060.6264625063034,1475.873112,71.86433941255402
19187,Webster,19,1565.8098818601964,1853.677021,84.47048024663387
19189,Winnebago,19,936.6867758037607,1037.261948,90.30378272429992
19191,Winneshiek,19,1398.9193193780295,1786.666639,78.29772431196268
19193,Woodbury,19,1795.5423326275177,2260.790985,79.42097896447149
19195,Worth,19,926.5261738823818,1036.314923,89.40585080066262
19197,Wright,19,1366.3568636776663,1503.269109,90.8923662102383
20001,Allen,20,1096.6497276514883,1295.763786,84.63346016458962
20003,Anderson,20,1213.8394018856343,1501.277564,80.85376288788888
20005,Atchison,20,887.8571698207749,1116.736559,79.50462109128236
20007,Barber,20,664.1203910941568,2937.233343,22.610406240855372
20009,Barton,20,1511.0744181680184,2318.705425,65.16888268237084
20011,Bourbon,20,1231.75371304125,1645.86189,74.83943340113733
20013,Brown,20,1277.2936587882596,1478.550074,86.38825841946152
20015,Butler,20,777.0811083069495,3702.81681,20.986215310688014
20017,Chase,20,173.70921780050313,2002.201863,8.67590930817664
20019,Chautauqua,20,238.30175274618972,1654.694134,14.40155904645213
20021,Cherokee,20,1149.7962795707049,1521.791027,75.55546452638566
20023,Cheyenne,20,1326.5059114899132,2641.501921,50.21786662141569
20025,Clark,20,557.4222419872417,2524.300311,22.082247486885556
20029,Cloud,20,995.2039108512672,1852.72665,53.71563640277249
20031,Coffey,20,926.5727423672803,1623.623922,57.06818739316901
20033,Comanche,20,422.9335180599612,2041.681114,20.714964504489274
20035,Cowley,20,721.4368324034458,2915.648163,24.743617613352132
20037,Crawford,20,1189.2679043806231,1527.498199,77.85723774726515
20039,Decatur,20,1295.3494398275493,2314.199316,55.973979029019354
20041,Dickinson,20,1136.1087177647748,2193.894228,51.78502697463566
20043,Doniphan,20,783.1451657438546,1019.105692,76.84631455712199
20045,Douglas,20,769.4881968951129,1180.402407,65.18863332808444
20047,Edwards,20,1101.7650441977635,1610.699246,68.40290308286166
20049,Elk,20,318.5527648264242,1668.636737,19.090599994768315
20051,Ellis,20,895.6954356218598,2330.762299,38.429291395615614
20053,Ellsworth,20,588.0755265001659,1853.331063,31.73073274605585
20055,Finney,20,2284.522251037156,3372.157849,67.74659886442214
20057,Ford,20,1937.795623723953,2844.508248,68.12409930913137
20061,Geary,20,160.67255482862217,996.27227,16.1273739786637
20063,Gove,20,1412.1627431618122,2775.601942,50.87771130986664
20065,Graham,20,993.4008387475913,2327.173853,42.68700584904652
20069,Gray,20,1712.9719616915982,2250.35617,76.12003755350418
20071,Greeley,20,1744.7555136083668,2016.057904,86.54292667619563
20073,Greenwood,20,436.06856696099584,2961.143633,14.726356469213389
20075,Hamilton,20,1387.087396782447,2580.958328,53.74311478548007
20077,Harper,20,1101.1313804721035,2075.290355,53.05914797990297
20079,Harvey,20,958.5434776182104,1397.961184,68.56724554222032
20081,Haskell,20,1289.9279550005854,1495.770085,86.23838435708421
20083,Hodgeman,20,1043.494271038361,2227.36915,46.84873502168964
20089,Jewell,20,1233.4395739609802,2356.813568,52.335050625479944
20091,Johnson,20,463.44051187067635,1226.647559,37.78106502315033
20093,Kearny,20,1407.1814283228312,2254.696663,62.41111948294178
20095,Kingman,20,968.4606631880472,2236.100137,43.310254633200586
20097,Kiowa,20,720.0059740547987,1871.627782,38.469506649736125
20099,Labette,20,1380.0252464074124,1671.560462,82.55909838620079
20101,Lane,20,1122.5412433552617,1858.080226,60.414035284785484
20103,Leavenworth,20,749.8153336322042,1200.21359,62.47349137516466
20107,Linn,20,1043.603046661245,1538.662699,67.82532957609867
20109,Logan,20,1403.561844034485,2779.039721,50.505281857915726
20111,Lyon,20,634.0670926694845,2194.985525,28.887073989678566
20113,McPherson,20,1440.363842277348,2326.543131,61.91004254704049
20117,Marshall,20,1402.6086179944512,2331.441887,60.16056526286692
20119,Meade,20,1109.4931991098063,2533.222396,43.7977021228659
20121,Miami,20,1072.2285337432404,1491.519075,71.88835541665736
20123,Mitchell,20,1134.457620612686,1817.632933,62.41401110290544
20127,Morris,20,408.54343447165144,1800.929257,22.685146175714078
20129,Morton,20,932.0145349948584,1889.994372,49.313085202925585
20131,Nemaha,20,1409.2505448191616,1858.127941,75.84249252829903
20133,Neosho,20,1209.251331731921,1480.111173,81.7000340103453
20135,Ness,20,1345.4084815929884,2783.56224,48.33405419355697
20137,Norton,20,1059.1416392220588,2274.122715,46.573636164663114
20139,Osage,20,1088.5300445946643,1827.253354,59.57192757160835
20141,Osborne,20,1007.1836965221788,2311.604933,43.57075390105939
20143,Ottawa,20,803.6013140000489,1866.683176,43.04968964910459
20145,Pawnee,20,1442.9378587364638,1953.531648,73.86303980351302
20147,Phillips,20,945.7079802976152,2294.395639,41.218173719585565
20149,Pottawatomie,20,412.4011831599071,2177.623918,18.93812699938884
20151,Pratt,20,1257.2307103996243,1903.740948,66.04000989317504
20153,Rawlins,20,1502.2338895750065,2769.775713,54.23666192624336
20155,Reno,20,1701.4104086956372,3251.786677,52.322325468942104
20157,Republic,20,1195.2738338222382,1857.998461,64.3312607040011
20159,Rice,20,1205.7598852810675,1880.935845,64.10425366108473
20161,Riley,20,333.1618333878183,1579.168236,21.0972982987367
20163,Rooks,20,944.038297955958,2306.454196,40.930285959858615
20165,Rush,20,1129.6851944321697,1858.997546,60.76851456113593
20167,Russell,20,700.751314905462,2295.402861,30.528467434260204
20169,Saline,20,824.7445187135303,1865.418118,44.212314159239355
20171,Scott,20,1514.493727822429,1858.53684,81.48849650042067
20173,Sedgwick,20,1270.0466151262451,2583.469467,49.160504172749526
20175,Seward,20,872.9613273255485,1656.693358,52.692993734181954
20177,Shawnee,20,761.7909473622755,1408.986296,54.066597349096966
20179,Sheridan,20,1391.4525847478924,2320.518307,59.963008287867495
20181,Sherman,20,1982.8101995111992,2735.193251,72.49250848313092
20183,Smith,20,1243.2272412439588,2319.241776,53.60490027857961
20185,Stafford,20,1266.7537288889764,2051.389756,61.75100198213997
20187,Stanton,20,1309.2348113257763,1762.10339,74.29954557466553
20189,Stevens,20,1229.6446147426511,1883.595654,65.28177170781746
20191,Sumner,20,2172.112450562651,3060.429574,70.9741034074405
20193,Thomas,20,2241.9774821123365,2783.425128,80.54743271371144
20195,Trego,20,1022.5263771735002,2303.727353,44.38573756750894
20197,Wabaunsee,20,393.7796484643782,2057.320865,19.140409994547845
20199,Wallace,20,1151.7662334182685,2366.348284,48.67272671592363
20203,Wichita,20,1465.452328820566,1861.078197,78.7421147151597
20205,Wilson,20,995.2204639901546,1477.382268,67.36377480267379
20207,Woodson,20,677.273153522481,1289.344336,52.52849332891327
20209,Wyandotte,20,85.44493447955153,392.744972,21.75583153730394
21001,Adair,21,427.2986213969712,1049.691028,40.707085227842036
21003,Allen,21,443.14437613672425,891.8381,49.68888143898811
21005,Anderson,21,197.33007212136016,523.492152,37.69494372885272
21007,Ballard,21,409.4202087055673,639.387454,64.03319398030717
21009,Barren,21,828.6368483027982,1262.836934,65.61709006071865
21011,Bath,21,347.9522517647543,722.081431,48.18739782338404
21013,Bell,21,15.486986414526607,929.966391,1.6653275391891669
21015,Boone,21,163.17571205826036,637.873416,25.581205920370312
21017,Bourbon,21,653.3036253919063,750.439351,87.05615244207873
21019,Boyd,21,47.53991905196989,414.054109,11.481571615551795
21021,Boyle,21,286.36065307278017,467.10389,61.3055594704596
21023,Bracken,21,178.55540753597916,525.033512,34.008382980319006
21025,Breathitt,21,20.34896832146068,1275.352702,1.5955561382784198
21027,Breckinridge,21,629.5259997528888,1475.790362,42.65687159656954
21029,Bullitt,21,139.77011179224783,769.306782,18.168319201461014
21031,Butler,21,389.2070514891753,1103.571974,35.26793545494435
21033,Caldwell,21,442.09582170599913,893.00203,49.50669840089827
21035,Calloway,21,518.4107563217342,997.223465,51.98541495628908
21037,Campbell,21,90.65467503418732,391.966313,23.128180159244277
21039,Carlisle,21,316.73658492402234,490.647249,64.55484781980758
21041,Carroll,21,105.12320362105282,332.995862,31.568921904817188
21043,Carter,21,134.46879105839147,1060.587166,12.678711884242382
21045,Casey,21,378.6777950701581,1150.572365,32.91212326920073
21047,Christian,21,1023.3646369502692,1858.340853,55.06872624030233
21049,Clark,21,446.2851958725603,653.935807,68.2460252360153
21053,Clinton,21,191.4676419807627,510.875184,37.478360268280845
21055,Crittenden,21,409.37050066288174,932.300422,43.90971954991582
21057,Cumberland,21,151.66260726086784,790.453198,19.186791532326477
21059,Daviess,21,770.6006888471783,1187.227809,64.90756727609454
21061,Edmonson,21,233.77052386195135,784.4683,29.799868759763953
21063,Elliott,21,73.74185505640678,606.882493,12.150928047352123
21065,Estill,21,101.8420995852568,655.50993,15.536316831273144
21067,Fayette,21,428.14552679015856,734.615998,58.28154137070107
21069,Fleming,21,493.8062941354697,902.727151,54.701610956140364
21071,Floyd,21,14.954870975115128,1018.602077,1.468175974975469
21075,Fulton,21,373.41306478949923,533.359369,70.01153190382959
21077,Gallatin,21,71.35692715299504,254.700877,28.015972301891615
21079,Garrard,21,363.6939587751776,595.952609,61.02732889876108
21083,Graves,21,944.7808845662694,1429.043027,66.11283682267107
21085,Grayson,21,548.40002065122,1294.806961,42.35380540645857
21087,Green,21,384.98681277499855,740.863524,51.964606206607975
21089,Greenup,21,114.85491357141498,892.153269,12.873899313304538
21091,Hancock,21,169.24920264865244,486.072096,34.81977345365911
21093,Hardin,21,687.8493204714066,1614.569777,42.60263819315915
21095,Harlan,21,6.926016032803643,1206.496097,0.5740603761608061
21097,Harrison,21,474.0302206613048,793.60311,59.731396549253034
21099,Hart,21,461.46933605774217,1068.530028,43.187306296060605
21101,Henderson,21,805.29439391895,1130.509783,71.23285494991157
21103,Henry,21,401.8196492181425,741.500261,54.1900887096441
21105,Hickman,21,437.7563326162869,627.487974,69.76330236669793
21107,Hopkins,21,586.1219844772946,1403.944002,41.74824520367834
21113,Jessamine,21,272.95122620717575,445.905428,61.21280636376908
21115,Johnson,21,29.56180144880562,678.485071,4.357030495193552
21117,Kenton,21,94.73199304104868,415.125907,22.820062887823738
21119,Knott,21,3.807043116159237,910.427749,0.4181598287553115
21121,Knox,21,95.93146212363592,1000.523138,9.588130297056251
21123,Larue,21,385.6091977486566,677.418613,56.92332486126367
21125,Laurel,21,278.11301780990135,1124.022105,24.74266445230642
21127,Lawrence,21,52.3093723935042,1076.387807,4.859714319813379
21129,Lee,21,40.544024469475715,540.942077,7.495076865591233
21131,Leslie,21,1.7530601455903894,1038.206077,0.16885473745790736
21133,Letcher,21,4.457157940643191,875.23557,0.5092523765508287
21135,Lewis,21,192.03009538675346,1250.548669,15.355667487960316
21139,Livingston,21,366.16428177570504,810.999185,45.14977185528306
21141,Logan,21,910.3308322793816,1430.224001,63.64952844050207
21143,Lyon,21,150.98311854346133,553.848615,27.260719708301757
21145,McCracken,21,287.03421205746855,644.244453,44.55361791954281
21147,McCreary,21,38.846137016703295,1105.416729,3.514162215714332
21149,McLean,21,469.509578595629,654.038245,71.78625748340284
21153,Magoffin,21,35.277051689395684,798.866699,4.415887122789641
21157,Marshall,21,321.26411366135187,780.276602,41.17310615721268
21159,Martin,21,8.85396963102764,594.708799,1.488790757075656
21161,Mason,21,368.8458897519935,621.924068,59.3072223331279
21163,Meade,21,346.7921610419749,791.045869,43.83970318691783
21165,Menifee,21,58.393316144058296,527.283187,11.074374754160006
21167,Mercer,21,430.42229901014616,645.065866,66.72532553600443
21169,Metcalfe,21,323.6055566905182,750.182263,43.136924538366245
21175,Morgan,21,133.15938730722132,987.114215,13.4897649414583
21177,Muhlenberg,21,431.23202367647946,1210.451478,35.62571747105417
21179,Nelson,21,525.9689094508109,1081.354961,48.63980176910761
21181,Nicholas,21,271.0318103668358,505.4654,53.62024984634672
21183,Ohio,21,557.2564224773982,1521.059913,36.63606000754543
21185,Oldham,21,197.00990130328032,484.947498,40.62499592549302
21187,Owen,21,316.1349643439712,909.365299,34.76435319135387
21189,Owsley,21,41.25620931103946,511.282852,8.069155683523581
21191,Pendleton,21,242.8128635114373,717.836416,33.82565416010287
21193,Perry,21,7.828707977839213,879.807827,0.8898202240975531
21195,Pike,21,9.16558944731254,2037.621826,0.44981798537686746
21197,Powell,21,56.069763797116025,463.558543,12.095508678202922
21199,Pulaski,21,590.5882247749926,1705.27522,34.63301511969385
21201,Robertson,21,92.66535928783699,258.794973,35.806475764827546
21203,Rockcastle,21,171.96376252627047,819.853857,20.97492877029552
21205,Rowan,21,85.23249622936005,724.769946,11.759937991325051
21207,Russell,21,267.9896082437648,657.060491,40.78613946729675
21209,Scott,21,399.7952404927107,729.768176,54.78386885600651
21211,Shelby,21,627.6364082862341,983.573702,63.81183301363156
21213,Simpson,21,475.47502501953517,606.58917,78.38501716401156
21215,Spencer,21,230.0159253497197,483.607178,47.56255403424134
21217,Taylor,21,319.5397365315674,689.890901,46.31743020068726
21219,Todd,21,616.9865754538991,969.956835,63.60969408024216
21221,Trigg,21,373.1857321623526,1143.636295,32.631504770697454
21223,Trimble,21,126.45334973301215,392.766459,32.19555713972311
21227,Warren,21,773.5859413777288,1403.057828,55.13571329276165
21233,Webster,21,519.7828661073972,860.132097,60.43058594375385
21235,Whitley,21,155.18021782560388,1133.976443,13.68460683495908
21237,Wolfe,21,64.71025714673547,575.419095,11.245761169384807
21239,Woodford,21,360.46337870571745,492.385588,73.20754049075
22001,Acadia,22,1196.15503010145,1696.88071,70.49140361206946
22003,Allen,22,332.9474102297013,1973.08381,16.874468714519598
22005,Ascension,22,176.165826779547,751.235898,23.4501342718778
22007,Assumption,22,264.00636696169107,877.029986,30.10231932499638
22009,Avoyelles,22,1102.6779354910443,2154.960192,51.16929489391906
22011,Beauregard,22,378.02543310689003,2997.555226,12.611124886974476
22013,Bienville,22,73.69568006457112,2101.207368,3.507301620340174
22015,Bossier,22,359.9953553361927,2176.379782,16.54101725781391
22017,Caddo,22,541.5100572702821,2276.157693,23.79053344746805
22019,Calcasieu,22,970.751365475336,2756.510262,35.216678815155305
22021,Caldwell,22,201.71333223143066,1371.231229,14.71038056641508
22023,Cameron,22,358.35319838865746,3327.796107,10.768484211964296
22025,Catahoula,22,900.2547080670449,1833.782906,49.09276365929026
22027,Claiborne,22,108.27470534022552,1955.125377,5.537992939683762
22029,Concordia,22,930.5830841172343,1805.172278,51.550929263563305
22031,De Soto,22,352.29173867914,2269.875385,15.52031186413081
22033,East Baton Rouge,22,219.47161370357335,1179.330896,18.609841771123527
22035,East Carroll,22,824.1849027545027,1089.628528,75.63907162629856
22037,East Feliciana,22,300.6225105820123,1174.307241,25.599987812900856
22039,Evangeline,22,768.0178819643924,1715.558149,44.767814044197245
22041,Franklin,22,1094.3225497633605,1617.667688,67.6481676602148
22043,Grant,22,149.25740869192515,1665.429795,8.9620954987133
22045,Iberia,22,403.2144101198592,1486.894802,27.11788416890701
22047,Iberville,22,335.5727114910685,1602.24361,20.943925717454945
22049,Jackson,22,38.69121071047196,1474.195901,2.624563715326187
22051,Jefferson,22,5.65385614526415,765.751903,0.7383404628984841
22053,Jefferson Davis,22,1236.3346534727646,1687.025357,73.28488859653604
22055,Lafayette,22,335.69513097754026,696.04036,48.22926230564277
22057,Lafourche,22,388.82340318379073,2767.030478,14.052010134157646
22059,LaSalle,22,81.73674036951878,1617.925452,5.051947249391487
22061,Lincoln,22,92.61886360760928,1221.806125,7.580487747809358
22063,Livingston,22,102.00972353586184,1678.751118,6.076524533153689
22065,Madison,22,992.9446286946392,1617.200411,61.39898443883337
22067,Morehouse,22,1118.586579230029,2058.860091,54.33038330869413
22069,Natchitoches,22,711.9649928460029,3243.376636,21.95135109945347
22071,Orleans,22,3.1077665400452856,438.820361,0.7082092847659104
22073,Ouachita,22,262.0344390467816,1580.920629,16.574800419457468
22075,Plaquemines,22,55.434815882672,2021.066101,2.742850214312312
22077,Pointe Coupee,22,741.5063860516774,1443.191041,51.37964170965758
22079,Rapides,22,694.4761484313049,3419.675966,20.30824427039602
22081,Red River,22,333.66923786876185,1007.742988,33.11054920173375
22083,Richland,22,974.2602442873,1439.3292,67.68849296514654
22085,Sabine,22,152.61259268533408,2244.636622,6.798988806898923
22087,St. Bernard,22,5.345362605002251,977.751815,0.5466993282955195
22089,St. Charles,22,56.187349196624396,719.354044,7.810806050966525
22091,St. Helena,22,151.1990972570911,1057.772583,14.2941025024744
22093,St. James,22,172.47216888122915,625.594223,27.569335288000122
22095,St. John the Baptist,22,64.91862348323018,555.086121,11.695234491951956
22097,St. Landry,22,1328.52559047508,2392.922773,55.518949690528935
22099,St. Martin,22,421.1655681729706,1909.381808,22.057692516413177
22101,St. Mary,22,324.1804403991536,1438.949691,22.52896278631284
22103,St. Tammany,22,146.21312934901505,2191.719306,6.671161263613702
22105,Tangipahoa,22,431.4231199446096,2049.488101,21.050286641532914
22107,Tensas,22,910.3115906199312,1561.204508,58.30828606728127
22109,Terrebonne,22,132.8601670396398,3185.236754,4.171123759412699
22111,Union,22,131.3664556243085,2271.359842,5.783603865631278
22113,Vermilion,22,1398.597071413052,3038.604863,46.02760590701561
22115,Vernon,22,133.97515037600698,3439.290588,3.895429797163943
22117,Washington,22,341.70072868737896,1734.074152,19.705081717138643
22119,Webster,22,150.1577590526707,1536.337101,9.773750757885962
22121,West Baton Rouge,22,160.57423162929328,498.293887,32.224804642103365
22123,West Carroll,22,700.5490427382016,931.478638,75.20827790987963
22125,West Feliciana,22,196.75228740231816,1044.589938,18.835361154160204
22127,Winn,22,42.59104335427533,2460.71198,1.7308422806262491
23001,Androscoggin,23,143.19782157583558,1211.956216,11.815428617417611
23003,Aroostook,23,1232.3863885890682,17278.475337,7.132494994798789
23005,Cumberland,23,142.19201255007542,2164.439627,6.569460786816181
23009,Hancock,23,48.64146908898686,4110.632352,1.1833086718475487
23011,Kennebec,23,263.22040260303595,2246.734964,11.715685509002295
23013,Knox,23,65.0640121380948,945.684684,6.880095790796881
23017,Oxford,23,132.76235382179556,5379.210748,2.468063811613197
23019,Penobscot,23,329.9257285663395,8798.688537,3.7497148260100923
23021,Piscataquis,23,74.84039236652688,10259.018201,0.7295083301366188
23023,Sagadahoc,23,47.384681765413646,657.782155,7.203704357928903
23025,Somerset,23,241.73858844045336,10164.033097,2.3783727004175588
23027,Waldo,23,161.62442614115707,1890.615342,8.54877364795853
23031,York,23,135.95555689022407,2566.813705,5.29666631533838
26001,Alcona,26,155.9945822279304,1747.349262,8.927498675873215
26003,Alger,26,57.35467780128581,2369.92545,2.420104725289389
26005,Allegan,26,946.09597240493,2137.385001,44.26418132261095
26007,Alpena,26,273.6325875392887,1481.123844,18.47465953963055
26009,Antrim,26,130.7111445173761,1231.999038,10.609679105721519
26011,Arenac,26,316.5457390814353,940.624056,33.652736931643524
26013,Baraga,26,51.510770922886266,2326.913893,2.213694760164736
26015,Barry,26,610.5557085992266,1432.508482,42.62143758805517
26017,Bay,26,710.1167482706314,1145.3973,61.99741768822324
26019,Benzie,26,28.72146454864095,828.014438,3.468715426993671
26021,Berrien,26,693.4080309815226,1470.53556,47.15343510506626
26023,Branch,26,859.4675342055715,1311.60422,65.52796347404033
26025,Calhoun,26,906.7110516799931,1829.198158,49.56877130640502
26027,Cass,26,671.0223551812032,1269.367168,52.86274705201791
26029,Charlevoix,26,83.88094307701655,1078.288789,7.779079587278964
26031,Cheboygan,26,113.39979248985765,1852.551605,6.121275768178001
26033,Chippewa,26,378.7411047304961,4036.515588,9.382872343078294
26035,Clare,26,214.09697271044084,1461.70023,14.647119040984267
26037,Clinton,26,974.6700266051467,1467.017476,66.43888314559838
26039,Crawford,26,1.9531310184326172,1441.075564,0.13553286636901277
26041,Delta,26,220.89137492418504,3033.137838,7.282602595793572
26043,Dickinson,26,61.75467099730081,1970.845136,3.13341063025567
26045,Eaton,26,877.6314664292626,1489.766542,58.91067101366427
26047,Emmet,26,83.30779914021021,1210.868924,6.880001417908237
26049,Genesee,26,585.3153508870639,1649.727711,35.47951258770265
26051,Gladwin,26,272.5669460620761,1299.620449,20.97281142904486
26053,Gogebic,26,25.939794835468604,2854.517985,0.9087276721246024
26055,Grand Traverse,26,163.3368673219552,1202.632771,13.581607890672988
26057,Gratiot,26,1078.7933687998097,1472.098936,73.28266751765452
26059,Hillsdale,26,959.6674299652589,1549.207127,61.94571489117987
26061,Houghton,26,106.63534497415101,2613.55838,4.080082763414339
26063,Huron,26,1681.395474128389,2165.345386,77.65022083772038
26065,Ingham,26,759.5624206922342,1440.364339,52.73404791593041
26067,Ionia,26,923.3744673648038,1479.707916,62.40248209666291
26069,Iosco,26,163.77245769797912,1422.175727,11.51562740024033
26071,Iron,26,49.132580841663305,3019.919279,1.626950136823949
26073,Isabella,26,784.15255527748,1483.282619,52.866024669401185
26077,Kalamazoo,26,555.943687515619,1455.799921,38.18819327409615
26079,Kalkaska,26,41.777966538549805,1449.729125,2.881777417457196
26081,Kent,26,656.5371791741787,2196.437063,29.891008043610796
26083,Keweenaw,26,1.0278507325475355,1398.883257,0.07347651974560274
26085,Lake,26,48.18900811793022,1470.021792,3.2781152211606277
26087,Lapeer,26,865.1757650613392,1669.484578,51.82292645660721
26089,Leelanau,26,111.39133354257741,899.243343,12.387229153230153
26091,Lenawee,26,1367.3467566284965,1941.541486,70.42583259168619
26093,Livingston,26,466.55052714351183,1463.980375,31.86863260673913
26095,Luce,26,26.596203624920054,2328.593563,1.1421573969591898
26097,Mackinac,26,71.4815039103901,2646.617352,2.7008628148067135
26099,Macomb,26,322.57068319544925,1241.247601,25.987617856064578
26101,Manistee,26,95.004303887899,1404.616462,6.763718528019003
26103,Marquette,26,44.563034381581026,4685.391001,0.9511059882103747
26105,Mason,26,303.9260685210322,1281.971751,23.707704033568227
26107,Mecosta,26,431.3031263801133,1437.746376,29.998554235974183
26109,Menominee,26,293.28552868425055,2704.053271,10.846144631455026
26111,Midland,26,352.6414424502667,1337.113497,26.37333653735953
26113,Missaukee,26,304.3518327309838,1462.793644,20.806204209278327
26117,Montcalm,26,883.0172515145937,1826.792558,48.33702916336238
26119,Montmorency,26,69.27730931548139,1415.881033,4.892876428233176
26121,Muskegon,26,251.7862309017408,1305.064357,19.29301260518149
26123,Newaygo,26,440.49040870741436,2172.732924,20.273564405535488
26125,Oakland,26,175.0353481909302,2246.566547,7.791238075037987
26127,Oceana,26,412.9257471521504,1393.655084,29.628977204818234
26129,Ogemaw,26,254.34082276802644,1459.466633,17.42697071773524
26131,Ontonagon,26,149.29202829166883,3395.416179,4.396869792133627
26133,Osceola,26,327.1077900403797,1466.674351,22.302687015515943
26135,Oscoda,26,39.01916579766225,1465.088063,2.663264194355957
26137,Otsego,26,65.71919128968194,1333.913825,4.926794374417848
26139,Ottawa,26,599.3014489467877,1459.502408,41.062039066316345
26141,Presque Isle,26,237.42481246039083,1706.069997,13.916475459851302
26143,Roscommon,26,12.746341697143556,1346.526278,0.9466092051375143
26145,Saginaw,26,1227.244531711967,2073.196027,59.195778678383846
26147,St. Clair,26,881.0898898158808,1868.189426,47.16277041040703
26149,St. Joseph,26,807.0293606426698,1296.53637,62.24502291768875
26151,Sanilac,26,1880.2385945557303,2493.045477,75.41934601282567
26153,Schoolcraft,26,42.67508594903397,3035.145668,1.4060308998992652
26155,Shiawassee,26,943.669032331298,1375.178357,68.62157388732798
26157,Tuscola,26,1311.3973755483817,2083.665459,62.93704058317269
26159,Van Buren,26,679.6733623790983,1574.182109,43.17628554493363
26161,Washtenaw,26,753.3437589636076,1828.460768,41.20098019864145
26165,Wexford,26,93.78369540286408,1463.148723,6.409717202949305
27001,Aitkin,27,339.2399880001214,4718.433597,7.189673882786263
27003,Anoka,27,205.4429487602929,1092.91945,18.797629483151105
27005,Becker,27,1325.9181092487192,3406.054658,38.92826869746373
27007,Beltrami,27,601.9051014798716,6487.155243,9.278413710375755
27009,Benton,27,672.3400285811756,1057.483355,63.57925402818047
27011,Big Stone,27,1044.2134723267407,1292.859684,80.76773413616174
27013,Blue Earth,27,1560.2565712924836,1936.73438,80.5612058837146
27015,Brown,27,1329.2189798021159,1582.706895,83.98390024086652
27017,Carlton,27,260.1044027681651,2230.76699,11.659864250015868
27019,Carver,27,581.363218818527,917.370948,63.37275232946738
27021,Cass,27,483.5577584874987,5235.592037,9.23597092879257
27023,Chippewa,27,1303.4741839091719,1505.064472,86.60587025730894
27025,Chisago,27,482.58649995741206,1074.597625,44.90857682264206
27029,Clearwater,27,610.132961956977,2586.70177,23.587294408391617
27031,Cook,27,1.2697767147216796,3761.649142,0.033755851935902845
27033,Cottonwood,27,1486.3142419261321,1657.524495,89.67072561580046
27035,Crow Wing,27,343.62642271473027,2585.751023,13.28923085239867
27037,Dakota,27,782.4565743979658,1456.708511,53.714011313136744
27039,Dodge,27,989.519933104466,1137.724828,86.97357293713432
27041,Douglas,27,1062.140602183226,1649.183865,64.40401368971834
27043,Faribault,27,1665.257627888917,1845.30911,90.24274680402554
27045,Fillmore,27,1640.7232582317538,2230.746819,73.55040223557319
27047,Freeborn,27,1593.6686853124452,1831.823843,86.99901420119495
27049,Goodhue,27,1384.2049395207957,1960.290907,70.61222059327727
27053,Hennepin,27,252.4475657253449,1434.458964,17.598800109373144
27055,Houston,27,703.6204029020314,1429.786025,49.211587650119284
27057,Hubbard,27,366.2798912836184,2398.342769,15.272207793564906
27059,Isanti,27,508.26186661126695,1128.574114,45.035754436174045
27061,Itasca,27,193.68467077464956,6908.319602,2.8036437503351275
27065,Kanabec,27,427.70717225769306,1351.000098,31.65855967670648
27067,Kandiyohi,27,1560.276148482586,2065.234175,75.54959952580613
27069,Kittson,27,1887.444782373954,2845.915561,66.32118001810083
27071,Koochiching,27,159.23556786945082,8039.869545,1.9805740252151167
27073,Lac qui Parle,27,1642.9176344713273,1981.394517,82.91723936729392
27075,Lake,27,11.815619388958138,5462.973382,0.21628550173591418
27077,Lake of the Woods,27,251.69363351699718,3361.462402,7.487623046661023
27079,Le Sueur,27,873.113568360156,1162.049817,75.13564010656835
27083,Lyon,27,1603.2570550536632,1850.315129,86.6477839328991
27085,McLeod,27,1046.2042394596185,1272.941861,82.18790437433957
27087,Mahnomen,27,737.0492044416274,1444.868073,51.01152265834774
27089,Marshall,27,3094.4258048399674,4597.384466,67.30839736647701
27091,Martin,27,1644.79019106417,1844.928054,89.15199633384564
27093,Meeker,27,1198.9149911233396,1574.889102,76.12694694507701
27095,Mille Lacs,27,456.54428894641114,1482.415014,30.797333043364006
27097,Morrison,27,1270.5151634927024,2913.98072,43.60067157522931
27099,Mower,27,1637.2390102252634,1842.332264,88.8677380414841
27101,Murray,27,1599.891997136311,1825.06379,87.66225081569948
27103,Nicollet,27,918.9077152406064,1161.978443,79.08130488790887
27105,Nobles,27,1679.2707363463785,1852.084984,90.66920529313997
27107,Norman,27,1943.3669936059307,2260.512791,85.97018346205549
27109,Olmsted,27,1188.3635536224556,1692.581423,70.21012622932797
27111,Otter Tail,27,2959.565683372798,5107.063593,57.95043726162581
27113,Pennington,27,1232.3893565846872,1596.92876,77.17246927061963
27115,Pine,27,679.7276868025938,3655.220987,18.59607638553411
27117,Pipestone,27,1075.006951893512,1204.488112,89.25010892042013
27119,Polk,27,4099.2590566412555,5105.054568,80.29804582964951
27121,Pope,27,1302.770955203732,1734.134606,75.12513450202907
27123,Ramsey,27,5.998609657703115,394.246995,1.5215359238700388
27125,Red Lake,27,882.7812919900077,1119.929323,78.82473240590448
27127,Redwood,27,2027.6032368188385,2275.493333,89.10609437583611
27129,Renville,27,2261.528548636404,2545.744686,88.83563858832323
27131,Rice,27,921.3847399503824,1284.215164,71.74691327273429
27133,Rock,27,1146.3766994134937,1249.560755,91.7423738562831
27135,Roseau,27,2056.205495320707,4329.471925,47.49321697751181
27137,St. Louis,27,286.2655914953034,16181.664972,1.7690737757248345
27139,Scott,27,484.3315990419065,922.683745,52.49161499446449
27141,Sherburne,27,469.38042535343527,1121.230376,41.86297797495947
27143,Sibley,27,1296.862457922552,1525.073951,85.0360375686826
27145,Stearns,27,2333.433136582405,3477.861781,67.09390089422892
27147,Steele,27,937.6548476078599,1112.775685,84.26270094209147
27149,Stevens,27,1251.7693283084113,1459.744436,85.75263569687012
27151,Swift,27,1611.3877422837313,1921.871297,83.84472700118228
27153,Todd,27,1296.1592785319513,2447.446073,52.95966652058491
27155,Traverse,27,1336.001457047264,1486.320975,89.88646998319216
27157,Wabasha,27,876.0233430415608,1354.450835,64.67738218357411
27159,Wadena,27,476.8919716035178,1388.950411,34.33470106828153
27161,Waseca,27,945.6741910108208,1096.505107,86.244394574518
27165,Watonwan,27,1003.2311635119556,1126.526388,89.05527417720424
27167,Wilkin,27,1734.0679854332045,1945.079891,89.15150444240567
27169,Winona,27,850.5625153787091,1621.638202,52.450818828126565
27171,Wright,27,1013.2408296740532,1712.292171,59.174529139049206
27173,Yellow Medicine,27,1715.4438414612937,1966.062958,87.25274205900041
28001,Adams,28,182.50321999969293,1197.464274,15.240807092311876
28003,Alcorn,28,291.08364557443724,1036.110423,28.093882573984807
28005,Amite,28,274.2677105606134,1890.950867,14.504221941828666
28007,Attala,28,240.1573830889098,1903.529294,12.61642696258447
28009,Benton,28,269.8695302904364,1053.131406,25.625437505035947
28011,Bolivar,28,1737.9104981000476,2270.54156,76.5416730843741
28013,Calhoun,28,505.0428449895262,1519.218196,33.24360163137002
28015,Carroll,28,432.61522878190925,1627.263554,26.585443256471365
28017,Chickasaw,28,607.4566182390113,1299.609262,46.741481151356346
28019,Choctaw,28,102.36726983509952,1083.122609,9.451124829682096
28021,Claiborne,28,185.1916917226816,1262.400019,14.669810593743474
28023,Clarke,28,168.3315802753406,1791.177225,9.39781825750607
28027,Coahoma,28,1020.6958955407713,1430.939219,71.33048573887548
28029,Copiah,28,324.50233245460345,2013.158779,16.119063028689375
28031,Covington,28,265.07825418691186,1071.784943,24.732410724574986
28033,DeSoto,28,540.033950036793,1233.66037,43.77492891635912
28035,Forrest,28,144.02853895125136,1207.042884,11.93234646924536
28039,George,28,187.50495624169562,1239.817242,15.123596437425219
28041,Greene,28,129.06102346949658,1845.978522,6.991469398553303
28043,Grenada,28,250.7621490025887,1093.291084,22.93644873468928
28045,Hancock,28,126.29537751471044,1227.56068,10.288320534567012
28047,Harrison,28,88.62859474170354,1485.725579,5.965340840490675
28049,Hinds,28,735.1192678808013,2252.697076,32.632850449032205
28051,Holmes,28,698.0426885376247,1959.776826,35.61847855719183
28053,Humphreys,28,816.5058941404136,1083.947282,75.32708533886186
28055,Issaquena,28,448.20857695756894,1069.782903,41.89715274946481
28057,Itawamba,28,255.43381763105185,1379.933023,18.5105953240929
28061,Jasper,28,203.33293089500484,1751.451435,11.609395889130369
28065,Jefferson Davis,28,215.24147431599,1057.871312,20.34665954869849
28067,Jones,28,359.52959764821054,1799.554021,19.978816609707685
28069,Kemper,28,224.47776869696008,1984.403109,11.312105271296474
28071,Lafayette,28,321.01827901554026,1636.080577,19.621177803123583
28073,Lamar,28,197.48492222798333,1286.381287,15.351974117140848
28075,Lauderdale,28,165.15047073380777,1822.45857,9.061960225181293
28077,Lawrence,28,170.0690025799597,1115.449622,15.246677144865238
28079,Leake,28,274.92753150481025,1509.697183,18.210773299482952
28081,Lee,28,563.0913249033191,1165.367704,48.31876865735753
28083,Leflore,28,1090.9342937558279,1538.645695,70.90224197168588
28087,Lowndes,28,510.0174223144544,1309.092512,38.959616500690395
28093,Marshall,28,639.693792230254,1829.011194,34.97484292762912
28099,Neshoba,28,280.17376972510147,1476.641122,18.973721207603038
28101,Newton,28,257.2494437421026,1496.636749,17.188502414763473
28103,Noxubee,28,703.1999332968142,1800.451918,39.056857129400676
28105,Oktibbeha,28,312.7950349603837,1186.831624,26.355468512556566
28107,Panola,28,918.3726138544966,1774.595247,51.751102985710666
28109,Pearl River,28,381.285945989992,2101.301898,18.14522446074486
28111,Perry,28,118.19405401316996,1676.259644,7.051058852143431
28113,Pike,28,252.9926415320484,1059.3505,23.881863607186517
28115,Pontotoc,28,529.5150846247541,1289.201714,41.07309809431064
28117,Prentiss,28,345.6474069230167,1074.807464,32.15900693847589
28119,Quitman,28,805.4192006957853,1048.975541,76.7815043549986
28121,Rankin,28,379.6673746253054,2008.615552,18.901943393162846
28123,Scott,28,345.4726072712531,1577.902071,21.894426379218125
28125,Sharkey,28,627.1516856306522,1118.149687,56.088347823385135
28127,Simpson,28,302.71111262467855,1525.930825,19.83780048644594
28129,Smith,28,272.04218258472474,1647.926083,16.508154424589243
28131,Stone,28,121.70036717536478,1153.800123,10.547785942241989
28133,Sunflower,28,1508.3957709092174,1807.18701,83.46650139485106
28135,Tallahatchie,28,1054.4329614203912,1671.109435,63.0977803928437
28137,Tate,28,586.1466672526627,1048.332506,55.91228583468753
28139,Tippah,28,318.2486474964934,1185.754605,26.839334728663644
28141,Tishomingo,28,166.51019593126557,1098.938845,15.151907377636247
28143,Tunica,28,830.6691390835581,1177.611242,70.53848583109553
28147,Walthall,28,318.962934339042,1046.169273,30.48865442438224
28149,Warren,28,254.35090731364562,1524.252126,16.686931444939027
28155,Webster,28,205.6800148630344,1090.210766,18.866078127046713
28157,Wilkinson,28,161.3304575108499,1756.287147,9.185881579013223
28159,Winston,28,224.89330273675947,1572.77319,14.299156684935573
28161,Yalobusha,28,267.46420518736267,1209.914664,22.10603880963977
28163,Yazoo,28,1086.7166608514442,2388.847492,45.49125318760383
29001,Adair,29,923.847976346232,1469.362056,62.87408692594087
29003,Andrew,29,843.2345096925744,1120.510502,75.25449410670265
29005,Atchison,29,1224.074141542692,1417.462632,86.35671332058735
29007,Audrain,29,1457.3424316334217,1792.888796,81.28459695240471
29009,Barry,29,963.7325630320518,2015.668636,47.812053321647845
29011,Barton,29,1234.3490604592796,1533.35103,80.50009660601197
29013,Bates,29,1698.386304524768,2167.0292,78.37394643896668
29015,Benton,29,704.4955643588406,1823.460488,38.63508800958678
29017,Bollinger,29,575.8536812152909,1600.363403,35.982682441738575
29019,Boone,29,839.0523882216947,1775.56124,47.25561525671143
29021,Buchanan,29,692.1400112126331,1057.34777,65.46001522400081
29023,Butler,29,994.6898784019266,1799.186752,55.285527046940295
29025,Caldwell,29,844.4123727475358,1104.350538,76.46234992349284
29027,Callaway,29,1053.2787851962375,2161.515126,48.72872609248803
29029,Camden,29,352.9600111311618,1699.106463,20.77327223557043
29031,Cape Girardeau,29,846.9444852773248,1498.398269,56.52332245702326
29033,Carroll,29,1434.2774810388426,1799.061893,79.72363188945843
29035,Carter,29,112.4917412035714,1314.052416,8.560673823499245
29037,Cass,29,1273.477195678082,1804.22333,70.58312430080825
29039,Cedar,29,678.1042242357174,1228.905201,55.179538965570494
29041,Chariton,29,1481.5702131844996,1945.541998,76.15205504211889
29043,Christian,29,618.1732613590373,1457.242845,42.420744317261494
29045,Clark,29,866.4979895596973,1306.924729,66.30052751566669
29049,Clinton,29,835.4152341696077,1085.09484,76.99006606368229
29051,Cole,29,463.4641909228911,1014.006926,45.70621551384661
29053,Cooper,29,1012.6354302789348,1462.703858,69.23037939228125
29055,Crawford,29,439.5177514774498,1923.005924,22.855766900770597
29057,Dade,29,913.660764118286,1269.121009,71.99161921038579
29059,Dallas,29,669.9567738927097,1401.057565,47.81793344035152
29061,Daviess,29,1080.84960061857,1458.906359,74.08629031951256
29063,DeKalb,29,872.1558954240539,1091.311297,79.9181588078121
29065,Dent,29,538.5410708520861,1949.641179,27.622573663955535
29067,Douglas,29,755.481127646849,2107.274068,35.851109218264675
29069,Dunklin,29,1211.2073764186975,1401.444949,86.4256121714202
29073,Gasconade,29,460.98729698805295,1344.216314,34.294130504657225
29075,Gentry,29,983.1896039672848,1272.776755,77.24760843603597
29077,Greene,29,935.4506766651631,1749.081115,53.48240677020648
29079,Grundy,29,863.6093299808547,1127.401335,76.60176577499392
29081,Harrison,29,1385.461950574281,1871.309892,74.03701313701391
29083,Henry,29,1186.5848570722496,1805.075851,65.73601083937218
29085,Hickory,29,429.56528112623647,1032.90742,41.587975147495456
29087,Holt,29,942.2485233113615,1198.369595,78.62753922018203
29089,Howard,29,738.6805422820115,1201.21065,61.494671420205236
29091,Howell,29,1077.6517062419052,2401.56231,44.87294382305264
29093,Iron,29,139.55127992018132,1425.178292,9.791847146671339
29097,Jasper,29,1102.1712162561564,1653.724865,66.64779852942203
29101,Johnson,29,1514.0247095921727,2147.770686,70.4928472793288
29103,Knox,29,985.0125492280604,1305.376626,75.45811144530639
29105,Laclede,29,871.6770451175684,1980.565858,44.01151527461948
29107,Lafayette,29,1287.8923803622336,1627.633788,79.12666779575564
29109,Lawrence,29,1174.0750540109539,1584.39336,74.1024977541533
29111,Lewis,29,907.9004242827851,1308.05263,69.40855463000638
29115,Linn,29,1216.352418419339,1594.365083,76.29070853274195
29117,Livingston,29,1021.6077371677025,1378.644691,74.10232265332115
29119,McDonald,29,506.78574139264083,1397.247174,36.27029997432944
29121,Macon,29,1365.1962845823914,2075.118028,65.7888498948741
29125,Maries,29,586.880211317296,1364.867199,42.999070660302095
29129,Mercer,29,796.3746686364758,1175.427728,67.75190423587453
29131,Miller,29,552.3819903670152,1534.831729,35.98974271446112
29133,Mississippi,29,915.2825833329612,1065.995424,85.86177414331577
29135,Moniteau,29,718.0714670350955,1074.917555,66.80246905401927
29141,Morgan,29,578.1699854345943,1547.854701,37.35298830446194
29143,New Madrid,29,1540.0241561106543,1747.868662,88.10868857551806
29145,Newton,29,932.2013628601317,1618.104248,57.61071105352735
29147,Nodaway,29,1917.3395491757092,2271.326619,84.4149640627141
29149,Oregon,29,653.3322865716638,2045.563492,31.93898840719356
29151,Osage,29,654.3913784834072,1571.034362,41.65353695067092
29153,Ozark,29,660.8979024990947,1929.467325,34.25286834018268
29155,Pemiscot,29,1158.4858117964561,1275.869306,90.799724262389
29157,Perry,29,614.9748251998815,1228.574133,50.055980236064556
29159,Pettis,29,1318.4450005249078,1766.953615,74.61684275876749
29161,Phelps,29,466.9479009162585,1739.898532,26.837651295648
29163,Pike,29,1036.6738874536916,1736.428535,59.70150032426711
29165,Platte,29,636.6375397651348,1087.240593,58.55535047753086
29167,Polk,29,1019.7536013200887,1646.006162,61.95320679000525
29169,Pulaski,29,323.7428834675729,1417.012539,22.846860882123277
29171,Putnam,29,874.8117548405215,1339.843851,65.29206774264037
29173,Ralls,29,793.3462145460496,1216.727522,65.20327683900699
29175,Randolph,29,768.1319377386822,1250.217892,61.43984521849109
29177,Ray,29,1042.3040750939977,1473.20919,70.75058193833272
29179,Reynolds,29,151.80055833040794,2093.946391,7.249495927062058
29181,Ripley,29,414.95583724436074,1630.498737,25.449626413562854
29183,St. Charles,29,557.7296807452091,1451.634961,38.42079418926375
29185,St. Clair,29,842.5324401263357,1748.193274,48.1944675486914
29186,Ste. Genevieve,29,397.5178864796543,1292.800497,30.74858707140908
29187,St. Francois,29,310.50545646025745,1170.346887,26.531061850917492
29189,St. Louis,29,92.7093719905362,1314.228662,7.054280177503554
29195,Saline,29,1529.8780960186987,1956.717078,78.18596327591816
29197,Schuyler,29,574.4860276456996,795.916404,72.17919177925367
29199,Scotland,29,845.5681443089987,1130.548364,74.79274405539707
29201,Scott,29,853.4923210650783,1087.772861,78.46236578107442
29203,Shannon,29,329.93438801180474,2599.884454,12.690348123132582
29205,Shelby,29,959.6026883815729,1297.230222,73.97319859709319
29207,Stoddard,29,1713.6461576708587,2132.122569,80.37277887239787
29209,Stone,29,366.5977174241384,1201.828866,30.503321046387516
29211,Sullivan,29,1168.9231735662795,1678.265048,69.65068926146637
29213,Taney,29,313.8896687899553,1637.791188,19.165426648391232
29215,Texas,29,1138.3070799548207,3049.10379,37.332513366323305
29217,Vernon,29,1530.027625916664,2140.34387,71.48513130820722
29219,Warren,29,400.6030910713939,1110.085394,36.08759229124619
29225,Webster,29,821.8374348589275,1534.730255,53.54930823716168
29227,Worth,29,515.403435245074,690.564988,74.63503713644313
29229,Wright,29,874.5462136785852,1765.780149,49.52746887396259
29510,St. Louis,29,0.380408501140041,159.915148,0.23788146770188462
30001,Beaverhead,30,571.699278836303,14355.492103,3.9824429196462705
30003,Big Horn,30,1248.6743622000606,12944.269184,9.646541990516601
30005,Blaine,30,2262.7191574409735,10948.196443,20.667506006322153
30007,Broadwater,30,414.1333010971995,3088.195835,13.410202047539498
30009,Carbon,30,418.76471800482665,5303.530751,7.895960967622693
30011,Carter,30,544.4778584719104,8651.796231,6.293234883653495
30013,Cascade,30,1473.6940715701971,6988.237762,21.088207381605073
30015,Chouteau,30,5042.655390736004,10288.824959,49.01099407202
30017,Custer,30,412.8219148294381,9798.72368,4.21301720827215
30019,Daniels,30,1956.4894624720368,3693.365371,52.973081889872866
30021,Dawson,30,1558.824770799272,6143.23845,25.37464211240689
30023,Deer Lodge,30,52.08988154398242,1907.999322,2.730078619177959
30025,Fallon,30,536.3752496702677,4197.204997,12.779343635911232
30027,Fergus,30,1784.295096479417,11238.811038,15.876190910644057
30029,Flathead,30,382.02963091700775,13175.685558,2.8995047675909915
30031,Gallatin,30,996.0543662306404,6746.957846,14.763014516552241
30033,Garfield,30,1056.0389323870056,12112.23326,8.718779680990107
30035,Glacier,30,1621.5762250558028,7756.874926,20.9050196184097
30037,Golden Valley,30,321.5495479086481,3041.740575,10.571235119505484
30039,Granite,30,143.85315464838845,4473.328973,3.2157964575521607
30041,Hill,30,4667.119879260367,7508.815833,62.1552050690756
30045,Judith Basin,30,905.5426331657088,4842.466679,18.700028171442348
30047,Lake,30,663.6607407253314,3860.290985,17.191987425407294
30049,Lewis and Clark,30,262.60049876869186,8957.164709,2.9317368531231263
30051,Liberty,30,2393.7651674122103,3703.639186,64.6327854090323
30055,McCone,30,1919.4521454458304,6843.332007,28.048502447089156
30059,Meagher,30,286.45465489652383,6194.909929,4.624032603856827
30061,Mineral,30,9.68256755065918,3158.799744,0.30652679293933677
30063,Missoula,30,137.37734834178633,6715.862288,2.045565296763964
30065,Musselshell,30,283.18174417071987,4840.577748,5.850164152155663
30067,Park,30,321.08859100452906,7258.365042,4.42370408689248
30069,Petroleum,30,297.29177318460603,4288.047865,6.9330329917995455
30071,Phillips,30,1606.4458393073685,13313.777229,12.06604115177935
30073,Pondera,30,2147.769230294058,4207.608381,51.044893816463244
30075,Powder River,30,333.3919779742861,8542.288891,3.9028412902956466
30077,Powell,30,238.7544106673007,6024.421096,3.9631095977972906
30079,Prairie,30,317.82931435572607,4497.7802,7.066359408930789
30081,Ravalli,30,362.5163914156593,6192.654381,5.853974226753465
30083,Richland,30,1525.860548060158,5398.431221,28.26488817944983
30085,Roosevelt,30,2759.996367830922,6097.641904,45.26333968579539
30087,Rosebud,30,520.4163122253511,12971.01017,4.012149442523729
30089,Sanders,30,175.43834048257744,7149.405165,2.453887231646039
30091,Sheridan,30,2338.0508971092286,4340.311869,53.8682695547385
30093,Silver Bow,30,18.022050048145967,1859.568273,0.969152373151183
30095,Stillwater,30,473.73125232187004,4653.551003,10.17999484729984
30097,Sweet Grass,30,175.26436641317187,4805.735232,3.6469834052891046
30099,Teton,30,1969.562706300009,5883.425283,33.47646331110906
30101,Toole,30,2644.7620865165622,4959.868818,53.32322655225037
30103,Treasure,30,142.35274137789068,2532.492067,5.621053792540495
30105,Valley,30,2912.300702870019,12758.539637,22.826285654388634
30107,Wheatland,30,398.7402380563064,3684.208403,10.82295555624969
30109,Wibaux,30,428.3468634436172,2301.48871,18.611729946032074
30111,Yellowstone,30,1064.562515526954,6820.64778,15.607938569244725
31001,Adams,31,1152.2782378443646,1458.869102,78.98434727726276
31003,Antelope,31,1515.9576751980128,2220.231685,68.27925596413658
31005,Arthur,31,35.74117468006209,1852.759729,1.9290776953227962
31007,Banner,31,576.6714794797255,1932.676689,29.837969421471378
31009,Blaine,31,39.86262698964964,1840.67398,2.165653854119763
31011,Boone,31,1224.0744637697057,1778.16604,68.83915428784738
31013,Box Butte,31,1349.5320562566826,2784.994716,48.45725733350665
31015,Boyd,31,359.18564130066375,1398.424239,25.685026852617632
31017,Brown,31,256.52222869062456,3163.296262,8.109333032513304
31019,Buffalo,31,1281.9479954974934,2507.679138,51.120894059832196
31021,Burt,31,1109.3979831470685,1273.201345,87.13452805432502
31023,Butler,31,1160.9643150106958,1514.886625,76.63704305335034
31025,Cass,31,1151.6244876429714,1443.537069,79.7779643054647
31027,Cedar,31,1444.279082516834,1917.219989,75.33194368947476
31029,Chase,31,1108.9470150335671,2316.533447,47.870969291192246
31031,Cherry,31,234.01984995962678,15436.868252,1.515980094792266
31033,Cheyenne,31,1849.0574401474457,3098.367764,59.678436550744
31037,Colfax,31,875.3151539520031,1066.160351,82.09976605592259
31039,Cuming,31,1295.8941408943454,1477.652222,87.69953589893801
31041,Custer,31,1559.5938353591048,6670.757262,23.37956208125483
31043,Dakota,31,517.0203992149844,684.422627,75.54110264899008
31045,Dawes,31,390.2054769343371,3616.875588,10.788468318593909
31047,Dawson,31,1269.6671937510591,2623.887234,48.38878657965448
31049,Deuel,31,771.8672265720162,1139.208972,67.75466534615883
31051,Dixon,31,918.3497249777862,1233.120001,74.47367038350279
31053,Dodge,31,1153.3723032724706,1370.269386,84.1712086000344
31055,Douglas,31,264.40230952658266,845.399826,31.275415654814985
31057,Dundy,31,794.32384359911,2381.956151,33.347542660079384
31059,Fillmore,31,1280.5961874138723,1490.202784,85.93435746888741
31063,Frontier,31,852.4757658918528,2524.283235,33.77100295529447
31065,Furnas,31,1006.2595338945364,1862.542302,54.02613045695735
31067,Gage,31,1587.5066372128024,2205.2752,71.98678138732085
31069,Garden,31,557.6105005022965,4417.083921,12.623950789145457
31071,Garfield,31,90.9121192116874,1474.558349,6.165379570997729
31073,Gosper,31,570.2999798816156,1186.616237,48.061029513926634
31077,Greeley,31,536.3853313992561,1475.804204,36.34529092310785
31079,Hall,31,952.7326515076993,1415.14624,67.32397151461176
31081,Hamilton,31,1185.5430747553064,1403.509085,84.4699252342429
31083,Harlan,31,798.4263809231244,1433.471291,55.69880512682862
31085,Hayes,31,628.1803930457942,1846.821514,34.01413662792073
31087,Hitchcock,31,843.6609343095229,1838.742723,45.88248936387621
31089,Holt,31,1451.942253808908,6248.078944,23.238218768077527
31091,Hooker,31,10.495598502835861,1867.796137,0.5619242001267647
31093,Howard,31,678.1512051853329,1474.57845,45.989496536134304
31097,Johnson,31,582.6906324655376,974.02333,59.82306732483889
31099,Kearney,31,1087.741146186228,1337.063541,81.3529883084463
31101,Keith,31,875.4415611296088,2749.531885,31.839658448972987
31103,Keya Paha,31,170.10186013619477,2002.257566,8.49550342696494
31105,Kimball,31,1057.4283269919115,2465.269087,42.89301855801478
31107,Knox,31,1205.9684182488352,2870.856403,42.00727061752782
31109,Lancaster,31,1266.6796099821108,2169.287528,58.39150382936746
31113,Logan,31,164.28664913120429,1478.003937,11.115440562673161
31115,Loup,31,72.57937179100868,1459.513671,4.972846314024604
31117,McPherson,31,54.888321157340734,2224.73358,2.4671862577513997
31121,Merrick,31,860.9315591783283,1258.350334,68.41747770206642
31123,Morrill,31,674.484609056984,3687.721339,18.290010200171043
31125,Nance,31,626.2768538947265,1143.826229,54.75279706098841
31127,Nemaha,31,872.1176885786919,1055.10062,82.65730036048049
31129,Nuckolls,31,920.3363936528415,1489.645187,61.782255377625134
31131,Otoe,31,1301.9409389562782,1594.561657,81.64883014970665
31133,Pawnee,31,634.9181024196669,1116.478182,56.86793639642005
31135,Perkins,31,1769.3566863833335,2287.828025,77.33783601952919
31137,Phelps,31,1119.4726887365514,1398.048574,80.07394804127537
31139,Pierce,31,1143.2106857181275,1484.707278,76.99906255313228
31141,Platte,31,1397.4309088296845,1745.910544,80.04023537357618
31143,Polk,31,907.2789734302531,1135.309851,79.91465701025201
31145,Red Willow,31,934.7664277050268,1857.036462,50.336460636766255
31147,Richardson,31,1164.1117062365863,1429.261306,81.44848680571405
31149,Rock,31,200.79238818735737,2611.466192,7.6888756516346035
31151,Saline,31,1116.2362867436202,1486.812299,75.0758039528176
31153,Sarpy,31,289.3840387147421,616.811568,46.91611729220066
31155,Saunders,31,1574.2316971041926,1943.236717,81.01080446516659
31157,Scotts Bluff,31,845.4456369453787,1915.079306,44.14676897695947
31159,Seward,31,1075.1066317948691,1479.99567,72.64255251468873
31161,Sheridan,31,723.9884249994981,6322.057033,11.451785727658084
31163,Sherman,31,510.9838738347204,1465.489231,34.86780134754333
31165,Sioux,31,240.94807718798256,5352.724893,4.501409693277553
31167,Stanton,31,795.5986369761886,1107.500701,71.83730324123637
31169,Thayer,31,1082.6596706748626,1486.153243,72.84980036711212
31171,Thomas,31,19.581365079079543,1846.403705,1.0605137449656246
31173,Thurston,31,810.3364412063958,1019.377261,79.49328204667455
31175,Valley,31,511.82283551120804,1471.402793,34.78468560384254
31181,Webster,31,746.4308153433492,1489.017963,50.12906720342561
31183,Wheeler,31,298.5486142255867,1489.717865,20.040614484111504
31185,York,31,1287.904225282115,1482.793604,86.85660781162332
32001,Churchill,32,205.71083746935915,12770.128155,1.6108752784036502
32003,Clark,32,13.795726318608065,20439.281456,0.06749614142897521
32005,Douglas,32,106.30980447181035,1838.170321,5.7834577817563595
32007,Elko,32,509.43610116630725,44468.026648,1.1456233603503514
32009,Esmeralda,32,40.85598716795798,9277.050043,0.4403984777336183
32011,Eureka,32,177.27024011525353,10814.958255,1.6391208910427137
32013,Humboldt,32,506.87931167791055,24969.533292,2.0299911325948163
32015,Lander,32,151.80625789933052,14219.341092,1.067604025510991
32019,Lyon,32,258.0826247490234,5183.173264,4.979239774628986
32021,Mineral,32,20.045861307250977,9719.815194,0.20623706219872576
32023,Nye,32,99.1091432119466,47090.93891,0.21046329826076215
32027,Pershing,32,199.96905026251505,15634.69195,1.2790085721037507
32029,Storey,32,0.46479722956925934,683.680817,0.06798453576755238
32031,Washoe,32,45.58559443216744,16320.597789,0.27931326426591985
32033,White Pine,32,215.7622160310389,22985.104184,0.9387045379643378
32510,Carson City,32,3.1350231923217775,374.672862,0.836736126440291
33001,Belknap,33,43.77330796365272,1040.771458,4.205852075129901
33003,Carroll,33,40.368512496336926,2413.511276,1.6726050919157556
33007,Coos,33,93.87269921378363,4647.907788,2.019676454342421
33009,Grafton,33,156.13979155521622,4425.249656,3.5283837905848587
33013,Merrimack,33,108.29897611344283,2416.139337,4.482315007871702
33017,Strafford,33,52.56681164264491,951.960024,5.521955787782629
35001,Bernalillo,35,26.6554430542502,3007.639331,0.8862579624993672
35003,Catron,35,3.9341413953857423,17933.557078,0.02193731772383267
35005,Chaves,35,306.1762139165558,15713.867248,1.9484459750385428
35006,Cibola,35,6.922781988586426,11758.505178,0.058874677382792284
35007,Colfax,35,21.25793428641573,9733.110158,0.21840844233066709
35009,Curry,35,1352.0139885489189,3640.098081,37.142240633733046
35011,De Baca,35,38.1960338375517,6016.819484,0.6348210036735034
35013,Doña Ana,35,308.0976181255247,9863.129095,3.123730969735672
35015,Eddy,35,185.07525111390308,10816.898665,1.710982573154235
35019,Guadalupe,35,5.299438903869629,7847.072131,0.0675339644570629
35021,Harding,35,7.752758253289436,5504.963126,0.14083215592622367
35023,Hidalgo,35,68.73354681579471,8905.639714,0.7717979732297388
35025,Lea,35,317.40557333289314,11373.850144,2.790660764071459
35028,Los Alamos,35,0.42356124017333985,282.827023,0.14975981986464562
35029,Luna,35,148.90936358445973,7679.944776,1.9389379471816623
35031,McKinley,35,5.656733592468262,14117.193197,0.04006981779969092
35033,Mora,35,48.73498920543595,4988.962798,0.9768561358078893
35035,Otero,35,25.47180847909175,17126.456771,0.1487278356502953
35037,Quay,35,453.23817747108325,7443.334354,6.089182024014761
35039,Rio Arriba,35,103.94232941855755,15179.587763,0.6847506733477657
35041,Roosevelt,35,866.0158870834164,6335.24283,13.669813617600768
35043,Sandoval,35,44.390029948089,9609.141803,0.46195623769679744
35045,San Juan,35,424.34771598373544,14289.489115,2.9696493175412972
35047,San Miguel,35,28.11432221908294,12228.666255,0.22990505777837947
35049,Santa Fe,35,64.11966282169621,4947.127762,1.2960987851216164
35051,Sierra,35,28.202590047161262,10829.248375,0.26042980150190953
35053,Socorro,35,95.89822796515851,17214.061663,0.5570923925018968
35055,Taos,35,52.03580614423062,5704.119381,0.9122495983789899
35057,Torrance,35,113.78938285430284,8664.074443,1.3133472432965665
35061,Valencia,35,108.92042815371379,2762.854208,3.9423154445981465
36019,Clinton,36,444.2248083178107,2687.771456,16.52762578924459
36031,Essex,36,158.49938436926027,4646.744231,3.4109771592733114
36041,Hamilton,36,1.3674845589250153,4447.982191,0.03074393062301304
36043,Herkimer,36,571.7083612811733,3655.80744,15.638360900134645
36049,Lewis,36,506.36371638855553,3301.307118,15.338279605301343
36089,St. Lawrence,36,1173.3761514314315,6939.274584,16.909204805598907
36113,Warren,36,17.24122085898653,2246.154412,0.7675884065171976
37003,Alexander,37,201.35821812233792,673.35817,29.90358283205176
37005,Alleghany,37,186.4863797044235,607.100995,30.717521671072788
37007,Anson,37,275.9845643842529,1376.478137,20.05005070300313
37009,Ashe,37,203.4798643455253,1100.901792,18.483016907063522
37011,Avery,37,38.43132875208475,640.602132,5.999250834851226
37021,Buncombe,37,191.20937987395283,1700.318982,11.245500514794161
37023,Burke,37,142.47233325951288,1311.146878,10.86623746355844
37025,Cabarrus,37,247.3625154437529,935.602088,26.438858849976498
37027,Caldwell,37,118.12033269746526,1222.192503,9.664625859471931
37035,Catawba,37,315.16219489386265,1039.550849,30.317150449834575
37039,Cherokee,37,77.79478948703303,1179.834154,6.593705498631719
37045,Cleveland,37,442.0381801985422,1202.289388,36.766371275543705
37057,Davidson,37,336.6170440094681,1432.711784,23.495098439803723
37059,Davie,37,250.40233125544165,682.967798,36.663856186004494
37067,Forsyth,37,149.36011345106678,1056.149964,14.141941820969167
37071,Gaston,37,168.1164055357472,921.311293,18.247513822208973
37075,Graham,37,14.35684022865038,756.186161,1.8985854236825128
37081,Guilford,37,326.81227627296016,1672.848312,19.536276775880214
37087,Haywood,37,134.20168669692814,1433.713822,9.360423582282248
37089,Henderson,37,134.4170774144043,965.884896,13.9164695473615
37097,Iredell,37,516.0239815911217,1487.149246,34.6988698665636
37111,McDowell,37,79.44985036615779,1139.477527,6.972480675010082
37113,Macon,37,73.87307921722004,1335.356542,5.532086517251663
37119,Mecklenburg,37,64.30762490321978,1356.047125,4.742285405694863
37121,Mitchell,37,36.670129487959805,573.040382,6.399222574851593
37149,Polk,37,97.64780132005713,615.606312,15.862053298774027
37151,Randolph,37,500.00037742842545,2026.195914,24.676803164672922
37153,Richmond,37,125.92959117700129,1226.886652,10.264158548935072
37157,Rockingham,37,321.577448482426,1464.980033,21.950978254897894
37159,Rowan,37,439.0669880252953,1324.723323,33.14405207503811
37161,Rutherford,37,266.1755808323096,1464.476249,18.1754795281975
37167,Stanly,37,417.9719885925836,1023.370459,40.8426865282989
37169,Stokes,37,247.2256677128708,1162.940014,21.258677553154584
37171,Surry,37,398.88766217597123,1382.385865,28.855015974571703
37173,Swain,37,11.392273726787492,1366.810458,0.833493309925164
37175,Transylvania,37,48.61123002355071,980.141494,4.959613517142935
37189,Watauga,37,89.18354459426509,809.160417,11.021738424244383
37193,Wilkes,37,336.72764241851314,1954.249755,17.230532666410035
37197,Yadkin,37,372.47288192632874,867.496104,42.93654809616629
37199,Yancey,37,60.22664103663737,809.610027,7.4389692602754
38001,Adams,38,1350.3304014662224,2557.900104,52.79058393854392
38003,Barnes,38,3243.1394995100736,3863.107416,83.95157447804381
38005,Benson,38,2624.4871789397394,3596.569006,72.97196785495903
38007,Billings,38,392.7509042668479,2975.481849,13.199573185057192
38009,Bottineau,38,3341.0761774388293,4321.196488,77.31831187767153
38011,Bowman,38,1141.5044886734331,3009.30632,37.93247902637685
38013,Burke,38,1581.2500143687482,2858.265122,55.32202041713708
38015,Burleigh,38,1627.6182898180982,4228.212589,38.49423971851522
38017,Cass,38,4037.508989466493,4571.248512,88.32398804982084
38019,Cavalier,38,3345.187889028433,3856.393937,86.74393601061283
38021,Dickey,38,2216.6608582879308,2930.494892,75.64117802556916
38023,Divide,38,2076.0252388364725,3265.310956,63.57817882617831
38025,Dunn,38,1358.64485478045,5201.924007,26.118121928582223
38027,Eddy,38,1207.5696082500272,1632.133949,73.98716318534387
38029,Emmons,38,1912.6135845548838,3910.146897,48.91411077221439
38031,Foster,38,1381.6876152973587,1645.810424,83.95180849196996
38033,Golden Valley,38,634.678458843088,2593.894326,24.468169442423463
38035,Grand Forks,38,3292.1489158138525,3719.43181,88.51214604775487
38039,Griggs,38,1490.3901262551926,1835.826857,81.18358877757679
38041,Hettinger,38,2060.622304348324,2932.439645,70.26989653007246
38043,Kidder,38,1345.699175404371,3499.517648,38.45384738017961
38045,LaMoure,38,2471.467479528319,2967.974275,83.27118938820044
38047,Logan,38,1048.0170233741235,2571.326089,40.757841950015056
38049,McHenry,38,2801.0630190706547,4853.553114,57.71159711822317
38051,McIntosh,38,1260.4053946674703,2524.546459,49.926013053716204
38053,McKenzie,38,1450.5374579753557,7149.616265,20.2883260333323
38055,McLean,38,3146.144885479675,5465.733195,57.56125982069044
38057,Mercer,38,860.0451411160278,2700.509673,31.847511960977442
38059,Morton,38,1666.8081077597506,4988.775161,33.41116915410633
38061,Mountrail,38,2182.880170222913,4727.469716,46.17438717449656
38063,Nelson,38,1875.669164452528,2542.78767,73.76428581048327
38065,Oliver,38,637.2858057734278,1871.29613,34.05585014347397
38067,Pembina,38,2558.627031287578,2897.40819,88.30744111645443
38069,Pierce,38,1877.230443879129,2637.78756,71.1668548425154
38071,Ramsey,38,2341.877154730821,3074.174316,76.17906188800588
38073,Ransom,38,1744.4516288597908,2233.494144,78.1041505546831
38075,Renville,38,1881.9320811970072,2271.556751,82.84768057714298
38077,Richland,38,3145.1204564649847,3718.60851,84.5778857335263
38079,Rolette,38,1404.2598443426434,2338.953779,60.03794760506225
38081,Sargent,38,1799.1531653399625,2223.519135,80.91466976918831
38083,Sheridan,38,1277.859254640947,2518.459184,50.73972462048633
38085,Sioux,38,450.1747999340957,2833.690982,15.886517012393686
38087,Slope,38,1052.9702016411711,3146.544261,33.46433783539177
38089,Stark,38,1819.740997516113,3457.084716,52.638021541503726
38091,Steele,38,1648.115113955546,1844.613572,89.34744593517205
38093,Stutsman,38,3927.515280314648,5754.301975,68.25354834310113
38095,Towner,38,2309.4926233049787,2653.593197,87.0326554166614
38097,Traill,38,2051.164606393791,2232.437901,91.88002969645832
38099,Walsh,38,2890.2681112759174,3319.506407,87.06921321739499
38101,Ward,38,3412.9138676513066,5213.657405,65.46103056902541
38103,Wells,38,2674.580188059327,3290.909635,81.27176023352969
38105,Williams,38,3055.576292328366,5381.852512,56.77554867056093
39001,Adams,39,497.40363474213484,1512.208931,32.89252063953951
39003,Allen,39,740.2509190113826,1042.479885,71.00865250856927
39005,Ashland,39,640.3312928033921,1095.464863,58.4529284718274
39007,Ashtabula,39,621.960497891099,1818.360016,34.20447504445671
39009,Athens,39,213.35771875554704,1304.386902,16.35693508025942
39011,Auglaize,39,812.7810848413155,1039.605845,78.181657861044
39013,Belmont,39,418.2153559102755,1378.198933,30.345064554644775
39015,Brown,39,720.794470671611,1269.138597,56.79399179691097
39017,Butler,39,513.6782148508398,1208.541665,42.50397232691517
39019,Carroll,39,363.1569564533993,1022.030954,35.532872564386075
39021,Champaign,39,863.3462018377669,1111.090193,77.7026210182531
39023,Clark,39,689.978446573836,1027.866665,67.12723255538556
39025,Clermont,39,383.5017309533239,1170.958182,32.75110391203739
39027,Clinton,39,810.933400779074,1058.489017,76.61235853702523
39029,Columbiana,39,554.3638226292999,1377.683637,40.238833338869064
39031,Coshocton,39,517.6019282475813,1460.6112,35.43735172286652
39033,Crawford,39,813.154060976209,1040.619651,78.14133244502887
39035,Cuyahoga,39,10.298142170310106,1184.103772,0.8696992961111948
39037,Darke,39,1283.671904334036,1549.072312,82.86713889274112
39039,Defiance,39,798.0725486202207,1065.649892,74.89068920397551
39041,Delaware,39,631.1086211122779,1147.779363,54.985186304685094
39043,Erie,39,354.8727379066921,651.214356,54.49399796504058
39045,Fairfield,39,771.903088606725,1306.415009,59.08559556412177
39047,Fayette,39,904.6663401824676,1052.469899,85.95650488836144
39051,Fulton,39,845.300767727423,1050.10089,80.49710040026946
39053,Gallia,39,284.9621615396353,1208.308869,23.58355291850757
39055,Geauga,39,239.29288269576628,1036.775608,23.080489244666552
39057,Greene,39,652.0196092596849,1071.281934,60.86349340599306
39059,Guernsey,39,378.7117198807066,1352.631199,27.99815057945493
39061,Hamilton,39,81.21287061357228,1051.393875,7.72430509104614
39063,Hancock,39,1088.2924447751584,1376.094842,79.0855696540107
39065,Hardin,39,1012.9890192217076,1218.342687,83.1448351954287
39067,Harrison,39,310.7750782061863,1042.03264,29.823929335475164
39069,Henry,39,909.06749350622,1077.461475,84.37122946843365
39071,Highland,39,915.6367125704307,1432.479992,63.919685977047195
39073,Hocking,39,141.50888420546946,1091.232036,12.967808819486441
39075,Holmes,39,565.1331033337852,1094.405866,51.63834742583382
39077,Huron,39,910.4099401185345,1272.965328,71.51883245311254
39083,Knox,39,787.3835703544014,1361.052752,57.85106926953272
39085,Lake,39,66.078229268081,593.807216,11.127892603460886
39087,Lawrence,39,111.85547137285154,1174.224668,9.525900317131775
39089,Licking,39,877.0404347716038,1767.505133,49.62024824691719
39091,Logan,39,844.8903148997664,1187.364299,71.1567895052373
39093,Lorain,39,528.1262069644858,1272.238893,41.5115596504945
39095,Lucas,39,273.999297126017,882.436042,31.05032932528576
39099,Mahoning,39,355.7355742674889,1065.795331,33.37747538579608
39103,Medina,39,472.72930915125824,1091.406482,43.313771445170715
39105,Meigs,39,219.24740793151975,1113.957862,19.681840346984306
39107,Mercer,39,973.4999596138653,1197.723416,81.27919573160163
39109,Miami,39,761.1248551109296,1052.855952,72.2914519944633
39115,Morgan,39,245.50668898026262,1078.538292,22.762908911189836
39117,Morrow,39,707.9113734817776,1051.881046,67.29956549495402
39119,Muskingum,39,569.3640493184475,1721.160806,33.080235579013504
39121,Noble,39,240.37790842747634,1030.846458,23.318497780343186
39123,Ottawa,39,408.6696046360716,659.770876,61.94114040221315
39125,Paulding,39,900.0172033353136,1078.56124,83.44609188211822
39127,Perry,39,331.14623089065464,1056.544342,31.342388362404826
39129,Pickaway,39,1044.4137079353957,1298.196084,80.45115224175916
39131,Pike,39,279.9893298007214,1140.324463,24.55347919697496
39133,Portage,39,407.7090307680928,1262.370045,32.29710910702834
39135,Preble,39,815.773030620937,1098.741227,74.24614737068904
39137,Putnam,39,1062.6125874825796,1249.78359,85.02372698641207
39139,Richland,39,668.9861100551198,1282.554026,52.16046236598222
39141,Ross,39,799.7681998354388,1784.986619,44.80527704367283
39143,Sandusky,39,782.9959636342317,1057.893266,74.01464673225661
39145,Scioto,39,280.59583032821973,1580.488226,17.753743793357415
39147,Seneca,39,1122.0575792851937,1427.151733,78.62216422682182
39149,Shelby,39,815.5127303847482,1055.927006,77.23192282713036
39151,Stark,39,599.4137326447911,1490.064421,40.22737032017162
39153,Summit,39,80.14331291062872,1069.181981,7.4957597803576075
39155,Trumbull,39,505.9045376742158,1600.713063,31.604948405060636
39157,Tuscarawas,39,480.6539901830971,1469.641516,32.70552614023304
39161,Van Wert,39,915.1208078793004,1059.702141,86.35641775864832
39163,Vinton,39,139.20520363965105,1067.997064,13.034230929276324
39165,Warren,39,449.5880765248277,1039.231411,43.26159426726832
39171,Williams,39,818.7707773935756,1089.503871,75.1507910331762
39173,Wood,39,1223.4662998337385,1598.531979,76.53686731992107
39175,Wyandot,39,835.1906443404563,1053.773841,79.25710544758685
40001,Adair,40,522.2934249599296,1485.82241,35.151806934984215
40003,Alfalfa,40,1218.827281589642,2244.107619,54.3123365060703
40005,Atoka,40,557.4645146606277,2526.582872,22.06397109861464
40007,Beaver,40,967.6233113352724,4700.019205,20.58764590378461
40009,Beckham,40,468.63720024178735,2335.695176,20.06414214736501
40011,Blaine,40,959.2700547602452,2404.605814,39.89302733841952
40013,Bryan,40,1016.5130908102474,2342.666324,43.39128796945337
40015,Caddo,40,966.2766833596612,3309.582204,29.196334274211647
40017,Canadian,40,831.3731107558959,2322.292275,35.79967602294573
40019,Carter,40,151.48377145162735,2129.435455,7.113799626841817
40021,Cherokee,40,578.3546984452598,1940.67881,29.801670192156102
40023,Choctaw,40,988.0627225938982,1995.215207,49.52161145962528
40025,Cimarron,40,1526.472572932693,4752.113916,32.121969294405545
40027,Cleveland,40,84.48333821864588,1395.724193,6.053010948893531
40029,Coal,40,254.58169161645006,1338.200709,19.02417850358874
40031,Comanche,40,344.6431228563611,2769.447439,12.444472424463337
40033,Cotton,40,634.7284933520498,1638.56673,38.73681075851271
40035,Craig,40,1557.1736156194736,1971.897019,78.96830314237995
40037,Creek,40,278.0394667168342,2460.92601,11.298164414005859
40039,Custer,40,859.5320799126177,2561.032751,33.56193237189171
40041,Delaware,40,827.1251136968036,1911.751868,43.26529648233635
40043,Dewey,40,518.6552350216357,2588.653262,20.035716742570663
40045,Ellis,40,303.02511934896245,3189.60614,9.500393028117335
40047,Garfield,40,1502.5644755145354,2741.479095,54.80853303805826
40049,Garvin,40,247.92642022546102,2077.333869,11.934837433946493
40051,Grady,40,483.4197976045374,2850.30818,16.960264191661455
40055,Greer,40,508.356282822458,1655.84299,30.70075399011461
40057,Harmon,40,458.0185393105544,1391.326399,32.91956076156896
40059,Harper,40,458.1068134663723,2691.041192,17.023403983121646
40061,Haskell,40,781.0214500675362,1493.196083,52.30535084838795
40063,Hughes,40,452.80301706403986,2084.031905,21.727259356139268
40069,Johnston,40,254.2169269509859,1665.21204,15.266339711967607
40071,Kay,40,1132.9471324286194,2381.847043,47.565906289332595
40073,Kingfisher,40,1206.6815778384118,2325.960388,51.87885331426426
40075,Kiowa,40,1172.3488862842114,2629.209769,44.5894009716123
40077,Latimer,40,416.5967750372552,1870.096895,22.276748127388085
40079,Le Flore,40,1209.0390156505746,4116.222818,29.372535674296305
40083,Logan,40,290.0289945100903,1926.521241,15.054544343333834
40085,Love,40,159.60746816636583,1331.240595,11.989378085812191
40087,McClain,40,167.65356395445485,1478.13405,11.342243550539603
40089,McCurtain,40,1014.2403847139232,4793.134961,21.160271783841456
40091,McIntosh,40,592.9885491274421,1601.897956,37.01787288674473
40093,Major,40,778.4709754825294,2473.407982,31.47361782398135
40095,Marshall,40,91.34734271397896,962.33502,9.492260056583929
40097,Mayes,40,979.6829035210756,1697.43214,57.71558582136165
40099,Murray,40,75.04961746488085,1078.284001,6.960097469245568
40101,Muskogee,40,1254.0569507256507,2098.872174,59.749086497997034
40103,Noble,40,576.4713583662314,1895.576674,30.41139755902226
40105,Nowata,40,866.33231228398,1465.358446,59.12084614169412
40107,Okfuskee,40,338.5601202082725,1602.086603,21.13244811948986
40109,Oklahoma,40,67.54883137270602,1835.8456,3.6794396747039086
40111,Okmulgee,40,777.5355571448546,1806.123426,43.04996801170191
40113,Osage,40,475.7760442022643,5818.542002,8.176894556037
40115,Ottawa,40,776.2390113971352,1219.467497,63.65393200776184
40117,Pawnee,40,123.46913306047315,1471.527628,8.39054127908451
40119,Payne,40,130.5387543663196,1773.393751,7.360957164347175
40121,Pittsburg,40,698.3013222617425,3381.125454,20.65292553506482
40123,Pontotoc,40,229.04155417120532,1865.885645,12.275219265712574
40125,Pottawatomie,40,164.54012291485685,2040.060544,8.06545292975662
40127,Pushmataha,40,470.2519633271598,3615.212653,13.007587892151575
40129,Roger Mills,40,294.57009645281386,2955.516642,9.966788623916463
40131,Rogers,40,983.6896103342744,1749.846748,56.21575783471265
40133,Seminole,40,221.56912130457806,1639.040844,13.518218421198664
40135,Sequoyah,40,656.9443914171167,1743.779418,37.6735947583662
40137,Stephens,40,152.88032356670735,2253.930694,6.782831609404727
40139,Texas,40,2128.620290909707,5286.926132,40.26196390424066
40141,Tillman,40,1242.9790957059765,2256.226758,55.091053738224325
40143,Tulsa,40,405.54958713202046,1477.122998,27.455370181164866
40145,Wagoner,40,829.056968295219,1454.465392,57.0008040655545
40149,Washita,40,1323.384520802828,2598.189854,50.934866009326974
40151,Woods,40,757.2112426371408,3331.90009,22.726108892332988
40153,Woodward,40,431.81658676339725,3217.798484,13.419628013082168
41001,Baker,41,511.26919083852545,7945.996793,6.434298982966195
41003,Benton,41,453.3141417937563,1748.712549,25.922736246902538
41005,Clackamas,41,650.8492490316145,4845.034547,13.433325247074125
41007,Clatsop,41,40.3968306111321,2144.880465,1.8834070835333054
41009,Columbia,41,140.3163970187002,1704.508134,8.23207553075251
41011,Coos,41,146.31162838116384,4133.714965,3.5394706606521873
41013,Crook,41,240.5597684711111,7715.303368,3.117956054312226
41015,Curry,41,53.63222619086149,4217.488409,1.2716626814293512
41017,Deschutes,41,172.08045563336876,7815.545146,2.201771628450507
41019,Douglas,41,863.9953517880377,13042.266635,6.624579729641739
41021,Gilliam,41,837.9438719585013,3120.213943,26.855333873447194
41025,Harney,41,672.3703410942671,26248.072891,2.561598879606933
41027,Hood River,41,79.20736633975231,1352.203431,5.857651631690936
41033,Josephine,41,101.38896578165931,4244.083284,2.3889485431139175
41035,Klamath,41,911.8856012393245,15391.639803,5.924551333780485
41037,Lake,41,507.3799800416157,21078.876003,2.407054246959867
41039,Lane,41,791.4456252468548,11801.553916,6.706283179995895
41043,Linn,41,1394.876413666407,5923.636964,23.547635044881304
41045,Malheur,41,935.4860084496885,25609.052016,3.6529505577372263
41049,Morrow,41,1570.9739237008157,5259.046542,29.87183914716562
41051,Multnomah,41,100.82782590538568,1116.558776,9.03023003111353
41053,Polk,41,681.1091601377052,1918.983329,35.493229662012624
41055,Sherman,41,929.287422912667,2133.151636,43.56405832710652
41057,Tillamook,41,89.48182929728286,2855.122951,3.1340797168101666
41059,Umatilla,41,2378.7806633911073,8327.974442,28.56373635579785
41063,Wallowa,41,285.4965109134608,8147.83537,3.5039553200184606
41065,Wasco,41,559.7672232704559,6167.110934,9.076652410845963
41069,Wheeler,41,31.421444967783014,4444.47502,0.7069776481223876
41071,Yamhill,41,705.1666623963185,1854.169188,38.03140872796763
42003,Allegheny,42,98.11602002189247,1890.994754,5.188592925197109
42007,Beaver,42,200.57934994780055,1125.904407,17.81495380076264
42019,Butler,42,523.6922601365742,2042.451298,25.64037931525622
42039,Crawford,42,782.3921752247174,2621.849834,29.841227559210303
42049,Erie,42,618.1667170638608,2069.61835,29.868633367299857
42059,Greene,42,294.4921195393303,1491.700989,19.742034208662062
42073,Lawrence,42,345.5016065132246,927.682843,37.24350505350724
42085,Mercer,42,612.7546279386374,1741.979899,35.175757670360895
42121,Venango,42,223.98697648214707,1746.387665,12.825730562071227
45001,Abbeville,45,267.87887825326624,1272.789832,21.046591630319234
45003,Aiken,45,445.47744003235226,2772.864465,16.06560456363136
45005,Allendale,45,213.67021095855256,1056.949844,20.21573797200471
45007,Anderson,45,612.6015822011702,1848.867555,33.13388136129471
45009,Bamberg,45,223.64233627171816,1018.815107,21.951219091190623
45011,Barnwell,45,222.38058010812583,1420.294947,15.657352057602289
45013,Beaufort,45,45.45085482409668,1492.286911,3.04571825223874
45015,Berkeley,45,99.08174631062465,2858.329048,3.466421977551993
45017,Calhoun,45,269.6613505791575,987.179244,27.316351333168576
45019,Charleston,45,83.73458580984317,2377.399079,3.5221089529934644
45021,Cherokee,45,244.20174911121418,1018.732778,23.97112907180986
45023,Chester,45,221.55725151529256,1503.893314,14.732245263196413
45025,Chesterfield,45,350.1405823878315,2069.282668,16.920867690166702
45027,Clarendon,45,475.2067547233332,1572.019539,30.229061594592128
45029,Colleton,45,204.79455903678289,2736.2711,7.484439646231796
45031,Darlington,45,507.00395413358194,1452.042167,34.91661369456511
45035,Dorchester,45,151.63612747855967,1472.65145,10.296810387723427
45037,Edgefield,45,167.40986325827777,1296.963602,12.9078304896237
45039,Fairfield,45,96.96116366261847,1777.452219,5.4550644245823445
45041,Florence,45,530.7619472697133,2073.312316,25.599710336631862
45043,Georgetown,45,58.95852660908012,2107.953074,2.7969563144592144
45045,Greenville,45,285.30426369026765,2033.302113,14.031572675116166
45047,Greenwood,45,171.05510033652126,1177.732248,14.524107718626489
45049,Hampton,45,231.61360888879682,1450.327708,15.969743087111786
45053,Jasper,45,58.282469211541624,1696.861195,3.434722261507172
45055,Kershaw,45,161.9018778824767,1881.55207,8.604698241621168
45057,Lancaster,45,221.20717052648857,1422.080325,15.555181141155902
45059,Laurens,45,367.12626352759827,1848.622859,19.859446275926324
45061,Lee,45,404.75616740778395,1062.372377,38.09927443245109
45063,Lexington,45,291.9331004021345,1810.376222,16.12554875912055
45065,McCormick,45,45.635648674831494,930.140101,4.906319878668633
45069,Marlboro,45,331.51113853071024,1242.867246,26.673093172069176
45071,Newberry,45,265.21554017028404,1631.796861,16.252975263584847
45073,Oconee,45,236.02163799243786,1622.483093,14.546939749987143
45075,Orangeburg,45,751.9879598352521,2865.402225,26.243713823990355
45077,Pickens,45,189.59437353455644,1287.006199,14.731426599333455
45079,Richland,45,154.50372770320706,1961.443756,7.877040941428201
45081,Saluda,45,299.45455176350674,1172.999243,25.528963769630224
45083,Spartanburg,45,485.4822273172368,2092.047951,23.206075514912364
45085,Sumter,45,420.09701938086073,1722.537271,24.38826877382909
45089,Williamsburg,45,459.70791113730513,2419.477548,19.000296635003334
45091,York,45,354.885195419722,1762.934237,20.130370604386986
46003,Aurora,46,1626.3775977978662,1834.902866,88.63562360351483
46005,Beadle,46,2868.0359221825124,3260.040832,87.97546012400718
46007,Bennett,46,638.5102220634312,3068.207885,20.810526730767176
46009,Bon Homme,46,1178.455902046009,1459.586265,80.73903751389501
46011,Brookings,46,1617.9033813850333,2051.808172,78.85256543295576
46013,Brown,46,3710.817632661422,4436.728163,83.63860701693889
46015,Brule,46,1617.8542062264562,2116.643979,76.43487626061729
46017,Buffalo,46,338.95534561385074,1220.933807,27.761975601831352
46019,Butte,46,462.12576685134917,5827.51821,7.9300613090894005
46021,Campbell,46,879.7888963280133,1900.214169,46.29945985462302
46023,Charles Mix,46,2025.8390433727795,2842.481185,71.2700950867606
46025,Clark,46,1775.5563984588798,2480.181887,71.58976556378987
46029,Codington,46,1228.4114604496826,1780.837054,68.97944186923252
46031,Corson,46,1177.5878751867529,6396.478454,18.409940464199565
46033,Custer,46,99.28013168198288,4032.473517,2.462015714757709
46035,Davison,46,983.6050729585816,1128.284964,87.17700796716294
46037,Day,46,1557.1362315690135,2663.788635,58.45569768973107
46039,Deuel,46,1184.4485615466274,1612.886139,73.43658878989395
46041,Dewey,46,692.8680987659069,5963.417222,11.618642013002306
46043,Douglas,46,1001.2359256224488,1118.358766,89.52725691090517
46045,Edmunds,46,2094.862632326543,2916.276415,71.83347303950757
46047,Fall River,46,208.04474761899752,4506.292267,4.6167610818882885
46049,Faulk,46,1928.3453894869772,2542.569585,75.8423840536493
46053,Gregory,46,692.633529026294,2628.707516,26.348824462610693
46055,Haakon,46,1089.1662398148203,4689.282658,23.22671332163531
46057,Hamlin,46,1078.364306624596,1313.733694,82.08393463223423
46059,Hand,46,2669.0410469086287,3720.905364,71.73095754414432
46061,Hanson,46,977.9276539692746,1125.574384,86.88254351471404
46063,Harding,46,562.9622554997406,6919.333215,8.136076671077628
46065,Hughes,46,1010.0426388937328,1920.546204,52.59142616772644
46067,Hutchinson,46,1835.0688274281695,2105.694681,87.14790629364607
46069,Hyde,46,1041.4390801781578,2229.019815,46.721840387863836
46073,Jerauld,46,848.7016743301289,1362.677262,62.2819282303493
46075,Jones,46,571.477742457958,2511.438723,22.75499446688901
46077,Kingsbury,46,1837.3461873780614,2155.483593,85.24055545330523
46079,Lake,46,1249.6198299969046,1457.881925,85.7147488125216
46081,Lawrence,46,92.41850223095273,2072.127355,4.460078286595117
46085,Lyman,46,1297.8088496372625,4253.139884,30.51413508686898
46087,McCook,46,1318.6780931174953,1487.184889,88.66941177732039
46089,McPherson,46,1389.901837568153,2943.892839,47.21305813700351
46091,Marshall,46,1281.1143517552669,2170.724168,59.01783241928999
46093,Meade,46,1200.3772423422663,8989.706529,13.352796762274222
46095,Mellette,46,367.0859426644885,3385.95722,10.8414229363621
46097,Miner,46,1341.2622405253703,1476.734087,90.82625317129084
46099,Minnehaha,46,1676.0906652133851,2089.69173,80.20755603092638
46101,Moody,46,1212.5715717769115,1345.196857,90.14082700736725
46102,Oglala Lakota,46,273.278455518155,5422.402157,5.0398042713480535
46103,Pennington,46,821.1354751248098,7191.808283,11.417649676032246
46105,Perkins,46,1361.066448199651,7434.50323,18.307429643818327
46107,Potter,46,1376.3448452389168,2230.336531,61.71018705512639
46109,Roberts,46,1919.6220829309461,2851.702814,67.31494156778379
46111,Sanborn,46,1252.2488018734552,1474.346384,84.93586144092006
46115,Spink,46,3543.2658535305563,3894.132587,90.98986165389535
46117,Stanley,46,859.5469256436215,3741.060735,22.97602168288833
46119,Sully,46,1857.285381490377,2607.401993,71.2312633984543
46121,Todd,46,274.22912759146243,3596.445663,7.6250040536609225
46123,Tripp,46,1319.9403347060884,4176.247347,31.605894599472542
46125,Turner,46,1447.7222807834214,1598.188434,90.58520572320833
46129,Walworth,46,883.9196691961143,1835.374266,48.160186484608495
46135,Yankton,46,1041.913561725199,1349.87359,77.18600981927493
46137,Ziebach,46,603.3072237569534,5079.588993,11.877087390108716
47001,Anderson,47,108.80075527101309,873.352572,12.457827315016264
47003,Bedford,47,714.6028421050546,1226.719775,58.25314441556586
47005,Benton,47,188.56681785937957,1021.248372,18.464344524740117
47007,Bledsoe,47,269.7248795685386,1052.635795,25.623760929442703
47009,Blount,47,346.38625742370795,1447.329095,23.932791693357615
47011,Bradley,47,268.25863573256385,851.489146,31.504645360748246
47013,Campbell,47,99.05895175126162,1243.61577,7.965398488896745
47015,Cannon,47,242.2076474055937,687.99243,35.20498727080379
47017,Carroll,47,570.7551713869962,1547.925982,36.872252163475615
47019,Carter,47,93.57316427954318,883.854964,10.586936555299266
47021,Cheatham,47,170.07920835738543,783.392123,21.71060996963655
47023,Chester,47,242.18183935428922,740.05345,32.72491187687717
47025,Claiborne,47,267.4875028364976,1125.609177,23.763799043413236
47029,Cocke,47,199.84653770998682,1128.782873,17.7046040022603
47031,Coffee,47,483.62888709011906,1111.013493,43.530424260123645
47033,Crockett,47,534.2966047756405,687.766536,77.68575189526821
47035,Cumberland,47,283.0278842275812,1763.849845,16.046030507068544
47037,Davidson,47,141.25207381134558,1304.032668,10.831942885908251
47039,Decatur,47,206.8044989153337,864.738982,23.915251101208447
47041,DeKalb,47,239.6693276906454,788.354548,30.40121076217162
47043,Dickson,47,352.41719115743604,1268.830627,27.774959372685128
47045,Dyer,47,955.7137480793326,1326.943233,72.02371015665993
47047,Fayette,47,942.3967673322754,1825.359412,51.628011510331284
47049,Fentress,47,209.84075695955428,1291.397315,16.24912445784002
47053,Gibson,47,1076.1162576275215,1561.102692,68.93308576957611
47055,Giles,47,695.6177338292756,1582.304828,43.9623087485944
47057,Grainger,47,233.36609220408553,726.715762,32.11243025221263
47059,Greene,47,755.689871477233,1611.409743,46.89619600228724
47061,Grundy,47,121.77454872095757,933.548206,13.044270016085015
47063,Hamblen,47,168.33179492577787,417.47729,40.321186075960654
47065,Hamilton,47,155.93941221770424,1404.654388,11.101621405941476
47067,Hancock,47,118.63125519892276,575.816107,20.602281484794023
47069,Hardeman,47,506.5361989548661,1729.448606,29.288884167909533
47071,Hardin,47,369.92588914055256,1495.273049,24.73968813842726
47073,Hawkins,47,365.4537429578639,1261.465148,28.970577866322778
47075,Haywood,47,881.7165055509628,1380.741546,63.85818606713836
47077,Henderson,47,469.8113072419478,1346.816747,34.88309068686891
47079,Henry,47,598.4340405329095,1455.159717,41.124972986928114
47081,Hickman,47,282.5229063680621,1586.324709,17.80990390965801
47083,Houston,47,92.2221454530022,518.758194,17.77748217178083
47085,Humphreys,47,242.86190529048406,1374.668729,17.666940417503604
47091,Johnson,47,114.37076588465408,772.956183,14.796539364075969
47093,Knox,47,263.078608621834,1316.572232,19.982086985245942
47095,Lake,47,311.3264455173002,429.381244,72.50583248980949
47097,Lauderdale,47,713.4664202390027,1222.389174,58.366552601602365
47099,Lawrence,47,707.706794817286,1598.348832,44.27736803434446
47101,Lewis,47,89.66226354192467,730.614735,12.27216742924363
47105,Loudon,47,247.81875504102354,593.811785,41.733552836278506
47107,McMinn,47,407.12065548258863,1113.997274,36.54592923919387
47109,McNairy,47,405.7020542671801,1457.753398,27.830636843226902
47111,Macon,47,305.83775914682957,795.49835,38.446058266095655
47117,Marshall,47,453.84463329247757,972.44232,46.67059669847334
47119,Maury,47,654.4164544288504,1588.021132,41.20955579505792
47121,Meigs,47,153.46172023184315,505.397666,30.3645486625265
47127,Moore,47,120.5168941173378,334.684859,36.00906670156172
47129,Morgan,47,126.13615259751812,1352.43968,9.326564020771567
47131,Obion,47,902.6936347556365,1411.154087,63.96846687909826
47133,Overton,47,316.03450846478296,1122.721526,28.148966697979116
47135,Perry,47,109.35441497575708,1074.18595,10.180212743962727
47137,Pickett,47,93.59907698102428,422.113134,22.17393145152036
47139,Polk,47,131.68030841392013,1125.61697,11.698500637736487
47141,Putnam,47,253.3750772143153,1038.860582,24.389709418613336
47143,Rhea,47,187.98053002762595,816.838007,23.01319581320926
47145,Roane,47,160.22014279510333,934.286859,17.148923936123065
47147,Robertson,47,765.3049934130723,1233.648261,62.03591555284269
47149,Rutherford,47,578.5034822488774,1603.845509,36.069775985442334
47151,Scott,47,71.24036738281035,1378.652161,5.16739242849599
47153,Sequatchie,47,79.17643716215916,688.550851,11.498996340962936
47155,Sevier,47,209.29987977267538,1534.536725,13.639287764369106
47157,Shelby,47,500.22517426318643,1977.649595,25.293923429503522
47159,Smith,47,295.7025493242711,814.02054,36.32617787805098
47161,Stewart,47,135.9747559597501,1190.814527,11.418634294150669
47163,Sullivan,47,257.2151886152705,1070.695045,24.023197811219024
47165,Sumner,47,576.3569750328724,1371.149049,42.03459685533227
47167,Tipton,47,761.3016104351469,1187.261392,64.1224936281889
47169,Trousdale,47,146.36654094930682,296.143584,49.42418099097052
47171,Unicoi,47,20.380033729644417,481.90294,4.22907437120936
47175,Van Buren,47,100.73868295938122,708.142417,14.2257659675513
47177,Warren,47,550.6800100501522,1120.619143,49.14069275810615
47183,Weakley,47,853.6393394844525,1503.107891,56.791621186722416
47185,White,47,356.7644414977898,975.592113,36.569016574018754
47187,Williamson,47,478.3035845379793,1509.616958,31.68377130392432
47189,Wilson,47,604.7834579977128,1479.119593,40.88807023177016
48001,Anderson,48,1005.8962038324396,2752.198848,36.54882003033378
48003,Andrews,48,109.50673745345874,3886.850264,2.817364447190311
48005,Angelina,48,311.6821046948943,2066.24567,15.084464989823516
48007,Aransas,48,53.7653368557318,652.804638,8.23605313535346
48009,Archer,48,365.03499211627684,2339.507619,15.603069173688246
48011,Armstrong,48,478.8577907752862,2354.581675,20.337276717117327
48013,Atascosa,48,1032.3516542947439,3158.596637,32.68387112813683
48015,Austin,48,1277.9031699895959,1674.405805,76.31980050317587
48017,Bailey,48,886.4790189485835,2141.847188,41.38852780512106
48019,Bandera,48,5.380253955242321,2048.666855,0.2626221995104383
48021,Bastrop,48,1043.3467712623656,2300.370292,45.35560100436063
48023,Baylor,48,557.9161627501944,2246.764578,24.831981428460743
48025,Bee,48,858.6655670348828,2279.809496,37.66391746948329
48027,Bell,48,750.4848737681195,2722.825522,27.56272363779171
48029,Bexar,48,428.6672903141573,3212.140683,13.345221539730343
48031,Blanco,48,3.387709777409573,1836.948539,0.18442050528284137
48033,Borden,48,232.45006439389837,2324.366073,10.000578957594273
48035,Bosque,48,115.54364675104671,2545.908079,4.538406068314562
48037,Bowie,48,873.8334594009374,2292.143504,38.12298217262655
48039,Brazoria,48,1593.3241112973608,3528.352491,45.15773623416473
48041,Brazos,48,848.3076019983267,1516.47239,55.93953490958887
48043,Brewster,48,0.902586359100222,16015.869871,0.005635575003856261
48045,Briscoe,48,451.8038826068318,2330.991073,19.382480175068086
48047,Brooks,48,404.26808314608445,2443.277013,16.54614196405426
48049,Brown,48,175.1783987231804,2446.12025,7.161479437618834
48051,Burleson,48,1171.9835478202388,1706.888864,68.66197164552119
48053,Burnet,48,14.44885782433053,2575.134223,0.5610914450702995
48055,Caldwell,48,726.6824342156215,1412.150551,51.45927491236885
48057,Calhoun,48,589.4248956193098,1312.707008,44.901481596974136
48059,Callahan,48,210.21635248452264,2329.363242,9.02462736142561
48061,Cameron,48,1179.499186056754,2307.806796,51.1090957917759
48063,Camp,48,218.3605598008825,507.240881,43.04869106180787
48065,Carson,48,1007.2967665526264,2383.397225,42.263067019918445
48067,Cass,48,412.5789065873028,2426.706492,17.001598996311696
48069,Castro,48,1609.7549157289436,2316.600393,69.48781156185116
48071,Chambers,48,711.7125085528646,1546.618334,46.01733297135896
48073,Cherokee,48,836.2625313706097,2727.141729,30.664432379070156
48075,Childress,48,422.21910837388174,1803.954628,23.405195553171183
48079,Cochran,48,883.7549007124119,2007.453829,44.023672571968866
48081,Coke,48,77.16645547154253,2361.124368,3.268207999433198
48083,Coleman,48,343.9435184922038,3270.933224,10.515149498270642
48085,Collin,48,330.55245301678457,2178.8945,15.170649749989481
48087,Collingsworth,48,493.7625602779082,2378.749928,20.75722859582187
48089,Colorado,48,1667.0762055097086,2487.123834,67.0282750991364
48091,Comal,48,22.961284162886553,1449.129706,1.5844878528000137
48093,Comanche,48,337.31370226436866,2428.768917,13.888258364283434
48095,Concho,48,380.9864104207189,2547.914009,14.952875531707903
48097,Cooke,48,347.80608102484155,2265.746282,15.350619078047396
48099,Coryell,48,185.5860846617884,2725.181907,6.810043916154196
48101,Cottle,48,293.4868113746272,2332.448738,12.582776486924327
48103,Crane,48,0.008405202758789063,2033.3197,0.0004133733991161873
48105,Crockett,48,1.3288906679934036,7270.935062,0.018276750605827424
48107,Crosby,48,1196.274332401156,2331.503433,51.30913879298397
48109,Culberson,48,36.668725843310305,9873.439558,0.37138755575405635
48111,Dallam,48,1537.63703762099,3893.095082,39.49651897099466
48113,Dallas,48,142.10276740674115,2258.614866,6.29158913039498
48115,Dawson,48,1560.346266895606,2331.78156,66.91648538877742
48117,Deaf Smith,48,1850.9690696763273,3876.750541,47.74537464045529
48119,Delta,48,468.44326512684796,665.192127,70.42225037141006
48121,Denton,48,339.40286408408133,2275.564887,14.915103762720406
48123,DeWitt,48,1309.8387055038402,2354.237927,55.637482111800175
48125,Dickens,48,235.29480744589273,2335.454676,10.074903609300133
48127,Dimmit,48,80.35732411224387,3441.795368,2.3347501963470556
48129,Donley,48,209.04753401749983,2400.676101,8.707860836804317
48131,Duval,48,485.35961837684016,4645.083897,10.448888096301271
48133,Eastland,48,302.24572093541076,2399.637922,12.595471932011364
48135,Ector,48,1.298156500671626,2325.320265,0.05582699812198239
48137,Edwards,48,0.6657748314208984,5485.259733,0.01213752609407928
48139,Ellis,48,903.064911569872,2423.349113,37.2651594739446
48141,El Paso,48,133.23118181942212,2624.139561,5.077137809265402
48143,Erath,48,210.91121780663582,2805.417369,7.517997861466716
48145,Falls,48,1484.0071260989623,1982.545004,74.85364130977187
48147,Fannin,48,906.7622305717421,2307.250914,39.300547030653036
48149,Fayette,48,1685.3904906351408,2460.152118,68.50757228806211
48151,Fisher,48,792.8701390118001,2328.272101,34.05401536492492
48153,Floyd,48,1536.9863062770826,2569.637284,59.81335637707391
48155,Foard,48,388.4390805630478,1824.378631,21.291582457865776
48157,Fort Bend,48,1233.3280588537255,2231.486504,55.269348779074015
48161,Freestone,48,1225.0599498074168,2273.311881,53.88877610882539
48163,Frio,48,575.0209067865985,2935.753507,19.586825168241162
48165,Gaines,48,1979.1545743136041,3891.105257,50.86355787351563
48167,Galveston,48,192.64646789208643,981.441986,19.628920571988495
48169,Garza,48,258.1192969394418,2313.930833,11.15501350594786
48171,Gillespie,48,73.16596468203866,2740.719114,2.6695900469441054
48173,Glasscock,48,354.44652123847555,2331.552975,15.202164610412748
48175,Goliad,48,1055.6514115233676,2206.698607,47.83849539645663
48177,Gonzales,48,1392.752135681147,2762.704863,50.41262837496033
48179,Gray,48,502.36102198986737,2398.261664,20.946881215287917
48181,Grayson,48,580.9972709180395,2416.020062,24.047700598855354
48183,Gregg,48,129.71671247259854,708.052198,18.320218882026342
48185,Grimes,48,1309.7945827529052,2039.530033,64.22041164190618
48187,Guadalupe,48,795.8603967340254,1842.135335,43.20314482942294
48189,Hale,48,1961.4091453155988,2602.109438,75.37765770617057
48191,Hall,48,529.8302198564878,2288.233616,23.154551010515696
48193,Hamilton,48,131.3200056248796,2165.008734,6.065564704778674
48195,Hansford,48,1260.5854596209103,2382.296648,52.9147140713649
48197,Hardeman,48,457.122564158481,1800.337391,25.39093874535215
48199,Hardin,48,125.62942349007041,2306.61069,5.446494461970538
48201,Harris,48,551.5668468514954,4416.454882,12.48890482498753
48203,Harrison,48,481.74053274041245,2330.874187,20.667805041869144
48205,Hartley,48,1348.643002546118,3786.43551,35.617746531912225
48207,Haskell,48,1236.864894267085,2339.103809,52.87772562757112
48209,Hays,48,69.74653429843366,1755.97879,3.9719462840683666
48211,Hemphill,48,72.56720330925148,2347.270019,3.091557542245057
48213,Henderson,48,1180.6878935382522,2263.061592,52.172150228346595
48215,Hidalgo,48,1900.441997421917,4068.610451,46.70985389999228
48217,Hill,48,985.9957257183554,2483.423943,39.70307721714494
48219,Hockley,48,1461.1630000747666,2352.723904,62.105162343552514
48221,Hood,48,40.17031438601673,1089.617912,3.6866422572187605
48223,Hopkins,48,1375.2352627911876,1987.276095,69.20202312357546
48225,Houston,48,1350.7110991181085,3188.288232,42.36477384827949
48227,Howard,48,641.5960979038117,2333.039137,27.500442994232195
48229,Hudspeth,48,165.98546508524794,11837.605503,1.4021878414784332
48231,Hunt,48,978.4454702587735,2176.470568,44.95560310553088
48233,Hutchinson,48,441.0680323737607,2298.408152,19.190152627589562
48235,Irion,48,12.528598541178388,2723.485996,0.4600206705516098
48237,Jack,48,46.420277368046065,2359.323246,1.9675251132606382
48241,Jasper,48,175.583671625456,2431.10537,7.2223801482309264
48243,Jeff Davis,48,0.7349382842567593,5865.17223,0.012530549068918975
48247,Jim Hogg,48,131.7403644812445,2942.674729,4.476891828476518
48249,Jim Wells,48,971.7305330621866,2240.779987,43.365727054852826
48251,Johnson,48,353.066574611743,1877.223473,18.807913905290434
48253,Jones,48,1158.7731306084245,2404.985708,48.18212128054876
48255,Karnes,48,860.3271378960894,1936.008329,44.438194041265895
48257,Kaufman,48,1187.0203615947287,2021.939947,58.70700380374495
48259,Kendall,48,7.027700731143727,1715.747625,0.4095999101933029
48261,Kenedy,48,160.9354137569216,3777.375654,4.260508577866786
48263,Kent,48,100.07848779603292,2337.482036,4.281465536620403
48265,Kerr,48,8.775604521541343,2857.601859,0.3070968229497272
48267,Kimble,48,4.138912300842285,3240.03598,0.12774278824034185
48269,King,48,73.54666767277256,2359.148814,3.117508621597813
48271,Kinney,48,23.977346034066233,3522.52563,0.6806862050870651
48273,Kleberg,48,1069.2998010920703,2282.572438,46.84625921572046
48275,Knox,48,808.3529121770024,2203.109026,36.69146204918696
48277,Lamar,48,1499.6211719950954,2349.588921,63.824831594662406
48279,Lamb,48,1599.0500421268132,2631.897582,60.75654512785722
48281,Lampasas,48,41.181219910720884,1846.250642,2.2305324625972904
48283,La Salle,48,220.6580882985893,3850.545736,5.730566611262017
48285,Lavaca,48,1640.4436268214843,2511.535251,65.31636878950118
48287,Lee,48,1142.2609906393136,1629.205077,70.11155358923017
48289,Leon,48,1402.1833888961855,2779.462025,50.4480139064388
48291,Liberty,48,899.7132200806107,3000.204407,29.988397389905263
48293,Limestone,48,1443.3635471721511,2345.053182,61.549288444757806
48295,Lipscomb,48,275.6310760290784,2414.350766,11.416364179995806
48297,Live Oak,48,654.0496601726464,2692.796898,24.288859685571666
48299,Llano,48,11.164327241259288,2419.18349,0.46149154404403153
48301,Loving,48,0.0022841953125,1732.230057,0.0001318644312439615
48303,Lubbock,48,1533.8130529147402,2319.602816,66.12395201173699
48305,Lynn,48,1664.8284002902408,2309.92485,72.07283822632762
48307,McCulloch,48,243.76704183732622,2759.893537,8.83247989711591
48309,McLennan,48,1035.9036365407276,2686.132776,38.564870872962665
48311,McMullen,48,172.04032405410916,2952.065878,5.827794201214271
48317,Martin,48,825.9519409190716,2369.72459,34.854343175764214
48319,Mason,48,22.260456918918255,2405.674101,0.9253313617860767
48321,Matagorda,48,1861.2905225225368,2830.586734,65.7563500939709
48323,Maverick,48,36.98474887779062,3313.817728,1.1160767402892784
48325,Medina,48,494.2573880035777,3432.66342,14.398655723827934
48327,Menard,48,13.44830769516793,2336.237985,0.575639458887059
48329,Midland,48,83.52039289631972,2331.647563,3.582033332209895
48331,Milam,48,1782.9953265883867,2633.798227,67.696731978565
48333,Mills,48,72.17669222500264,1937.867068,3.724542999716359
48335,Mitchell,48,439.4536969377093,2359.710929,18.623200474981118
48337,Montague,48,88.28918101944365,2411.034605,3.661879461885353
48341,Moore,48,978.0153415052915,2330.207187,41.971175222595846
48343,Morris,48,251.1552238402557,652.6492,38.48242269204585
48345,Motley,48,176.2412684944298,2562.963901,6.87646316148523
48347,Nacogdoches,48,585.5932227162143,2451.572357,23.886434395630374
48349,Navarro,48,1554.100975151753,2614.93541,59.43171556775672
48351,Newton,48,79.01135215486006,2418.212542,3.2673452305194464
48353,Nolan,48,357.1291447097956,2362.061743,15.119382284064011
48355,Nueces,48,1440.070720959661,2171.227881,66.32517634659376
48357,Ochiltree,48,1247.403103434086,2376.792056,52.482635167225844
48359,Oldham,48,276.5031858290772,3886.337113,7.114750413806348
48361,Orange,48,123.60370368973484,864.489137,14.297889747773064
48363,Palo Pinto,48,57.49531626608193,2467.090684,2.3304905911631226
48365,Panola,48,549.8661892700019,2101.400911,26.166648467299627
48367,Parker,48,57.01674291341099,2340.006541,2.4366061339745198
48369,Parmer,48,1702.3785440118484,2281.312144,74.62278007370519
48371,Pecos,48,114.82413939295152,12338.274958,0.9306336565185787
48373,Polk,48,259.3668763677873,2737.732841,9.473783288257208
48375,Potter,48,96.15733920093251,2352.718728,4.0870733104026415
48377,Presidio,48,5.126262063215907,9985.057438,0.05133933475141524
48379,Rains,48,377.608586341735,594.280569,63.54045648457589
48381,Randall,48,723.7516428724172,2361.876733,30.64307432984129
48383,Reagan,48,163.19346986876482,3044.049119,5.361065590241707
48385,Real,48,0.19160073022460936,1810.812871,0.010580923810133959
48387,Red River,48,1377.8981460377222,2703.626782,50.96480606019245
48389,Reeves,48,76.4839914763696,6825.534331,1.1205568350743909
48391,Refugio,48,1065.2071942875784,1995.545559,53.37924706772271
48393,Roberts,48,103.9499216012152,2393.298464,4.343374767703657
48395,Robertson,48,1465.0952882607926,2214.719307,66.15263991378536
48397,Rockwall,48,62.260189712944246,329.213365,18.91180502740047
48399,Runnels,48,869.4527754273959,2722.259321,31.938646282530105
48401,Rusk,48,788.9562680920291,2393.244484,32.9659703956944
48403,Sabine,48,83.58936057582267,1273.503789,6.563730810841165
48405,San Augustine,48,153.37023730602235,1374.395182,11.159107607088682
48407,San Jacinto,48,225.68416755493902,1474.33226,15.307551335472985
48409,San Patricio,48,1192.4623725211266,1795.990945,66.39578979175346
48411,San Saba,48,125.51704392586456,2940.447164,4.268637963047738
48413,Schleicher,48,84.37138396574612,3394.54607,2.4854982735805415
48415,Scurry,48,523.1163490974919,2345.090483,22.306872715132332
48417,Shackelford,48,126.8028935288811,2367.989254,5.354876223136826
48419,Shelby,48,472.22116939256944,2060.566173,22.917059184032787
48421,Sherman,48,1293.6694455097916,2390.651137,54.11368582758596
48423,Smith,48,849.9302150598419,2386.603414,35.612545011629734
48425,Somervell,48,9.902026462472712,482.938555,2.0503698368983425
48427,Starr,48,664.1073999823382,3168.019238,20.96285881147601
48429,Stephens,48,77.36197075723854,2322.497227,3.33098226589351
48431,Sterling,48,15.788510827331544,2391.72277,0.6601313089197016
48433,Stonewall,48,219.77733380713468,2373.2387,9.260650174259112
48435,Sutton,48,1.4645133646850585,3765.674778,0.03889112711594497
48437,Swisher,48,1266.3004116417128,2305.502704,54.92513235593728
48439,Tarrant,48,29.867399766874428,2236.833515,1.3352535880111949
48441,Taylor,48,457.5325387266128,2371.228263,19.295170602755793
48443,Terrell,48,0.01712569775390625,6107.235409,0.0002804165323096726
48445,Terry,48,1557.1403171965915,2302.083289,67.64048566952573
48447,Throckmorton,48,308.68659640955025,2363.499444,13.06057410731298
48449,Titus,48,542.8441929548941,1051.683621,51.616682252665235
48451,Tom Green,48,813.5384953497205,3941.965407,20.637890274355733
48453,Travis,48,295.6910257098149,2568.875749,11.51052268000584
48455,Trinity,48,306.4319983081895,1796.924651,17.05313565249707
48457,Tyler,48,153.2083181955868,2394.158698,6.399254916709235
48459,Upshur,48,539.5143231652053,1509.9101,35.73155270404544
48461,Upton,48,37.24283957858479,3215.0106,1.158404876754832
48463,Uvalde,48,442.0227830031367,4019.455749,10.99708046575976
48465,Val Verde,48,2.3238308645668178,8144.863664,0.028531243252579726
48467,Van Zandt,48,1442.6377175878508,2182.235201,66.1082598670743
48469,Victoria,48,1508.3958730937493,2284.644914,66.023208414161
48471,Walker,48,635.5458300162064,2031.124895,31.290337269791888
48473,Waller,48,920.1492793476464,1329.535449,69.2083298748995
48475,Ward,48,1.723231620770623,2164.201063,0.07962437733866981
48479,Webb,48,71.9877696388162,8706.186712,0.8268576360715224
48481,Wharton,48,2359.635709339394,2813.11731,83.87974795617016
48483,Wheeler,48,239.54902227422687,2368.603579,10.113512636646526
48485,Wichita,48,438.99366985229534,1625.459958,27.00735060815908
48487,Wilbarger,48,883.7693601436224,2514.738099,35.14359449578699
48489,Willacy,48,913.5648047939632,1529.62279,59.724842671438175
48491,Williamson,48,902.9724519056402,2896.482213,31.17479706427737
48493,Wilson,48,1138.8902726486867,2081.662854,54.710601693269524
48495,Winkler,48,2.034729183026482,2178.876162,0.0933843427411127
48497,Wise,48,86.59581118371489,2342.369004,3.696932935666309
48499,Wood,48,673.0681129793567,1671.177481,40.27508272649807
48501,Yoakum,48,936.1865188411437,2071.252477,45.19905367582784
48503,Young,48,304.0122625503817,2368.538309,12.83543784768827
48505,Zapata,48,73.80905585509105,2585.876219,2.854315118131764
48507,Zavala,48,304.7164390223231,3360.26888,9.068215964382084
49001,Beaver,49,154.29432034405517,6689.681807,2.306452306634428
49003,Box Elder,49,849.441524184362,14881.01677,5.708222343360494
49005,Cache,49,577.1535110905188,3016.638905,19.132336658985004
49007,Carbon,49,41.230352964135264,3831.067717,1.0762104982164498
49009,Daggett,49,41.78673352344758,1805.185916,2.31481606149688
49011,Davis,49,61.61843633413592,774.500758,7.955891030146148
49013,Duchesne,49,493.5955853602741,8379.502727,5.890511662104195
49015,Emery,49,169.51119223532712,11557.242839,1.4667096174816918
49017,Garfield,49,106.96447112911424,13403.572581,0.7980295587815137
49019,Grand,49,31.75765849576847,9512.36171,0.3338567168065403
49021,Iron,49,316.14107368664077,8537.474421,3.7029812108018114
49023,Juab,49,186.5629399125359,8784.407493,2.123796511730605
49025,Kane,49,14.600084739294433,10333.912578,0.14128322287510678
49027,Millard,49,535.4236494815025,17106.83971,3.129880553966461
49029,Morgan,49,41.77508850567627,1577.739393,2.6477812933505342
49031,Piute,49,83.30888254060227,1964.345863,4.241049608920233
49033,Rich,49,233.94745405464872,2664.700964,8.779501235420755
49035,Salt Lake,49,34.97077050487301,1921.943668,1.8195523150407449
49037,San Juan,49,168.3138164427316,20253.132571,0.8310507811701994
49039,Sanpete,49,361.3988835974224,4117.90147,8.776287782267467
49041,Sevier,49,216.77847571106125,4947.999999,4.381133301432348
49043,Summit,49,99.9115758668201,4844.778489,2.0622527137962634
49045,Tooele,49,128.89287159849448,17979.556881,0.7168856966363991
49047,Uintah,49,365.1728456971948,11609.319533,3.145514641570292
49049,Utah,49,354.149591457572,5189.357942,6.8245358176445485
49051,Wasatch,49,64.65900359227271,3048.467971,2.121032735373053
49057,Weber,49,154.33129312445644,1492.522446,10.34029964092456
50001,Addison,50,676.2057202424692,1984.78036,34.069549148625654
50005,Caledonia,50,210.75994839209608,1680.951719,12.538132178922865
50007,Chittenden,50,256.80074970775604,1389.750172,18.478195209588794
50009,Essex,50,42.78908394225429,1718.717372,2.489593963460229
50013,Grand Isle,50,99.28756992889548,211.881635,46.85992248874966
50015,Lamoille,50,118.62299326580666,1188.468702,9.981162572155531
50017,Orange,50,231.85922122383624,1779.395261,13.030225847265323
50019,Orleans,50,335.7295250306933,1796.346996,18.689569764543045
50021,Rutland,50,275.8889947388603,2408.213829,11.456166865939057
50027,Windsor,50,214.4658699408155,2511.194819,8.540391542629076
51005,Alleghany,51,55.51975039273658,1156.608816,4.800218502980578
51017,Bath,51,85.48551307062964,1370.626056,6.236968332566826
51021,Bland,51,162.91279550632325,926.311269,17.587262614455277
51023,Botetourt,51,233.28932499092562,1401.900412,16.640934191474194
51027,Buchanan,51,7.474323471195715,1302.386948,0.5738942241914816
51035,Carroll,51,349.5728094395951,1229.582124,28.430212396255943
51045,Craig,51,94.47612237007793,849.770458,11.117840292122503
51051,Dickenson,51,25.37553922824947,855.860629,2.964914890161336
51063,Floyd,51,293.4292375171473,986.585627,29.74189259267886
51071,Giles,51,122.26061048662757,925.205279,13.21443070653162
51077,Grayson,51,297.5357463963981,1144.21881,26.003395836186098
51089,Henry,51,122.87632827156817,990.282309,12.408211997208179
51105,Lee,51,250.39893575810478,1127.622401,22.20592066422639
51141,Patrick,51,193.63365887499788,1250.846143,15.480213930275347
51155,Pulaski,51,245.16521122364023,828.377036,29.595848335858534
51161,Roanoke,51,57.966419382688755,648.905646,8.932950381924824
51167,Russell,51,359.3278258643261,1226.419638,29.298929561361614
51169,Scott,51,246.799731043795,1387.786298,17.783698498786805
51173,Smyth,51,282.7749348919596,1168.992135,24.189635364138667
51185,Tazewell,51,278.21132187035005,1343.661893,20.705455987085145
51195,Wise,51,36.897012526684335,1044.903123,3.5311419512988036
51197,Wythe,51,444.57441500247387,1196.37257,37.160197930856434
51520,Bristol,51,1.9070863853372007,33.420176,5.706392406004088
51580,Covington,51,0.7806087898243623,14.163842,5.511278576987532
51640,Galax,51,2.77134907043433,21.332076,12.991464452097068
51678,Lexington,51,0.06846954040862438,6.473002,1.0577710374355576
51690,Martinsville,51,0.1089183392743279,28.376608,0.3838314264845464
51720,Norton,51,0.020803326232192096,19.366113,0.10742127876767059
51750,Radford,51,1.9263260805115945,25.061755,7.686317580359374
51770,Roanoke,51,1.435149815804276,110.121235,1.3032452966989299
51775,Salem,51,0.6489007885253907,37.600652,1.7257700438954906
53001,Adams,53,2742.954379872196,4985.698857,55.016447213233604
53003,Asotin,53,218.71212100248331,1647.44392,13.275846197088352
53005,Benton,53,1746.3884844339912,4402.941863,39.664127730364065
53007,Chelan,53,67.15778707748258,7565.788664,0.8876508459327828
53009,Clallam,53,107.82076623768526,4503.162162,2.3943345222504395
53011,Clark,53,329.8731253162854,1627.765163,20.265400244118958
53013,Columbia,53,704.7821348290819,2249.624728,31.328875703444965
53015,Cowlitz,53,102.59666211609604,2954.137364,3.4729821086307493
53017,Douglas,53,1366.2257118409225,4711.869855,28.99540424256736
53019,Ferry,53,19.559484837174722,5706.360675,0.34276636110413267
53023,Garfield,53,637.7881488779257,1841.054898,34.642538338795674
53027,Grays Harbor,53,154.00554542991708,4924.421612,3.127383428231065
53029,Island,53,87.00244657663264,540.043252,16.110273807593586
53033,King,53,151.7230247141633,5478.600963,2.769375352189951
53035,Kitsap,53,14.573513912415029,1023.381117,1.4240553856550229
53037,Kittitas,53,441.3259214994844,5949.976986,7.417271067399124
53039,Klickitat,53,529.0396645382541,4847.515948,10.91362401306852
53041,Lewis,53,455.1657642016817,6223.151022,7.314072285769473
53045,Mason,53,37.538437834677545,2484.892348,1.510666563277515
53047,Okanogan,53,312.4600331848667,13639.353722,2.2908712505994693
53049,Pacific,53,49.013754815955075,2415.872165,2.0288223659365303
53051,Pend Oreille,53,63.37528589422177,3626.638411,1.7474939244562522
53053,Pierce,53,208.94423036276422,4319.6037,4.837115737324797
53055,San Juan,53,70.01949259674072,450.42907,15.54506519677798
53057,Skagit,53,363.49569697659626,4481.247129,8.11148518510094
53059,Skamania,53,25.99929531845033,4294.888152,0.6053544213099761
53061,Snohomish,53,247.5534847312349,5404.058573,4.580880858103069
53063,Spokane,53,1346.6587304998282,4568.452137,29.4773522872924
53065,Stevens,53,293.7601010867664,6416.419681,4.578255720345646
53067,Thurston,53,241.11679461272024,1871.237475,12.885419292531017
53069,Wahkiakum,53,26.983482652871285,680.956809,3.9625835730311767
53071,Walla Walla,53,1860.3578788122325,3289.368965,56.55667997743854
53073,Whatcom,53,450.72893049391723,5459.429045,8.255971948325179
53075,Whitman,53,3842.785867175505,5592.461099,68.71368077754964
53077,Yakima,53,1471.574817668566,11122.75728,13.230305945043206
54001,Barbour,54,164.48523291061747,883.338385,18.62086327320843
54005,Boone,54,4.476790582256481,1298.967363,0.3446422681411497
54007,Braxton,54,74.86281188049888,1322.996994,5.6585776248935975
54009,Brooke,54,36.61380430299407,231.034123,15.847790719206474
54011,Cabell,54,45.392451855902216,727.837363,6.23662017965162
54013,Calhoun,54,33.84035427833324,723.252961,4.6789098839698
54017,Doddridge,54,37.03445028694398,828.078082,4.472337946380276
54019,Fayette,54,66.12124233348462,1713.569368,3.858684892964579
54019,Fayette,54,66.12124233348462,1713.569368,3.858684892964579
54021,Gilmer,54,47.68523680931683,876.717626,5.43906445988538
54021,Gilmer,54,47.68523680931683,876.717626,5.43906445988538
54025,Greenbrier,54,361.036217208245,2641.303496,13.66886530665634
54029,Hancock,54,29.412263144479788,213.957187,13.74679839311955
54033,Harrison,54,181.7606421303067,1077.454931,16.869442693218943
54039,Kanawha,54,31.50042640726844,2335.215681,1.3489300651569425
54041,Lewis,54,105.40024205959641,1002.141357,10.51750247840499
54045,Logan,54,2.842995381981943,1175.211133,0.24191358489980738
54047,McDowell,54,1.7439611687057197,1381.646841,0.12622336743038373
54051,Marshall,54,113.81411936254308,791.063494,14.387482196535677
54053,Mason,54,234.9879440779797,1115.682322,21.062262925949604
54055,Mercer,54,101.3333497189956,1085.114764,9.338491473976076
54059,Mingo,54,0.8962572056937425,1095.926622,0.08178076777240133
54061,Monongalia,54,118.53692906135755,932.63131,12.709945268871314
54067,Nicholas,54,98.95062902145683,1675.324341,5.906356554360887
54069,Ohio,54,50.77007045363337,274.098954,18.522533454700223
54073,Pleasants,54,24.022253566883762,337.007574,7.128104950805574
54075,Pocahontas,54,156.34406621754556,2435.3617,6.419747268651944
54077,Preston,54,295.0708278527975,1680.419589,17.559354210360702
54079,Putnam,54,87.29975716276569,895.302729,9.750864633270394
54081,Raleigh,54,71.020553212359,1567.86962,4.529748667007082
54081,Raleigh,54,71.020553212359,1567.86962,4.529748667007082
54085,Ritchie,54,90.91862050026664,1170.648846,7.766515194622816
54087,Roane,54,113.09187027426711,1252.422375,9.029850674319604
54089,Summers,54,107.0301781341524,933.906813,11.46047728149001
54091,Taylor,54,86.2543238262784,447.475055,19.2757837252578
54095,Tyler,54,63.238804354954134,663.818549,9.52651962651832
54097,Upshur,54,120.28421379520144,918.506891,13.095624537366856
54101,Webster,54,18.70492200621745,1433.481442,1.3048597252937058
54103,Wetzel,54,32.61455115317024,927.389124,3.5168140653297377
54105,Wirt,54,58.885614956671496,602.201079,9.778397450641481
54107,Wood,54,138.1916616877379,949.256564,14.557883182331928
54109,Wyoming,54,7.976729938976812,1293.619556,0.6166210074654137
55001,Adams,55,448.4638379858073,1672.240387,26.818144177844644
55003,Ashland,55,153.72318701595123,2706.476264,5.679827643814548
55003,Ashland,55,153.72318701595123,2706.476264,5.679827643814548
55005,Barron,55,1095.6010515686269,2235.229317,49.01515219203913
55007,Bayfield,55,263.478440759785,3827.694061,6.883477011507817
55009,Brown,55,740.2404437885446,1372.933176,53.91671326241915
55011,Buffalo,55,736.6310333803709,1750.286266,42.086317403599566
55013,Burnett,55,276.43905022182327,2127.826487,12.991616182556866
55015,Calumet,55,572.1371024420097,824.341282,69.40536825402002
55017,Chippewa,55,1158.058396496265,2611.628466,44.342386812392206
55019,Clark,55,1435.9052437897894,3133.09773,45.830209190116435
55021,Columbia,55,1137.4912568411307,1982.753988,57.36925830059814
55023,Crawford,55,516.8977557395469,1477.970887,34.97347344836752
55025,Dane,55,1806.4415758535688,3098.910897,58.29278852781319
55027,Dodge,55,1514.4885134434392,2268.07298,66.77424081139749
55029,Door,55,519.7440616719269,1248.277386,41.63690438528275
55031,Douglas,55,202.6677498327359,3378.102266,5.999455726149882
55033,Dunn,55,1147.2151380882176,2201.905274,52.10102140334932
55035,Eau Claire,55,647.217910253411,1652.211289,39.17282944151406
55037,Florence,55,47.374324204775824,1264.232458,3.7472795374769463
55039,Fond du Lac,55,1237.8867785476878,1863.666382,66.42212310656403
55041,Forest,55,56.84497706755993,2626.878508,2.163974348050052
55045,Green,55,1168.2952084246033,1512.664663,77.23425006224286
55047,Green Lake,55,493.2860989285205,905.314818,54.48779685483073
55047,Green Lake,55,493.2860989285205,905.314818,54.48779685483073
55049,Iowa,55,1161.3716496537802,1975.379906,58.79231868898945
55051,Iron,55,29.48705994477228,1963.699141,1.5016078241881903
55057,Juneau,55,515.1464622421311,1986.622493,25.930767624814724
55059,Kenosha,55,340.0691029281987,704.110693,48.29767624736225
55061,Kewaunee,55,608.9225602686212,886.951858,68.65339474474851
55063,La Crosse,55,390.3002360576693,1170.076691,33.356808067349945
55065,Lafayette,55,1349.1452476870513,1640.985346,82.21555731595492
55065,Lafayette,55,1349.1452476870513,1640.985346,82.21555731595492
55067,Langlade,55,381.915962151378,2255.098381,16.935667435583067
55071,Manitowoc,55,963.8908119109897,1526.291642,63.15246610719432
55073,Marathon,55,1726.6461490185468,4002.224342,43.14216299418397
55073,Marathon,55,1726.6461490185468,4002.224342,43.14216299418397
55075,Marinette,55,443.0037328391377,3624.558763,12.222280332750605
55077,Marquette,55,408.8842421339863,1180.275597,34.643115825937585
55078,Menominee,55,1.7566802787183573,926.217568,0.1896617316935147
55079,Milwaukee,55,29.620889018860826,625.440563,4.7360038301290714
55083,Oconto,55,744.0367800103649,2583.464883,28.79995717791086
55085,Oneida,55,51.90167388701531,2885.085059,1.7989651197668663
55085,Oneida,55,51.90167388701531,2885.085059,1.7989651197668663
55087,Outagamie,55,944.1555720033645,1651.321056,57.17577260780501
55089,Ozaukee,55,297.8987855502035,603.510821,49.36096838439348
55091,Pepin,55,308.1708896152353,600.894481,51.285358637739805
55093,Pierce,55,894.7358141280286,1486.272236,60.19999515943515
55095,Polk,55,945.0524573563098,2367.420168,39.919084500943974
55097,Portage,55,930.5215099792914,2074.264258,44.86031644186444
55097,Portage,55,930.5215099792914,2074.264258,44.86031644186444
55099,Price,55,201.95119034594777,3247.98766,6.217732685165059
55101,Racine,55,453.5591381219825,861.398471,52.65381276976779
55103,Richland,55,643.3671500124311,1518.120259,42.379195337016526
55105,Rock,55,1323.1177546114345,1859.964571,71.13671815265101
55107,Rusk,55,438.4103403136948,2366.092053,18.52887928674746
55109,St. Croix,55,1199.73157367369,1871.121259,64.1183230591305
55111,Sauk,55,1015.3564477537896,2153.686396,47.14504626298385
55113,Sawyer,55,132.4628043077615,3257.216619,4.066748386799923
55115,Shawano,55,950.6830931414003,2313.441606,41.09388759481834
55117,Sheboygan,55,763.8501645648286,1324.851063,57.65554981215489
55119,Taylor,55,640.5959794148931,2525.318793,25.36693510500847
55121,Trempealeau,55,957.768445611492,1898.472778,50.44941685287056
55123,Vernon,55,954.1934462056192,2050.135746,46.542939806173166
55123,Vernon,55,954.1934462056192,2050.135746,46.542939806173166
55125,Vilas,55,11.880242642089843,2221.453269,0.5347959737833154
55125,Vilas,55,11.880242642089843,2221.453269,0.5347959737833154
55127,Walworth,55,903.2298764625212,1438.568339,62.78672010051246
55129,Washburn,55,247.99101223176174,2064.513839,12.012077979185769
55129,Washburn,55,247.99101223176174,2064.513839,12.012077979185769
55133,Waukesha,55,351.23107080984244,1423.769192,24.66910176055013
55135,Waupaca,55,832.5864210174708,1936.513127,42.99410158439225
55135,Waupaca,55,832.5864210174708,1936.513127,42.99410158439225
55137,Waushara,55,647.3327955267808,1621.742033,39.915891822160155
55137,Waushara,55,647.3327955267808,1621.742033,39.915891822160155
55139,Winnebago,55,637.5104991378048,1125.84613,56.62501137147442
55141,Wood,55,667.5559566704864,2053.895941,32.50193660470778
55141,Wood,55,667.5559566704864,2053.895941,32.50193660470778
56001,Albany,56,125.441804282093,11070.455509,1.1331223379210729
56003,Big Horn,56,522.1993698726218,8124.681754,6.427320917715072
56005,Campbell,56,348.69369275174876,12437.291881,2.8036142923077607
56007,Carbon,56,382.47556603211433,20455.214966,1.8698193427341288
56009,Converse,56,148.12173381735815,11020.303965,1.3440802929554958
56011,Crook,56,402.6777864441404,7393.068947,5.446693238368096
56013,Fremont,56,637.5768913368968,23785.388824,2.6805401250938017
56015,Goshen,56,696.673269331671,5764.311418,12.085975562600511
56017,Hot Springs,56,79.85808141413861,5191.447308,1.538262389585995
56019,Johnson,56,164.60829768116025,10759.204078,1.52993006255681
56021,Laramie,56,942.6441064604934,6956.354965,13.55083389509715
56025,Natrona,56,109.1231363671765,13831.895231,0.7889239655503613
56027,Niobrara,56,156.37193976553118,6801.380675,2.299120535045352
56029,Park,56,513.3271492106404,17972.027696,2.8562561659355254
56031,Platte,56,313.0139956916195,5390.926634,5.806311547953066
56033,Sheridan,56,334.3203009016599,6535.475109,5.115470494888237
56035,Sublette,56,556.6779147658589,12655.929006,4.398554341620798
56037,Sweetwater,56,102.23726725526268,27005.754244,0.3785758632458015
56039,Teton,56,51.42002955928117,10351.784301,0.4967262460667182
56041,Uinta,56,350.9594869437349,5391.631764,6.509337104345595
56043,Washakie,56,213.00701378559398,5798.138762,3.673713626545214
56045,Weston,56,92.61217580478132,6210.804116,1.4911463004637018
01027,Clay,1,194.93591180777378,1564.251835,12.461926362884771
05021,Clay,5,1243.4681863751248,1656.214473,75.07893492337116
12019,Clay,12,93.09093986783328,1566.375291,5.94308020579171
13061,Clay,13,138.02516883893665,506.093883,27.27264119865615
17025,Clay,17,876.807286613737,1212.815749,72.29517652097516
18021,Clay,18,574.8038966411284,926.201724,62.06033542657586
19041,Clay,19,1303.378643924381,1469.139461,88.71714895175502
20027,Clay,20,881.5330127503992,1671.314213,52.74490014466234
21051,Clay,21,57.451321632511394,1215.472362,4.726666226945553
27027,Clay,27,2217.570380603846,2707.051032,81.91830720551582
28025,Clay,28,412.761572737141,1062.066008,38.864022539843965
29047,Clay,29,544.5662715818729,1029.94819,52.873171375918716
31035,Clay,31,1142.079738015172,1482.222908,77.0518207383671
37043,Clay,37,51.68951182793926,556.804508,9.283242338249758
46027,Clay,46,950.731226729131,1067.154415,89.09031470662387
47027,Clay,47,144.28972218585685,612.626304,23.552648856856276
48077,Clay,48,316.8890444359286,2819.87007,11.237717929178508
54015,Clay,54,16.981820867853862,885.617251,1.9175124297408093
01059,Franklin,1,412.85323177587077,1641.841406,25.145743691633438
05047,Franklin,5,583.0787367624367,1576.91432,36.9759301039537
12037,Franklin,12,0.7405777673476276,1411.908386,0.05245225360872866
13119,Franklin,13,267.8802754388614,677.438935,39.543088180909095
16041,Franklin,16,396.5394487327735,1717.211129,23.09206142658149
17055,Franklin,17,661.7964022711915,1059.098605,62.48675988683711
18047,Franklin,18,449.8304595166944,995.67083,45.17863192966037
19069,Franklin,19,1369.5724001724875,1507.301086,90.86256308664846
20059,Franklin,20,1131.3059419383735,1480.855479,76.39543209863584
21073,Franklin,21,199.66432195657984,538.305649,37.091255186991326
23007,Franklin,23,78.31114768004366,4395.259492,1.7817184132718704
28037,Franklin,28,87.9328962182768,1460.658783,6.020084720791139
29071,Franklin,29,843.6656296366083,2389.887656,35.30147651579018
31061,Franklin,31,681.761443513887,1491.35586,45.714202880718695
36033,Franklin,36,414.87916161683165,4219.643543,9.83209025570603
39049,Franklin,39,303.81020999569756,1378.944435,22.03208499809476
47051,Franklin,47,471.84103642261414,1436.115984,32.85535720509146
48159,Franklin,48,420.3914744789747,736.570305,57.074181734624055
50011,Franklin,50,464.7925019027614,1642.360202,28.30027793761416
51067,Franklin,51,423.34455157818365,1788.700725,23.667712863379293
53021,Franklin,53,1569.33975153464,3215.718499,48.802149566968055
05053,Grant,5,92.80161309717133,1636.384325,5.671137988758926
18053,Grant,18,811.7001172936716,1072.463262,75.68558719484338
20067,Grant,20,1059.715268492012,1488.745972,71.18173875348104
21081,Grant,21,236.83933280867706,668.162503,35.446366975890754
27051,Grant,27,1190.073228321366,1418.785987,83.87968581771496
31075,Grant,31,2.5866320163078753,2012.081438,0.12855503596708173
35017,Grant,35,12.91336431857695,10259.428091,0.12586826676922755
38037,Grant,38,1352.0272073342474,4297.18018,31.463125833700726
40053,Grant,40,1536.6800635735501,2592.244802,59.2798975771097
41023,Grant,41,37.56668847001666,11726.925901,0.32034557723958335
46051,Grant,46,1290.3775771067394,1764.937237,73.11181100695082
53025,Grant,53,3095.8165127830166,6939.853494,44.6092488185748
55043,Grant,55,1847.0788655656056,2970.403781,62.182753650541684
01071,Jackson,1,777.7272302675765,2791.974056,27.8558186669474
05067,Jackson,5,1275.284926893316,1641.853231,77.6735035029033
08057,Jackson,8,129.5985926748693,4179.530258,3.10079326323349
12063,Jackson,12,821.9424154654452,2378.066187,34.563479349679056
13157,Jackson,13,251.53119202597225,879.731646,28.591809010127648
17077,Jackson,17,706.9264826578086,1512.739198,46.731550527178754
18071,Jackson,18,672.8910276802739,1320.827176,50.94466860668787
19097,Jackson,19,1153.3441155071441,1647.322013,70.01327648179398
20085,Jackson,20,1161.0904864977192,1699.600348,68.31550063307702
21109,Jackson,21,128.62019457962217,894.051377,14.38621961650669
26075,Jackson,26,762.113878607567,1817.861892,41.92364018198843
27063,Jackson,27,1613.6844829136073,1820.689416,88.63040937859813
28059,Jackson,28,103.07662660256732,1872.035474,5.506125713650195
29095,Jackson,29,543.6112991987098,1565.68983,34.72024208004914
37099,Jackson,37,43.58352682804314,1272.183341,3.425884102033933
39079,Jackson,39,267.9290658958283,1088.598928,24.61228456177832
40065,Jackson,40,1150.3950125462052,2078.855906,55.33789086708376
41029,Jackson,41,356.5418639603463,7208.597907,4.946063971942752
46071,Jackson,46,573.9309585359898,4827.433523,11.888945871580255
47087,Jackson,47,130.43608822616446,799.368962,16.317382138507956
48239,Jackson,48,1615.782539282425,2148.246713,75.21401194306982
54035,Jackson,54,177.2849092208355,1202.683279,14.74078107814414
55053,Jackson,55,611.78615118102,2556.879426,23.927063003440196
55053,Jackson,55,611.78615118102,2556.879426,23.927063003440196
01073,Jefferson,1,177.77818611794,2878.465205,6.176145044558217
05069,Jefferson,5,1171.216708007159,2253.242466,51.97916893898799
08059,Jefferson,8,1.0391989291992187,1979.501357,0.052498015498921365
12065,Jefferson,12,203.33863554598796,1549.012956,13.126980943469137
13163,Jefferson,13,399.3733596101668,1363.760603,29.284711607860313
16051,Jefferson,16,1013.6181518432288,2832.617275,35.783801814286
17081,Jefferson,17,918.048234694023,1479.418967,62.05464815390751
18077,Jefferson,18,370.4335981541471,934.033952,39.6595431419764
19101,Jefferson,19,855.6383681078196,1127.999804,75.85447843817352
20087,Jefferson,20,959.9701652936778,1379.360299,69.59531646587415
21111,Jefferson,21,98.28684893211668,985.970624,9.968537250468497
28063,Jefferson,28,158.4535006825363,1346.620559,11.766751934947719
29099,Jefferson,29,256.5182388197507,1700.345322,15.08624368831302
30043,Jefferson,30,161.78697514707505,4291.254198,3.770155942346137
31095,Jefferson,31,897.2328285171068,1476.736212,60.757826700948186
36045,Jefferson,36,1260.281684060315,3285.90647,38.354155712177494
39081,Jefferson,39,241.3192999869909,1057.037026,22.82978685242298
40067,Jefferson,40,244.58764456685884,1965.36516,12.444895714283387
41031,Jefferson,41,248.77720210705422,4615.975257,5.389483007513752
47089,Jefferson,47,315.82765039774654,712.05194,44.35458042537551
48245,Jefferson,48,924.451602131273,2269.793029,40.728453666040096
53031,Jefferson,53,29.13849555984748,4671.590207,0.6237382618917602
55055,Jefferson,55,874.7971557429233,1441.239975,60.69753621307398
05079,Lincoln,5,729.1543328502152,1454.438338,50.13305231302388
08073,Lincoln,8,1507.4011665337875,6676.158679,22.5788696616117
13181,Lincoln,13,73.44371854940186,544.884788,13.47876104579412
16063,Lincoln,16,397.16291462936823,3111.51752,12.764283410795906
20105,Lincoln,20,768.9433664854291,1863.226708,41.26944741527552
21137,Lincoln,21,497.6805655126947,862.060072,57.731541185762595
23015,Lincoln,23,69.5056918873875,1180.688991,5.886875580038969
27081,Lincoln,27,1154.5348411777436,1390.257747,83.04466158660749
28085,Lincoln,28,318.032685264722,1518.074192,20.94974586490579
29113,Lincoln,29,881.871466226282,1622.787226,54.343012571032034
30053,Lincoln,30,24.665151946411132,9356.36473,0.26361896589308287
31111,Lincoln,31,1363.276402396971,6641.07281,20.527954464588547
32017,Lincoln,32,94.44000459897532,27540.342238,0.34291514529063316
35027,Lincoln,35,11.555773672862813,12512.530061,0.09235361366987418
37109,Lincoln,37,258.84413709923626,766.225394,33.78172260096567
40081,Lincoln,40,136.9991005706172,2466.49792,5.554397571542132
41041,Lincoln,41,41.638771595950615,2539.22244,1.6398237090229328
46083,Lincoln,46,1296.9835713276561,1495.182122,86.74418669431202
47103,Lincoln,47,746.4726221701487,1477.179212,50.53365333780156
53043,Lincoln,53,2843.155448428947,5984.42121,47.50928032401896
54043,Lincoln,54,28.37403336096479,1131.929489,2.5066961888263686
55069,Lincoln,55,251.34861228501597,2275.833631,11.044243694323717
55069,Lincoln,55,251.34861228501597,2275.833631,11.044243694323717
56023,Lincoln,56,375.7275589314663,10555.073745,3.559686725158606
01089,Madison,1,757.7992561718,2076.091216,36.50125053907073
05087,Madison,5,602.732157180839,2160.707852,27.895125045384383
12079,Madison,12,431.403733382536,1804.001485,23.91371276407436
13195,Madison,13,254.37598592110882,731.225618,34.78761953347056
16065,Madison,16,652.8323809101103,1215.396305,53.713540038293125
17119,Madison,17,1066.1253201784343,1854.559319,57.48671985069217
18095,Madison,18,849.0611071236884,1170.469596,72.5402103587566
19121,Madison,19,1107.7038217091736,1452.999207,76.23567971494244
21151,Madison,21,592.9411064452574,1132.729653,52.3462156106597
28089,Madison,28,640.1329139809859,1850.581711,34.5909024268416
29123,Madison,29,206.02135667513286,1280.458091,16.08966026480697
30057,Madison,30,578.4159153196632,9293.284845,6.224020085114083
31119,Madison,31,1134.1750627109016,1483.084605,76.47406350839313
37115,Madison,37,125.03139877653952,1164.497721,10.7369380396185
39097,Madison,39,1033.736544518537,1206.498201,85.68073650352147
47113,Madison,47,576.7812311402838,1442.901118,39.973718499834426
48313,Madison,48,871.4933779800643,1207.103453,72.19707439442345
01093,Marion,1,301.1031733347819,1922.656563,15.66078826189105
05089,Marion,5,364.16871277156315,1546.109517,23.553875632185452
12083,Marion,12,1020.7791509332593,4113.955311,24.812596972161405
13197,Marion,13,143.77360881166825,947.979449,15.166321270290348
17121,Marion,17,952.9175523104791,1482.641176,64.27162335268092
18097,Marion,18,87.66300326374079,1026.784675,8.5376228724626
19125,Marion,19,988.1157992879123,1436.120673,68.8045105028519
20115,Marion,20,1143.805120797847,2445.722726,46.767571345609966
21155,Marion,21,464.40116579031667,888.463701,52.270133857760904
28091,Marion,28,229.30162249179568,1404.769594,16.32307699933002
29127,Marion,29,743.7387727578883,1131.623331,65.72317416791475
39101,Marion,39,817.8893761779722,1045.726872,78.21252356398969
41047,Marion,41,1145.62442278516,3057.615207,37.467907019902526
47115,Marion,47,145.92229017355857,1290.468301,11.307700472803676
48315,Marion,48,107.33821459013024,986.485103,10.880875368893456
54049,Marion,54,88.96828049734195,799.642788,11.126002989392552
54049,Marion,54,88.96828049734195,799.642788,11.126002989392552
01099,Monroe,1,286.0687787665039,2656.469661,10.768757609632036
05095,Monroe,5,860.5331576004412,1572.480981,54.72455107553643
12087,Monroe,12,0.29667988610839846,2546.027976,0.011652656172871466
13207,Monroe,13,115.33541227495287,1025.872449,11.24266592668314
17133,Monroe,17,628.440671634468,997.908512,62.97578025213477
18105,Monroe,18,197.29257061880912,1021.806951,19.30820400328331
19135,Monroe,19,718.3475289241634,1123.320775,63.94856615414803
21171,Monroe,21,400.6509686495275,853.220811,46.9574773006243
26115,Monroe,26,869.2965526643115,1422.800567,61.097568614077694
28095,Monroe,28,679.833687466596,1981.57018,34.30782791990723
29137,Monroe,29,1146.7732978963072,1677.418978,68.36534657927945
39111,Monroe,39,188.73315541718344,1180.31777,15.990029144201008
47123,Monroe,47,341.13985209294196,1646.462896,20.719559057281174
54063,Monroe,54,316.13821112638016,1224.426755,25.81928317356804
55081,Monroe,55,818.0859249017661,2333.330399,35.06086944448051
01101,Montgomery,1,675.5703119904827,2033.918497,33.215210589162695
05097,Montgomery,5,223.9912593272648,2019.823598,11.089644637732606
13209,Montgomery,13,108.88849227866808,624.56306,17.434347186442324
17135,Montgomery,17,1423.468686694847,1822.450014,78.10741999834335
18107,Montgomery,18,1035.437622923194,1307.030239,79.22063254752243
19137,Montgomery,19,971.1903515478483,1098.405745,88.41817843440434
20125,Montgomery,20,1061.1840665138411,1666.900068,63.66212869539826
21173,Montgomery,21,317.83821157737805,511.132546,62.183129222489
28097,Montgomery,28,237.80579372613695,1054.074714,22.560620283140288
29139,Montgomery,29,796.944975427746,1385.76533,57.509374652037664
37123,Montgomery,37,121.70517834673736,1273.04246,9.560182175442707
39113,Montgomery,39,451.67146212275713,1195.255491,37.78869584986137
47125,Montgomery,47,461.78598368983864,1396.430602,33.06902491455416
48339,Montgomery,48,314.1313362013301,2700.380211,11.632855807553172
51121,Montgomery,51,224.99094398447335,1001.920426,22.45596937101204
05139,Union,5,63.734988014975876,2691.555887,2.3679607888809135
12125,Union,12,111.26133315957583,630.806896,17.637938625131298
13291,Union,13,80.92645306997069,834.197336,9.701116220055958
17181,Union,17,445.03750071569164,1070.856127,41.55903762370607
18161,Union,18,297.5202914902665,417.480643,71.2656494328209
19175,Union,19,898.0202309425346,1097.235806,81.84386856789602
21225,Union,21,650.8214703435928,887.992799,73.29130045609669
28145,Union,28,395.5176995627461,1076.417882,36.74388043683077
35059,Union,35,246.6661420388171,9906.866299,2.4898503178923046
37179,Union,37,715.9546381022992,1638.654587,43.69161407060457
39159,Union,39,865.4609009270337,1118.226926,77.39582018677251
41061,Union,41,584.5061190928697,5275.598331,11.079428008350199
45087,Union,45,152.95665675020274,1331.696512,11.485849468846753
46127,Union,46,1026.223377015448,1193.316452,85.9975889291978
47173,Union,47,111.42902693892773,579.055049,19.24325280150139
01129,Washington,1,148.26507886768272,2797.72036,5.29949601066215
05143,Washington,5,880.4212890872925,2439.803798,36.08574139482065
08121,Washington,8,3258.0722351654854,6521.806798,49.95658927162051
12133,Washington,12,160.17258279044142,1514.305159,10.577298891077833
13303,Washington,13,270.7707880284893,1757.341882,15.407974441508776
16087,Washington,16,251.7551939414589,3762.870362,6.690509364442965
17189,Washington,17,1121.8422716892674,1457.059688,76.99357005951752
18175,Washington,18,648.0719073071475,1330.453152,48.71061460021612
19183,Washington,19,1191.9776699580202,1473.215987,80.90990597959212
20201,Washington,20,1185.620460147187,2317.41814,51.1612660521932
21229,Washington,21,436.1314713671853,769.158641,56.70240807542138
23029,Washington,23,54.16133789531346,6637.392589,0.8160032297181549
27163,Washington,27,378.2512102185291,995.612473,37.991811118916054
28151,Washington,28,1367.8610316219056,1877.059426,72.872548022457
29221,Washington,29,250.87982239788795,1968.043965,12.747673672924677
31177,Washington,31,769.717422411934,1009.98508,76.21077159000548
36115,Washington,36,636.1058110484089,2152.713608,29.549021694501636
39167,Washington,39,352.2067407336936,1636.805228,21.517938402729346
40147,Washington,40,501.4319334554885,1076.019764,46.60062484275043
41067,Washington,41,470.94474848950574,1875.846777,25.105715150289473
42125,Washington,42,633.8022114641276,2219.590657,28.55491436969621
47179,Washington,47,380.39839415696963,845.60599,44.98530032373229
48477,Washington,48,1207.7004433950751,1564.829004,77.1777900529683
49053,Washington,49,43.6679628105002,6287.037057,0.6945714239409515
50023,Washington,50,167.02454594949327,1779.428779,9.386413658171662
51191,Washington,51,476.9567424045585,1453.385755,32.8169407718296
55131,Washington,55,514.7040453540551,1115.362189,46.14680777510695
13305,Wayne,13,178.23227791466496,1662.61032,10.720027162748814
17191,Wayne,17,1416.09192824503,1848.948304,76.58904930881344
18177,Wayne,18,721.5811638761136,1040.51314,69.34858735912874
19185,Wayne,19,1124.6851857270758,1361.013817,82.63583893704701
21231,Wayne,21,256.09006876561904,1186.690636,21.580187876835915
26163,Wayne,26,69.74283981588661,1585.054265,4.400028526208635
28153,Wayne,28,213.43310940603072,2099.745573,10.164712913340702
29223,Wayne,29,224.39099278258396,1966.277689,11.411968616533693
31179,Wayne,31,1001.7856143932592,1147.147015,87.32844189053303
39169,Wayne,39,949.7369482232292,1437.096032,66.08722918130145
47181,Wayne,47,311.06805025692177,1901.333913,16.360516589435164
49055,Wayne,49,72.04289168261718,6374.011501,1.1302598319961392
54099,Wayne,54,43.21219297852902,1310.519821,3.297332271217058
09001,Fairfield,9,28.15022012606537,1618.651428,1.739115639050693
09009,New Haven,9,47.712689433486034,1565.688367,3.047393749556168
09005,Litchfield,9,220.36349047717883,2384.116952,9.24298156985626
09015,Windham,9,123.40691936522289,1328.478475,9.28934278481425
09007,Middlesex,9,38.88461913967453,956.493754,4.065329122857453
09013,Tolland,9,85.55187157675712,1062.807467,8.049611452038953
09003,Hartford,9,137.45845100568968,1903.543897,7.221186294801253
09011,New London,9,121.08771550076018,1722.716728,7.028881390229362
10001,Kent,10,658.8001206907351,1517.232133,43.42118166111468
10003,New Castle,10,251.13663522354878,1104.149852,22.74479634885182
10005,Sussex,10,970.8784075735936,2424.543661,40.043758468476334
11001,District of Columbia,11,0.09721188189697266,158.340391,0.061394241408038876
24023,Garrett,24,286.2828994541139,1681.102438,17.02947381330928
24005,Baltimore,24,338.4323257233188,1549.739465,21.83801428347305
24013,Carroll,24,576.0378366076508,1159.345029,49.6864886809853
24003,Anne Arundel,24,102.20312864170688,1074.287145,9.513576432277507
24027,Howard,24,149.05508744209772,649.943913,22.933530795617703
24035,Queen Anne's,24,544.9021127331972,962.655539,56.60405936055152
24025,Harford,24,332.78034146197524,1132.134727,29.394058279953743
24037,St. Mary's,24,194.4537905224516,928.997941,20.931563132759578
24019,Dorchester,24,420.267663108659,1400.550674,30.00731575876269
24041,Talbot,24,363.36933555134374,695.563206,52.241023161789236
24043,Washington,24,475.3460380156698,1185.611711,40.09289328078085
24009,Calvert,24,68.59951147986989,552.162128,12.423798736133147
24021,Frederick,24,788.3894338303733,1710.605951,46.088313522438646
24033,Prince George's,24,107.60376264295776,1250.061702,8.607876112899087
24031,Montgomery,24,284.2372038691004,1277.059775,22.25715737300554
24017,Charles,24,161.65029355835296,1185.699267,13.633329973067525
24011,Caroline,24,457.4781050078032,827.350253,55.294369385755566
24029,Kent,24,446.40999357085246,717.51644,62.21599515836215
24001,Allegany,24,98.2744940187725,1093.457887,8.987496929433416
24047,Worcester,24,348.56637559240954,1212.861863,28.739165293748666
24045,Wicomico,24,296.37142566083674,969.74126,30.56190737525562
24039,Somerset,24,173.72964116426837,828.145301,20.978159382717838
24015,Cecil,24,346.59232320872013,896.857465,38.64519577909966
24510,Baltimore,24,0.1677573412475586,209.6492,0.08001811657166286
25007,Dukes,25,8.442868875915527,267.300554,3.158567668331704
25001,Barnstable,25,1.2789797015878714,1021.04843,0.12526141405338348
25021,Norfolk,25,13.460159066242532,1025.886743,1.312051175052813
25023,Plymouth,25,49.80295551784741,1706.646158,2.9181769920140304
25005,Bristol,25,57.80979036202991,1432.536921,4.035483449995486
25011,Franklin,25,141.80025132507657,1810.978987,7.830032945880701
25015,Hampshire,25,131.3884587037162,1365.526541,9.621816549057922
25013,Hampden,25,68.43136461412736,1597.996708,4.282322001762682
25019,Nantucket,25,0.6684365744628906,119.489563,0.5594100084397251
25003,Berkshire,25,168.54721195087436,2400.595902,7.02105722210278
25025,Suffolk,25,0.008645486328125,150.855103,0.005730986990957144
25017,Middlesex,25,57.89729562365986,2118.197013,2.7333291128411132
25009,Essex,25,45.2997417145673,1275.502663,3.551520747751453
25027,Worcester,25,205.22989360818016,3912.564078,5.2454065803591465
33015,Rockingham,33,70.1887019552136,1801.042594,3.8971150481971115
33011,Hillsborough,33,87.31784491153208,2270.232096,3.846207842157654
33019,Sullivan,33,70.72323696513959,1392.231688,5.079846808165711
33005,Cheshire,33,74.47394958776977,1830.367249,4.068798194922781
34041,Warren,34,226.72652452634878,923.422762,24.552841218175296
34037,Sussex,34,159.89545943369572,1343.479727,11.901590788477579
34039,Union,34,0.1956525245361328,266.160325,0.0735092747336151
34023,Middlesex,34,46.04562036713796,800.871212,5.749441318055263
34017,Hudson,34,0.047026860745777804,119.632168,0.0393095448590197
34025,Monmouth,34,142.63743091214144,1212.563775,11.763293102842482
34035,Somerset,34,124.31612013524169,781.816438,15.900934553545634
34029,Ocean,34,16.640061620161465,1627.449879,1.0224623095849863
34019,Hunterdon,34,355.2477170598208,1108.065331,32.06017796254116
34027,Morris,34,49.53299186577363,1192.855212,4.152473105493178
34013,Essex,34,0.11986710284423828,326.55746,0.036706282209641845
34003,Bergen,34,0.39735820245648557,602.910975,0.06590661290524452
34031,Passaic,34,0.9158951785888672,481.76729,0.1901115326009093
34021,Mercer,34,96.2066428534584,581.281416,16.550785936954572
34001,Atlantic,34,85.26002245302304,1438.772543,5.92588612201665
34009,Cape May,34,17.23339006803146,651.402591,2.645582057261338
34007,Camden,34,28.90175599547957,573.295201,5.041339251587345
34005,Burlington,34,245.118818066069,2070.244951,11.840087712696418
34015,Gloucester,34,163.96311966721788,833.904538,19.662097062148124
34033,Salem,34,345.1838914873915,859.473753,40.162237681200196
34011,Cumberland,34,231.78333982105784,1251.898433,18.514548282133507
36013,Chautauqua,36,832.2618661473579,2745.967842,30.308507383727687
36011,Cayuga,36,906.3268637862582,1791.190506,50.59913285327888
36075,Oswego,36,397.8418455026404,2464.747828,16.141279890099998
36053,Madison,36,665.8595407625603,1696.091557,39.25846679764825
36067,Onondaga,36,636.4746344989021,2016.012323,31.570969444858004
36111,Ulster,36,226.52700568652656,2911.757798,7.779733803481912
36103,Suffolk,36,125.77280940356444,2361.492153,5.325988877150609
36027,Dutchess,36,359.67034130042293,2060.717226,17.453648504631023
36059,Nassau,36,2.0412912895507813,737.085188,0.2769410270052505
36119,Westchester,36,23.684233987441356,1115.165961,2.1238304266571277
36079,Putnam,36,12.584538639228851,596.526069,2.109637666016043
36087,Rockland,36,1.2595978481445314,449.197039,0.28041098644564555
36071,Orange,36,325.5472457246596,2103.901761,15.47350032018247
36037,Genesee,36,681.3656186448954,1276.700275,53.36927014015842
36069,Ontario,36,797.8038297281158,1668.067226,47.828038180525695
36073,Orleans,36,592.9211259477114,1013.366843,58.51001836535433
36051,Livingston,36,847.3227291706073,1636.256617,51.78422017471403
36123,Yates,36,421.26607096482917,875.785688,48.101502084015465
36055,Monroe,36,553.3633457329868,1701.292247,32.526060511283035
36117,Wayne,36,701.5258897414836,1563.910796,44.85715499475865
36099,Seneca,36,502.7263694242272,838.403627,59.96233237004199
36091,Saratoga,36,261.48796732836104,2097.879149,12.464396123723573
36001,Albany,36,242.68635482024357,1354.12079,17.922061060759845
36093,Schenectady,36,97.85023757615777,529.858774,18.467229831350828
36095,Schoharie,36,421.5879464330573,1610.503568,26.17739909490578
36083,Rensselaer,36,308.7387141814154,1689.851801,18.270165111444314
36057,Montgomery,36,544.0292443802515,1044.066971,52.1067383119288
36035,Fulton,36,143.11053992026703,1283.234675,11.152327996456846
36021,Columbia,36,434.9577766689078,1643.770743,26.46097568783093
36029,Erie,36,690.4568721122764,2700.643194,25.566386320349896
36063,Niagara,36,668.3256416677353,1352.887109,49.39995637638494
36009,Cattaraugus,36,701.3001504848041,3388.616853,20.695764109888408
36023,Cortland,36,429.4868956451328,1291.815778,33.24676033219442
36109,Tompkins,36,416.7022892222536,1229.314961,33.89711363174841
36003,Allegany,36,626.8800984108935,2666.029673,23.51362045064881
36097,Schuyler,36,280.9041721718501,850.405404,33.0317952885269
36039,Greene,36,168.21339627327663,1676.140493,10.035757561838023
36105,Sullivan,36,196.68811631794983,2507.46374,7.844106105316993
36025,Delaware,36,607.1135540145384,3735.851364,16.251009337922323
36121,Wyoming,36,737.4707610054879,1535.216593,48.03691963518844
36017,Chenango,36,627.2677255706587,2314.393899,27.10289401651498
36107,Tioga,36,403.82899181515376,1343.194501,30.06481872241925
36007,Broome,36,395.8529563407648,1828.055107,21.65432293725513
36077,Otsego,36,733.4807673256548,2594.462122,28.271014677995552
36065,Oneida,36,858.5881893616158,3139.921993,27.3442522226894
36101,Steuben,36,1228.3731676776154,3601.504766,34.10722038393702
36015,Chemung,36,238.4857086670829,1055.036193,22.604504968587637
36085,Richmond,36,1.4479729908447265,148.972685,0.9719721376067878
36005,Bronx,36,0.09857266491699221,108.908944,0.09050924680436917
36081,Queens,36,0.01977545916748047,281.734474,0.007019183306435005
36047,Kings,36,0.01979497399902344,179.671325,0.011017325106843534
36061,New York,36,0.0,58.680498,0.0
37037,Chatham,37,325.87337189073054,1765.640373,18.45638426000868
37033,Caswell,37,235.46819623078045,1101.692701,21.373309999879943
37125,Moore,37,227.51398456826936,1806.977326,12.590859956826563
37093,Hoke,37,188.87411957335942,1010.400416,18.692997012123104
37165,Scotland,37,177.90733964584436,826.570075,21.523564066343
37155,Robeson,37,990.492441932866,2453.435692,40.37164883361719
37001,Alamance,37,318.34027073350245,1096.684439,29.027517799356907
37029,Camden,37,215.11401745594696,622.448682,34.5593176878069
37139,Pasquotank,37,313.430327533802,587.616451,53.33927036937261
37143,Perquimans,37,317.9270149083755,640.099675,49.66836062030113
37177,Tyrrell,37,263.6215886322036,1012.103919,26.04688942343712
37055,Dare,37,19.186152255493162,992.54937,1.9330174231527812
37073,Gates,37,200.9493734080837,882.181716,22.778682641398532
37053,Currituck,37,167.20054060910363,678.415818,24.6457314486001
37019,Brunswick,37,120.24610821398376,2199.384967,5.467260621409157
37031,Carteret,37,199.30521432964588,1314.696235,15.159791975037175
37137,Pamlico,37,149.47250299731445,871.535581,17.150476269231564
37049,Craven,37,270.47522027258253,1830.077186,14.779443312102059
37103,Jones,37,245.00715010530865,1220.836962,20.068785409636757
37085,Harnett,37,391.7185018354434,1541.110995,25.417929215114285
37063,Durham,37,57.83478765204526,741.907726,7.795415201276022
37145,Person,37,245.85769377204662,1016.141536,24.195221340902517
37135,Orange,37,208.957677917345,1029.604965,20.294936895272738
37181,Vance,37,128.85319906178364,653.708021,19.711124068000938
37077,Granville,37,268.65858867207385,1377.850153,19.49838943568153
37069,Franklin,37,312.6059685028973,1273.757057,24.542040162600436
37101,Johnston,37,644.833808007204,2049.281828,31.466331238418803
37183,Wake,37,205.09283205767127,2162.178923,9.485469952371341
37105,Lee,37,105.17310992414481,660.607408,15.920667653812444
37131,Northampton,37,448.4072472820354,1389.897901,32.261883909560304
37083,Halifax,37,551.3639538227222,1874.467579,29.41442999600273
37127,Nash,37,441.38073065296504,1399.739813,31.53305539741514
37065,Edgecombe,37,547.3194153789915,1309.065764,41.80992509548141
37195,Wilson,37,388.77134637250305,952.012785,40.836777877148265
37163,Sampson,37,962.7481709561469,2449.357434,39.30615260933561
37185,Warren,37,161.95847653705434,1111.412939,14.572304393250755
37187,Washington,37,380.57652589035575,897.456203,42.406139109426356
37061,Duplin,37,820.1020228486441,2110.160387,38.86444025302632
37091,Hertford,37,243.88628441270865,914.689326,26.663291839125346
37017,Bladen,37,438.9713908015974,2265.887723,19.37304246568785
37095,Hyde,37,386.28454490062586,1585.935371,24.35689070085227
37015,Bertie,37,416.2317007494933,1810.858588,22.98532328850702
37079,Greene,37,342.7692870484784,690.851081,49.6155099811559
37041,Chowan,37,192.48753153561128,447.179929,43.04476096815411
37117,Martin,37,367.7768413187493,1182.135162,31.11123441219062
37047,Columbus,37,599.3480698851072,2429.71031,24.667470332506724
37191,Wayne,37,616.3347036937201,1434.638262,42.96098326797031
37133,Onslow,37,195.98453875594535,1973.417749,9.931224083459146
37107,Lenoir,37,424.87168206022426,1033.630021,41.10481249849691
37129,New Hanover,37,7.425466513353296,497.802422,1.4916493341917278
37141,Pender,37,218.20120894675415,2256.645188,9.669274111281075
37051,Cumberland,37,300.0714323794704,1690.125279,17.75438993238503
37147,Pitt,37,611.5481887074695,1689.620097,36.19441966826165
37013,Beaufort,37,574.6314982958571,2154.800548,26.667502884626938
42063,Indiana,42,535.1058149206511,2143.140107,24.96830763293868
42051,Fayette,42,416.05756004808734,2046.967686,20.325555840166174
42005,Armstrong,42,445.3667031249711,1691.724751,26.3261918265196
42129,Westmoreland,42,577.9912147259162,2662.611738,21.70767921124203
42111,Somerset,42,654.9389566813662,2782.592219,23.537008125349256
42053,Forest,42,28.444144247032014,1106.623929,2.5703532610880324
42031,Clarion,42,415.6896309541537,1556.159014,26.712542048363815
42123,Warren,42,211.34306510215967,2289.908286,9.229324440383273
42033,Clearfield,42,299.6419141737477,2964.714515,10.106939897845365
42027,Centre,42,443.96456686213173,2874.529771,15.444771918562667
42055,Franklin,42,865.4066452329735,2000.048804,43.26927640476585
42035,Clinton,42,157.10213498973843,2299.868396,6.830918467464276
42081,Lycoming,42,457.00383220299426,3182.452445,14.360115040242002
42025,Carbon,42,85.26048095354243,987.977569,8.629799261519715
42077,Lehigh,42,274.0944191912023,894.071856,30.65686693432863
42095,Northampton,42,295.06013907889593,957.377695,30.81961702469953
42089,Monroe,42,82.71202634206328,1575.378412,5.250295783668722
42103,Pike,42,16.9862327272437,1411.441242,1.203467223557557
42029,Chester,42,656.826384383033,1943.848979,33.789990450849366
42091,Montgomery,42,178.72663488792486,1250.855248,14.288354721594839
42045,Delaware,42,18.918685558496573,476.088156,3.9737778224620595
42017,Bucks,42,369.73822089814627,1565.461198,23.61848517040959
42011,Berks,42,839.7241226085132,2217.987965,37.859724031844024
42023,Cameron,42,12.848831532196645,1026.233358,1.2520379923370846
42057,Fulton,42,260.65029036493263,1133.252799,23.000189418895282
42037,Columbia,42,394.60595772199997,1251.240747,31.537172895633006
42093,Montour,42,160.4205666717771,337.326249,47.55650268763315
42119,Union,42,239.87423466728856,818.323459,29.312887468778847
42109,Snyder,42,298.8614521340341,851.544552,35.09639647533486
42097,Northumberland,42,425.22807092149617,1186.219239,35.84734229061818
42021,Cambria,42,280.5281642715,1782.847427,15.73483855225599
42117,Tioga,42,677.4342501691169,2936.458654,23.069769746164354
42127,Wayne,42,312.92156480307335,1879.248516,16.651420083019683
42065,Jefferson,42,373.5541430909363,1689.789819,22.106544783895178
42001,Adams,42,652.7873289721606,1343.584297,48.58551342329067
42043,Dauphin,42,354.0537605121253,1359.501931,26.042902362904055
42099,Perry,42,359.42095415686225,1428.244417,25.165227315351185
42041,Cumberland,42,554.1520946743815,1412.836743,39.22265593813067
42075,Lebanon,42,397.5595871625209,937.071896,42.42572943010565
42133,York,42,960.1381135987364,2341.882851,40.99855435504602
42009,Bedford,42,591.3780711987434,2621.85083,22.55574819253708
42113,Sullivan,42,89.73999708870299,1165.338428,7.700766998881031
42067,Juniata,42,267.53030122106406,1013.592882,26.394256113280804
42115,Susquehanna,42,518.2787764107409,2132.844486,24.299885894762834
42105,Potter,42,267.62422995471337,2800.612694,9.555917193693665
42013,Blair,42,258.59586855966415,1361.81911,18.989002772891336
42083,McKean,42,123.2536512534472,2536.067959,4.860029512065895
42061,Huntingdon,42,370.60671309789967,2265.337411,16.359890199946012
42071,Lancaster,42,1325.27970107937,2444.602016,54.21249317497781
42087,Mifflin,42,263.7910398587699,1064.602268,24.778365384693124
42107,Schuylkill,42,333.05289136101004,2016.645874,16.515189684761182
42047,Elk,42,86.0155263242939,2142.856004,4.0140600284728185
42015,Bradford,42,953.5931590572808,2971.797231,32.088096358323874
42069,Lackawanna,42,125.15241408672306,1188.21634,10.532796922042248
42131,Wyoming,42,184.75013026084176,1029.016037,17.954057431355828
42079,Luzerne,42,206.11893183961445,2305.98375,8.938438175881094
42101,Philadelphia,42,1.3892502094314876,347.66137,0.3995986696570538
44009,Washington,44,42.53942777554621,852.827384,4.98804665206977
44007,Providence,44,22.676525800267594,1060.563722,2.1381577862671413
44001,Bristol,44,2.6842714664107974,62.513681,4.2938944299421395
44005,Newport,44,30.51627220703484,265.311882,11.502037517880499
44003,Kent,44,6.6810716351935895,436.563233,1.5303789073766523
45067,Marion,45,249.0803183675889,1267.172613,19.65638428516044
45033,Dillon,45,348.9164620846552,1049.113569,33.25821649768932
45051,Horry,45,522.7039773968507,2936.222687,17.801918761512884
50025,Windham,50,110.4236072020254,2034.453051,5.427680287227498
50003,Bennington,50,100.08156069758228,1748.233047,5.724726509965252
51530,Buena Vista,51,1.2101185178866514,16.674747,7.2571926751671345
51590,Danville,51,6.124467039128563,110.844524,5.525277044022998
51091,Highland,51,179.4840849426892,1075.266902,16.692049630547377
51163,Rockbridge,51,363.060140364292,1545.038082,23.498459008487533
51143,Pittsylvania,51,676.2810253512167,2509.70566,26.946627093761133
51009,Amherst,51,173.30012818084836,1227.55463,14.117508414338216
51019,Bedford,51,530.1626788039766,1968.605129,26.930879687044474
51031,Campbell,51,322.8037869643353,1303.30094,24.768169580567886
51015,Augusta,51,853.8962850567463,2504.708478,34.091643500906706
51095,James City,51,22.011082766111127,368.724589,5.969518557416068
51073,Gloucester,51,67.05038866687084,564.117808,11.88588406818578
51093,Isle of Wight,51,248.18944638271105,817.574799,30.356787744225844
51199,York,51,5.399283955261231,270.9178,1.9929602097984076
51115,Mathews,51,20.193445019340487,222.498971,9.075747599453162
51179,Stafford,51,60.477987913251326,697.237202,8.67394736536897
51157,Rappahannock,51,191.7916594799369,689.900924,27.79988441933684
51061,Fauquier,51,714.8709471318214,1678.326423,42.59427351766251
51153,Prince William,51,124.40692126734284,869.562682,14.306837660190991
51013,Arlington,51,0.0,67.333,0.0
51059,Fairfax,51,17.38307513224978,1012.684309,1.716534459728632
51107,Loudoun,51,537.5763286672632,1335.828238,40.242922957828895
51047,Culpeper,51,408.8034661520407,982.089169,41.62590109493822
51187,Warren,51,121.0340928396183,555.641045,21.782784754430498
51177,Spotsylvania,51,135.15947085364104,1039.887175,12.997513009393643
51043,Clarke,51,245.03429887661835,455.664152,53.77519776377281
51069,Frederick,51,319.57545197764534,1070.10164,29.86402786726365
51181,Surry,51,154.48680457192813,722.47575,21.382974386604413
51097,King and Queen,51,146.5472290465289,816.23912,17.953958032117956
51119,Middlesex,51,74.80561702298152,337.554148,22.16107177654399
51057,Essex,51,173.46113396229916,665.88453,26.049731769905986
51133,Northumberland,51,139.73952092612282,495.768323,28.186456141556025
51137,Orange,51,299.28192704727525,883.475384,33.87552527974851
51113,Madison,51,272.4775205164297,830.447699,32.81091883866243
51111,Lunenburg,51,179.02540007873748,1118.09771,16.01160600523343
51037,Charlotte,51,261.09075484053193,1231.010119,21.209472677009888
51049,Cumberland,51,135.88010825653916,770.525894,17.634723156563922
51083,Halifax,51,456.09461960060287,2117.910064,21.535126885378588
51171,Shenandoah,51,399.0005785564015,1315.897688,30.321550238668824
51175,Southampton,51,438.35514826059375,1551.866777,28.24695745520131
51131,Northampton,51,190.12870060965793,548.282865,34.67711882800822
51025,Brunswick,51,157.45437533511412,1466.539956,10.73645315225998
51103,Lancaster,51,69.61196687997806,345.238881,20.163420376738525
51159,Richmond,51,126.90863583846746,495.925426,25.59026603295542
51117,Mecklenburg,51,356.78705650868403,1619.502374,22.030659678964078
51001,Accomack,51,309.0507500157568,1163.706181,26.557455400828264
51081,Greensville,51,131.63160682693012,764.634552,17.214969750272303
51139,Page,51,193.40582324567916,802.949708,24.086916193969046
51193,Westmoreland,51,167.6427260565705,593.950813,28.225018366389623
51135,Nottoway,51,142.78179917960205,814.265583,17.535040429137485
51099,King George,51,79.49260239220092,465.122891,17.090666559389124
51147,Prince Edward,51,166.90602424513486,906.39597,18.414250478754322
51109,Louisa,51,226.11585918652736,1284.976753,17.596883263344715
51029,Buckingham,51,204.52476185571794,1501.215438,13.623944750274939
51079,Greene,51,94.84144144612654,403.865093,23.48344610365386
51003,Albemarle,51,419.36855282044235,1866.007831,22.47410465558986
51125,Nelson,51,165.05861752616522,1219.224471,13.538000708826424
51065,Fluvanna,51,123.68112844241367,743.630414,16.632069656367452
51011,Appomattox,51,195.97997486639957,865.622497,22.640351370904767
51085,Hanover,51,244.12122721427744,1211.818312,20.145035340436205
51145,Powhatan,51,106.41510420256084,673.916979,15.790536151866393
51075,Goochland,51,140.6122923946684,726.830014,19.345966689079024
51101,King William,51,156.6339612525606,709.471336,22.07756019230643
51087,Henrico,51,50.91978262731958,605.180344,8.413984877757294
51127,New Kent,51,55.743296907573146,543.990078,10.247116475454016
51036,Charles City,51,76.4783595207948,473.494109,16.15191362830552
51183,Sussex,51,201.20442860064819,1269.679004,15.846873734760774
51041,Chesterfield,51,38.29686007427931,1097.033443,3.4909473652463037
51149,Prince George,51,99.01400656271493,687.240723,14.407470810299307
51033,Caroline,51,195.9794376413852,1366.502845,14.341677981752404
51053,Dinwiddie,51,183.88132727693375,1305.091846,14.089531540673939
51007,Amelia,51,193.24507385761098,920.143514,21.001623216094416
51165,Rockingham,51,723.8308703606775,2200.943714,32.887295833894164
51735,Poquoson,51,0.00501396923828125,39.837347,0.012586102278048912
51550,Chesapeake,51,177.3379409806382,876.737869,20.227019643044322
51700,Newport News,51,1.3401965039672852,179.016537,0.748643966879599
51740,Portsmouth,51,0.2939680965576172,86.248207,0.3408396612321659
51800,Suffolk,51,243.06751531196073,1033.802704,23.511982931702676
51650,Hampton,51,0.3117756742553711,133.141155,0.23416927264554005
51810,Virginia Beach,51,91.29509278102164,633.832297,14.403666902606831
51710,Norfolk,51,0.026566286987304687,137.985832,0.019252909231510587
51830,Williamsburg,51,0.06505641394042969,23.15531,0.280956782441823
51510,Alexandria,51,0.0,38.676699,0.0
51610,Falls Church,51,0.0,5.300265,0.0
51600,Fairfax,51,0.0,16.162729,0.0
51685,Manassas Park,51,0.0013686765385646446,6.538719,0.02093187577818598
51683,Manassas,51,0.5649526911927466,25.5109,2.2145541364387245
51630,Fredericksburg,51,0.21998028009033202,27.067169,0.8127199416028031
51840,Winchester,51,1.006833188173062,23.80949,4.228705395088522
51595,Emporia,51,1.731051888043094,17.881071,9.680918374761188
51620,Franklin,51,3.4489345960135664,21.563597,15.994245282981156
51540,Charlottesville,51,0.02971934991455078,26.533569,0.11200660534793032
51680,Lynchburg,51,4.137186264901674,126.842533,3.2616711185526963
51760,Richmond,51,0.04910807365914139,155.176309,0.03164663083920973
51670,Hopewell,51,0.010006376098632813,26.818721,0.03731116073220946
51730,Petersburg,51,3.0545366235128957,58.845017,5.190816111945207
51570,Colonial Heights,51,0.0,19.475232,0.0
51660,Harrisonburg,51,3.496581556619562,44.90839,7.78603186758546
51820,Waynesboro,51,5.053270587913362,38.771454,13.033482282901648
51790,Staunton,51,13.16352090927806,51.593821,25.51375465926057
54093,Tucker,54,39.94146166243562,1085.319217,3.6801579698220364
54023,Grant,54,189.41695564250864,1236.390677,15.320153990655546
54083,Randolph,54,138.2944864165262,2692.810852,5.135692553890755
54071,Pendleton,54,237.98674017273424,1802.759655,13.201246184574407
54003,Berkeley,54,238.02633923111,831.770845,28.61681683867027
54037,Jefferson,54,285.29483095755734,542.073029,52.630331282827456
54027,Hampshire,54,261.04180654465046,1658.615872,15.738533011255932
54031,Hardy,54,213.28315928505762,1508.194692,14.141619806540046
54057,Mineral,54,121.58410593309324,849.172613,14.31794950423033
54065,Morgan,54,65.30489387326182,593.295474,11.007145130060746
