FIPS,total_obs,obs_on_ag,n_cells,year
01001,670,45.49,25,2015
01003,24708,758.78,435,2015
01005,6125,824.25,73,2015
01007,3448,70.43,103,2015
01009,834,61.4,37,2015
01011,6521,2155.5599999999995,41,2015
01013,796,152.82999999999998,30,2015
01015,1956,18.16,44,2015
01017,672,70.42999999999999,43,2015
01019,379,47.23,47,2015
01021,465,113.5,54,2015
01023,140,0.78,13,2015
01025,545,3.28,44,2015
01027,693,120.35,63,2015
01029,865,2.5700000000000003,36,2015
01031,272,96.11,37,2015
01033,6853,2230.87,88,2015
01035,149,1.93,27,2015
01037,703,2.48,19,2015
01039,2625,322.97,147,2015
01041,53,4.619999999999999,12,2015
01043,1118,18.619999999999997,25,2015
01045,536,41.55,21,2015
01047,398,41.36,38,2015
01049,1148,171.51999999999998,96,2015
01051,2197,506.12,68,2015
01053,437,43.17,53,2015
01055,270,10.21,32,2015
01057,37,11.59,5,2015
01059,120,44.66,13,2015
01061,542,312.75000000000006,47,2015
01063,1400,11.4,52,2015
01065,4534,797.14,94,2015
01067,820,171.02,60,2015
01069,6263,155.68,81,2015
01071,2283,929.76,180,2015
01073,27706,116.54,284,2015
01075,101,2.22,11,2015
01077,7994,1577.96,99,2015
01079,2255,214.9,80,2015
01081,6689,416.99,179,2015
01083,7792,2675.6,104,2015
01085,344,78.24,17,2015
01087,5861,681.78,120,2015
01089,21856,2381.6099999999997,220,2015
01091,5101,4384.15,25,2015
01093,192,29.92,22,2015
01095,7451,353.62,136,2015
01097,39072,160.26,342,2015
01099,547,33.29,57,2015
01101,11779,2421.44,203,2015
01103,6359,2102.19,92,2015
01105,1414,149.96,88,2015
01107,181,54.11,26,2015
01109,301,112.35,56,2015
01111,108,18.75,18,2015
01113,904,186.99,52,2015
01115,1007,121.95,63,2015
01117,10010,3358.07,152,2015
01119,204,32.6,42,2015
01121,162,12.12,23,2015
01123,223,21.56,37,2015
01125,1410,126.6,110,2015
01127,182,0.08,8,2015
01129,70,19.83,11,2015
01131,279,8.16,7,2015
01133,5309,31.76,44,2015
04001,15267,330.39,581,2015
04003,251123,1035.06,2656,2015
04005,113077,258.2,2638,2015
04007,15322,4.6499999999999995,480,2015
04009,10410,787.11,399,2015
04011,2354,186.93,118,2015
04012,21001,2996.69,358,2015
04013,272832,13301.88,3575,2015
04015,42019,196.47,1018,2015
04017,14009,287.58,392,2015
04019,400730,383.92,4579,2015
04021,44168,9524.04,1071,2015
04023,177422,2150.11,1557,2015
04025,108641,6786.78,1698,2015
04027,14272,375.53,414,2015
05001,1502,286.4,63,2015
05003,348,0.1,21,2015
05005,2302,418.44,62,2015
05007,24128,7363.06,675,2015
05009,2092,653.4399999999999,33,2015
05011,85,15.38,17,2015
05013,42,0.15,11,2015
05015,1783,196.55,101,2015
05017,452,125.57,21,2015
05019,1335,359.28,51,2015
05021,52,6.9,5,2015
05023,1762,271.24,82,2015
05025,94,20.229999999999997,13,2015
05027,1334,4.35,28,2015
05029,1095,265.84000000000003,84,2015
05031,1675,386.92,142,2015
05033,2755,1276.21,66,2015
05035,2013,97.19,41,2015
05037,202,22.85,10,2015
05039,37,0.8999999999999999,6,2015
05041,927,103.2,27,2015
05043,281,0.0,18,2015
05045,6157,1804.99,169,2015
05047,2392,286.7,90,2015
05049,538,382.28,11,2015
05051,3720,364.06,212,2015
05053,116,0.11,10,2015
05055,306,48.87,18,2015
05057,1550,207.14,61,2015
05059,697,105.06,71,2015
05061,677,90.53,38,2015
05063,228,54.510000000000005,18,2015
05065,95,53.82,8,2015
05067,44,18.99,9,2015
05069,5940,452.6,98,2015
05071,2400,766.4,177,2015
05073,185,59.23,30,2015
05075,53,21.84,17,2015
05077,255,78.58,17,2015
05079,26,3.36,8,2015
05081,148,9.84,30,2015
05083,1772,42.65,107,2015
05085,1277,591.4699999999999,73,2015
05087,992,68.63,47,2015
05089,1433,663.4499999999999,52,2015
05091,733,89.92,56,2015
05093,520,256.27,75,2015
05095,387,49.38,67,2015
05097,1057,28.130000000000003,86,2015
05099,95,2.58,26,2015
05101,1657,230.99,125,2015
05103,140,0.4599999999999999,25,2015
05105,536,121.14,93,2015
05107,307,36.8,26,2015
05109,96,3.56,35,2015
05111,792,437.62,37,2015
05113,757,48.26,94,2015
05115,6624,630.2,115,2015
05117,934,221.81,43,2015
05119,26012,2753.4,504,2015
05121,47,12.27,26,2015
05123,127,46.08,26,2015
05125,9123,198.49,255,2015
05127,7851,1120.17,110,2015
05129,361,77.92,29,2015
05131,7726,655.99,83,2015
05133,422,7.449999999999999,19,2015
05135,190,52.28,20,2015
05137,703,57.61,68,2015
05139,364,0.18,18,2015
05141,16769,646.8100000000001,79,2015
05143,10879,2409.83,270,2015
05145,5224,3186.8999999999996,94,2015
05147,47,23.98,17,2015
05149,1621,365.97,93,2015
06001,202588,5166.88,2591,2015
06003,13570,226.67,464,2015
06005,16870,47.07,345,2015
06007,41247,10688.09,970,2015
06009,10462,32.75,338,2015
06011,32336,9986.81,583,2015
06013,133172,5789.27,2818,2015
06015,24899,2058.87,540,2015
06017,24363,0.12,1012,2015
06019,45423,1705.05,1160,2015
06021,23647,2320.75,397,2015
06023,169296,13353.81,2401,2015
06025,76128,29348.24,1293,2015
06027,53606,4410.71,1624,2015
06029,90462,6967.12,2046,2015
06031,17547,7169.9,175,2015
06033,31987,1052.83,563,2015
06035,9127,873.41,809,2015
06037,615524,3577.06,10753,2015
06039,14233,1380.22,560,2015
06041,226416,325.48,3985,2015
06043,16827,0.0,1218,2015
06045,96465,4770.72,1260,2015
06047,34735,2827.06,524,2015
06049,7895,819.57,484,2015
06051,40363,822.6800000000001,1570,2015
06053,258709,4694.93,3538,2015
06055,40065,920.47,837,2015
06057,52717,120.1,1065,2015
06059,313789,488.57,2651,2015
06061,31546,2565.28,966,2015
06063,27141,1712.75,1014,2015
06065,159621,8476.0,3952,2015
06067,194457,21208.45,1544,2015
06069,31989,1501.48,1280,2015
06071,126849,2172.14,3336,2015
06073,355335,2702.39,6259,2015
06075,159640,0.07,1534,2015
06077,54302,13737.27,824,2015
06079,107527,744.46,2124,2015
06081,173151,1046.49,3327,2015
06083,136393,2872.28,2156,2015
06085,190203,4513.67,3587,2015
06087,239737,21178.37,2793,2015
06089,32938,923.16,959,2015
06091,15808,814.59,500,2015
06093,37846,4487.77,1059,2015
06095,63508,9879.679999999998,831,2015
06097,158328,18448.17,3653,2015
06099,35723,8795.6,583,2015
06101,13817,5586.23,427,2015
06103,18033,2249.4,571,2015
06105,5823,4.609999999999999,470,2015
06107,55339,12533.58,1376,2015
06109,20478,2.5,848,2015
06111,137675,13394.49,2090,2015
06113,516851,459165.78,1300,2015
06115,16765,4673.14,473,2015
08001,46312,2356.38,775,2015
08003,3885,5.3100000000000005,168,2015
08005,60036,2307.24,752,2015
08007,4229,64.69,131,2015
08009,9060,191.55,179,2015
08011,13256,2132.7,183,2015
08013,165925,1011.74,2679,2015
08014,4460,111.02,138,2015
08015,27922,645.62,390,2015
08017,2093,61.75,62,2015
08019,5168,0.0,289,2015
08021,1476,89.64,113,2015
08023,670,4.26,73,2015
08025,2553,9.49,60,2015
08027,3858,81.67999999999999,117,2015
08029,9593,3302.02,225,2015
08031,33459,1446.2,676,2015
08033,554,30.649999999999995,91,2015
08035,53038,41.309999999999995,710,2015
08037,7151,582.09,326,2015
08039,16948,242.83,690,2015
08041,75695,138.2,1074,2015
08043,16975,983.12,332,2015
08045,3621,198.21,218,2015
08047,3521,0.0,146,2015
08049,9314,7.5,424,2015
08051,10270,816.34,684,2015
08053,1238,1.4,84,2015
08055,3116,18.02,117,2015
08057,14281,62.779999999999994,285,2015
08059,132744,4.69,1686,2015
08061,6759,319.52000000000004,99,2015
08063,4666,215.95,84,2015
08065,6410,0.0,135,2015
08067,13613,536.11,371,2015
08069,112803,1525.34,2446,2015
08071,2385,7.18,162,2015
08073,10414,755.1999999999999,257,2015
08075,18855,3590.83,236,2015
08077,32500,3804.84,669,2015
08079,685,3.16,98,2015
08081,5857,402.14,228,2015
08083,5857,323.09,404,2015
08085,5979,567.4,448,2015
08087,14873,1147.58,354,2015
08089,8012,235.63,163,2015
08091,2428,99.91,120,2015
08093,23578,0.79,1497,2015
08095,3970,877.3000000000001,37,2015
08097,2366,13.16,168,2015
08099,25747,8627.64,254,2015
08101,26957,77.28,409,2015
08103,1671,108.82,195,2015
08105,3365,142.92,131,2015
08107,7910,929.56,320,2015
08109,6242,112.9,272,2015
08111,903,1.81,137,2015
08113,1362,0.69,195,2015
08115,4428,546.8199999999999,81,2015
08117,8140,8.99,374,2015
08119,7598,0.0,194,2015
08121,8211,440.47,124,2015
08123,57268,5696.11,1321,2015
08125,9654,545.4499999999999,224,2015
09001,156968,2369.64,1340,2015
09003,66981,10489.46,1057,2015
09005,112384,6894.14,881,2015
09007,35486,975.54,601,2015
09009,211281,8022.679999999999,1668,2015
09011,53541,6072.38,838,2015
09013,27359,3201.7200000000003,643,2015
09015,29656,1438.18,280,2015
10001,75975,5645.15,585,2015
10003,111612,11688.11,949,2015
10005,103024,5328.99,993,2015
11001,99935,918.09,951,2015
12001,138454,9534.45,1478,2015
12003,1653,33.48,133,2015
12005,16238,28.59,249,2015
12007,1235,125.2,135,2015
12009,151324,16281.68,1643,2015
12011,74329,1009.19,1220,2015
12013,2998,242.44,159,2015
12015,67364,3671.11,873,2015
12017,18964,384.99,466,2015
12019,22163,357.03,329,2015
12021,95355,2334.63,1578,2015
12023,2464,217.38,161,2015
12027,6047,2327.3,200,2015
12029,1484,31.92,111,2015
12031,105235,1306.65,1044,2015
12033,23027,320.21,332,2015
12035,8423,655.2,375,2015
12037,18079,0.42,311,2015
12039,1623,31.75,138,2015
12041,828,116.85,46,2015
12043,8216,2434.75,211,2015
12045,5033,7.340000000000001,144,2015
12047,950,119.27,83,2015
12049,2480,1240.0,126,2015
12051,24914,5748.84,426,2015
12053,47350,9108.94,597,2015
12055,9032,1821.43,339,2015
12057,44874,4574.49,1161,2015
12059,1367,160.79,97,2015
12061,36141,1869.93,577,2015
12063,5602,973.67,290,2015
12065,4438,1557.81,118,2015
12067,889,96.33,60,2015
12069,55449,16619.79,781,2015
12071,177638,2375.04,2100,2015
12073,49152,4749.42,716,2015
12075,10339,180.23,302,2015
12077,2341,49.65,238,2015
12079,2378,472.42,163,2015
12081,39197,2383.46,681,2015
12083,14852,2081.66,620,2015
12085,27420,3081.9,528,2015
12086,112767,5118.59,2765,2015
12087,92755,75.4,1454,2015
12089,10411,347.7,476,2015
12091,13474,298.68,406,2015
12093,5845,1864.47,291,2015
12095,121417,23356.95,1670,2015
12097,41129,9940.17,870,2015
12099,173479,15236.57,1901,2015
12101,38032,6737.85,880,2015
12103,173070,757.85,1339,2015
12105,76391,5459.11,1296,2015
12107,5520,315.18,357,2015
12109,44302,1581.01,829,2015
12111,9405,1155.44,461,2015
12113,13360,209.49,202,2015
12115,94004,3225.84,1036,2015
12117,49233,2950.71,688,2015
12119,5339,1202.01,267,2015
12121,2314,128.4,114,2015
12123,2861,10.15,107,2015
12125,753,54.25,54,2015
12127,52531,1564.05,1138,2015
12129,48587,21.549999999999997,371,2015
12131,9246,38.46,248,2015
12133,3387,246.04,91,2015
13001,573,118.96,32,2015
13003,212,52.54,32,2015
13005,131,35.5,21,2015
13007,2062,949.7,107,2015
13009,4372,125.64,43,2015
13011,364,104.37,26,2015
13013,2433,225.02,73,2015
13015,27873,9397.28,209,2015
13017,258,51.15,17,2015
13019,2133,257.72,64,2015
13021,35850,4526.2699999999995,156,2015
13023,658,34.550000000000004,26,2015
13025,384,20.82,20,2015
13027,1964,1048.37,62,2015
13029,2553,154.08,87,2015
13031,5425,2617.56,147,2015
13033,5094,347.56,72,2015
13035,4543,605.92,71,2015
13037,247,24.69,18,2015
13039,11258,3.4000000000000004,202,2015
13043,615,179.79000000000002,35,2015
13045,4258,85.43,46,2015
13047,2025,1021.57,297,2015
13049,4068,6.61,90,2015
13051,52292,622.22,661,2015
13053,104,0.0,12,2015
13055,329,85.78,37,2015
13057,17539,724.8,151,2015
13059,47771,3195.67,408,2015
13061,1341,41.93,27,2015
13063,23785,1642.59,124,2015
13065,2438,0.0,70,2015
13067,52917,4276.2699999999995,401,2015
13069,294,4.35,22,2015
13071,248,66.41,16,2015
13073,5670,125.78,120,2015
13075,852,53.190000000000005,37,2015
13077,13235,4272.57,129,2015
13079,1080,424.82,10,2015
13081,1681,155.52,57,2015
13083,590,54.52,27,2015
13085,4881,174.75,73,2015
13087,10744,3882.48,98,2015
13089,53309,2846.9700000000003,548,2015
13091,264,31.36,17,2015
13093,354,129.6,29,2015
13095,9969,556.15,122,2015
13097,1050,15.54,36,2015
13099,1386,354.34,47,2015
13101,21,5.3999999999999995,6,2015
13103,522,5.2299999999999995,39,2015
13105,400,78.12,27,2015
13107,1103,312.92,50,2015
13109,863,44.379999999999995,42,2015
13111,1853,320.6,92,2015
13113,1300,22.45,64,2015
13115,5097,974.26,164,2015
13117,9189,754.81,138,2015
13119,491,75.65,47,2015
13121,63817,2849.48,616,2015
13123,2294,73.84,57,2015
13125,110,14.26,8,2015
13127,42419,1058.87,502,2015
13129,4348,2122.8900000000003,122,2015
13131,1423,425.95,41,2015
13133,8416,993.3,128,2015
13135,36037,2787.27,350,2015
13137,782,180.28,40,2015
13139,6881,192.15,138,2015
13141,289,4.91,19,2015
13143,150,32.18,15,2015
13145,1671,122.39,50,2015
13147,1375,50.94,27,2015
13149,254,61.02,16,2015
13151,8262,2596.39,94,2015
13153,2975,111.56,76,2015
13155,110,62.45,20,2015
13157,1732,628.97,49,2015
13159,3279,287.75,40,2015
13161,489,218.11,17,2015
13163,3809,844.99,88,2015
13165,292,49.32,27,2015
13167,340,49.88,32,2015
13169,3404,55.23000000000001,57,2015
13171,3202,618.21,47,2015
13173,120,7.94,11,2015
13175,2353,513.46,113,2015
13177,3504,1852.66,58,2015
13179,8227,0.96,157,2015
13181,1420,125.2,63,2015
13183,1649,338.09,76,2015
13185,3891,413.5,169,2015
13187,503,36.05,35,2015
13189,303,115.09,26,2015
13191,32811,86.01,259,2015
13193,2670,2154.87,57,2015
13195,1112,389.42,62,2015
13197,488,100.78,27,2015
13199,1794,822.11,43,2015
13201,3027,1560.93,119,2015
13205,1534,830.33,37,2015
13207,2412,305.31,66,2015
13209,4982,60.03,19,2015
13211,4204,2331.59,99,2015
13213,6858,1079.68,515,2015
13215,12100,1080.43,107,2015
13217,849,299.09000000000003,46,2015
13219,22382,5583.97,304,2015
13221,3733,1959.62,161,2015
13223,435,42.68,35,2015
13225,848,237.61,43,2015
13227,3517,148.97,38,2015
13229,166,22.08,27,2015
13231,557,208.03,34,2015
13233,196,94.95,24,2015
13235,49,3.27,13,2015
13237,519,40.26,30,2015
13239,194,27.57,24,2015
13241,8130,1144.43,217,2015
13243,188,37.75,20,2015
13245,18457,1976.52,247,2015
13247,7018,2874.65,111,2015
13249,283,80.72,14,2015
13251,1008,144.83,41,2015
13253,2478,277.74,58,2015
13255,1129,126.33,34,2015
13257,374,33.84,37,2015
13259,3471,241.74,34,2015
13261,1642,378.7,51,2015
13263,483,86.77,23,2015
13265,402,104.59,37,2015
13267,1488,517.61,88,2015
13269,636,146.85,53,2015
13271,731,152.95,72,2015
13273,65,21.07,14,2015
13275,1191,25.28,69,2015
13277,3152,641.28,132,2015
13279,517,53.97,40,2015
13281,3940,293.08,108,2015
13283,135,0.19,21,2015
13285,3324,1774.29,60,2015
13287,6842,643.02,128,2015
13289,561,150.95,25,2015
13291,2973,82.11,80,2015
13293,2945,1329.03,52,2015
13295,9067,645.1800000000001,137,2015
13297,4297,1633.64,56,2015
13299,748,14.76,72,2015
13301,144,54.13,18,2015
13303,2373,657.42,50,2015
13305,569,26.15,56,2015
13307,66,9.33,11,2015
13309,170,10.01,14,2015
13311,452,4.82,46,2015
13313,6016,2987.81,147,2015
13315,370,164.93,32,2015
13317,257,62.12,37,2015
13319,256,7.49,25,2015
13321,749,221.59,84,2015
16001,94377,5545.44,1128,2015
16003,10284,2184.9700000000003,144,2015
16005,3763,379.9,161,2015
16007,1439,43.2,68,2015
16009,4495,107.0,136,2015
16011,1311,98.69,120,2015
16013,8287,894.31,1038,2015
16015,5551,58.690000000000005,320,2015
16017,9842,351.81,368,2015
16019,2712,150.67000000000002,199,2015
16021,7030,578.02,187,2015
16023,2291,90.49,306,2015
16025,1024,302.64,59,2015
16027,21328,5800.42,401,2015
16029,1432,108.27,72,2015
16031,3760,569.65,229,2015
16033,1117,18.95,298,2015
16035,995,57.42,67,2015
16037,4771,101.95,330,2015
16039,6415,503.96,294,2015
16041,303,43.7,28,2015
16043,4227,300.74,250,2015
16045,2555,295.79,100,2015
16047,3899,348.53000000000003,148,2015
16049,5666,276.33,432,2015
16051,14113,2507.36,236,2015
16053,353,83.42999999999999,54,2015
16055,11503,411.5,364,2015
16057,35095,4227.73,534,2015
16059,5127,1402.75,231,2015
16061,101,20.1,9,2015
16063,107,6.6,23,2015
16065,1912,441.39,69,2015
16067,1846,75.04,72,2015
16069,6447,320.7,181,2015
16071,1803,107.47,100,2015
16073,13472,1717.66,812,2015
16075,2614,683.05,113,2015
16077,3320,622.19,559,2015
16079,3279,0.87,313,2015
16081,2216,469.58,125,2015
16083,6316,1380.59,261,2015
16085,16330,214.7,536,2015
16087,1545,286.82,166,2015
17001,6558,384.89,176,2015
17003,3735,2740.66,107,2015
17005,1282,404.74,45,2015
17007,1941,812.5400000000001,84,2015
17009,3226,1635.15,42,2015
17011,3322,569.91,109,2015
17013,4380,814.2800000000001,30,2015
17015,12946,1536.01,120,2015
17017,1400,702.42,103,2015
17019,45716,6412.97,584,2015
17021,970,236.9,50,2015
17023,670,113.45,50,2015
17025,90,20.52,8,2015
17027,18613,4229.77,119,2015
17029,16698,2385.64,244,2015
17031,336713,7864.67,3241,2015
17033,139,67.14,26,2015
17035,254,89.15,33,2015
17037,5403,1664.01,185,2015
17039,4721,517.9,82,2015
17041,1438,817.54,75,2015
17043,150903,12632.65,1578,2015
17045,884,260.91,34,2015
17047,4753,1727.67,40,2015
17049,1376,144.51,46,2015
17051,1587,165.61,39,2015
17053,482,248.4,37,2015
17055,2979,147.75,107,2015
17057,12742,5306.75,146,2015
17059,411,128.24,29,2015
17061,210,102.15,15,2015
17063,6379,764.61,193,2015
17065,423,98.72,15,2015
17067,836,206.3,81,2015
17069,544,93.65,71,2015
17071,612,230.17,59,2015
17073,2733,322.93,59,2015
17075,1883,966.5,101,2015
17077,24324,5254.49,492,2015
17079,2091,1367.56,33,2015
17081,1571,638.3399999999999,72,2015
17083,1255,42.16,51,2015
17085,3272,583.4,111,2015
17087,5136,1109.76,199,2015
17089,81831,27704.14,1204,2015
17091,22691,8155.06,266,2015
17093,22034,2852.14,367,2015
17095,2654,259.21,64,2015
17097,96152,13283.51,1193,2015
17099,5427,1674.89,232,2015
17101,258,42.16,13,2015
17103,2927,1208.06,135,2015
17105,708,319.48,98,2015
17107,582,334.15000000000003,52,2015
17109,817,507.73,43,2015
17111,36992,5383.0599999999995,494,2015
17113,17433,3847.97,304,2015
17115,2418,474.69,96,2015
17117,315,85.46000000000001,30,2015
17119,25966,2213.5,277,2015
17121,1459,947.32,59,2015
17123,1532,540.79,99,2015
17125,12291,1536.14,192,2015
17127,5636,509.76,83,2015
17129,9560,4087.65,127,2015
17131,960,657.9399999999999,29,2015
17133,4938,1568.18,82,2015
17135,1007,445.94,42,2015
17137,6912,2705.59,104,2015
17139,6922,449.63,102,2015
17141,3797,813.1899999999999,188,2015
17143,13744,2991.72,343,2015
17145,1418,258.78,22,2015
17147,1033,150.67,42,2015
17149,321,145.81,65,2015
17151,838,134.25,72,2015
17153,2071,619.26,65,2015
17155,8356,4978.23,151,2015
17157,1847,667.54,76,2015
17159,461,83.1,14,2015
17161,3386,148.59,124,2015
17163,21140,3263.95,159,2015
17165,486,51.89,25,2015
17167,20281,4788.4,633,2015
17169,528,338.40000000000003,59,2015
17171,335,194.49,41,2015
17173,1105,262.34,45,2015
17175,905,203.35,27,2015
17177,1386,473.1,62,2015
17179,6152,675.37,185,2015
17181,6754,1397.4,259,2015
17183,2631,277.33,154,2015
17185,234,46.22,16,2015
17187,696,291.79999999999995,39,2015
17189,364,68.07000000000001,52,2015
17191,509,277.77,21,2015
17193,3147,709.39,37,2015
17195,4067,321.08,67,2015
17197,57501,12066.63,1295,2015
17199,22078,5791.72,356,2015
17201,23604,2386.9,525,2015
17203,9361,2815.65,199,2015
18001,585,495.09,13,2015
18003,11265,2803.6,219,2015
18005,1037,373.27,70,2015
18007,3448,1961.72,38,2015
18009,1127,359.86000000000007,10,2015
18011,2014,645.44,71,2015
18013,12553,1310.9,143,2015
18015,413,117.59,20,2015
18017,3893,1492.9799999999998,75,2015
18019,5223,726.5600000000001,106,2015
18021,1424,1066.91,32,2015
18023,141,95.19,24,2015
18025,440,89.24000000000001,28,2015
18027,2015,1205.66,59,2015
18029,4855,2859.21,60,2015
18031,242,64.99000000000001,12,2015
18033,189,106.27,23,2015
18035,2994,213.05,87,2015
18037,676,158.75,22,2015
18039,18790,2272.69,298,2015
18041,631,97.05,19,2015
18043,2727,131.78,42,2015
18045,375,158.86,38,2015
18047,2047,302.47,63,2015
18049,164,61.0,20,2015
18051,28188,11797.39,258,2015
18053,1290,115.12,46,2015
18055,27923,6949.49,233,2015
18057,13879,2105.74,174,2015
18059,1220,505.22,56,2015
18061,11567,2645.01,69,2015
18063,2189,223.67,75,2015
18065,1297,102.84,56,2015
18067,214,95.08,11,2015
18069,2528,357.76000000000005,43,2015
18071,9085,1399.03,120,2015
18073,1009,357.01,68,2015
18075,1403,684.02,28,2015
18077,784,13.88,35,2015
18079,767,71.74,24,2015
18081,8041,2849.0899999999997,151,2015
18083,3952,1413.93,48,2015
18085,3901,183.13,84,2015
18087,8819,1248.91,163,2015
18089,15544,270.24,261,2015
18091,10556,1864.34,204,2015
18093,7060,1558.13,62,2015
18095,4018,515.01,132,2015
18097,47288,4007.4,415,2015
18099,962,516.54,68,2015
18101,155,25.1,9,2015
18103,1201,212.52,65,2015
18105,26321,3693.73,319,2015
18107,1531,621.7800000000001,54,2015
18109,2592,399.82,67,2015
18111,11272,2572.88,113,2015
18113,4552,974.08,53,2015
18115,188,28.43,10,2015
18117,1585,232.64,43,2015
18119,2100,115.78,48,2015
18121,1764,184.94,50,2015
18123,189,2.93,22,2015
18125,4284,1332.71,68,2015
18127,22762,880.05,363,2015
18129,2291,122.15,32,2015
18131,557,82.47999999999999,18,2015
18133,10384,2833.94,76,2015
18135,126,44.23,10,2015
18137,805,185.42,25,2015
18139,241,168.66,9,2015
18141,17339,1907.22,400,2015
18143,5948,2166.7,28,2015
18145,488,245.94,58,2015
18147,1988,731.67,20,2015
18149,4025,555.24,73,2015
18151,2984,989.83,100,2015
18153,10566,2999.03,148,2015
18155,150,42.07,7,2015
18157,56107,9548.3,364,2015
18159,220,154.84,12,2015
18161,8515,1863.9,96,2015
18163,14213,826.69,179,2015
18165,2730,436.75,53,2015
18167,8039,1624.05,173,2015
18169,747,213.43,27,2015
18171,1245,212.71,33,2015
18173,22723,5745.03,121,2015
18175,715,143.09,32,2015
18177,2799,902.1,96,2015
18179,603,328.06,13,2015
18181,812,409.55,49,2015
18183,360,168.57999999999998,21,2015
19001,97,36.54,15,2015
19003,100,51.96,5,2015
19005,1740,50.36,61,2015
19007,779,279.1,18,2015
19009,29,5.369999999999999,3,2015
19011,1206,478.8,56,2015
19013,12870,1155.06,132,2015
19015,991,95.79,34,2015
19017,2437,632.46,33,2015
19019,280,36.48,29,2015
19021,511,81.05,19,2015
19023,901,127.03,18,2015
19025,375,47.95,10,2015
19027,412,65.39,13,2015
19029,385,74.04,22,2015
19031,352,54.45,29,2015
19033,502,114.8,38,2015
19035,365,117.07,13,2015
19037,137,104.53,11,2015
19039,95,33.18,23,2015
19041,1327,79.69,18,2015
19043,1064,113.57,78,2015
19045,514,50.83,19,2015
19047,29,15.6,3,2015
19049,3495,1354.45,75,2015
19051,101,38.32,5,2015
19053,811,231.46,53,2015
19055,375,141.92,15,2015
19057,3013,1764.34,72,2015
19059,3417,745.0500000000001,77,2015
19061,13331,1093.81,133,2015
19063,427,94.29,19,2015
19065,819,108.35,29,2015
19067,494,257.34000000000003,16,2015
19069,174,54.16,20,2015
19071,657,100.13,33,2015
19073,226,79.05000000000001,7,2015
19075,465,210.45,17,2015
19077,388,7.79,15,2015
19079,239,12.84,16,2015
19081,434,103.84,15,2015
19083,794,368.81,35,2015
19085,2744,1027.63,34,2015
19087,261,65.37,24,2015
19089,722,539.88,43,2015
19091,20,4.79,3,2015
19093,222,61.98,11,2015
19095,1189,447.13,48,2015
19097,7480,607.02,68,2015
19099,3114,1061.34,71,2015
19101,2265,873.92,59,2015
19103,25967,2356.92,316,2015
19105,783,249.17,16,2015
19107,393,213.13,10,2015
19109,989,431.72,48,2015
19111,2072,191.19,76,2015
19113,18757,1840.19,232,2015
19115,4418,1772.6,24,2015
19117,778,328.87999999999994,18,2015
19119,118,74.94,7,2015
19121,316,70.84,17,2015
19123,138,55.77,15,2015
19125,1746,205.08,49,2015
19127,647,125.57,25,2015
19129,76,26.1,14,2015
19131,51,36.84,10,2015
19133,275,62.22,36,2015
19135,25,17.09,5,2015
19137,4,0.0,1,2015
19139,1397,221.27,38,2015
19141,363,50.32,17,2015
19143,149,54.73,9,2015
19145,56,15.75,9,2015
19147,267,43.08,9,2015
19149,395,13.63,30,2015
19151,155,19.24,3,2015
19153,33965,2962.49,359,2015
19155,3128,402.02,112,2015
19157,1092,127.75,93,2015
19159,700,428.7,48,2015
19161,304,34.04,15,2015
19163,10868,2153.95,156,2015
19165,197,50.1,9,2015
19167,2391,1565.07,28,2015
19169,6012,1711.3,169,2015
19171,1644,604.79,26,2015
19173,210,171.47,9,2015
19175,46,0.06,4,2015
19177,1888,201.05,36,2015
19179,143,22.52,19,2015
19181,707,523.53,42,2015
19183,1434,1001.08,42,2015
19185,77,7.77,6,2015
19187,223,40.93,8,2015
19189,508,184.48,16,2015
19191,1545,776.8299999999999,100,2015
19193,1627,486.55,61,2015
19195,47,8.02,10,2015
19197,89,26.000000000000004,11,2015
20001,1343,425.21,47,2015
20003,416,125.34,19,2015
20005,5927,739.87,49,2015
20007,1328,160.58,58,2015
20009,17111,188.21,122,2015
20011,2459,212.99,33,2015
20013,6769,1535.04,55,2015
20015,2452,45.760000000000005,140,2015
20017,1111,43.24,76,2015
20019,382,19.17,24,2015
20021,2484,617.58,177,2015
20023,954,87.91000000000001,41,2015
20025,854,17.56,30,2015
20027,1149,230.2,27,2015
20029,88,8.89,35,2015
20031,2970,816.2,45,2015
20033,2596,161.13,28,2015
20035,1614,31.049999999999997,51,2015
20037,2724,959.19,321,2015
20039,144,1.29,14,2015
20041,488,30.65,40,2015
20043,755,326.6,35,2015
20045,32884,12125.04,488,2015
20047,585,28.01,22,2015
20049,780,25.38,157,2015
20051,2854,89.0,89,2015
20053,3086,308.46,82,2015
20055,4246,411.59,107,2015
20057,4658,390.01,120,2015
20059,1391,640.89,119,2015
20061,3036,155.96,140,2015
20063,315,16.87,47,2015
20065,28,3.06,3,2015
20067,615,130.41,33,2015
20069,903,266.24,63,2015
20071,500,58.599999999999994,10,2015
20073,384,9.8,17,2015
20075,451,46.35,35,2015
20077,638,79.73,22,2015
20079,6692,317.78000000000003,78,2015
20081,430,94.69,26,2015
20083,1975,32.29,45,2015
20085,2537,719.29,28,2015
20087,7923,1684.14,129,2015
20089,242,34.96,12,2015
20091,65094,6414.77,759,2015
20093,520,149.14,23,2015
20095,1035,4.87,54,2015
20097,2994,184.15,64,2015
20099,2245,923.53,49,2015
20101,679,67.63,44,2015
20103,7660,2994.81,121,2015
20105,318,90.43,23,2015
20107,13722,4964.96,109,2015
20109,293,20.51,39,2015
20111,2160,293.78,81,2015
20113,1441,234.58,60,2015
20115,1694,90.31,76,2015
20117,299,34.37,33,2015
20119,1036,65.64,43,2015
20121,7433,2809.19,119,2015
20123,596,167.45,27,2015
20125,1382,174.6,36,2015
20127,1626,115.17,63,2015
20129,4316,135.58,103,2015
20131,1128,248.03,15,2015
20133,8487,1149.5,58,2015
20135,990,64.91,39,2015
20137,234,21.72,10,2015
20139,4524,480.85,89,2015
20141,173,14.86,10,2015
20143,1832,961.68,9,2015
20145,678,60.620000000000005,22,2015
20147,603,24.04,13,2015
20149,20853,2776.56,159,2015
20151,1275,160.09,45,2015
20153,79,34.94,6,2015
20155,9886,2875.6800000000003,151,2015
20157,63,2.56,9,2015
20159,557,77.07,39,2015
20161,42622,4318.63,621,2015
20163,508,12.4,16,2015
20165,682,23.68,32,2015
20167,6429,69.53,94,2015
20169,1673,50.39,71,2015
20171,5308,161.29,58,2015
20173,7931,418.63,458,2015
20175,2034,162.81,70,2015
20177,22702,7493.05,280,2015
20179,722,199.3,70,2015
20181,375,92.26,44,2015
20183,108,13.0,12,2015
20185,24367,119.37,113,2015
20187,1235,660.61,103,2015
20189,542,106.25,37,2015
20191,1231,52.29,40,2015
20193,243,30.82,40,2015
20195,554,51.6,51,2015
20197,1770,131.43,59,2015
20199,112,5.38,22,2015
20201,394,45.48,14,2015
20203,845,61.73,12,2015
20205,1034,252.55,34,2015
20207,1227,27.78,14,2015
20209,7727,61.53,76,2015
21001,577,170.56,21,2015
21003,252,29.89,17,2015
21005,1714,1027.42,32,2015
21007,267,116.67,13,2015
21009,3217,1172.06,59,2015
21011,378,23.47,19,2015
21013,151,0.0,18,2015
21015,2459,491.05,81,2015
21017,127,56.91,21,2015
21019,2600,464.11,32,2015
21021,763,252.47,30,2015
21023,9,0.55,2,2015
21025,86,6.36,8,2015
21027,50,14.74,10,2015
21029,3430,118.88,37,2015
21031,20,6.4399999999999995,2,2015
21033,44,16.29,15,2015
21035,3060,293.53,76,2015
21037,2779,100.8,67,2015
21039,129,11.56,3,2015
21041,261,19.72,19,2015
21043,675,5.629999999999999,22,2015
21045,1433,394.71,84,2015
21047,1795,941.26,48,2015
21049,144,42.18000000000001,13,2015
21051,47,4.41,3,2015
21053,44,8.71,5,2015
21055,592,178.43,6,2015
21057,97,10.83,4,2015
21059,369,123.29,42,2015
21061,3963,18.24,80,2015
21063,2,0.0,1,2015
21065,82,50.720000000000006,16,2015
21067,27982,5674.94,287,2015
21069,82,61.47,4,2015
21071,239,0.0,2,2015
21073,4500,1181.06,67,2015
21075,2633,1233.88,60,2015
21077,83,24.09,12,2015
21079,591,223.85,58,2015
21081,514,134.72,20,2015
21083,446,75.27,16,2015
21085,106,27.65,7,2015
21087,74,24.06,10,2015
21089,458,130.57,27,2015
21091,1,0.01,1,2015
21093,1896,320.56,97,2015
21095,189,2.8600000000000003,22,2015
21097,791,333.77,72,2015
21099,2346,1712.88,46,2015
21101,10884,4773.39,62,2015
21103,186,18.74,7,2015
21105,97,29.55,6,2015
21107,1020,393.23,37,2015
21109,399,49.68000000000001,24,2015
21111,65532,15160.39,457,2015
21113,3184,1308.47,43,2015
21115,1088,34.71,7,2015
21117,3359,122.39,98,2015
21119,57,3.96,14,2015
21121,161,12.91,8,2015
21123,207,39.04,12,2015
21125,1564,79.83,70,2015
21127,134,20.17,8,2015
21129,113,2.08,15,2015
21131,48,0.18,4,2015
21133,43,0.6599999999999999,12,2015
21135,108,15.88,12,2015
21137,1300,215.19,49,2015
21139,547,2.99,27,2015
21141,2451,1051.5800000000002,60,2015
21143,2430,300.51,83,2015
21145,697,67.13,44,2015
21147,871,36.5,80,2015
21149,361,146.02,12,2015
21151,11809,1983.83,202,2015
21153,61,0.0,3,2015
21155,24,4.34,4,2015
21157,6345,1725.87,103,2015
21159,20,0.33,3,2015
21161,394,165.19,19,2015
21163,214,6.859999999999999,10,2015
21165,271,18.7,29,2015
21167,2299,2137.6600000000003,21,2015
21169,23,2.67,4,2015
21171,2050,891.85,48,2015
21173,17,3.6,8,2015
21175,2,0.0,2,2015
21177,3905,888.47,35,2015
21179,840,140.51999999999998,22,2015
21181,1,0.11,1,2015
21183,203,66.69,7,2015
21185,6398,2738.04,63,2015
21187,150,126.08,7,2015
21189,26,7.75,2,2015
21191,117,30.889999999999997,13,2015
21193,54,1.02,16,2015
21195,808,2.61,28,2015
21197,613,9.3,45,2015
21199,10461,3075.5699999999997,159,2015
21201,1,0.0,1,2015
21203,464,277.24,72,2015
21205,2969,713.14,49,2015
21207,948,151.95,23,2015
21209,1082,218.64,45,2015
21211,3000,646.9699999999999,31,2015
21213,464,249.7,25,2015
21215,880,467.13,15,2015
21217,709,27.97,16,2015
21219,2250,933.35,50,2015
21221,5356,831.6800000000001,105,2015
21223,5,0.12,4,2015
21225,1109,247.12,16,2015
21227,1836,1021.2,76,2015
21229,18,0.6900000000000001,4,2015
21231,623,443.41,28,2015
21233,6,0.69,5,2015
21235,1516,13.02,44,2015
21237,782,42.24,39,2015
21239,391,65.8,21,2015
22001,4116,1803.14,98,2015
22003,510,155.3,29,2015
22005,1697,19.76,70,2015
22007,231,48.03,19,2015
22009,126,32.29,21,2015
22011,3092,507.27,41,2015
22013,83,0.02,10,2015
22015,6246,1297.44,79,2015
22017,9920,1634.59,186,2015
22019,8605,2770.17,329,2015
22021,548,5.8,12,2015
22023,66370,8953.99,483,2015
22025,761,258.48,24,2015
22027,2370,782.11,37,2015
22029,887,181.43,29,2015
22031,5323,236.29,39,2015
22033,37354,4597.16,557,2015
22035,452,55.47,13,2015
22037,371,106.3,18,2015
22039,1123,246.09,36,2015
22041,69,35.879999999999995,6,2015
22043,1030,3.3200000000000003,41,2015
22045,1192,178.58,53,2015
22047,13427,1093.39,119,2015
22049,599,43.92,21,2015
22051,27267,91.78,360,2015
22053,16743,7740.38,235,2015
22055,10411,1332.05,161,2015
22057,11876,575.26,162,2015
22059,1851,30.9,30,2015
22061,1505,62.510000000000005,55,2015
22063,3285,378.6799999999999,79,2015
22065,600,34.56,35,2015
22067,3937,3138.32,41,2015
22069,2594,449.23,76,2015
22071,39639,55.46,404,2015
22073,9010,4373.799999999999,142,2015
22075,8072,180.39,150,2015
22077,1658,542.81,26,2015
22079,10911,1021.35,163,2015
22081,4272,3810.32,23,2015
22083,1291,422.95,30,2015
22085,1039,15.55,32,2015
22087,2458,2.95,46,2015
22089,4910,7.550000000000001,75,2015
22091,229,154.95,5,2015
22093,291,94.52,43,2015
22095,932,58.85999999999999,84,2015
22097,2228,1511.86,59,2015
22099,17756,955.5,162,2015
22101,1495,146.27,113,2015
22103,38528,274.61,421,2015
22105,2474,177.83,105,2015
22107,372,178.59,16,2015
22109,4344,783.44,145,2015
22111,6824,192.48,90,2015
22113,8623,4028.31,185,2015
22115,4474,38.21,112,2015
22117,4191,1115.59,80,2015
22119,243,3.76,22,2015
22121,510,171.13,36,2015
22123,448,149.74,12,2015
22125,1196,87.63,51,2015
22127,190,7.52,12,2015
23001,12801,1667.5800000000002,258,2015
23003,5055,538.38,238,2015
23005,109693,7875.870000000001,1393,2015
23007,6431,162.68,314,2015
23009,60582,598.86,1407,2015
23011,30074,1696.82,552,2015
23013,9249,618.28,326,2015
23015,40889,1545.49,336,2015
23017,10163,956.68,418,2015
23019,38928,4696.75,869,2015
23021,9452,39.92,339,2015
23023,21039,1291.24,335,2015
23025,7422,871.73,276,2015
23027,28814,3350.33,548,2015
23029,20898,1504.64,457,2015
23031,88862,7521.339999999999,1153,2015
24001,24649,4067.25,421,2015
24003,140345,5396.25,1790,2015
24005,114550,13519.32,1042,2015
24009,30590,1438.07,284,2015
24011,12989,2995.5,360,2015
24013,17742,4614.89,363,2015
24015,20985,4801.759999999999,316,2015
24017,6662,1124.89,188,2015
24019,37980,6627.19,602,2015
24021,43476,11141.49,720,2015
24023,28282,2595.67,456,2015
24025,57378,12493.44,478,2015
24027,119309,24384.29,1062,2015
24029,25196,11540.96,398,2015
24031,210646,17957.829999999998,1655,2015
24033,129920,15934.19,1119,2015
24035,39607,16471.440000000002,436,2015
24037,22315,4263.0599999999995,235,2015
24039,8619,506.63,214,2015
24041,47137,16107.83,579,2015
24043,28494,6061.43,543,2015
24045,16160,2099.7,430,2015
24047,71932,5025.38,1022,2015
24510,31665,3.3,395,2015
25001,204940,1548.42,2141,2015
25003,48214,9538.0,1022,2015
25005,56452,2652.49,807,2015
25007,10762,226.84,250,2015
25009,230708,8237.78,1802,2015
25011,32020,3646.65,556,2015
25013,51397,4809.27,571,2015
25015,95883,24097.81,840,2015
25017,239938,15643.0,2646,2015
25019,21342,131.43,333,2015
25021,61260,2516.56,879,2015
25023,89267,9281.86,1046,2015
25025,67702,0.0,722,2015
25027,70746,2978.85,1520,2015
26001,4450,527.25,103,2015
26003,6093,326.03000000000003,310,2015
26005,27438,8858.1,759,2015
26007,1963,65.25,77,2015
26009,5182,294.01,271,2015
26011,2407,314.46000000000004,109,2015
26013,5363,41.620000000000005,91,2015
26015,37337,9700.59,573,2015
26017,19726,1253.72,333,2015
26019,9435,24.31,211,2015
26021,33499,4473.32,551,2015
26023,5962,2387.0699999999997,130,2015
26025,23469,3302.38,406,2015
26027,1597,168.33999999999995,76,2015
26029,13123,1305.69,344,2015
26031,5489,32.92,270,2015
26033,32273,2904.86,889,2015
26035,1366,150.29999999999998,141,2015
26037,13043,1657.5,321,2015
26039,14010,47.68,249,2015
26041,8947,83.58,186,2015
26043,2169,75.68,142,2015
26045,7538,1348.77,258,2015
26047,5768,213.06,294,2015
26049,13367,800.59,263,2015
26051,1665,199.98,98,2015
26053,2370,31.050000000000004,126,2015
26055,21739,1009.34,514,2015
26057,6969,1131.87,206,2015
26059,4401,1023.29,135,2015
26061,12559,1374.73,183,2015
26063,7522,1433.51,211,2015
26065,33998,3287.81,749,2015
26067,9030,4965.17,252,2015
26069,49758,815.16,317,2015
26071,2073,8.100000000000001,138,2015
26073,12742,2303.54,468,2015
26075,49083,9672.74,822,2015
26077,31702,2130.57,559,2015
26079,7296,109.87,262,2015
26081,70164,6970.7699999999995,1291,2015
26083,3051,0.0,136,2015
26085,1207,2.3499999999999996,134,2015
26087,11267,1059.79,195,2015
26089,17027,287.89,715,2015
26091,5763,1594.88,279,2015
26093,15187,944.15,577,2015
26095,1891,67.50999999999999,135,2015
26097,5237,154.56,354,2015
26099,70389,3576.0,528,2015
26101,16472,481.07,335,2015
26103,16755,58.12,506,2015
26105,8842,2687.6299999999997,273,2015
26107,1566,186.87,129,2015
26109,1610,167.32,151,2015
26111,26328,1971.63,407,2015
26113,2838,410.17,120,2015
26115,19564,3296.47,726,2015
26117,3139,354.84000000000003,189,2015
26119,774,15.58,55,2015
26121,28927,905.58,332,2015
26123,1438,153.63,120,2015
26125,91950,1548.42,1221,2015
26127,2936,204.15,154,2015
26129,7880,719.79,116,2015
26131,597,72.72,74,2015
26133,6390,639.44,130,2015
26135,2400,61.1,89,2015
26137,4443,133.57999999999998,137,2015
26139,54418,6675.26,954,2015
26141,2416,87.92,101,2015
26143,5887,1487.92,143,2015
26145,26438,2244.61,413,2015
26147,16576,1156.13,391,2015
26149,4901,595.32,176,2015
26151,3239,1640.49,102,2015
26153,6592,56.6,236,2015
26155,2149,444.99,131,2015
26157,5031,475.7,138,2015
26159,10847,1805.41,266,2015
26161,172185,28185.55,2275,2015
26163,39367,908.94,794,2015
26165,1766,240.99,152,2015
27001,2740,237.9,142,2015
27003,19097,3770.38,419,2015
27005,7318,2016.36,270,2015
27007,2139,63.84,145,2015
27009,1234,118.38,43,2015
27011,913,206.25,58,2015
27013,1067,241.72,83,2015
27015,623,91.01,47,2015
27017,2323,116.12,127,2015
27019,17961,5589.21,210,2015
27021,2605,70.1,178,2015
27023,230,67.71,53,2015
27025,5166,1901.14,206,2015
27027,6923,3483.39,282,2015
27029,1200,61.38,107,2015
27031,5245,0.3,294,2015
27033,1458,438.21,75,2015
27035,9302,566.22,304,2015
27037,42576,8895.16,785,2015
27039,285,200.0,30,2015
27041,2942,495.51,160,2015
27043,1850,622.87,115,2015
27045,1493,911.0,92,2015
27047,970,277.59999999999997,55,2015
27049,8594,764.93,248,2015
27051,3177,1795.94,63,2015
27053,88944,2986.06,1462,2015
27055,2533,261.44,133,2015
27057,2198,30.33,82,2015
27059,1664,344.13,70,2015
27061,2923,12.42,155,2015
27063,1214,243.23,58,2015
27065,709,55.73,33,2015
27067,2186,706.1,173,2015
27069,2739,418.42,196,2015
27071,562,0.6900000000000001,105,2015
27073,3435,582.69,98,2015
27075,12944,29.53,857,2015
27077,769,7.119999999999999,71,2015
27079,682,267.36,68,2015
27081,836,192.12,56,2015
27083,5881,611.41,106,2015
27085,1355,650.6500000000001,65,2015
27087,223,68.0,32,2015
27089,2973,535.6899999999999,87,2015
27091,204,138.88,26,2015
27093,1151,281.43,62,2015
27095,3317,191.72,90,2015
27097,9920,3521.18,168,2015
27099,2507,483.37,62,2015
27101,794,696.16,27,2015
27103,550,150.21,53,2015
27105,379,197.92,36,2015
27107,742,141.28,30,2015
27109,12155,2799.28,229,2015
27111,5903,1251.65,198,2015
27113,616,381.1,37,2015
27115,2283,72.0,141,2015
27117,2011,565.71,92,2015
27119,9594,2358.2,318,2015
27121,1139,289.93,98,2015
27123,23422,434.87,639,2015
27125,115,39.92,24,2015
27127,655,270.78,64,2015
27129,1110,273.24,91,2015
27131,8876,1145.01,279,2015
27133,1423,1035.75,74,2015
27135,1228,154.99,90,2015
27137,70974,994.4,1438,2015
27139,12532,3111.3999999999996,197,2015
27141,15423,4006.02,162,2015
27143,411,143.0,54,2015
27145,4187,1585.78,238,2015
27147,10502,4167.5,67,2015
27149,1537,215.02,68,2015
27151,481,176.26,42,2015
27153,4293,2044.47,114,2015
27155,303,118.35,33,2015
27157,2165,253.26,139,2015
27159,216,6.690000000000001,30,2015
27161,572,57.78,24,2015
27163,33411,7599.66,563,2015
27165,234,55.39,35,2015
27167,1058,358.7,54,2015
27169,3515,457.32,226,2015
27171,5033,637.33,223,2015
27173,3570,372.14,79,2015
28001,1537,55.16,27,2015
28003,109,21.34,10,2015
28005,98,35.300000000000004,7,2015
28007,192,10.75,15,2015
28009,996,192.87,28,2015
28011,96,17.67,27,2015
28013,43,27.95,1,2015
28015,2,1.96,1,2015
28017,207,15.1,22,2015
28019,271,9.62,22,2015
28021,98,6.3999999999999995,10,2015
28023,30,0.0,10,2015
28025,199,102.43,10,2015
28027,700,195.9,22,2015
28029,166,16.29,26,2015
28031,346,295.01,11,2015
28033,2763,726.6800000000001,71,2015
28035,3075,365.31,85,2015
28037,133,0.15,8,2015
28039,533,36.34,32,2015
28041,48,0.28,3,2015
28043,605,57.87,33,2015
28045,11645,509.7200000000001,151,2015
28047,10735,14.05,207,2015
28049,3112,114.45,68,2015
28051,181,18.950000000000003,10,2015
28053,306,147.36,13,2015
28055,202,103.04,10,2015
28057,2787,56.400000000000006,18,2015
28059,43021,309.99,369,2015
28061,23,0.0,9,2015
28063,73,19.99,11,2015
28065,281,145.20000000000002,3,2015
28067,212,0.61,20,2015
28069,28,12.29,5,2015
28071,5149,1178.74,128,2015
28073,563,55.06,37,2015
28075,2181,296.18,50,2015
28077,86,70.06,2,2015
28079,99,0.81,18,2015
28081,2456,693.54,46,2015
28083,137,48.87,14,2015
28085,48,23.83,9,2015
28087,7227,756.59,96,2015
28089,3918,288.05,59,2015
28091,193,1.44,17,2015
28093,2598,112.77,50,2015
28095,750,29.639999999999993,16,2015
28097,27,1.76,5,2015
28099,9,3.56,3,2015
28101,66,10.58,25,2015
28103,4872,513.99,43,2015
28105,6827,940.08,124,2015
28107,1949,715.88,47,2015
28109,2308,480.57,97,2015
28111,41,4.36,12,2015
28113,153,13.27,15,2015
28115,303,37.98,16,2015
28117,10,4.859999999999999,4,2015
28119,430,410.64,4,2015
28121,374,30.43,46,2015
28123,181,12.34,20,2015
28125,88,0.14,4,2015
28127,1039,331.63,21,2015
28129,27,4.5,5,2015
28131,341,0.65,30,2015
28133,374,184.54,27,2015
28135,616,476.03,13,2015
28137,1281,189.65,19,2015
28139,18,3.96,2,2015
28141,2245,199.02,68,2015
28143,3113,1809.39,43,2015
28145,11,4.83,6,2015
28147,12,1.89,4,2015
28149,1348,546.79,43,2015
28151,980,416.26,34,2015
28153,51,6.5,7,2015
28155,122,6.74,8,2015
28157,671,123.23,26,2015
28159,396,1.95,38,2015
28161,198,42.23,9,2015
28163,537,135.09,18,2015
29001,5049,1248.3,70,2015
29003,214,61.91,37,2015
29005,136,48.86,18,2015
29007,445,238.69,44,2015
29009,4939,310.01,55,2015
29011,857,767.4499999999999,35,2015
29013,885,371.5,35,2015
29015,2361,747.54,39,2015
29017,3337,753.98,50,2015
29019,60623,18473.76,456,2015
29021,2363,427.72,72,2015
29023,1038,618.24,62,2015
29025,264,64.36000000000001,18,2015
29027,7244,3015.16,129,2015
29029,2866,164.6,113,2015
29031,8119,1508.98,94,2015
29033,210,59.17,13,2015
29035,1848,81.07000000000001,62,2015
29037,11574,7340.36,65,2015
29039,1829,721.8199999999999,35,2015
29041,2515,2252.8500000000004,28,2015
29043,5508,1153.22,84,2015
29045,246,90.11,18,2015
29047,10128,1917.26,119,2015
29049,2400,1359.15,94,2015
29051,16509,2937.91,92,2015
29053,709,260.15,43,2015
29055,875,32.300000000000004,54,2015
29057,5067,2518.66,101,2015
29059,169,37.71,11,2015
29061,200,67.59,26,2015
29063,2427,878.18,53,2015
29065,674,58.88000000000001,23,2015
29067,308,95.95,15,2015
29069,6673,2148.49,56,2015
29071,7489,1138.9,245,2015
29073,919,125.6,41,2015
29075,275,129.73,20,2015
29077,26637,5029.26,327,2015
29079,277,97.59,15,2015
29081,1604,1146.15,38,2015
29083,3059,668.9399999999999,64,2015
29085,336,70.26,20,2015
29087,10309,689.8,61,2015
29089,2411,1123.78,21,2015
29091,761,38.64,28,2015
29093,738,302.7,69,2015
29095,51512,7583.839999999999,361,2015
29097,2508,241.53,78,2015
29099,5041,427.3,117,2015
29101,17550,3470.1899999999996,83,2015
29103,189,80.96,13,2015
29105,367,111.6,47,2015
29107,2237,471.00000000000006,39,2015
29109,1414,677.5,49,2015
29111,1020,316.3,31,2015
29113,5533,2640.46,66,2015
29115,1829,295.34,16,2015
29117,871,194.95,15,2015
29119,575,137.74,45,2015
29121,2575,294.25,39,2015
29123,221,26.78,64,2015
29125,89,12.58,9,2015
29127,1023,184.47,107,2015
29129,97,38.72,7,2015
29131,4579,353.40000000000003,62,2015
29133,1640,267.3,48,2015
29135,1786,1379.01,19,2015
29137,314,25.46,38,2015
29139,528,35.87,38,2015
29141,517,153.37,17,2015
29143,240,39.489999999999995,16,2015
29145,4587,1673.95,82,2015
29147,473,273.91,16,2015
29149,796,592.65,20,2015
29151,571,111.25,27,2015
29153,377,11.58,28,2015
29155,2335,1011.74,48,2015
29157,5103,509.75,51,2015
29159,941,334.36,30,2015
29161,15599,4196.38,142,2015
29163,1561,687.3299999999999,33,2015
29165,8179,960.38,127,2015
29167,4789,512.06,43,2015
29169,1385,236.6,48,2015
29171,759,289.33,13,2015
29173,1801,159.53,65,2015
29175,1139,31.72,23,2015
29177,2642,224.84,25,2015
29179,493,58.81,68,2015
29181,265,99.83,25,2015
29183,33164,3001.11,277,2015
29185,1409,514.63,59,2015
29186,993,109.99,64,2015
29187,878,151.36,96,2015
29189,46834,366.78,639,2015
29195,2511,945.05,33,2015
29197,272,133.96,21,2015
29199,181,21.58,3,2015
29201,1302,455.88,54,2015
29203,2191,96.58,58,2015
29205,280,33.96,19,2015
29207,5285,1974.5,121,2015
29209,1574,290.31,45,2015
29211,124,7.65,13,2015
29213,3851,77.8,91,2015
29215,526,109.05,35,2015
29217,4808,1753.18,31,2015
29219,181,30.56,35,2015
29221,1515,132.0,73,2015
29223,1244,183.03,77,2015
29225,5271,1010.3,53,2015
29227,96,4.1,5,2015
29229,28,10.64,11,2015
29510,20003,0.24,241,2015
30001,7036,722.82,429,2015
30003,2210,286.32,164,2015
30005,592,121.44,77,2015
30007,6206,555.06,214,2015
30009,7627,357.31,394,2015
30011,554,0.4,44,2015
30013,20699,110.07,299,2015
30015,525,24.31,70,2015
30017,819,8.15,115,2015
30019,870,156.97,92,2015
30021,699,10.0,128,2015
30023,8757,121.74,149,2015
30025,343,3.0,78,2015
30027,1425,120.47,294,2015
30029,39222,18520.84,723,2015
30031,57278,6248.8099999999995,1065,2015
30033,512,44.42,117,2015
30035,14990,1390.4,758,2015
30037,2104,19.56,82,2015
30039,987,11.98,120,2015
30041,229,9.15,39,2015
30043,11817,238.3,148,2015
30045,135,4.3100000000000005,36,2015
30047,11952,1868.33,405,2015
30049,16696,689.4399999999999,486,2015
30051,397,101.7,57,2015
30053,4527,41.77,193,2015
30055,396,7.17,45,2015
30057,13646,1121.84,416,2015
30059,1593,92.81,103,2015
30061,1485,20.77,200,2015
30063,66480,4488.99,1029,2015
30065,7887,193.25,140,2015
30067,12332,453.22,675,2015
30069,225,8.08,28,2015
30071,7054,169.87,299,2015
30073,1055,58.2,145,2015
30075,1405,10.65,194,2015
30077,7257,715.96,286,2015
30079,291,2.12,169,2015
30081,22823,6358.43,509,2015
30083,357,81.62,22,2015
30085,362,23.630000000000003,55,2015
30087,277,16.700000000000003,43,2015
30089,2402,29.16,170,2015
30091,4722,128.38,106,2015
30093,735,4.699999999999999,63,2015
30095,8290,644.84,216,2015
30097,1637,54.919999999999995,145,2015
30099,5794,100.44,169,2015
30101,2829,269.51,254,2015
30103,130,6.51,16,2015
30105,7972,200.52,223,2015
30107,4660,202.06,116,2015
30109,101,7.76,12,2015
30111,21061,947.68,384,2015
31001,304,136.03,24,2015
31003,422,44.47,22,2015
31005,237,0.08,11,2015
31007,107,3.13,10,2015
31009,268,0.0,15,2015
31011,236,49.39,7,2015
31013,280,129.63,36,2015
31015,214,23.59,18,2015
31017,546,11.2,29,2015
31019,3951,200.22,124,2015
31021,158,27.07,19,2015
31023,193,8.77,14,2015
31025,3213,161.72000000000003,43,2015
31027,669,152.02,56,2015
31029,237,1.03,15,2015
31031,5627,4.93,220,2015
31033,218,42.45,26,2015
31035,244,30.92,18,2015
31037,241,41.349999999999994,13,2015
31039,150,44.64,9,2015
31041,2085,343.89,111,2015
31043,667,84.58,22,2015
31045,3395,30.530000000000005,143,2015
31047,1749,190.16,93,2015
31049,131,8.24,19,2015
31051,903,37.68,35,2015
31053,4439,43.5,37,2015
31055,13241,402.4,334,2015
31057,995,0.0,16,2015
31059,170,29.78,19,2015
31061,144,7.52,7,2015
31063,589,144.3,47,2015
31065,162,26.17,12,2015
31067,550,102.17,34,2015
31069,649,60.88,32,2015
31071,260,14.57,17,2015
31073,364,90.17,15,2015
31075,274,0.0,17,2015
31077,54,0.0,5,2015
31079,3061,175.83,109,2015
31081,166,45.44,20,2015
31083,764,44.91,30,2015
31085,161,28.57,14,2015
31087,698,206.42,61,2015
31089,547,18.61,36,2015
31091,91,0.0,10,2015
31093,242,0.0,10,2015
31095,324,21.19,19,2015
31097,268,29.61,13,2015
31099,288,39.58,19,2015
31101,2456,267.41,137,2015
31103,527,1.46,21,2015
31105,739,25.47,37,2015
31107,1025,28.06,31,2015
31109,30341,858.49,298,2015
31111,14782,3335.43,643,2015
31113,181,20.53,15,2015
31115,622,0.16,23,2015
31117,242,1.53,32,2015
31119,748,24.99,22,2015
31121,140,86.78999999999999,10,2015
31123,256,27.8,39,2015
31125,270,31.51,9,2015
31127,815,241.79,29,2015
31129,490,202.64,15,2015
31131,5503,413.42,34,2015
31133,318,69.71000000000001,15,2015
31135,114,55.67,11,2015
31137,1159,275.32,13,2015
31139,296,75.27999999999999,11,2015
31141,1076,55.58,27,2015
31143,146,37.72,12,2015
31145,189,22.84,9,2015
31147,1026,45.82,26,2015
31149,223,1.06,19,2015
31151,223,53.81,22,2015
31153,8241,289.56,115,2015
31155,3976,487.7,71,2015
31157,3031,137.67,136,2015
31159,1023,49.01,47,2015
31161,308,3.19,43,2015
31163,142,17.41,10,2015
31165,2099,0.0,73,2015
31167,305,33.13,12,2015
31169,296,53.18,15,2015
31171,872,0.0,46,2015
31173,351,94.13,22,2015
31175,55,0.0,7,2015
31177,2520,509.98,44,2015
31179,155,28.44,13,2015
31181,335,27.48,12,2015
31183,240,0.24,10,2015
31185,731,118.61,39,2015
32001,16998,479.77,225,2015
32003,87903,3357.95,2689,2015
32005,7211,404.46,348,2015
32007,16000,265.44,947,2015
32009,5854,518.17,108,2015
32011,394,1.93,197,2015
32013,2111,23.600000000000005,320,2015
32015,1174,11.04,233,2015
32017,5138,132.5,264,2015
32019,3855,270.43,183,2015
32021,1238,1.2,104,2015
32023,11137,486.67,428,2015
32027,1263,126.16,94,2015
32029,776,132.98,35,2015
32031,45022,1320.75,1205,2015
32033,4811,54.88,291,2015
32510,8052,2159.4500000000003,143,2015
33001,5049,247.5,251,2015
33003,19013,1080.64,628,2015
33005,25507,6586.910000000001,487,2015
33007,22252,1151.09,817,2015
33009,29836,1877.21,999,2015
33011,32308,2906.65,924,2015
33013,29486,6382.79,628,2015
33015,58220,2240.61,1080,2015
33017,48860,7879.599999999999,270,2015
33019,13809,2243.1600000000003,333,2015
34001,126728,1985.33,590,2015
34003,80041,753.39,639,2015
34005,56870,7029.77,942,2015
34007,15817,193.24,259,2015
34009,360438,7312.38,1141,2015
34011,21741,1438.42,343,2015
34013,23155,30.94,280,2015
34015,39583,2345.54,342,2015
34017,33176,1022.1,317,2015
34019,81062,13311.88,709,2015
34021,49182,6281.32,580,2015
34023,41842,1527.02,1070,2015
34025,75636,2324.79,830,2015
34027,63331,5960.58,851,2015
34029,79421,468.37,1117,2015
34031,30788,479.37,369,2015
34033,20340,3609.03,357,2015
34035,50962,6014.89,684,2015
34037,42886,4573.1,749,2015
34039,18422,3.91,273,2015
34041,21028,1262.04,386,2015
35001,118944,15711.23,1355,2015
35003,4222,32.92,363,2015
35005,8797,683.44,288,2015
35006,4916,282.72999999999996,199,2015
35007,5827,264.2,314,2015
35009,3187,203.12,124,2015
35011,1913,51.36,86,2015
35013,29451,2636.4600000000005,532,2015
35015,15784,2961.8700000000003,365,2015
35017,21248,135.81,695,2015
35019,1984,17.2,144,2015
35021,1410,0.0,109,2015
35023,11521,67.46000000000001,438,2015
35025,3473,19.040000000000003,165,2015
35027,2902,4.09,245,2015
35028,46514,510.17,474,2015
35029,3932,197.4,222,2015
35031,1593,29.55,110,2015
35033,4597,170.26999999999998,189,2015
35035,9656,22.21,332,2015
35037,727,18.59,115,2015
35039,14878,1143.3,411,2015
35041,5567,228.73,137,2015
35043,12475,752.83,603,2015
35045,2844,178.48000000000002,296,2015
35047,15355,372.91,481,2015
35049,37913,2661.47,787,2015
35051,12375,927.68,253,2015
35053,43169,2290.87,673,2015
35055,8874,231.65,400,2015
35057,3282,301.38,198,2015
35059,2199,29.21,170,2015
35061,4792,1820.48,122,2015
36001,60593,8068.04,940,2015
36003,9571,1287.22,380,2015
36005,95568,146.91,5598,2015
36007,43507,2164.19,734,2015
36009,7330,1270.68,242,2015
36011,26535,2720.19,505,2015
36013,25807,4414.43,778,2015
36015,19102,4606.85,304,2015
36017,8907,1220.84,244,2015
36019,4176,263.28,200,2015
36021,16612,4230.38,425,2015
36023,19204,4239.83,507,2015
36025,7724,1575.68,277,2015
36027,55353,9219.61,1290,2015
36029,58929,2622.44,771,2015
36031,36867,2755.6800000000003,866,2015
36033,17213,764.3299999999999,449,2015
36035,6989,600.92,257,2015
36037,20286,2831.6,348,2015
36039,9693,1033.84,343,2015
36041,9731,43.78,420,2015
36043,31038,10364.01,527,2015
36045,24350,3713.8,657,2015
36047,257854,16.89,9142,2015
36049,3530,892.6400000000001,197,2015
36051,25779,9549.1,445,2015
36053,19439,4494.719999999999,576,2015
36055,133643,14573.73,1350,2015
36057,5150,1739.26,267,2015
36059,89462,95.05,719,2015
36061,216129,0.0,3731,2015
36063,19129,1863.78,371,2015
36065,30274,6586.16,570,2015
36067,51426,4925.0,920,2015
36069,32268,8308.04,817,2015
36071,32327,5393.39,758,2015
36073,17285,4859.62,289,2015
36075,41114,11420.07,730,2015
36077,10743,1561.37,376,2015
36079,6078,86.65,272,2015
36081,178782,1.01,10783,2015
36083,17123,2916.54,485,2015
36085,196374,4860.92,6514,2015
36087,25093,5.78,403,2015
36089,20631,2180.59,787,2015
36091,30779,1528.38,720,2015
36093,8587,1313.84,179,2015
36095,6337,1708.15,329,2015
36097,17455,2554.96,334,2015
36099,81726,13524.46,664,2015
36101,6068,825.96,305,2015
36103,468183,269561.7,2266,2015
36105,31731,1792.75,310,2015
36107,19555,5149.76,315,2015
36109,261478,38051.28,1987,2015
36111,46095,8383.359999999999,893,2015
36113,8829,134.56,358,2015
36115,16565,5403.84,514,2015
36117,34762,10411.13,536,2015
36119,60589,3541.29,977,2015
36121,5160,1247.77,170,2015
36123,3588,913.49,179,2015
37001,3617,296.68,173,2015
37003,2992,180.63,61,2015
37005,1345,310.40000000000003,72,2015
37007,8146,317.03999999999996,40,2015
37009,7120,984.89,168,2015
37011,6200,328.35,196,2015
37013,1934,103.2,97,2015
37015,553,39.02,23,2015
37017,1280,258.13,86,2015
37019,12486,183.27,402,2015
37021,53363,4128.46,890,2015
37023,4488,421.43,160,2015
37025,5386,430.74,175,2015
37027,4634,1515.99,85,2015
37029,673,39.64,32,2015
37031,19264,658.38,340,2015
37033,480,72.71,34,2015
37035,10295,1357.32,140,2015
37037,18509,358.72,318,2015
37039,564,114.36,49,2015
37041,362,213.98,24,2015
37043,463,34.06,54,2015
37045,1153,476.78,59,2015
37047,454,13.21,63,2015
37049,5042,34.78,140,2015
37051,4183,1024.26,109,2015
37053,5944,162.7,255,2015
37055,77873,2606.88,758,2015
37057,781,66.18,57,2015
37059,2416,554.5999999999999,46,2015
37061,133,24.0,23,2015
37063,62374,2116.33,645,2015
37065,445,89.86,43,2015
37067,70387,3548.2499999999995,415,2015
37069,657,366.6,38,2015
37071,6969,1585.5400000000002,128,2015
37073,446,26.860000000000003,28,2015
37075,3119,9.74,133,2015
37077,2352,993.64,49,2015
37079,78,25.52,12,2015
37081,36237,3960.36,552,2015
37083,587,72.66,50,2015
37085,2281,108.17,98,2015
37087,13450,1366.73,429,2015
37089,13373,2183.63,245,2015
37091,42,4.93,15,2015
37093,546,6.6000000000000005,31,2015
37095,13228,838.88,206,2015
37097,2861,397.76,126,2015
37099,6703,273.44,297,2015
37101,5713,198.95,135,2015
37103,574,64.33,43,2015
37105,915,120.09000000000002,42,2015
37107,329,46.3,16,2015
37109,517,60.08,54,2015
37111,4019,109.1,146,2015
37113,8917,239.21,233,2015
37115,1340,399.11999999999995,69,2015
37117,546,91.02,48,2015
37119,72545,10761.929999999998,965,2015
37121,782,22.51,69,2015
37123,964,38.66,64,2015
37125,6799,288.32,164,2015
37127,1365,66.53999999999999,68,2015
37129,36781,2.43,384,2015
37131,258,53.99,41,2015
37133,7469,12.25,140,2015
37135,43518,4022.01,716,2015
37137,1602,170.67000000000002,56,2015
37139,370,47.04,17,2015
37141,7029,218.53,229,2015
37143,377,64.99,18,2015
37145,7150,2571.6,78,2015
37147,5126,1072.74,98,2015
37149,2367,238.7,89,2015
37151,2689,650.98,92,2015
37153,2015,665.1700000000001,68,2015
37155,296,26.41,49,2015
37157,18019,2086.19,261,2015
37159,1213,267.46999999999997,80,2015
37161,1157,62.1,79,2015
37163,552,114.92,160,2015
37165,1962,29.24,85,2015
37167,2256,181.62,47,2015
37169,2547,103.68,66,2015
37171,6448,176.65,142,2015
37173,5244,594.27,260,2015
37175,7751,732.98,266,2015
37177,2970,409.05,128,2015
37179,8879,1944.24,117,2015
37181,399,19.36,13,2015
37183,97308,16430.1,1085,2015
37185,400,20.96,20,2015
37187,6624,1916.81,127,2015
37189,22266,4032.21,271,2015
37191,754,101.98,35,2015
37193,4587,462.67,132,2015
37195,4417,308.98,49,2015
37197,841,261.35,38,2015
37199,12182,2373.49,219,2015
38001,342,43.89,14,2015
38003,4525,913.96,209,2015
38005,1404,192.21,50,2015
38007,4448,229.29,177,2015
38009,3176,967.18,113,2015
38011,826,116.35,60,2015
38013,2682,62.28,85,2015
38015,12326,649.43,220,2015
38017,14123,2088.54,215,2015
38019,225,47.9,13,2015
38021,306,25.869999999999997,21,2015
38023,1147,119.58,26,2015
38025,633,44.13,40,2015
38027,2898,583.93,44,2015
38029,818,57.34,25,2015
38031,1286,478.68,49,2015
38033,1436,344.93,64,2015
38035,23978,5335.99,358,2015
38037,1365,132.47,27,2015
38039,161,68.56,9,2015
38041,755,52.15,19,2015
38043,6810,531.42,186,2015
38045,285,74.11999999999999,15,2015
38047,448,30.17,10,2015
38049,3716,260.0,96,2015
38051,152,13.93,7,2015
38053,2527,45.16,97,2015
38055,2328,169.02,80,2015
38057,1751,80.36,67,2015
38059,3442,30.76,58,2015
38061,3246,455.34,182,2015
38063,2861,1896.88,32,2015
38065,313,10.52,18,2015
38067,346,114.06,28,2015
38069,183,59.16,13,2015
38071,1046,136.07,34,2015
38073,1754,460.62,78,2015
38075,951,297.31,41,2015
38077,1095,202.47,62,2015
38079,431,64.46000000000001,23,2015
38081,382,208.21,24,2015
38083,771,158.84,34,2015
38085,806,16.06,12,2015
38087,1001,30.3,41,2015
38089,2431,64.09,68,2015
38091,8936,942.67,53,2015
38093,7493,751.4,226,2015
38095,234,81.55999999999999,10,2015
38097,782,494.05,37,2015
38099,358,128.03,26,2015
38101,14264,738.71,188,2015
38103,961,479.16,38,2015
38105,7984,1250.86,182,2015
39001,4084,710.42,159,2015
39003,2186,494.97,86,2015
39005,6478,1547.88,222,2015
39007,6798,641.72,344,2015
39009,15337,1571.36,300,2015
39011,4279,1121.24,75,2015
39013,2841,355.62,65,2015
39015,1645,402.71,71,2015
39017,13006,3198.3999999999996,495,2015
39019,2416,137.57,86,2015
39021,2094,553.66,118,2015
39023,17871,729.52,181,2015
39025,35820,8264.79,258,2015
39027,1354,289.07,41,2015
39029,3854,243.03,99,2015
39031,1370,209.28,85,2015
39033,1410,552.55,190,2015
39035,107442,1433.91,1350,2015
39037,4271,1413.98,109,2015
39039,999,340.15,47,2015
39041,43351,4391.29,483,2015
39043,26911,1102.33,441,2015
39045,10286,1133.48,130,2015
39047,761,333.96999999999997,42,2015
39049,130189,19563.42,1151,2015
39051,1789,380.97,60,2015
39053,658,193.52,24,2015
39055,41272,4768.16,469,2015
39057,20620,3136.76,435,2015
39059,928,53.54,59,2015
39061,59451,15991.9,1077,2015
39063,23325,6014.05,270,2015
39065,3546,2629.49,70,2015
39067,4778,1058.89,114,2015
39069,1659,238.96,114,2015
39071,3342,499.67,64,2015
39073,5228,198.24,200,2015
39075,3873,1563.22,179,2015
39077,2022,419.23,263,2015
39079,462,48.51,42,2015
39081,5526,437.0,101,2015
39083,8178,2166.17,225,2015
39085,38366,5755.25,466,2015
39087,1345,27.24,38,2015
39089,11144,2958.52,320,2015
39091,4267,662.76,167,2015
39093,32857,4333.55,447,2015
39095,219100,7100.47,788,2015
39097,2237,1072.23,86,2015
39099,10267,5085.04,147,2015
39101,13052,4507.4800000000005,151,2015
39103,14764,4041.03,479,2015
39105,324,83.69,39,2015
39107,2477,842.32,107,2015
39109,7593,2297.24,101,2015
39111,2197,656.37,59,2015
39113,54672,8011.71,628,2015
39115,638,47.42,24,2015
39117,1974,274.06,127,2015
39119,4194,2017.51,148,2015
39121,8458,2632.67,93,2015
39123,52613,6040.42,476,2015
39125,3091,863.47,55,2015
39127,6926,1693.0600000000002,73,2015
39129,9036,3086.84,120,2015
39131,150,8.94,19,2015
39133,28566,4177.96,618,2015
39135,1555,179.16,128,2015
39137,353,161.07,49,2015
39139,12244,3951.39,406,2015
39141,2329,157.18,66,2015
39143,11112,1271.69,306,2015
39145,5586,203.89,128,2015
39147,6300,1276.37,273,2015
39149,4087,409.85,41,2015
39151,31399,4482.1,451,2015
39153,46748,4419.69,1565,2015
39155,6794,835.48,170,2015
39157,3256,658.77,145,2015
39159,12241,5442.889999999999,118,2015
39161,631,165.39,61,2015
39163,4365,282.28999999999996,97,2015
39165,11743,2116.32,210,2015
39167,1949,170.99,104,2015
39169,21444,6315.320000000001,328,2015
39171,3417,319.34,77,2015
39173,5883,848.13,294,2015
39175,13330,7927.57,176,2015
40001,586,120.56,33,2015
40003,5716,51.54,83,2015
40005,717,135.63,46,2015
40007,3504,86.19,97,2015
40009,617,29.5,65,2015
40011,915,122.98,44,2015
40013,1131,150.0,56,2015
40015,1350,106.5,70,2015
40017,4883,406.06,115,2015
40019,2266,19.56,82,2015
40021,2771,479.4899999999999,71,2015
40023,617,274.05,26,2015
40025,3325,255.98,175,2015
40027,36015,1186.9,540,2015
40029,304,7.86,11,2015
40031,9631,63.4,352,2015
40033,1007,39.98,68,2015
40035,429,224.7,42,2015
40037,1178,46.56999999999999,66,2015
40039,2549,51.81,68,2015
40041,1745,458.68,72,2015
40043,293,49.71,29,2015
40045,597,12.73,25,2015
40047,583,162.88,45,2015
40049,774,52.970000000000006,28,2015
40051,907,40.29,48,2015
40053,643,60.08,31,2015
40055,608,6.48,35,2015
40057,635,82.17,28,2015
40059,354,45.53,45,2015
40061,101,17.2,7,2015
40063,282,6.45,10,2015
40065,1091,104.73,48,2015
40067,686,4.1,26,2015
40069,2656,61.0,68,2015
40071,1179,111.65,61,2015
40073,718,81.85000000000001,49,2015
40075,993,64.24000000000001,52,2015
40077,753,23.7,34,2015
40079,1275,89.63,123,2015
40081,533,28.039999999999996,65,2015
40083,3781,9.18,87,2015
40085,755,9.56,56,2015
40087,1594,220.73,53,2015
40089,11497,758.96,220,2015
40091,630,56.41,37,2015
40093,598,22.34,60,2015
40095,860,28.15,73,2015
40097,2065,451.21,50,2015
40099,996,0.5800000000000001,52,2015
40101,528,120.19,33,2015
40103,1743,58.99,79,2015
40105,302,65.91,13,2015
40107,230,15.75,13,2015
40109,26105,58.4,481,2015
40111,871,146.71,50,2015
40113,12422,289.34000000000003,140,2015
40115,2049,943.91,158,2015
40117,952,13.409999999999998,42,2015
40119,46550,1412.56,523,2015
40121,1032,16.94,77,2015
40123,481,24.97,40,2015
40125,1115,12.15,58,2015
40127,737,81.05,38,2015
40129,845,9.05,38,2015
40131,2943,258.7,179,2015
40133,557,2.21,38,2015
40135,3832,1081.26,63,2015
40137,1056,2.01,31,2015
40139,738,74.05,95,2015
40141,4762,3078.01,88,2015
40143,19023,1933.61,510,2015
40145,1013,365.65,54,2015
40147,2823,270.87,72,2015
40149,1655,106.78,49,2015
40151,556,79.0,39,2015
40153,6812,83.24,176,2015
41001,2583,218.87,196,2015
41003,145579,53356.77,2432,2015
41005,49114,13613.5,1032,2015
41007,35414,1175.33,842,2015
41009,26117,8187.070000000001,446,2015
41011,20570,268.6,613,2015
41013,11713,793.7900000000001,672,2015
41015,17004,1156.45,493,2015
41017,69622,558.16,1281,2015
41019,38627,4767.64,3123,2015
41021,7554,677.49,521,2015
41023,4234,84.27,458,2015
41025,55468,3708.68,1523,2015
41027,7658,101.5,359,2015
41029,72382,17126.51,2225,2015
41031,9624,467.22,456,2015
41033,11892,982.72,884,2015
41035,47439,4850.68,1132,2015
41037,18986,1189.65,1456,2015
41039,133445,29958.34,3764,2015
41041,48160,1032.25,1044,2015
41043,26353,6337.139999999999,1182,2015
41045,10908,1277.91,1073,2015
41047,36433,15183.33,656,2015
41049,2835,563.52,159,2015
41051,113696,10421.58,1612,2015
41053,30029,9776.87,601,2015
41055,6368,941.55,426,2015
41057,35266,2870.06,845,2015
41059,8478,497.08,316,2015
41061,16868,2494.68,406,2015
41063,17581,823.9,1381,2015
41065,9186,211.1,444,2015
41067,114050,15410.2,1007,2015
41069,12246,174.95,789,2015
41071,8551,2671.93,422,2015
42001,31908,14291.65,366,2015
42003,101878,7812.380000000001,1808,2015
42005,11719,1516.98,343,2015
42007,12835,2192.73,276,2015
42009,6736,1427.8,421,2015
42011,49033,8569.34,896,2015
42013,6175,1285.38,197,2015
42015,2192,485.8,176,2015
42017,98017,16103.74,943,2015
42019,31098,1808.47,542,2015
42021,4035,450.67,178,2015
42023,1580,37.77,45,2015
42025,14422,2954.54,219,2015
42027,89519,18825.59,1108,2015
42029,194044,58847.32,1500,2015
42031,11370,2550.3199999999997,248,2015
42033,4054,196.56,193,2015
42035,7716,822.3100000000001,201,2015
42037,5494,453.89,132,2015
42039,31661,7667.860000000001,384,2015
42041,41682,5592.39,673,2015
42043,42970,4760.38,692,2015
42045,41654,3409.86,558,2015
42047,4127,236.19,79,2015
42049,33674,1495.7,510,2015
42051,5652,381.08,256,2015
42053,6574,1237.73,214,2015
42055,20966,5976.41,383,2015
42057,3589,700.5999999999999,114,2015
42059,7260,464.84,187,2015
42061,39142,7637.3,695,2015
42063,44281,6670.04,346,2015
42065,3787,692.73,122,2015
42067,6082,1919.62,171,2015
42069,3604,135.67,174,2015
42071,95102,19598.71,1165,2015
42073,5650,2684.74,232,2015
42075,32090,5412.92,512,2015
42077,44475,10338.63,707,2015
42079,17309,3547.78,444,2015
42081,65192,9687.34,430,2015
42083,2771,211.34,166,2015
42085,9606,706.6,247,2015
42087,4745,924.37,195,2015
42089,31141,260.03000000000003,626,2015
42091,126798,20653.82,1417,2015
42093,9335,3635.82,206,2015
42095,40112,6230.39,435,2015
42097,7532,2900.25,197,2015
42099,9094,1960.72,249,2015
42101,93676,487.51,589,2015
42103,6544,100.27,295,2015
42105,4253,955.14,177,2015
42107,24857,1895.7,301,2015
42109,3109,932.2,97,2015
42111,12025,1668.07,271,2015
42113,3612,455.79,142,2015
42115,14730,5222.27,196,2015
42117,34479,5431.24,464,2015
42119,4171,746.12,111,2015
42121,3239,522.37,127,2015
42123,2526,311.79,219,2015
42125,13661,1579.35,345,2015
42127,7245,977.95,175,2015
42129,15491,1166.81,495,2015
42131,3614,298.27,141,2015
42133,34427,3127.4700000000003,612,2015
44001,13518,1711.26,157,2015
44003,5919,75.8,166,2015
44005,55153,4403.51,360,2015
44007,22457,218.81,477,2015
44009,64735,2227.16,721,2015
45001,454,80.92,66,2015
45003,22681,502.26,237,2015
45005,793,193.97,34,2015
45007,9430,3608.06,119,2015
45009,2,0.0,2,2015
45011,1577,6.6000000000000005,30,2015
45013,23461,68.23,599,2015
45015,9704,138.76,252,2015
45017,1073,137.82999999999998,38,2015
45019,154460,2605.31,1577,2015
45021,336,156.85,21,2015
45023,751,38.11,34,2015
45025,3979,27.82,70,2015
45027,11853,32.54,78,2015
45029,36265,4194.9400000000005,278,2015
45031,2695,54.970000000000006,49,2015
45033,181,7.739999999999999,26,2015
45035,6461,263.56,173,2015
45037,1378,69.06,24,2015
45039,1094,4.1499999999999995,46,2015
45041,945,118.42,75,2015
45043,52002,350.34,298,2015
45045,36688,2104.0,370,2015
45047,2646,316.89,74,2015
45049,1039,16.919999999999998,26,2015
45051,8049,66.98,325,2015
45053,25327,258.0,240,2015
45055,7708,131.65,58,2015
45057,771,22.22,59,2015
45059,553,217.08,24,2015
45061,592,245.87,47,2015
45063,20605,74.5,255,2015
45065,2298,16.28,64,2015
45067,441,11.080000000000002,26,2015
45069,53,2.32,8,2015
45071,660,5.28,28,2015
45073,7016,110.61,215,2015
45075,6796,2793.96,126,2015
45077,19305,4306.11,233,2015
45079,22108,1210.4,338,2015
45081,688,88.32000000000001,11,2015
45083,3828,1057.45,102,2015
45085,773,99.83,86,2015
45087,399,61.48,21,2015
45089,4167,1245.13,51,2015
45091,5911,241.34,105,2015
46003,573,118.49,39,2015
46005,128,62.52000000000001,12,2015
46007,1835,63.51,82,2015
46009,313,69.15,27,2015
46011,5498,1248.2,178,2015
46013,6538,1857.98,187,2015
46015,597,187.31,44,2015
46017,204,15.63,12,2015
46019,1386,54.4,96,2015
46021,193,48.9,14,2015
46023,5182,2541.5,200,2015
46025,338,69.51,26,2015
46027,1366,337.98,71,2015
46029,1000,203.39,74,2015
46031,83,0.8700000000000001,9,2015
46033,7874,150.0,339,2015
46035,460,57.52,45,2015
46037,2106,518.85,75,2015
46039,475,117.37,59,2015
46041,122,16.86,16,2015
46043,4772,704.0699999999999,95,2015
46045,1075,296.05,57,2015
46047,1919,14.95,76,2015
46049,486,247.81,25,2015
46051,887,297.59999999999997,69,2015
46053,1033,77.50999999999999,30,2015
46055,120,0.0,9,2015
46057,193,8.08,19,2015
46059,391,60.870000000000005,35,2015
46061,629,184.22,35,2015
46063,2117,2.47,86,2015
46065,1563,21.27,80,2015
46067,899,211.5,44,2015
46069,408,16.83,21,2015
46071,2397,18.06,116,2015
46073,118,3.4,7,2015
46075,661,48.57,73,2015
46077,1118,250.15,74,2015
46079,1248,201.62,62,2015
46081,4395,24.42,215,2015
46083,3417,859.19,106,2015
46085,1354,66.9,176,2015
46087,448,166.98000000000002,55,2015
46089,473,139.26,44,2015
46091,877,109.38,57,2015
46093,2684,18.34,104,2015
46095,103,8.21,19,2015
46097,273,74.18,14,2015
46099,8586,2609.39,286,2015
46101,281,81.25,41,2015
46102,85,0.88,30,2015
46103,8918,186.14,551,2015
46105,142,18.49,22,2015
46107,251,13.17,18,2015
46109,6103,1604.6,193,2015
46111,167,107.53,11,2015
46115,471,182.53,60,2015
46117,1368,68.76,82,2015
46119,388,72.53,27,2015
46121,87,0.36,23,2015
46123,125,8.7,16,2015
46125,363,126.0,31,2015
46127,786,21.53,33,2015
46129,456,25.11,24,2015
46135,5196,326.33,125,2015
46137,155,24.0,13,2015
47001,18875,5450.2,160,2015
47003,1379,468.47,74,2015
47005,1670,201.67,42,2015
47007,3054,2665.93,40,2015
47009,16180,5381.429999999999,546,2015
47011,2593,399.01,102,2015
47013,6348,1839.89,85,2015
47015,92,14.14,15,2015
47017,156,29.0,20,2015
47019,12025,1480.89,216,2015
47021,2464,853.41,90,2015
47023,465,261.15000000000003,11,2015
47025,526,42.26,27,2015
47027,1963,718.9000000000001,32,2015
47029,6905,423.22,111,2015
47031,4043,1876.54,145,2015
47033,265,42.48,32,2015
47035,6223,179.02,135,2015
47037,58052,9501.6,580,2015
47039,1207,773.5799999999999,56,2015
47041,4458,444.33,107,2015
47043,3696,551.88,43,2015
47045,3624,1549.19,85,2015
47047,4237,819.65,79,2015
47049,603,160.2,41,2015
47051,5598,429.34,241,2015
47053,1789,692.7099999999999,80,2015
47055,895,293.9,29,2015
47057,1710,1022.0600000000002,26,2015
47059,1957,935.86,121,2015
47061,1012,331.02000000000004,78,2015
47063,3819,602.37,56,2015
47065,36671,2453.01,671,2015
47067,47,0.5900000000000001,6,2015
47069,626,90.27,26,2015
47071,2836,695.91,55,2015
47073,8385,3766.06,62,2015
47075,2794,79.09,56,2015
47077,399,44.32,23,2015
47079,12189,4204.17,77,2015
47081,1047,267.02,53,2015
47083,272,26.4,12,2015
47085,10073,3389.64,92,2015
47087,773,62.86,35,2015
47089,349,59.18000000000001,42,2015
47091,1954,561.3,89,2015
47093,78594,12723.85,553,2015
47095,5330,2052.1,107,2015
47097,1409,711.8,37,2015
47099,1632,624.94,78,2015
47101,9889,1118.65,115,2015
47103,1800,362.85,45,2015
47105,1612,533.99,86,2015
47107,330,84.42,38,2015
47109,387,65.76,15,2015
47111,324,141.39,18,2015
47113,2367,140.18,74,2015
47115,6915,579.18,225,2015
47117,460,288.58,51,2015
47119,605,181.63,69,2015
47121,2629,1029.69,71,2015
47123,1645,417.02,59,2015
47125,14252,1402.65,172,2015
47127,1178,101.69,23,2015
47129,850,43.62,62,2015
47131,2041,367.1,63,2015
47133,531,90.94,40,2015
47135,10053,2375.4,64,2015
47137,122,23.9,8,2015
47139,8072,1557.6,212,2015
47141,17580,588.39,143,2015
47143,3538,419.7,101,2015
47145,7408,3077.83,100,2015
47147,494,143.31,33,2015
47149,21904,4589.12,375,2015
47151,2163,1125.15,61,2015
47153,373,90.85,24,2015
47155,13786,943.08,599,2015
47157,26852,9091.07,447,2015
47159,2353,549.54,36,2015
47161,2441,541.36,52,2015
47163,15452,2725.3399999999997,300,2015
47165,3105,242.69,91,2015
47167,4005,393.24,37,2015
47169,558,206.45,19,2015
47171,2321,79.02,95,2015
47173,365,25.53,40,2015
47175,262,35.33,18,2015
47177,5455,2624.09,48,2015
47179,14150,2620.21,160,2015
47181,626,135.69,42,2015
47183,645,91.38,38,2015
47185,1629,864.72,44,2015
47187,3826,310.11,183,2015
47189,7362,1940.17,209,2015
48001,1433,377.37,128,2015
48003,1052,5.67,101,2015
48005,3001,99.42,152,2015
48007,56028,2595.72,540,2015
48009,513,35.99,67,2015
48011,424,25.73,30,2015
48013,4208,1370.65,238,2015
48015,3502,1084.32,167,2015
48017,3415,194.37,138,2015
48019,15554,0.0,382,2015
48021,18452,3758.31,643,2015
48023,1212,368.98,74,2015
48025,3297,300.42,125,2015
48027,10780,786.21,291,2015
48029,117030,3241.53,1578,2015
48031,9026,0.6799999999999999,447,2015
48033,522,2.12,50,2015
48035,3134,121.17,145,2015
48037,1365,210.17,93,2015
48039,44678,5741.110000000001,765,2015
48041,31492,5983.87,688,2015
48043,39336,0.0,1584,2015
48045,1533,58.830000000000005,152,2015
48047,5508,495.72,161,2015
48049,2262,39.02,100,2015
48051,1868,786.07,125,2015
48053,15146,0.0,410,2015
48055,7795,4085.04,240,2015
48057,16254,1378.01,334,2015
48059,1276,22.03,65,2015
48061,206117,35787.53,2609,2015
48063,3530,913.5,47,2015
48065,1737,285.89,36,2015
48067,2044,214.07,64,2015
48069,333,84.2,34,2015
48071,73460,29895.25,832,2015
48073,1757,457.52,87,2015
48075,444,29.44,48,2015
48077,1182,80.6,139,2015
48079,308,102.82,31,2015
48081,438,1.74,35,2015
48083,3222,59.150000000000006,109,2015
48085,34908,305.01,669,2015
48087,303,27.53,21,2015
48089,11272,8606.82,239,2015
48091,15178,95.34,521,2015
48093,1348,33.86,67,2015
48095,616,56.349999999999994,55,2015
48097,1379,34.07,105,2015
48099,5411,15.03,119,2015
48101,348,29.56,100,2015
48103,344,0.0,25,2015
48105,1225,0.0,116,2015
48107,4328,3203.9199999999996,86,2015
48109,5821,20.4,327,2015
48111,555,36.55,62,2015
48113,58344,2123.59,1638,2015
48115,1506,99.96,60,2015
48117,429,219.19,44,2015
48119,1343,395.9,37,2015
48121,24102,2158.02,1264,2015
48123,10140,8267.61,106,2015
48125,411,5.53,22,2015
48127,932,5.34,94,2015
48129,528,15.1,39,2015
48131,2127,105.51,127,2015
48133,1229,4.13,78,2015
48135,919,0.05,64,2015
48137,5028,0.0,120,2015
48139,10958,1132.61,332,2015
48141,21402,182.62,595,2015
48143,3354,18.8,123,2015
48145,744,287.63,54,2015
48147,1083,53.57,92,2015
48149,4022,1440.09,295,2015
48151,199,26.58,17,2015
48153,885,243.76,51,2015
48155,473,114.03,43,2015
48157,32563,4998.9,646,2015
48159,2021,744.88,57,2015
48161,5212,153.54,78,2015
48163,2058,819.12,139,2015
48165,280,54.16,74,2015
48167,158793,8031.04,1129,2015
48169,805,15.12,62,2015
48171,3754,37.32,268,2015
48173,1336,5.359999999999999,38,2015
48175,1613,553.61,88,2015
48177,6298,887.4300000000001,186,2015
48179,1122,69.21000000000001,51,2015
48181,28559,4737.13,288,2015
48183,2220,181.69,194,2015
48185,2522,989.74,120,2015
48187,24838,1632.86,388,2015
48189,2055,527.93,61,2015
48191,550,133.03,87,2015
48193,1825,2.1,72,2015
48195,510,34.89,40,2015
48197,1191,230.7,91,2015
48199,6200,59.5,353,2015
48201,195878,22247.33,2550,2015
48203,5876,531.5,307,2015
48205,381,22.91,33,2015
48207,929,452.11,30,2015
48209,28530,867.7000000000002,936,2015
48211,858,22.06,47,2015
48213,10035,1902.42,207,2015
48215,322387,73105.13,1836,2015
48217,1285,91.08,80,2015
48219,617,67.13,29,2015
48221,2860,23.03,120,2015
48223,1723,389.56,59,2015
48225,938,358.21999999999997,85,2015
48227,818,4.44,50,2015
48229,5527,434.7600000000001,285,2015
48231,5013,176.81,90,2015
48233,2013,1.53,49,2015
48235,363,0.0,35,2015
48237,1296,1.53,59,2015
48239,4230,1120.97,110,2015
48241,4622,114.9,224,2015
48243,22662,9.68,935,2015
48245,79970,16119.83,550,2015
48247,1397,133.83,161,2015
48249,3863,2329.33,186,2015
48251,7094,158.95000000000002,237,2015
48253,1014,52.11,51,2015
48255,2198,581.59,109,2015
48257,5264,4052.02,107,2015
48259,21284,192.31,474,2015
48261,13946,1383.59,285,2015
48263,954,41.71,42,2015
48265,9538,1.67,278,2015
48267,14505,1.0,177,2015
48269,206,10.589999999999998,27,2015
48271,4825,7.59,138,2015
48273,20656,7964.33,443,2015
48275,1189,151.23000000000002,44,2015
48277,1177,136.7,56,2015
48279,577,254.93,68,2015
48281,2245,0.15,101,2015
48283,2888,468.3,135,2015
48285,1112,615.73,76,2015
48287,5405,1712.43,250,2015
48289,720,220.04,85,2015
48291,2298,414.88,136,2015
48293,1194,354.46999999999997,66,2015
48295,199,13.02,23,2015
48297,2894,246.8,188,2015
48299,3118,0.0,248,2015
48301,97,0.0,8,2015
48303,13488,355.65,566,2015
48305,694,168.32,55,2015
48307,1765,48.78,93,2015
48309,4729,233.36,190,2015
48311,10835,4083.51,104,2015
48313,1015,565.62,54,2015
48315,4874,87.79,134,2015
48317,593,41.13,42,2015
48319,2113,29.59,97,2015
48321,28915,4321.33,327,2015
48323,589,34.26,64,2015
48325,2439,367.37,180,2015
48327,791,2.22,49,2015
48329,11473,226.42,219,2015
48331,3224,1242.95,290,2015
48333,975,5.76,55,2015
48335,3233,59.02,65,2015
48337,1043,2.88,97,2015
48339,27509,202.65,451,2015
48341,548,38.95,27,2015
48343,3776,822.6800000000001,68,2015
48345,382,25.5,29,2015
48347,5547,1084.6,127,2015
48349,4430,360.88,99,2015
48351,369,30.49,32,2015
48353,390,18.95,41,2015
48355,84883,4030.8,919,2015
48357,1176,220.96,51,2015
48359,246,11.35,47,2015
48361,1550,49.42,89,2015
48363,8073,39.36,198,2015
48365,1130,493.78,69,2015
48367,4167,14.19,313,2015
48369,257,92.42,30,2015
48371,2478,3.77,296,2015
48373,2669,153.67000000000002,112,2015
48375,2243,6.42,119,2015
48377,3202,0.0,458,2015
48379,2071,1201.93,27,2015
48381,3545,111.36,248,2015
48383,353,17.0,25,2015
48385,2903,0.0,205,2015
48387,1048,431.15,57,2015
48389,7364,261.65999999999997,158,2015
48391,7507,1741.54,222,2015
48393,289,54.02,19,2015
48395,3787,2664.7,210,2015
48397,1112,6.74,31,2015
48399,341,70.2,43,2015
48401,1871,340.03000000000003,87,2015
48403,1021,2.48,40,2015
48405,1037,49.03,53,2015
48407,1643,265.9,58,2015
48409,13688,1163.56,274,2015
48411,4740,25.08,124,2015
48413,322,0.3,50,2015
48415,515,66.24,65,2015
48417,837,5.029999999999999,40,2015
48419,2103,148.02,42,2015
48421,98,33.42,24,2015
48423,14187,1823.2,227,2015
48425,7793,2.88,150,2015
48427,32154,530.63,377,2015
48429,815,1.34,36,2015
48431,1323,0.36,42,2015
48433,417,41.69,34,2015
48435,746,0.0,61,2015
48437,1287,196.01,66,2015
48439,96002,315.02,2979,2015
48441,2784,28.04,152,2015
48443,2537,0.6000000000000001,279,2015
48445,275,56.23,30,2015
48447,2404,230.04,54,2015
48449,2793,1310.58,72,2015
48451,7986,28.11,225,2015
48453,196831,11882.5,3570,2015
48455,826,103.62,81,2015
48457,2285,142.45,147,2015
48459,3598,638.82,100,2015
48461,420,3.2,36,2015
48463,15664,791.8299999999999,297,2015
48465,8885,0.55,468,2015
48467,6018,2353.18,157,2015
48469,7784,3762.13,198,2015
48471,2807,305.41,170,2015
48473,9993,6712.03,274,2015
48475,1078,6.37,118,2015
48477,2880,1503.85,159,2015
48479,19931,34.88,308,2015
48481,2311,1369.84,137,2015
48483,486,0.07,45,2015
48485,1444,53.07,176,2015
48487,859,209.72,127,2015
48489,6335,2936.17,254,2015
48491,98618,5618.7699999999995,1627,2015
48493,5620,1408.88,188,2015
48495,472,0.0,99,2015
48497,3302,10.75,151,2015
48499,2385,818.8900000000001,112,2015
48501,217,11.04,32,2015
48503,3367,219.27,105,2015
48505,10212,119.09,160,2015
48507,538,267.65,42,2015
49001,917,46.18000000000001,131,2015
49003,20414,1276.58,434,2015
49005,35999,6763.25,615,2015
49007,1451,60.42,95,2015
49009,849,2.02,89,2015
49011,50921,2351.05,404,2015
49013,2285,198.27,211,2015
49015,1982,76.28,220,2015
49017,10515,646.1800000000001,566,2015
49019,17999,1891.34,632,2015
49021,5903,231.96,428,2015
49023,2594,824.54,188,2015
49025,3439,9.39,396,2015
49027,2196,359.47,199,2015
49029,12479,1122.03,88,2015
49031,622,47.74,70,2015
49033,4065,533.11,93,2015
49035,89890,4726.85,1274,2015
49037,9115,59.9,683,2015
49039,1810,150.98000000000002,149,2015
49041,1526,81.25,170,2015
49043,16668,2182.13,383,2015
49045,5897,110.25,349,2015
49047,6659,692.85,421,2015
49049,45485,5475.32,1148,2015
49051,6556,879.57,267,2015
49053,48006,1977.27,1045,2015
49055,2771,518.77,204,2015
49057,10357,1415.55,253,2015
50001,72083,26623.18,1756,2015
50003,19645,2338.63,490,2015
50005,9888,1423.63,579,2015
50007,67616,10153.92,2092,2015
50009,11308,192.98,351,2015
50011,22419,3452.8,579,2015
50013,12945,4213.28,499,2015
50015,11947,2196.87,541,2015
50017,16395,2719.39,660,2015
50019,20342,2657.63,548,2015
50021,46693,7052.15,1998,2015
50023,33891,6419.54,3093,2015
50025,32591,7179.28,732,2015
50027,77745,12204.45,1665,2015
51001,74681,1344.71,503,2015
51003,42278,12405.16,570,2015
51005,978,38.2,54,2015
51007,837,456.88,21,2015
51009,3224,412.5499999999999,83,2015
51011,3940,54.57000000000001,21,2015
51013,18803,0.0,258,2015
51015,19603,8123.97,509,2015
51017,1902,158.74,71,2015
51019,4019,857.4399999999999,143,2015
51021,286,158.09,31,2015
51023,10030,1535.22,131,2015
51025,118,1.38,11,2015
51027,2212,122.55,21,2015
51029,1698,539.92,54,2015
51031,354,118.85,28,2015
51033,3770,84.12,92,2015
51035,1086,381.49,54,2015
51036,2868,921.58,110,2015
51037,664,140.41,33,2015
51041,20851,6.09,276,2015
51043,14664,2175.83,181,2015
51045,912,203.4,33,2015
51047,3956,2395.7900000000004,83,2015
51049,630,43.97,36,2015
51051,1008,1.02,31,2015
51053,375,50.45,20,2015
51057,1457,700.58,46,2015
51059,167634,4000.32,1314,2015
51061,30100,13612.29,442,2015
51063,4262,876.56,121,2015
51065,6486,772.43,54,2015
51067,4929,1115.17,166,2015
51069,6625,1379.36,131,2015
51071,2575,178.72000000000003,178,2015
51073,7441,324.32,132,2015
51075,473,67.12,41,2015
51077,4392,1986.17,106,2015
51079,2323,68.36,73,2015
51081,157,26.2,15,2015
51083,9020,1277.34,99,2015
51085,2731,421.91,132,2015
51087,11515,2274.72,281,2015
51089,470,13.41,24,2015
51091,6937,964.62,133,2015
51093,4228,598.54,99,2015
51095,25195,832.82,245,2015
51097,601,180.07000000000002,21,2015
51099,6205,1266.33,87,2015
51101,3377,810.35,62,2015
51103,841,32.6,41,2015
51105,592,301.54,21,2015
51107,31962,11849.91,393,2015
51109,6106,1355.54,112,2015
51111,129,93.26,17,2015
51113,4026,524.97,204,2015
51115,4923,47.87,39,2015
51117,12018,1299.63,131,2015
51119,956,110.31000000000002,33,2015
51121,51080,11179.37,302,2015
51125,11628,333.73999999999995,109,2015
51127,1694,893.4499999999999,49,2015
51131,34646,5558.63,285,2015
51133,1462,198.42,38,2015
51135,423,45.620000000000005,17,2015
51137,695,166.6,45,2015
51139,2481,307.26,168,2015
51141,995,185.91,51,2015
51143,2084,635.26,37,2015
51145,3733,939.01,52,2015
51147,12469,1149.12,155,2015
51149,1653,175.82000000000002,47,2015
51153,72412,8517.24,514,2015
51155,5477,1372.71,93,2015
51157,1383,444.14,88,2015
51159,2878,574.43,29,2015
51161,10315,539.88,154,2015
51163,7142,2943.66,201,2015
51165,39202,11170.33,569,2015
51167,482,145.68,38,2015
51169,558,22.67,31,2015
51171,10378,3543.92,292,2015
51173,1343,83.55999999999999,88,2015
51175,332,75.8,36,2015
51177,1677,261.77000000000004,73,2015
51179,6032,64.98,89,2015
51181,3733,95.77,44,2015
51183,2377,476.12,45,2015
51185,4102,1278.16,64,2015
51187,12643,4393.17,266,2015
51191,1655,473.47,84,2015
51193,5616,2246.67,128,2015
51195,835,3.72,39,2015
51197,777,153.81,72,2015
51199,8503,59.2,176,2015
51510,14766,0.0,131,2015
51520,642,4.550000000000001,21,2015
51530,96,2.6999999999999997,11,2015
51540,7447,0.0,72,2015
51550,3334,583.05,174,2015
51570,181,0.0,10,2015
51580,141,9.11,8,2015
51590,455,18.35,19,2015
51595,42,0.0,7,2015
51600,12792,0.0,32,2015
51610,293,0.0,16,2015
51620,3,0.0,1,2015
51630,1966,0.0,44,2015
51640,119,0.0,2,2015
51650,15421,0.0,137,2015
51660,5882,4.04,78,2015
51670,429,0.0,7,2015
51678,153,0.0,16,2015
51680,1691,191.36,46,2015
51683,2989,0.0,24,2015
51685,4,0.0,1,2015
51690,128,0.0,7,2015
51700,8621,414.32,109,2015
51710,21229,0.0,143,2015
51720,3,0.0,2,2015
51730,20,2.7,8,2015
51735,1587,0.0,12,2015
51740,12432,0.8,48,2015
51750,12356,727.1999999999999,31,2015
51760,23358,0.04,289,2015
51770,3901,2.16,68,2015
51775,1243,0.0,21,2015
51790,2618,1323.07,41,2015
51800,16351,241.97,224,2015
51810,36269,1736.54,513,2015
51820,1573,60.8,32,2015
51830,11991,1.54,103,2015
51840,341,77.72,20,2015
53001,10562,586.19,182,2015
53003,4251,271.40999999999997,187,2015
53005,12811,1247.66,319,2015
53007,30324,2983.9600000000005,713,2015
53009,76588,10077.63,881,2015
53011,58279,8855.51,556,2015
53013,931,69.96000000000001,58,2015
53015,17093,4786.5,316,2015
53017,7029,810.67,397,2015
53019,4520,21.39,99,2015
53021,6916,461.61,376,2015
53023,771,14.99,42,2015
53025,25604,1269.18,545,2015
53027,38239,2272.76,522,2015
53029,25037,3569.0400000000004,357,2015
53031,39097,1247.99,542,2015
53033,244002,10914.83,3142,2015
53035,36075,1022.07,712,2015
53037,29922,2038.48,982,2015
53039,10243,946.72,402,2015
53041,8242,1766.66,553,2015
53043,13217,1290.3,291,2015
53045,21578,654.02,336,2015
53047,23330,1395.85,827,2015
53049,12856,1242.33,245,2015
53051,29070,694.4399999999999,190,2015
53053,88584,5395.55,1688,2015
53055,22973,2498.88,431,2015
53057,58978,17950.82,856,2015
53059,7124,225.83,295,2015
53061,50608,10749.59,1103,2015
53063,37129,2979.75,723,2015
53065,16562,1669.82,319,2015
53067,115314,7301.63,1017,2015
53069,5453,1977.37,82,2015
53071,32677,6421.75,247,2015
53073,37383,3309.41,1026,2015
53075,10005,659.69,228,2015
53077,52637,6221.09,1045,2015
54001,2448,349.93,29,2015
54003,6018,2473.57,106,2015
54005,18,0.0,6,2015
54007,809,123.01,58,2015
54009,229,6.32,16,2015
54011,2261,647.49,59,2015
54013,61,5.62,17,2015
54015,510,3.3999999999999995,43,2015
54017,434,203.06,28,2015
54019,11005,225.89,188,2015
54021,247,19.21,24,2015
54023,5741,1569.41,134,2015
54025,1781,178.07999999999998,67,2015
54027,4478,1447.41,69,2015
54029,425,31.37,24,2015
54031,6376,4149.48,123,2015
54033,977,53.37,59,2015
54035,341,88.73,30,2015
54037,19948,7914.54,227,2015
54039,13536,179.49000000000004,221,2015
54041,4770,1549.5,99,2015
54043,236,1.02,10,2015
54045,49,0.0,7,2015
54047,144,0.0,14,2015
54049,5726,606.5699999999999,44,2015
54051,136,24.5,15,2015
54053,2371,450.39,71,2015
54055,1383,110.63,57,2015
54057,1718,532.02,53,2015
54059,22,0.0,3,2015
54061,29020,2925.36,527,2015
54063,944,169.86,36,2015
54065,2009,264.21999999999997,52,2015
54067,1712,58.7,76,2015
54069,956,16.26,45,2015
54071,5061,770.47,193,2015
54073,404,253.05,27,2015
54075,5643,1299.06,262,2015
54077,21423,4050.1,240,2015
54079,3003,67.11,55,2015
54081,1689,221.08,75,2015
54083,6108,1790.37,217,2015
54085,6322,513.27,63,2015
54087,45,12.62,17,2015
54089,4198,323.4100000000001,65,2015
54091,2505,137.31,58,2015
54093,7531,358.13,291,2015
54095,54,0.2,9,2015
54097,411,42.27,18,2015
54099,1288,93.96,34,2015
54101,79,0.0,5,2015
54103,4146,75.4,24,2015
54105,46,2.1799999999999997,15,2015
54107,2960,194.17,93,2015
54109,137,0.0,5,2015
55001,5699,1647.35,238,2015
55003,8681,684.77,517,2015
55005,3680,543.38,276,2015
55007,19327,2606.87,856,2015
55009,30872,3544.5,718,2015
55011,3530,697.5400000000001,264,2015
55013,9308,329.44,499,2015
55015,10009,2720.55,254,2015
55017,15064,2345.4,471,2015
55019,3530,632.0600000000001,193,2015
55021,20043,4883.5199999999995,800,2015
55023,11245,665.55,304,2015
55025,183051,25351.78,2472,2015
55027,41655,5315.88,692,2015
55029,24295,3140.6,777,2015
55031,25915,803.76,1139,2015
55033,12694,4133.03,521,2015
55035,16099,2176.92,527,2015
55037,21977,1944.11,329,2015
55039,24285,3201.82,542,2015
55041,12373,435.95,594,2015
55043,29096,8240.47,711,2015
55045,10560,3563.27,249,2015
55047,13416,1818.84,295,2015
55049,20413,7981.19,478,2015
55051,4663,196.94,286,2015
55053,2798,338.53000000000003,265,2015
55055,31386,8331.46,593,2015
55057,5262,120.71,231,2015
55059,10904,1366.3,408,2015
55061,5258,1628.09,145,2015
55063,22621,6184.31,390,2015
55065,2699,981.2,181,2015
55067,3227,194.59,232,2015
55069,5183,683.23,260,2015
55071,34697,8614.88,602,2015
55073,23422,2948.64,807,2015
55075,22287,553.88,484,2015
55077,4327,931.3,292,2015
55078,462,0.0,56,2015
55079,118667,2242.82,911,2015
55081,7858,3551.5299999999997,464,2015
55083,9092,1869.25,412,2015
55085,9911,76.33,617,2015
55087,20310,4139.87,484,2015
55089,51787,9286.11,514,2015
55091,2045,302.23,146,2015
55093,4047,1406.31,220,2015
55095,18642,2587.07,524,2015
55097,17840,4949.0,594,2015
55099,5635,287.07,329,2015
55101,31489,4186.92,475,2015
55103,4892,1009.7,236,2015
55105,17694,3890.01,525,2015
55107,4231,851.32,221,2015
55109,7626,2611.63,441,2015
55111,27466,5152.19,761,2015
55113,4974,138.39,380,2015
55115,4308,1068.42,320,2015
55117,17385,3492.55,438,2015
55119,7507,1768.57,393,2015
55121,9689,1717.39,249,2015
55123,13925,3815.24,367,2015
55125,14998,27.83,852,2015
55127,6900,1105.12,422,2015
55129,6575,1049.96,314,2015
55131,17922,6301.2,319,2015
55133,37360,6180.4,904,2015
55135,7052,2413.42,291,2015
55137,3644,368.81,275,2015
55139,13802,2135.6,564,2015
55141,8789,1697.5,257,2015
56001,17746,158.79999999999998,432,2015
56003,1700,146.59,144,2015
56005,1100,12.16,46,2015
56007,2593,14.59,228,2015
56009,825,5.970000000000001,61,2015
56011,2916,71.72,142,2015
56013,12515,648.64,791,2015
56015,2505,81.05000000000001,90,2015
56017,723,30.54,38,2015
56019,805,26.58,171,2015
56021,14036,174.54,205,2015
56023,1339,222.04,131,2015
56025,4638,35.25,128,2015
56027,195,1.05,22,2015
56029,11945,81.00999999999999,959,2015
56031,972,10.04,86,2015
56033,3487,842.66,213,2015
56035,2118,109.88,210,2015
56037,4604,8.399999999999999,153,2015
56039,24050,365.01,1384,2015
56041,3093,188.26,108,2015
56043,1993,153.92,118,2015
56045,2156,0.0,99,2015
01001,1706,338.77,80,2016
01003,29253,922.76,682,2016
01005,8027,401.54,86,2016
01007,4997,27.75,178,2016
01009,656,39.63,54,2016
01011,5410,1865.64,54,2016
01013,184,32.06,41,2016
01015,1455,43.01,67,2016
01017,1920,236.86,66,2016
01019,755,136.67,76,2016
01021,1226,220.65,97,2016
01023,2717,46.209999999999994,81,2016
01025,223,29.87,19,2016
01027,847,172.53,84,2016
01029,1384,110.3,80,2016
01031,345,97.4,45,2016
01033,7432,1762.13,83,2016
01035,140,13.03,52,2016
01037,690,9.47,34,2016
01039,3387,436.02,163,2016
01041,201,43.8,16,2016
01043,904,136.0,49,2016
01045,870,26.85,35,2016
01047,469,63.37,38,2016
01049,2098,230.29,168,2016
01051,3766,820.68,132,2016
01053,309,47.760000000000005,73,2016
01055,587,30.84,46,2016
01057,8,0.6000000000000001,7,2016
01059,524,123.28,22,2016
01061,607,435.72,27,2016
01063,1370,131.46,88,2016
01065,10678,2946.75,236,2016
01067,1051,161.49,69,2016
01069,7639,587.1,143,2016
01071,3112,874.1800000000001,175,2016
01073,21617,240.26,555,2016
01075,133,11.04,8,2016
01077,9145,1376.53,116,2016
01079,3844,864.03,152,2016
01081,10616,2141.96,325,2016
01083,12153,5421.04,171,2016
01085,379,81.81,47,2016
01087,6386,356.77000000000004,211,2016
01089,31511,3731.4099999999994,301,2016
01091,7747,4691.25,176,2016
01093,156,20.58,17,2016
01095,4638,150.71,127,2016
01097,37843,196.58,362,2016
01099,423,39.97,32,2016
01101,14784,2761.09,292,2016
01103,10119,3140.32,122,2016
01105,2911,417.17,78,2016
01107,198,40.99,20,2016
01109,330,104.04,57,2016
01111,744,98.47,55,2016
01113,1192,195.31,80,2016
01115,674,41.28,63,2016
01117,19120,6425.56,254,2016
01119,1473,421.67,108,2016
01121,267,49.35,38,2016
01123,1335,205.82,59,2016
01125,8824,557.85,376,2016
01127,252,19.94,15,2016
01129,75,10.83,13,2016
01131,849,54.33,29,2016
01133,2412,159.9,102,2016
04001,14805,409.72,895,2016
04003,282387,1217.61,3090,2016
04005,114809,540.9300000000001,3044,2016
04007,23140,21.27,561,2016
04009,11758,896.15,399,2016
04011,3968,423.63,135,2016
04012,14330,1533.31,298,2016
04013,344012,19925.15,4730,2016
04015,38795,99.35,992,2016
04017,9724,122.27,463,2016
04019,420206,782.52,5717,2016
04021,53850,13871.71,1370,2016
04023,226771,4131.749999999999,2025,2016
04025,137939,7340.88,2223,2016
04027,26001,1475.02,496,2016
05001,1816,531.34,146,2016
05003,584,178.34,39,2016
05005,3890,480.43,113,2016
05007,29847,7591.46,806,2016
05009,1827,692.3399999999999,51,2016
05011,241,46.48,11,2016
05013,280,6.9,15,2016
05015,1123,130.02,100,2016
05017,1193,403.11,29,2016
05019,2177,547.66,67,2016
05021,145,79.07,21,2016
05023,1835,299.20000000000005,96,2016
05025,37,2.77,8,2016
05027,2839,74.03999999999999,65,2016
05029,2090,269.95000000000005,90,2016
05031,4328,1234.94,331,2016
05033,1829,618.29,87,2016
05035,3982,542.08,105,2016
05037,298,88.27,52,2016
05039,101,21.35,11,2016
05041,2479,703.26,34,2016
05043,745,3.01,19,2016
05045,9314,2798.92,242,2016
05047,2121,384.9,150,2016
05049,1229,564.0,32,2016
05051,4415,101.33,265,2016
05053,372,57.290000000000006,34,2016
05055,1044,184.36,107,2016
05057,3841,222.9,76,2016
05059,728,11.99,54,2016
05061,1423,283.73,26,2016
05063,189,14.72,19,2016
05065,213,58.23,28,2016
05067,747,617.91,62,2016
05069,6339,212.06,111,2016
05071,2432,747.21,182,2016
05073,3589,2102.05,53,2016
05075,381,91.46,35,2016
05077,623,190.18,34,2016
05079,30,9.5,5,2016
05081,4206,1556.33,86,2016
05083,1846,199.43,133,2016
05085,5080,3445.02,111,2016
05087,793,88.88,67,2016
05089,1013,446.31999999999994,58,2016
05091,6330,2454.86,113,2016
05093,1293,402.39,128,2016
05095,1677,276.99,48,2016
05097,779,56.53,112,2016
05099,663,229.16,32,2016
05101,2478,435.53,187,2016
05103,177,20.98,26,2016
05105,1091,216.47000000000003,94,2016
05107,552,76.58,39,2016
05109,207,2.8600000000000003,24,2016
05111,1656,547.89,111,2016
05113,979,24.36,140,2016
05115,6069,548.9300000000001,150,2016
05117,1693,515.25,53,2016
05119,28979,1866.36,709,2016
05121,82,5.37,17,2016
05123,247,59.64,53,2016
05125,9982,207.42,182,2016
05127,8933,1284.38,117,2016
05129,743,140.24,91,2016
05131,5581,591.95,163,2016
05133,1312,171.87,43,2016
05135,255,64.63000000000001,49,2016
05137,1537,135.16,104,2016
05139,702,2.4,39,2016
05141,14798,601.0,43,2016
05143,10089,2117.11,388,2016
05145,11315,6823.15,204,2016
05147,367,157.7,61,2016
05149,3325,817.33,108,2016
06001,189587,3547.39,3611,2016
06003,10483,195.91,566,2016
06005,13930,59.42,390,2016
06007,56910,10912.01,1485,2016
06009,12362,0.8600000000000001,474,2016
06011,28520,8171.42,623,2016
06013,165628,7864.14,4521,2016
06015,21607,2369.87,784,2016
06017,26948,1.5500000000000005,1869,2016
06019,56522,1939.51,1695,2016
06021,28498,1843.68,513,2016
06023,207132,18514.23,3151,2016
06025,71535,25215.1,1401,2016
06027,53247,4766.71,2960,2016
06029,92735,8526.33,2637,2016
06031,12111,4422.16,223,2016
06033,24807,968.38,692,2016
06035,22177,4046.0,778,2016
06037,675516,2599.85,15918,2016
06039,17925,1894.78,763,2016
06041,230385,370.87,5341,2016
06043,15518,0.0,1183,2016
06045,79046,5678.37,1658,2016
06047,36350,2924.21,633,2016
06049,10961,719.18,492,2016
06051,40391,886.4200000000001,2180,2016
06053,256746,4225.17,3903,2016
06055,37249,1206.83,1046,2016
06057,47797,218.99,1395,2016
06059,351772,549.49,3540,2016
06061,45594,3584.59,1389,2016
06063,41893,2337.67,1396,2016
06065,194047,7630.1,5791,2016
06067,184176,16981.8,1945,2016
06069,44654,1951.75,2199,2016
06071,118797,1468.55,5000,2016
06073,504126,2536.42,10213,2016
06075,177504,0.08,2017,2016
06077,48647,11867.93,850,2016
06079,138633,717.16,2864,2016
06081,199248,848.0699999999999,4288,2016
06083,161920,3812.58,3090,2016
06085,225940,5505.7,5941,2016
06087,233982,17846.5,4363,2016
06089,36416,816.73,1278,2016
06091,16425,639.72,584,2016
06093,39958,6009.06,1280,2016
06095,61011,9987.49,977,2016
06097,166457,21538.39,4848,2016
06099,39275,7818.889999999999,801,2016
06101,15459,5433.09,453,2016
06103,25548,3315.31,867,2016
06105,5982,18.61,470,2016
06107,49786,7574.84,1790,2016
06109,24761,11.01,1147,2016
06111,120589,6089.46,3629,2016
06113,146415,83880.8,1386,2016
06115,12117,1809.44,427,2016
08001,55884,2055.44,965,2016
08003,5742,22.36,180,2016
08005,81209,1315.38,1096,2016
08007,7911,393.50000000000006,236,2016
08009,14047,380.49,255,2016
08011,20678,2284.06,251,2016
08013,137233,1925.42,3210,2016
08014,3824,34.1,164,2016
08015,9224,256.5,455,2016
08017,2389,209.81,100,2016
08019,8063,0.0,400,2016
08021,3098,85.75,181,2016
08023,2914,80.16999999999999,120,2016
08025,3977,1.34,88,2016
08027,5714,63.55,136,2016
08029,10772,3451.93,269,2016
08031,66092,1030.0,874,2016
08033,850,58.85,72,2016
08035,59922,82.36999999999999,836,2016
08037,7771,515.54,396,2016
08039,13032,548.72,881,2016
08041,96418,151.63,1463,2016
08043,19149,745.98,429,2016
08045,5910,441.69,386,2016
08047,3754,0.0,136,2016
08049,7549,3.46,519,2016
08051,13043,761.98,1109,2016
08053,1785,3.96,127,2016
08055,6761,81.91,313,2016
08057,15834,155.84,350,2016
08059,159018,59.559999999999995,2056,2016
08061,8760,245.53,138,2016
08063,5940,1028.59,164,2016
08065,942,0.0,109,2016
08067,23386,994.09,461,2016
08069,132025,1841.95,3388,2016
08071,3988,7.1000000000000005,252,2016
08073,11719,812.88,333,2016
08075,16243,2766.43,279,2016
08077,47182,4562.67,1196,2016
08079,891,0.0,115,2016
08081,5870,332.89,264,2016
08083,8834,496.75,479,2016
08085,9047,1080.14,722,2016
08087,13089,938.63,249,2016
08089,13424,156.32,243,2016
08091,3212,105.5,156,2016
08093,15710,0.0,948,2016
08095,2000,453.64,73,2016
08097,3370,15.72,256,2016
08099,28061,7241.740000000001,319,2016
08101,38998,36.59,645,2016
08103,2165,157.64,129,2016
08105,5116,282.90000000000003,188,2016
08107,12115,1314.47,513,2016
08109,4715,129.87,346,2016
08111,568,0.0,69,2016
08113,3208,21.15,231,2016
08115,3540,365.43,96,2016
08117,10718,0.0,498,2016
08119,8838,3.3600000000000003,232,2016
08121,13080,457.9,124,2016
08123,70169,5803.9800000000005,1572,2016
08125,11723,849.6999999999999,274,2016
09001,163565,2551.7999999999997,1678,2016
09003,74292,11576.7,1308,2016
09005,121348,6537.84,1044,2016
09007,46853,2387.28,840,2016
09009,217442,7556.6,1839,2016
09011,60949,5755.29,1027,2016
09013,32847,5162.08,672,2016
09015,31037,1849.29,347,2016
10001,106171,7885.58,748,2016
10003,129082,17241.329999999998,1374,2016
10005,115782,7206.32,1132,2016
11001,112227,732.7499999999999,1739,2016
12001,175079,16097.43,1664,2016
12003,1761,38.62,109,2016
12005,21793,0.0,336,2016
12007,1227,87.67999999999999,93,2016
12009,187209,18473.59,1909,2016
12011,84619,827.6200000000001,1688,2016
12013,1135,204.36,117,2016
12015,75021,3566.65,990,2016
12017,20581,826.98,525,2016
12019,27174,261.14,357,2016
12021,127709,3115.78,1845,2016
12023,5429,899.3199999999999,249,2016
12027,4346,1210.9299999999998,221,2016
12029,2300,89.48,139,2016
12031,104096,1269.47,1260,2016
12033,26952,384.23,390,2016
12035,7707,921.63,432,2016
12037,18114,0.0,357,2016
12039,4649,45.56,171,2016
12041,582,145.20000000000002,60,2016
12043,2846,625.53,140,2016
12045,6055,14.44,173,2016
12047,777,86.91,80,2016
12049,2515,1288.04,130,2016
12051,17801,4951.639999999999,286,2016
12053,60173,10706.31,670,2016
12055,29776,4352.39,580,2016
12057,57648,6683.35,1489,2016
12059,676,68.66,129,2016
12061,34637,2995.6,652,2016
12063,6335,1149.78,319,2016
12065,5815,2258.73,194,2016
12067,1442,198.03,84,2016
12069,49233,11149.19,959,2016
12071,213712,3080.23,2542,2016
12073,76640,8517.47,912,2016
12075,17309,256.81,390,2016
12077,2503,45.09,274,2016
12079,907,142.22,122,2016
12081,57880,2977.04,1009,2016
12083,19591,1863.75,805,2016
12085,28920,3690.9,651,2016
12086,138510,9988.64,3659,2016
12087,95616,48.44,1542,2016
12089,9109,167.17,444,2016
12091,12259,376.32,514,2016
12093,6659,1960.15,262,2016
12095,155421,29817.84,2381,2016
12097,49885,12518.25,1308,2016
12099,197023,18291.27,2266,2016
12101,48700,10195.37,1101,2016
12103,213236,411.49,1655,2016
12105,81050,5341.14,1451,2016
12107,8508,253.54,334,2016
12109,52556,1900.74,1169,2016
12111,10507,708.19,534,2016
12113,14767,82.39999999999999,319,2016
12115,164265,5896.429999999999,1355,2016
12117,54207,2089.99,1030,2016
12119,8967,1655.76,375,2016
12121,3147,106.54,102,2016
12123,2565,7.57,116,2016
12125,739,48.260000000000005,68,2016
12127,57486,1014.2,1225,2016
12129,54445,98.12,455,2016
12131,10182,77.73,353,2016
12133,3251,308.34999999999997,158,2016
13001,480,32.77,15,2016
13003,157,39.18,19,2016
13005,103,37.400000000000006,8,2016
13007,3305,523.45,122,2016
13009,1118,47.37,47,2016
13011,210,18.36,23,2016
13013,2227,388.9299999999999,54,2016
13015,19184,5794.9,221,2016
13017,290,75.17,14,2016
13019,1515,164.27,87,2016
13021,36859,4746.63,220,2016
13023,1173,635.34,43,2016
13025,147,10.92,20,2016
13027,2973,1494.38,78,2016
13029,2302,39.05,103,2016
13031,5534,2517.76,152,2016
13033,3832,545.47,110,2016
13035,4993,701.9599999999999,64,2016
13037,243,14.87,19,2016
13039,12350,33.3,299,2016
13043,531,165.3,38,2016
13045,7643,574.07,192,2016
13047,2415,1421.01,128,2016
13049,5121,64.56,141,2016
13051,49817,561.9,715,2016
13053,288,10.92,37,2016
13055,499,223.18,35,2016
13057,22493,2767.11,270,2016
13059,71663,4504.0,419,2016
13061,1526,51.78,38,2016
13063,26583,1895.14,132,2016
13065,1453,2.17,59,2016
13067,54309,3593.34,496,2016
13069,402,16.560000000000002,34,2016
13071,480,38.81,50,2016
13073,5692,100.82,154,2016
13075,998,79.16,73,2016
13077,12687,4084.43,188,2016
13079,82,7.04,18,2016
13081,1091,71.77,37,2016
13083,769,52.2,80,2016
13085,6286,203.62,105,2016
13087,11527,5058.71,120,2016
13089,69452,1629.57,714,2016
13091,1255,481.23,68,2016
13093,607,261.39,44,2016
13095,7184,243.98,136,2016
13097,1041,29.43,54,2016
13099,1539,429.73,60,2016
13101,82,0.35,17,2016
13103,505,10.39,31,2016
13105,1949,123.74,45,2016
13107,661,198.97,53,2016
13109,311,10.4,12,2016
13111,2107,403.25,112,2016
13113,2510,85.55,113,2016
13115,7610,1923.76,166,2016
13117,9377,760.63,169,2016
13119,585,187.39,41,2016
13121,63876,1966.94,869,2016
13123,4638,14.349999999999998,72,2016
13125,19,2.6500000000000004,5,2016
13127,46095,1205.25,805,2016
13129,3793,1738.48,126,2016
13131,617,197.77,30,2016
13133,5811,851.1200000000001,114,2016
13135,36919,4120.04,506,2016
13137,884,185.85,65,2016
13139,8397,1146.9700000000005,143,2016
13141,264,2.4,20,2016
13143,71,2.53,23,2016
13145,2058,110.5,93,2016
13147,1396,93.8,28,2016
13149,584,231.14,29,2016
13151,6640,1845.13,80,2016
13153,3965,420.64,92,2016
13155,170,39.08,29,2016
13157,1740,605.94,51,2016
13159,3761,241.37,58,2016
13161,618,312.35,12,2016
13163,1503,369.55,61,2016
13165,638,88.03,24,2016
13167,265,21.33,32,2016
13169,4584,130.16,65,2016
13171,928,261.62,36,2016
13173,325,7.85,16,2016
13175,1988,426.8,134,2016
13177,2196,1036.58,68,2016
13179,7389,67.58,156,2016
13181,446,31.55,17,2016
13183,1085,124.01,42,2016
13185,5275,509.8,234,2016
13187,1258,104.65,65,2016
13189,331,9.52,24,2016
13191,33603,71.33,346,2016
13193,2925,2287.56,58,2016
13195,2063,857.89,90,2016
13197,130,35.97,8,2016
13199,2287,882.51,86,2016
13201,1108,495.97,79,2016
13205,1724,994.86,52,2016
13207,3586,184.84,105,2016
13209,2607,33.440000000000005,17,2016
13211,4701,2981.7000000000003,89,2016
13213,8421,1298.76,438,2016
13215,14710,697.44,226,2016
13217,1091,414.25,69,2016
13219,14395,5280.33,221,2016
13221,2920,1391.54,101,2016
13223,852,26.28,56,2016
13225,307,170.11,28,2016
13227,4073,198.61,48,2016
13229,48,0.8,7,2016
13231,350,117.62,28,2016
13233,166,41.900000000000006,41,2016
13235,273,50.77,37,2016
13237,1401,154.48000000000002,46,2016
13239,512,40.93000000000001,15,2016
13241,10406,1371.86,231,2016
13243,157,53.28999999999999,26,2016
13245,19074,2191.09,257,2016
13247,5109,2878.8799999999997,59,2016
13249,2201,547.13,25,2016
13251,580,58.870000000000005,41,2016
13253,493,136.08,40,2016
13255,900,104.4,56,2016
13257,144,5.98,24,2016
13259,4461,683.39,57,2016
13261,1322,231.76,64,2016
13263,622,11.13,24,2016
13265,60,5.26,11,2016
13267,1441,354.11,88,2016
13269,467,26.84,33,2016
13271,857,169.13,70,2016
13273,292,20.42,32,2016
13275,856,83.45,50,2016
13277,2535,416.19,181,2016
13279,490,57.79,30,2016
13281,4103,477.67,128,2016
13283,87,8.6,11,2016
13285,3312,1681.02,85,2016
13287,2179,194.05,78,2016
13289,588,77.82000000000001,30,2016
13291,4669,119.34,107,2016
13293,1307,420.29,45,2016
13295,3073,581.64,180,2016
13297,3079,1179.65,94,2016
13299,791,10.16,69,2016
13301,143,11.5,20,2016
13303,1376,449.17,49,2016
13305,101,3.2,15,2016
13307,25,5.95,12,2016
13309,263,11.15,15,2016
13311,1181,35.85,65,2016
13313,4533,3120.46,113,2016
13315,585,263.84000000000003,42,2016
13317,106,9.95,15,2016
13319,295,0.8800000000000001,14,2016
13321,324,69.91,56,2016
16001,87034,3998.52,1261,2016
16003,7484,645.5,134,2016
16005,6447,345.04,733,2016
16007,1975,92.93,96,2016
16009,3045,106.33,96,2016
16011,1559,178.51,199,2016
16013,6845,1006.71,580,2016
16015,4338,75.13000000000001,251,2016
16017,8462,406.41,375,2016
16019,2985,246.23,258,2016
16021,2964,197.46,131,2016
16023,1783,44.58,274,2016
16025,1675,480.52,59,2016
16027,25702,5269.13,435,2016
16029,647,36.25,78,2016
16031,6814,887.79,339,2016
16033,957,9.92,378,2016
16035,2205,102.46,220,2016
16037,4422,46.01,366,2016
16039,8438,801.86,299,2016
16041,444,69.84,53,2016
16043,5194,180.56,441,2016
16045,2139,239.26,95,2016
16047,4767,685.6,223,2016
16049,6881,272.48,646,2016
16051,11560,2109.52,252,2016
16053,989,144.05,134,2016
16055,10828,344.12,451,2016
16057,27346,3650.06,644,2016
16059,5684,1334.48,290,2016
16061,645,67.44999999999999,42,2016
16063,104,0.87,22,2016
16065,2071,599.86,102,2016
16067,1683,152.87,77,2016
16069,9300,531.67,262,2016
16071,1340,62.47,117,2016
16073,13674,2300.2,446,2016
16075,3274,788.33,109,2016
16077,3126,456.25,213,2016
16079,2653,0.03,221,2016
16081,1816,332.75,138,2016
16083,9203,2282.36,378,2016
16085,10188,214.47,476,2016
16087,1877,246.94,87,2016
17001,4905,391.06,125,2016
17003,6070,3504.11,137,2016
17005,1327,210.04,70,2016
17007,2144,669.99,131,2016
17009,3419,1207.33,33,2016
17011,3845,766.32,188,2016
17013,2314,606.12,42,2016
17015,11003,2012.81,121,2016
17017,3124,1493.18,125,2016
17019,23415,3424.71,591,2016
17021,872,143.81,46,2016
17023,1378,343.48,59,2016
17025,296,150.59,32,2016
17027,16642,3516.29,179,2016
17029,22197,2037.35,304,2016
17031,627581,12261.82,4496,2016
17033,351,68.81,39,2016
17035,393,151.18,58,2016
17037,11392,5409.08,259,2016
17039,5416,730.47,134,2016
17041,2227,1148.05,123,2016
17043,965468,795387.1,2415,2016
17045,654,207.05,23,2016
17047,1962,516.62,19,2016
17049,1173,375.84,75,2016
17051,1695,305.64,65,2016
17053,706,304.21,100,2016
17055,1984,79.2,91,2016
17057,16881,7715.64,197,2016
17059,94,11.31,24,2016
17061,333,160.43,36,2016
17063,7739,910.22,269,2016
17065,338,119.36,8,2016
17067,1680,548.09,113,2016
17069,76,10.83,22,2016
17071,1237,308.19,60,2016
17073,4372,422.57,143,2016
17075,2006,860.25,148,2016
17077,27420,5966.02,785,2016
17079,1869,1505.34,46,2016
17081,1687,632.81,81,2016
17083,2974,186.76,69,2016
17085,3451,837.23,117,2016
17087,6804,1745.91,544,2016
17089,76631,17169.91,1532,2016
17091,21432,6303.96,230,2016
17093,21658,4043.53,373,2016
17095,1242,246.92,89,2016
17097,120228,18255.15,1668,2016
17099,7255,1768.44,391,2016
17101,284,70.05,22,2016
17103,4645,1730.58,310,2016
17105,1536,536.0699999999999,154,2016
17107,2210,1172.19,151,2016
17109,1672,594.3,69,2016
17111,62612,9561.26,684,2016
17113,25020,7644.62,780,2016
17115,1803,393.4,226,2016
17117,608,178.42,63,2016
17119,28880,1800.96,333,2016
17121,2257,1195.81,99,2016
17123,3291,452.51,57,2016
17125,22898,3825.87,393,2016
17127,6122,635.84,244,2016
17129,8772,4198.39,128,2016
17131,1164,285.67,43,2016
17133,5145,1209.95,90,2016
17135,1256,398.97,87,2016
17137,11146,2544.19,84,2016
17139,2792,382.31,91,2016
17141,4490,1325.77,283,2016
17143,13494,4121.2,258,2016
17145,946,345.83,58,2016
17147,3064,396.35,68,2016
17149,747,291.18,103,2016
17151,1316,223.85,149,2016
17153,4691,1812.14,240,2016
17155,7916,5207.51,95,2016
17157,5560,3728.79,196,2016
17159,297,45.74,20,2016
17161,9803,1631.97,228,2016
17163,18592,1793.15,199,2016
17165,769,56.03,36,2016
17167,22162,4477.75,876,2016
17169,842,513.83,48,2016
17171,705,304.42,26,2016
17173,1164,238.94,71,2016
17175,546,215.55,41,2016
17177,1475,476.53,102,2016
17179,9268,836.6600000000001,189,2016
17181,5171,1302.59,424,2016
17183,3379,388.64,208,2016
17185,655,123.74,13,2016
17187,823,362.29,51,2016
17189,377,31.6,44,2016
17191,445,247.9,14,2016
17193,2616,649.35,47,2016
17195,3656,323.26,102,2016
17197,66540,15073.19,1885,2016
17199,22668,5556.17,332,2016
17201,29437,2880.7200000000003,648,2016
17203,6806,1568.06,191,2016
18001,1001,748.18,41,2016
18003,10960,3189.28,321,2016
18005,2733,761.51,167,2016
18007,3105,1676.8100000000002,61,2016
18009,1239,370.66,21,2016
18011,6384,2181.7,161,2016
18013,16840,1747.02,204,2016
18015,1141,409.12,39,2016
18017,1976,501.49,122,2016
18019,4300,270.96,126,2016
18021,1841,1359.9,70,2016
18023,1513,310.98,41,2016
18025,1198,153.93,44,2016
18027,2787,1256.55,76,2016
18029,7961,4721.42,101,2016
18031,702,283.49,49,2016
18033,852,151.28,69,2016
18035,6621,959.31,202,2016
18037,1492,296.09,50,2016
18039,37376,5705.01,401,2016
18041,2046,170.0,35,2016
18043,3882,368.71,72,2016
18045,526,129.11,64,2016
18047,3140,438.55,85,2016
18049,162,57.650000000000006,40,2016
18051,27692,10653.0,204,2016
18053,2002,258.8,114,2016
18055,38371,17363.54,352,2016
18057,14207,2147.12,298,2016
18059,4447,1631.72,110,2016
18061,20049,5292.78,113,2016
18063,5261,481.59,132,2016
18065,2319,275.81,61,2016
18067,373,140.21,41,2016
18069,8361,1686.99,120,2016
18071,18517,2201.61,238,2016
18073,1217,271.54,104,2016
18075,1406,617.48,31,2016
18077,1489,200.91,57,2016
18079,1890,85.1,35,2016
18081,14371,3517.28,246,2016
18083,6154,2260.8,60,2016
18085,6068,856.0399999999998,141,2016
18087,13101,1980.97,319,2016
18089,26419,816.9300000000001,626,2016
18091,14350,1782.39,294,2016
18093,5677,1903.0,108,2016
18095,4862,244.92,188,2016
18097,63780,6275.36,762,2016
18099,1702,653.38,103,2016
18101,810,28.3,25,2016
18103,1930,578.57,147,2016
18105,38217,7954.54,519,2016
18107,3900,1463.52,160,2016
18109,4352,557.85,87,2016
18111,17099,6596.639999999999,163,2016
18113,5278,998.8,81,2016
18115,449,192.0,15,2016
18117,5307,416.86,67,2016
18119,2800,242.93,84,2016
18121,4187,721.37,122,2016
18123,673,21.040000000000003,37,2016
18125,6491,2244.22,128,2016
18127,46003,3338.18,717,2016
18129,3044,234.81,61,2016
18131,993,171.11,49,2016
18133,13077,3659.75,110,2016
18135,228,91.4,27,2016
18137,1704,369.04,60,2016
18139,318,167.04999999999998,29,2016
18141,24445,3011.18,471,2016
18143,6151,2235.2700000000004,67,2016
18145,559,286.21,41,2016
18147,4775,1702.24,97,2016
18149,4353,1698.52,92,2016
18151,5671,1722.91,178,2016
18153,8298,2055.61,96,2016
18155,319,70.89999999999999,19,2016
18157,89869,7662.01,443,2016
18159,318,157.32,35,2016
18161,8601,1384.99,92,2016
18163,13592,837.19,263,2016
18165,4555,1219.03,47,2016
18167,8801,1462.13,187,2016
18169,1763,414.63,119,2016
18171,859,209.51,51,2016
18173,22657,5847.5,161,2016
18175,1106,271.48,46,2016
18177,3267,1199.02,138,2016
18179,2431,1348.23,23,2016
18181,1238,304.95,86,2016
18183,810,391.95,27,2016
19001,538,296.1,66,2016
19003,212,119.72,19,2016
19005,3876,1000.13,122,2016
19007,1328,724.99,30,2016
19009,348,189.8,23,2016
19011,505,193.28,45,2016
19013,15230,1364.89,245,2016
19015,2740,365.61,118,2016
19017,3070,865.0,54,2016
19019,726,412.77,44,2016
19021,530,181.41,24,2016
19023,1756,515.28,58,2016
19025,560,174.6,33,2016
19027,1647,184.39,80,2016
19029,366,94.75,43,2016
19031,939,289.63,68,2016
19033,1484,179.27,85,2016
19035,788,202.74,30,2016
19037,175,111.05,33,2016
19039,147,43.36,26,2016
19041,3589,828.33,73,2016
19043,2408,395.15,111,2016
19045,1156,375.27,42,2016
19047,101,34.11,17,2016
19049,5134,2176.77,135,2016
19051,34,26.880000000000003,5,2016
19053,730,124.51,49,2016
19055,364,14.98,10,2016
19057,2834,1898.02,69,2016
19059,3852,679.91,216,2016
19061,9753,892.97,212,2016
19063,548,45.52,18,2016
19065,1017,223.0,38,2016
19067,435,137.0,32,2016
19069,325,141.48000000000002,29,2016
19071,1382,138.86,51,2016
19073,1282,413.66,51,2016
19075,481,111.05,18,2016
19077,593,135.48,26,2016
19079,328,87.7,59,2016
19081,217,78.75,12,2016
19083,1225,786.45,65,2016
19085,4176,1392.07,76,2016
19087,220,33.13,24,2016
19089,282,155.9,44,2016
19091,44,12.4,4,2016
19093,266,34.38,11,2016
19095,2351,1018.88,86,2016
19097,7754,808.4799999999999,85,2016
19099,4534,1635.71,116,2016
19101,4826,2023.7,68,2016
19103,43933,4040.9,515,2016
19105,874,317.73,31,2016
19107,213,136.65999999999997,10,2016
19109,505,298.17,52,2016
19111,2660,162.61,82,2016
19113,15866,1448.29,302,2016
19115,6273,2866.8499999999995,37,2016
19117,1300,403.06,50,2016
19119,330,146.19,28,2016
19121,1697,267.77000000000004,71,2016
19123,94,13.94,16,2016
19125,2207,218.75,69,2016
19127,1119,301.65,73,2016
19129,685,217.27,54,2016
19131,23,15.33,2,2016
19133,1225,280.83,99,2016
19135,1316,843.48,27,2016
19137,150,74.23,10,2016
19139,2483,226.64,61,2016
19141,1078,227.37,45,2016
19143,210,56.59,15,2016
19145,207,29.41,12,2016
19147,973,173.61,46,2016
19149,705,32.91,37,2016
19151,671,111.2,18,2016
19153,47390,3970.35,551,2016
19155,4160,736.34,175,2016
19157,2094,200.36,126,2016
19159,595,461.54,35,2016
19161,549,29.09,38,2016
19163,8793,1934.47,202,2016
19165,210,79.22,19,2016
19167,5602,2398.7099999999996,91,2016
19169,10654,2587.69,320,2016
19171,2614,835.59,56,2016
19173,232,158.65,15,2016
19175,341,72.39999999999999,18,2016
19177,2318,486.32,54,2016
19179,289,26.96,22,2016
19181,1261,897.68,55,2016
19183,1161,706.49,31,2016
19185,46,17.03,12,2016
19187,346,43.669999999999995,27,2016
19189,795,178.35,28,2016
19191,1363,485.74,124,2016
19193,4734,975.22,175,2016
19195,301,16.5,15,2016
19197,115,69.29,15,2016
20001,2348,1239.17,55,2016
20003,1094,334.84,38,2016
20005,4966,1139.8,60,2016
20007,1167,75.97,124,2016
20009,21643,488.7,164,2016
20011,1777,258.77,59,2016
20013,4262,1001.1,72,2016
20015,3213,111.15,293,2016
20017,2386,117.18,142,2016
20019,917,247.37,50,2016
20021,3711,1867.67,89,2016
20023,1204,166.77,82,2016
20025,1402,117.49,113,2016
20027,2307,244.97,38,2016
20029,959,376.94,62,2016
20031,5718,1008.0,121,2016
20033,996,1.5,16,2016
20035,4296,129.74,97,2016
20037,2247,224.4,88,2016
20039,63,1.64,11,2016
20041,984,145.6,65,2016
20043,1124,434.91,53,2016
20045,58584,29064.93,576,2016
20047,830,69.71000000000001,38,2016
20049,1590,199.6,285,2016
20051,2866,33.51,90,2016
20053,4882,268.27,135,2016
20055,2351,252.8,84,2016
20057,3876,538.01,165,2016
20059,4167,2506.8,165,2016
20061,6022,179.32999999999998,179,2016
20063,335,25.89,61,2016
20065,453,53.940000000000005,25,2016
20067,682,165.64,24,2016
20069,1344,353.8,61,2016
20071,202,18.38,14,2016
20073,1208,63.67,227,2016
20075,1191,123.95,37,2016
20077,1168,70.58,45,2016
20079,7240,424.87,140,2016
20081,330,72.25,29,2016
20083,2042,129.23000000000002,45,2016
20085,2117,842.9200000000001,63,2016
20087,10354,2445.26,172,2016
20089,267,6.840000000000001,27,2016
20091,82878,8903.68,1000,2016
20093,1166,117.57,35,2016
20095,1460,48.15,75,2016
20097,3407,130.74,70,2016
20099,2301,821.47,64,2016
20101,56,1.4300000000000002,8,2016
20103,19489,4936.4,245,2016
20105,865,111.37,41,2016
20107,12721,4675.45,87,2016
20109,353,62.55,50,2016
20111,4270,605.5400000000001,166,2016
20113,1668,166.79,81,2016
20115,2101,214.32,77,2016
20117,340,71.7,39,2016
20119,1188,106.01,53,2016
20121,6363,2012.73,124,2016
20123,558,130.56,35,2016
20125,1810,320.65,59,2016
20127,1025,61.8,53,2016
20129,3694,68.59,76,2016
20131,247,46.22,16,2016
20133,9956,1313.46,82,2016
20135,285,23.3,30,2016
20137,405,42.32000000000001,15,2016
20139,6441,907.53,123,2016
20141,212,13.36,10,2016
20143,2306,1130.08,20,2016
20145,1086,109.05,57,2016
20147,351,37.49,14,2016
20149,19393,3225.46,177,2016
20151,2413,263.57,62,2016
20153,231,88.39999999999999,7,2016
20155,5638,1046.11,235,2016
20157,437,30.93,37,2016
20159,583,114.02,49,2016
20161,24076,3477.72,620,2016
20163,345,32.28,19,2016
20165,442,77.01,27,2016
20167,8559,59.74,100,2016
20169,5802,1231.58,140,2016
20171,718,49.51,28,2016
20173,11195,187.66,536,2016
20175,678,43.16,28,2016
20177,20053,6536.11,346,2016
20179,466,154.09,62,2016
20181,398,68.45,43,2016
20183,199,42.29,27,2016
20185,28584,196.41,161,2016
20187,1632,941.4,93,2016
20189,693,117.51,30,2016
20191,3355,184.15,84,2016
20193,263,38.42,41,2016
20195,1174,40.91,51,2016
20197,3389,362.14,104,2016
20199,461,25.79,22,2016
20201,198,20.23,18,2016
20203,58,27.58,8,2016
20205,2150,348.43,45,2016
20207,1854,47.97,56,2016
20209,11767,137.05,135,2016
21001,1635,433.75,42,2016
21003,530,62.48,34,2016
21005,2689,1217.95,54,2016
21007,1005,216.68,54,2016
21009,3090,1016.75,96,2016
21011,187,26.74,22,2016
21013,264,0.5900000000000001,26,2016
21015,4750,840.9000000000001,167,2016
21017,475,182.45,33,2016
21019,277,100.53,19,2016
21021,1097,425.33,32,2016
21023,349,35.769999999999996,22,2016
21025,259,0.2,9,2016
21027,59,4.800000000000001,26,2016
21029,3296,378.66,133,2016
21031,119,28.119999999999997,7,2016
21033,39,11.22,9,2016
21035,2982,268.18,87,2016
21037,6870,132.33,125,2016
21039,63,11.6,9,2016
21041,759,95.25,33,2016
21043,298,21.06,15,2016
21045,1251,405.64,95,2016
21047,11357,6755.08,219,2016
21049,528,128.69,29,2016
21051,149,13.78,16,2016
21053,137,37.150000000000006,13,2016
21055,368,9.87,12,2016
21057,138,91.7,5,2016
21059,851,207.44,39,2016
21061,5472,10.45,99,2016
21063,206,24.9,6,2016
21065,61,8.34,28,2016
21067,31195,7659.21,358,2016
21069,123,36.12,17,2016
21071,65,0.0,12,2016
21073,5281,1056.95,66,2016
21075,3529,1722.64,74,2016
21077,587,93.18,35,2016
21079,294,173.74,30,2016
21081,487,89.37,37,2016
21083,112,23.42,15,2016
21085,189,38.89,22,2016
21087,64,41.9,4,2016
21089,259,130.38,19,2016
21091,5,0.0,1,2016
21093,2626,313.78000000000003,95,2016
21095,523,27.77,107,2016
21097,1478,691.1800000000001,190,2016
21099,3433,2188.65,76,2016
21101,12872,5460.53,88,2016
21103,486,132.04,26,2016
21105,75,24.17,19,2016
21107,1354,392.87,89,2016
21109,211,23.65,14,2016
21111,53170,12485.42,548,2016
21113,2102,630.43,75,2016
21115,371,5.22,8,2016
21117,8046,804.28,200,2016
21119,80,2.54,14,2016
21121,51,15.67,16,2016
21123,266,49.33,16,2016
21125,2999,109.56,104,2016
21127,3,0.39,2,2016
21129,209,5.13,19,2016
21131,271,21.369999999999997,17,2016
21133,295,16.67,26,2016
21135,144,28.9,28,2016
21137,942,304.84,47,2016
21139,1462,33.71,49,2016
21141,1682,939.07,30,2016
21143,3926,520.11,83,2016
21145,1216,177.48000000000002,74,2016
21147,1089,12.6,65,2016
21149,80,50.4,1,2016
21151,8773,1055.92,218,2016
21153,12,0.25,4,2016
21155,341,111.05,17,2016
21157,8427,1923.55,114,2016
21159,12,0.0,1,2016
21161,524,105.9,27,2016
21163,160,27.35,22,2016
21165,381,19.02,24,2016
21167,2268,1705.33,36,2016
21169,15,7.18,6,2016
21171,324,69.15,13,2016
21173,266,81.22,18,2016
21175,12,0.89,7,2016
21177,4676,1312.28,39,2016
21179,1309,662.13,38,2016
21181,210,25.06,18,2016
21183,1127,231.63,21,2016
21185,8641,2677.23,85,2016
21187,518,182.9,27,2016
21189,210,30.98,28,2016
21191,243,46.28,53,2016
21193,66,1.7000000000000002,13,2016
21195,369,0.38,30,2016
21197,992,20.59,75,2016
21199,10761,3720.61,152,2016
21201,192,39.69,9,2016
21203,379,216.07,56,2016
21205,2420,639.7199999999999,41,2016
21207,2554,151.6,39,2016
21209,1721,948.19,53,2016
21211,3104,677.86,42,2016
21213,263,132.70000000000002,24,2016
21215,919,105.35,30,2016
21217,620,25.75,22,2016
21219,1804,689.53,48,2016
21221,5776,1183.3,164,2016
21223,219,53.2,25,2016
21225,979,273.23,21,2016
21227,2037,1010.73,133,2016
21229,816,247.42,57,2016
21231,2339,1556.54,60,2016
21233,4,0.52,1,2016
21235,682,42.77,62,2016
21237,1766,4.99,58,2016
21239,1009,229.4,55,2016
22001,3137,939.52,93,2016
22003,1708,329.36,40,2016
22005,2202,24.85,76,2016
22007,655,36.48,34,2016
22009,559,133.44,37,2016
22011,979,271.65,48,2016
22013,143,0.0,4,2016
22015,3816,953.57,124,2016
22017,10580,1310.3,237,2016
22019,12470,3821.4,402,2016
22021,217,26.95,40,2016
22023,58578,8021.69,518,2016
22025,1084,490.24,18,2016
22027,2152,553.88,51,2016
22029,1264,214.32,63,2016
22031,2725,381.67,37,2016
22033,31114,3370.0699999999997,777,2016
22035,522,9.47,17,2016
22037,110,44.66,11,2016
22039,1473,214.61,42,2016
22041,117,4.97,11,2016
22043,1093,29.62,35,2016
22045,2585,618.21,68,2016
22047,8505,909.68,92,2016
22049,502,69.52000000000001,21,2016
22051,36445,25.07,384,2016
22053,24691,13329.27,355,2016
22055,19378,5160.099999999999,262,2016
22057,8766,512.75,183,2016
22059,2869,27.229999999999997,34,2016
22061,1982,74.51,42,2016
22063,3522,542.87,76,2016
22065,232,36.76,20,2016
22067,1348,843.69,30,2016
22069,2387,596.6899999999999,133,2016
22071,39438,25.78,551,2016
22073,9728,4302.67,205,2016
22075,8498,289.15,131,2016
22077,2323,915.83,48,2016
22079,10601,1128.47,194,2016
22081,2624,2248.19,29,2016
22083,1341,336.23,43,2016
22085,505,1.8,30,2016
22087,5013,69.86,63,2016
22089,3870,88.19,98,2016
22091,72,23.09,5,2016
22093,506,83.53,34,2016
22095,873,116.06,70,2016
22097,4765,2634.33,110,2016
22099,11939,786.27,152,2016
22101,2995,174.62,49,2016
22103,38190,512.74,487,2016
22105,1259,152.83,99,2016
22107,117,20.18,16,2016
22109,5082,697.9699999999999,121,2016
22111,4718,102.01,73,2016
22113,8819,3915.23,207,2016
22115,3713,192.2,166,2016
22117,3150,829.86,42,2016
22119,65,0.0,8,2016
22121,368,32.410000000000004,32,2016
22123,349,96.64,14,2016
22125,977,211.58,79,2016
22127,1154,2.01,25,2016
23001,12637,913.66,274,2016
23003,7673,802.88,321,2016
23005,125596,9518.95,1903,2016
23007,6950,316.53,300,2016
23009,62747,919.74,1810,2016
23011,37197,2215.14,865,2016
23013,12969,808.1899999999999,367,2016
23015,69731,1916.48,558,2016
23017,10521,964.6,542,2016
23019,47903,5349.62,1067,2016
23021,8101,113.49,423,2016
23023,30370,1166.65,474,2016
23025,6303,623.2199999999999,305,2016
23027,40573,4769.64,607,2016
23029,25888,1505.98,632,2016
23031,102681,8431.9,1288,2016
24001,20064,4322.87,452,2016
24003,149476,5163.55,2147,2016
24005,128265,15909.4,1536,2016
24009,48707,4741.24,334,2016
24011,17686,6078.1,447,2016
24013,27757,9096.09,491,2016
24015,23953,5685.45,440,2016
24017,3965,679.54,247,2016
24019,46594,9202.34,575,2016
24021,53430,11889.46,1108,2016
24023,32906,3614.01,651,2016
24025,72513,17936.469999999998,568,2016
24027,142348,31735.480000000003,1432,2016
24029,21781,10755.77,339,2016
24031,242233,24366.11,2532,2016
24033,122202,17768.62,1777,2016
24035,47613,18301.76,522,2016
24037,17850,2815.42,262,2016
24039,9146,592.56,185,2016
24041,49729,16568.21,635,2016
24043,23141,5569.13,555,2016
24045,10453,1344.76,309,2016
24047,71527,7914.06,949,2016
24510,35376,13.81,479,2016
25001,240415,1272.16,2706,2016
25003,71593,15909.11,1219,2016
25005,67699,2395.7000000000003,933,2016
25007,10479,224.43,348,2016
25009,294067,11229.65,2290,2016
25011,39055,5079.59,729,2016
25013,45557,3820.79,653,2016
25015,112918,25341.48,1037,2016
25017,288793,17326.280000000002,3507,2016
25019,26920,529.65,373,2016
25021,84264,4099.72,1201,2016
25023,136271,15122.089999999998,1487,2016
25025,82183,0.0,937,2016
25027,93416,3412.78,1918,2016
26001,6817,653.93,209,2016
26003,8281,779.87,435,2016
26005,37363,9452.5,898,2016
26007,2583,112.32,127,2016
26009,4441,304.66,265,2016
26011,4111,487.11,173,2016
26013,4724,3.07,144,2016
26015,54234,12248.88,771,2016
26017,20623,1439.01,436,2016
26019,10481,50.77,543,2016
26021,51991,6406.86,967,2016
26023,3994,1660.5200000000002,153,2016
26025,29336,3767.17,682,2016
26027,4366,184.94,176,2016
26029,11728,1332.84,386,2016
26031,8787,280.10999999999996,449,2016
26033,52730,4295.23,1043,2016
26035,3114,289.55,235,2016
26037,13794,2121.23,317,2016
26039,15252,3.12,333,2016
26041,7556,98.46,236,2016
26043,1473,56.51,84,2016
26045,12338,3284.15,395,2016
26047,13392,382.09,402,2016
26049,20455,1341.95,399,2016
26051,1807,218.13,119,2016
26053,4072,19.47,179,2016
26055,27966,1545.4,680,2016
26057,13428,3017.43,301,2016
26059,8487,1406.88,265,2016
26061,9808,443.59,337,2016
26063,5027,751.66,178,2016
26065,42262,5847.6,969,2016
26067,7073,2741.1600000000003,202,2016
26069,66048,595.54,481,2016
26071,1101,12.03,95,2016
26073,21421,3057.6,663,2016
26075,50430,10346.15,847,2016
26077,60160,3621.45,976,2016
26079,5128,101.92,188,2016
26081,78000,5382.25,1479,2016
26083,6315,2.34,226,2016
26085,1239,33.17,163,2016
26087,12336,1510.15,269,2016
26089,23647,481.34,699,2016
26091,15747,2744.13,444,2016
26093,23618,1616.7,864,2016
26095,2720,80.42,147,2016
26097,6455,423.74,410,2016
26099,92445,5329.97,657,2016
26101,16442,196.16,448,2016
26103,24375,225.58,639,2016
26105,8147,995.66,252,2016
26107,2127,233.96,195,2016
26109,2928,750.8199999999999,131,2016
26111,26684,1817.77,523,2016
26113,1969,140.02,103,2016
26115,24670,3021.61,681,2016
26117,1969,168.64,140,2016
26119,971,27.040000000000003,60,2016
26121,48518,830.89,418,2016
26123,2348,186.13,188,2016
26125,106497,3149.76,1360,2016
26127,6666,847.96,179,2016
26129,10883,709.0,152,2016
26131,2171,328.10999999999996,167,2016
26133,4623,510.73,150,2016
26135,3358,71.22,140,2016
26137,6625,425.96,203,2016
26139,64381,10009.12,855,2016
26141,1546,40.58,131,2016
26143,9529,2096.16,235,2016
26145,26185,2482.39,576,2016
26147,14835,846.36,324,2016
26149,6993,1190.23,384,2016
26151,3261,1285.48,122,2016
26153,7463,45.91,206,2016
26155,1756,339.53,120,2016
26157,10902,2821.74,306,2016
26159,7660,1087.61,314,2016
26161,205629,29575.34,2470,2016
26163,58992,1961.85,977,2016
26165,2138,559.34,171,2016
27001,4891,323.2,233,2016
27003,18671,3988.06,458,2016
27005,4196,598.59,159,2016
27007,3649,73.43,209,2016
27009,3822,670.87,145,2016
27011,2877,573.16,121,2016
27013,1828,506.4,124,2016
27015,1261,282.65,96,2016
27017,2015,107.83,188,2016
27019,25469,10886.32,286,2016
27021,3853,99.25,268,2016
27023,1245,318.1,101,2016
27025,5221,1332.86,322,2016
27027,5512,2356.29,191,2016
27029,3977,175.83,165,2016
27031,10066,14.840000000000002,568,2016
27033,6164,886.69,87,2016
27035,6046,274.27,409,2016
27037,87049,11402.51,1004,2016
27039,1174,705.14,96,2016
27041,5586,1053.25,247,2016
27043,2100,451.35,81,2016
27045,1414,703.9,113,2016
27047,2280,663.0699999999999,121,2016
27049,13401,1174.47,288,2016
27051,4127,2226.51,101,2016
27053,266811,3748.7,1936,2016
27055,2627,194.92,151,2016
27057,9577,263.49,162,2016
27059,2032,620.58,125,2016
27061,2922,6.0200000000000005,183,2016
27063,2908,932.73,139,2016
27065,1112,206.48,95,2016
27067,4428,1315.73,307,2016
27069,714,220.21,42,2016
27071,762,10.84,82,2016
27073,7779,1322.61,205,2016
27075,19139,58.18,1377,2016
27077,1144,8.15,154,2016
27079,2639,740.97,100,2016
27081,2124,244.95,85,2016
27083,6120,980.87,111,2016
27085,1401,513.94,81,2016
27087,858,185.44,58,2016
27089,3321,577.8,94,2016
27091,489,185.9,49,2016
27093,2091,493.35,115,2016
27095,1318,267.46,80,2016
27097,7224,2599.01,187,2016
27099,2854,558.86,95,2016
27101,1487,969.38,66,2016
27103,1442,335.28,78,2016
27105,681,333.39,70,2016
27107,781,303.01,56,2016
27109,18055,3991.12,420,2016
27111,6781,1072.72,253,2016
27113,773,305.40000000000003,52,2016
27115,6188,1252.65,421,2016
27117,1814,544.1,146,2016
27119,9411,1914.25,321,2016
27121,2660,587.03,131,2016
27123,163292,516.72,831,2016
27125,1345,476.34,54,2016
27127,617,126.73,47,2016
27129,1160,369.89,85,2016
27131,10407,1467.86,315,2016
27133,1536,1008.05,87,2016
27135,1517,119.07,113,2016
27137,89133,1495.75,1978,2016
27139,46475,1783.83,257,2016
27141,22089,5936.82,244,2016
27143,1062,412.72,68,2016
27145,11683,4136.18,541,2016
27147,10375,3818.31,175,2016
27149,1808,423.5,48,2016
27151,1691,688.3199999999999,112,2016
27153,5483,2449.77,187,2016
27155,521,185.29,44,2016
27157,3209,950.95,141,2016
27159,281,33.46,52,2016
27161,2051,430.24,40,2016
27163,48869,10254.69,923,2016
27165,763,216.18,79,2016
27167,857,293.63,73,2016
27169,4298,522.06,204,2016
27171,6720,1170.99,296,2016
27173,6254,645.75,159,2016
28001,2164,122.1,67,2016
28003,119,8.59,14,2016
28005,105,32.540000000000006,9,2016
28007,17,4.2,6,2016
28009,565,227.38,21,2016
28011,387,145.24,33,2016
28013,2,0.0,2,2016
28015,6,2.23,4,2016
28017,445,235.67,26,2016
28019,148,3.95,25,2016
28021,77,8.74,9,2016
28023,115,4.5,19,2016
28025,74,3.1900000000000004,10,2016
28027,824,191.46,37,2016
28029,163,23.64,11,2016
28031,390,289.06,21,2016
28033,5505,1234.59,102,2016
28035,2450,229.2,95,2016
28037,62,1.25,7,2016
28039,368,82.84,26,2016
28041,56,0.31,11,2016
28043,676,66.07,30,2016
28045,17581,736.0200000000001,187,2016
28047,13606,44.870000000000005,295,2016
28049,2790,57.23,71,2016
28051,177,13.16,13,2016
28053,760,356.01,18,2016
28055,182,141.43,8,2016
28057,740,39.98,21,2016
28059,46559,542.9300000000001,487,2016
28061,71,3.23,16,2016
28063,88,15.46,7,2016
28065,262,130.94,4,2016
28067,151,6.56,42,2016
28069,56,0.11,7,2016
28071,9544,2485.71,93,2016
28073,543,31.950000000000003,53,2016
28075,1274,172.78,73,2016
28077,70,45.25,4,2016
28079,20,2.4099999999999997,7,2016
28081,3675,424.37,53,2016
28083,554,172.36,24,2016
28085,24,0.0,2,2016
28087,8757,397.57,75,2016
28089,5576,129.8,72,2016
28091,182,3.92,19,2016
28093,4028,259.57,57,2016
28095,1248,91.42,39,2016
28097,5,0.36,5,2016
28099,72,8.8,4,2016
28101,541,258.36999999999995,32,2016
28103,7196,1028.08,78,2016
28105,7646,821.35,323,2016
28107,3148,773.9399999999999,40,2016
28109,3412,618.6800000000001,94,2016
28111,134,2.16,28,2016
28113,155,0.77,16,2016
28115,260,11.04,12,2016
28117,112,0.07,7,2016
28119,615,515.34,16,2016
28121,1280,63.0,90,2016
28123,277,67.76,12,2016
28125,38,9.12,5,2016
28127,610,167.96,22,2016
28129,107,0.74,17,2016
28131,544,7.99,36,2016
28133,141,115.85,13,2016
28135,1242,973.71,17,2016
28137,494,134.34,24,2016
28139,116,34.06,17,2016
28141,1346,51.57,37,2016
28143,1869,925.82,43,2016
28145,28,7.75,3,2016
28147,21,4.69,6,2016
28149,1597,496.97,53,2016
28151,547,193.28000000000003,29,2016
28153,44,1.88,16,2016
28155,61,1.44,12,2016
28157,353,50.150000000000006,24,2016
28159,523,70.45,184,2016
28161,1314,325.72,34,2016
28163,412,85.03999999999999,13,2016
29001,3985,510.95,91,2016
29003,363,183.82,36,2016
29005,205,75.24,35,2016
29007,446,93.93,17,2016
29009,4090,519.25,94,2016
29011,1949,1648.19,81,2016
29013,1399,787.23,60,2016
29015,3053,1094.67,41,2016
29017,4177,1240.47,61,2016
29019,68652,21618.29,623,2016
29021,3445,344.41,116,2016
29023,722,317.44999999999993,55,2016
29025,709,235.24,27,2016
29027,7893,3496.89,136,2016
29029,2991,88.98,115,2016
29031,10392,1608.24,149,2016
29033,337,90.39,9,2016
29035,1761,129.6,68,2016
29037,13122,8271.87,84,2016
29039,2442,816.7399999999999,74,2016
29041,1827,1466.02,31,2016
29043,7726,2132.19,128,2016
29045,247,80.91,18,2016
29047,9095,1599.71,287,2016
29049,542,275.02,69,2016
29051,14773,2426.25,78,2016
29053,972,187.02,40,2016
29055,1578,162.06,70,2016
29057,4976,2519.87,143,2016
29059,256,83.65,29,2016
29061,113,56.22,29,2016
29063,320,149.46,51,2016
29065,800,38.94,38,2016
29067,220,56.45,22,2016
29069,5851,1577.94,63,2016
29071,7176,1118.62,154,2016
29073,787,70.65,30,2016
29075,125,55.41,19,2016
29077,31855,5530.73,377,2016
29079,24,5.8,4,2016
29081,1846,1333.62,47,2016
29083,1931,321.21,46,2016
29085,603,67.22,42,2016
29087,12263,822.54,118,2016
29089,2075,1210.2,30,2016
29091,829,76.92,64,2016
29093,1478,256.07,126,2016
29095,48058,9678.85,501,2016
29097,2101,478.2000000000001,81,2016
29099,4739,443.63,142,2016
29101,21666,2663.59,99,2016
29103,144,56.88,7,2016
29105,334,75.81,35,2016
29107,2405,421.04,56,2016
29109,1909,1300.88,79,2016
29111,782,254.93,48,2016
29113,6193,2681.89,90,2016
29115,864,173.29,28,2016
29117,647,86.73,21,2016
29119,758,191.28,68,2016
29121,4354,501.18,51,2016
29123,449,56.3,52,2016
29125,281,23.52,18,2016
29127,1713,169.8,71,2016
29129,64,39.96,14,2016
29131,4267,296.08000000000004,42,2016
29133,1617,428.34,80,2016
29135,3495,2968.1600000000003,23,2016
29137,3866,294.82,60,2016
29139,470,52.419999999999995,36,2016
29141,978,527.49,31,2016
29143,634,127.35,41,2016
29145,4637,1909.8,129,2016
29147,527,129.89,16,2016
29149,3998,812.71,68,2016
29151,192,84.99000000000001,14,2016
29153,296,7.7,17,2016
29155,1571,725.75,72,2016
29157,4287,1021.68,97,2016
29159,1712,357.31,44,2016
29161,14005,2525.1600000000003,124,2016
29163,5480,2311.9700000000003,60,2016
29165,10552,1576.73,151,2016
29167,4454,389.57,39,2016
29169,1190,242.39,50,2016
29171,416,174.54,16,2016
29173,7722,199.66,47,2016
29175,1539,181.33,38,2016
29177,1652,55.54,12,2016
29179,2868,475.67,100,2016
29181,204,97.84,27,2016
29183,48079,3156.42,329,2016
29185,2148,706.32,68,2016
29186,1541,125.59,83,2016
29187,2633,411.55,145,2016
29189,57176,863.51,917,2016
29195,2233,1269.7,30,2016
29197,33,18.04,11,2016
29199,16,6.73,3,2016
29201,1534,505.37,37,2016
29203,4015,286.08,125,2016
29205,616,41.0,17,2016
29207,5838,2077.9,104,2016
29209,2344,237.15,76,2016
29211,159,63.07,13,2016
29213,4241,334.57,144,2016
29215,639,125.33,93,2016
29217,5881,2393.04,66,2016
29219,680,20.22,39,2016
29221,808,53.720000000000006,42,2016
29223,1355,197.79,65,2016
29225,3443,1116.86,45,2016
29227,96,10.94,5,2016
29229,112,22.56,16,2016
29510,26606,0.05,272,2016
30001,6069,329.29,403,2016
30003,3405,1077.45,149,2016
30005,1326,251.1,182,2016
30007,4968,177.02,164,2016
30009,7393,1718.9,552,2016
30011,784,13.14,41,2016
30013,25025,317.32,569,2016
30015,1217,105.85,137,2016
30017,1177,65.64,65,2016
30019,910,104.62,103,2016
30021,327,6.93,40,2016
30023,10664,276.79,217,2016
30025,146,1.0,13,2016
30027,1434,89.77000000000001,231,2016
30029,51783,17941.21,1320,2016
30031,65388,7978.41,1281,2016
30033,830,42.7,66,2016
30035,26052,2938.9,1129,2016
30037,386,12.5,57,2016
30039,2202,125.23,157,2016
30041,975,46.4,73,2016
30043,11698,400.12,185,2016
30045,365,15.6,82,2016
30047,14457,1957.35,593,2016
30049,14674,520.29,528,2016
30051,450,74.10000000000001,80,2016
30053,3038,21.389999999999997,244,2016
30055,505,22.99,54,2016
30057,13184,1145.32,391,2016
30059,919,59.98,80,2016
30061,722,2.88,144,2016
30063,79251,3910.76,1375,2016
30065,1807,31.35,130,2016
30067,11678,380.4,502,2016
30069,492,3.09,43,2016
30071,10570,359.49,409,2016
30073,1252,129.4,197,2016
30075,474,11.13,71,2016
30077,6030,703.36,266,2016
30079,111,1.05,19,2016
30081,24984,6868.21,767,2016
30083,872,198.29,67,2016
30085,610,115.13,92,2016
30087,2159,548.74,117,2016
30089,3460,171.81,140,2016
30091,7547,650.08,332,2016
30093,1640,7.43,115,2016
30095,2405,214.94,150,2016
30097,2179,97.55,133,2016
30099,5389,93.55,199,2016
30101,7085,804.88,377,2016
30103,205,3.1300000000000003,23,2016
30105,7727,217.96,256,2016
30107,961,66.59,75,2016
30109,101,3.85,12,2016
30111,19619,2164.0,479,2016
31001,533,125.61,27,2016
31003,188,22.21,23,2016
31005,178,0.31,11,2016
31007,692,49.78,32,2016
31009,243,0.0,13,2016
31011,185,7.39,8,2016
31013,291,19.57,25,2016
31015,227,6.62,12,2016
31017,605,1.36,49,2016
31019,8089,266.75,160,2016
31021,399,38.46,31,2016
31023,355,148.86,26,2016
31025,4380,294.16,91,2016
31027,647,76.52,49,2016
31029,512,8.83,33,2016
31031,3602,11.77,170,2016
31033,349,64.43,43,2016
31035,616,57.99,33,2016
31037,208,0.9,7,2016
31039,296,65.13,13,2016
31041,1292,300.71,113,2016
31043,328,35.54,22,2016
31045,4423,62.46,167,2016
31047,1303,147.65,157,2016
31049,452,108.66,35,2016
31051,1373,107.13,24,2016
31053,5821,325.26,81,2016
31055,13159,736.5,429,2016
31057,1342,11.61,29,2016
31059,244,26.98,16,2016
31061,200,43.0,12,2016
31063,1060,142.51,50,2016
31065,270,28.16,19,2016
31067,752,66.35,89,2016
31069,1428,114.0,50,2016
31071,948,63.13,31,2016
31073,475,103.83,24,2016
31075,207,0.0,23,2016
31077,212,2.37,14,2016
31079,2497,129.1,148,2016
31081,260,55.84,35,2016
31083,601,33.65,18,2016
31085,152,30.92,12,2016
31087,1507,236.43,90,2016
31089,634,8.42,35,2016
31091,230,0.0,18,2016
31093,276,8.19,15,2016
31095,1006,179.30999999999997,30,2016
31097,642,18.66,14,2016
31099,547,102.21,39,2016
31101,3936,303.57,160,2016
31103,311,0.0,16,2016
31105,2429,135.87,97,2016
31107,907,66.71000000000001,49,2016
31109,42878,1909.24,506,2016
31111,9225,966.11,653,2016
31113,180,5.27,25,2016
31115,1629,9.8,49,2016
31117,89,0.0,8,2016
31119,1041,26.37,40,2016
31121,272,88.29,18,2016
31123,578,60.27,32,2016
31125,374,97.48,17,2016
31127,1362,550.68,35,2016
31129,433,142.76999999999998,36,2016
31131,4240,114.82999999999998,40,2016
31133,606,46.53,25,2016
31135,282,75.71,15,2016
31137,667,41.26,22,2016
31139,440,39.709999999999994,19,2016
31141,730,23.19,27,2016
31143,66,4.62,5,2016
31145,308,65.81,21,2016
31147,1065,94.21,52,2016
31149,627,1.09,26,2016
31151,369,44.02,10,2016
31153,12454,291.86,179,2016
31155,3808,650.61,87,2016
31157,3161,186.19,148,2016
31159,2312,145.63,97,2016
31161,925,12.760000000000002,97,2016
31163,246,9.34,15,2016
31165,1783,13.99,221,2016
31167,425,11.1,18,2016
31169,158,14.86,15,2016
31171,583,0.0,50,2016
31173,92,25.93,7,2016
31175,157,5.4,10,2016
31177,3405,601.25,87,2016
31179,348,77.89999999999999,21,2016
31181,602,227.72,31,2016
31183,305,0.32,15,2016
31185,578,89.02,38,2016
32001,16327,263.49,182,2016
32003,76955,2532.92,3487,2016
32005,17092,558.34,403,2016
32007,15347,369.58,679,2016
32009,3174,99.39,116,2016
32011,289,0.0,58,2016
32013,2854,7.99,568,2016
32015,1343,27.66,147,2016
32017,4912,90.51,415,2016
32019,4960,274.57,207,2016
32021,549,7.06,66,2016
32023,16382,718.49,565,2016
32027,1435,137.7,131,2016
32029,726,144.96,33,2016
32031,51827,1847.09,1442,2016
32033,6131,47.06,415,2016
32510,12408,1562.63,215,2016
33001,4289,75.76,268,2016
33003,23225,1347.34,830,2016
33005,26812,7205.93,611,2016
33007,31240,1475.42,1013,2016
33009,36087,3302.9500000000003,1169,2016
33011,42776,4541.0,1258,2016
33013,33786,6404.9400000000005,687,2016
33015,56538,1772.27,1261,2016
33017,36495,4275.64,357,2016
33019,14366,1422.15,467,2016
34001,99212,1516.44,633,2016
34003,80850,898.25,738,2016
34005,61450,7071.51,884,2016
34007,16334,112.32,365,2016
34009,390808,8812.38,1307,2016
34011,27778,2037.73,435,2016
34013,27390,23.6,312,2016
34015,41706,2756.68,423,2016
34017,23160,470.57,314,2016
34019,92672,14835.32,790,2016
34021,67886,6807.65,785,2016
34023,53239,1596.01,1337,2016
34025,98142,4191.11,1145,2016
34027,71450,5785.88,901,2016
34029,110634,1097.4,1423,2016
34031,41827,683.44,412,2016
34033,14920,2606.4700000000003,357,2016
34035,65427,4725.6,928,2016
34037,43737,4111.62,875,2016
34039,23285,13.72,344,2016
34041,35295,1874.16,446,2016
35001,115229,12381.01,1628,2016
35003,6495,10.03,421,2016
35005,10231,150.11,252,2016
35006,3387,18.459999999999997,269,2016
35007,7417,334.35,418,2016
35009,4229,273.3,151,2016
35011,2390,44.49,83,2016
35013,23318,2550.3,626,2016
35015,14745,3085.65,387,2016
35017,19525,217.51,660,2016
35019,1890,14.199999999999998,124,2016
35021,1319,4.62,85,2016
35023,10456,85.69,391,2016
35025,3318,39.41,178,2016
35027,3141,156.35,328,2016
35028,48174,308.47,610,2016
35029,3636,145.44,337,2016
35031,1337,5.84,122,2016
35033,6991,429.31,284,2016
35035,3766,17.04,386,2016
35037,5320,55.75,231,2016
35039,9704,455.16,388,2016
35041,7538,144.39,203,2016
35043,23563,3505.0799999999995,801,2016
35045,2900,177.48,299,2016
35047,21818,309.54,559,2016
35049,23090,1250.19,940,2016
35051,13187,1393.42,308,2016
35053,55832,3700.31,840,2016
35055,12805,267.90999999999997,484,2016
35057,2584,97.69,198,2016
35059,3008,11.45,260,2016
35061,5900,2078.41,138,2016
36001,65497,6474.75,1235,2016
36003,8810,1736.5,424,2016
36005,28177,169.16,914,2016
36007,70000,3903.05,894,2016
36009,9933,1926.02,402,2016
36011,42462,3831.23,961,2016
36013,31050,4641.01,632,2016
36015,22661,5296.2300000000005,484,2016
36017,11975,2557.33,361,2016
36019,6521,400.66,302,2016
36021,21971,7896.47,675,2016
36023,16906,1623.89,602,2016
36025,11424,2981.4,453,2016
36027,78040,13550.08,1476,2016
36029,83005,3385.34,1160,2016
36031,43665,2097.17,1039,2016
36033,19283,913.4,504,2016
36035,6035,638.85,210,2016
36037,24359,3189.0,460,2016
36039,9813,1380.11,459,2016
36041,11266,34.02,591,2016
36043,30419,9589.3,660,2016
36045,28173,3929.96,842,2016
36047,181625,0.4599999999999999,5421,2016
36049,5212,1319.84,295,2016
36051,41827,13043.69,672,2016
36053,20431,5133.129999999999,490,2016
36055,173450,20098.59,1808,2016
36057,7923,2546.71,425,2016
36059,106784,484.7,1010,2016
36061,267159,0.0,1169,2016
36063,23006,3052.35,552,2016
36065,25052,7475.18,507,2016
36067,64348,6679.3,1369,2016
36069,48246,13991.78,1179,2016
36071,71131,10849.4,1007,2016
36073,21680,5264.099999999999,408,2016
36075,44340,11615.98,1088,2016
36077,12023,2195.52,444,2016
36079,9156,493.81,355,2016
36081,176596,2.86,9602,2016
36083,23796,4532.81,697,2016
36085,114757,4825.51,1942,2016
36087,28701,13.06,378,2016
36089,28363,4149.13,984,2016
36091,30012,1965.92,938,2016
36093,11698,2885.4700000000003,274,2016
36095,5402,1567.32,294,2016
36097,17511,1304.94,494,2016
36099,107983,22306.86,856,2016
36101,10742,1229.93,531,2016
36103,176142,6332.06,2438,2016
36105,43998,2092.88,447,2016
36107,18650,3373.42,331,2016
36109,336317,40889.53,2534,2016
36111,70358,9878.93,1341,2016
36113,6450,138.54,330,2016
36115,17527,8871.51,482,2016
36117,54226,16324.26,781,2016
36119,91452,6046.79,1505,2016
36121,7788,1638.69,316,2016
36123,9823,2415.96,334,2016
37001,5938,800.23,219,2016
37003,616,46.9,39,2016
37005,1162,329.6,64,2016
37007,6131,596.8000000000001,58,2016
37009,6637,367.74,203,2016
37011,4798,89.19,252,2016
37013,2441,162.51999999999998,119,2016
37015,230,9.03,25,2016
37017,2315,237.94,148,2016
37019,13164,187.48,437,2016
37021,63916,3635.02,1317,2016
37023,3044,184.27,168,2016
37025,8528,1029.22,307,2016
37027,2020,480.4500000000001,101,2016
37029,488,36.59,28,2016
37031,27684,873.91,560,2016
37033,1331,372.77,38,2016
37035,3047,252.41,159,2016
37037,25055,557.42,652,2016
37039,805,117.28,52,2016
37041,146,25.45,11,2016
37043,121,22.8,25,2016
37045,1096,515.04,69,2016
37047,654,19.98,58,2016
37049,7881,32.78,202,2016
37051,8181,1680.74,133,2016
37053,5140,203.17,218,2016
37055,85462,2277.0,953,2016
37057,1954,213.1,281,2016
37059,1010,218.82,50,2016
37061,433,67.53,39,2016
37063,56894,1689.3300000000002,1095,2016
37065,2290,525.23,97,2016
37067,68213,2577.04,473,2016
37069,1074,440.84,80,2016
37071,7332,1628.64,192,2016
37073,1116,81.16,73,2016
37075,3763,61.7,146,2016
37077,3978,1465.2800000000002,150,2016
37079,346,114.19,36,2016
37081,38551,3360.93,659,2016
37083,1951,159.15,92,2016
37085,3644,224.67,142,2016
37087,17768,3088.97,560,2016
37089,17960,2329.81,347,2016
37091,118,15.54,19,2016
37093,288,18.61,42,2016
37095,20297,1162.01,317,2016
37097,5082,454.5,217,2016
37099,4808,164.02,322,2016
37101,5761,369.87,137,2016
37103,821,61.98,56,2016
37105,906,107.27,31,2016
37107,473,82.29,35,2016
37109,523,46.76,68,2016
37111,3002,120.99,207,2016
37113,9205,479.53,322,2016
37115,1695,411.72,117,2016
37117,531,99.11,56,2016
37119,57994,6934.0,1232,2016
37121,2069,250.96,125,2016
37123,1975,38.84,100,2016
37125,13116,159.87,202,2016
37127,1782,88.19,90,2016
37129,43458,8.969999999999999,434,2016
37131,576,94.32,42,2016
37133,8480,22.83,171,2016
37135,51728,5829.63,1303,2016
37137,4302,381.43,87,2016
37139,267,79.08,22,2016
37141,5764,87.69,257,2016
37143,410,73.47,32,2016
37145,4198,1403.78,142,2016
37147,7978,1476.49,246,2016
37149,3725,166.73,88,2016
37151,1501,211.62,181,2016
37153,2505,535.97,88,2016
37155,1552,81.22,95,2016
37157,11874,1429.96,188,2016
37159,3675,254.05,189,2016
37161,2709,207.58,123,2016
37163,772,148.53,198,2016
37165,2708,18.1,94,2016
37167,1240,145.14,64,2016
37169,4341,428.72,94,2016
37171,9069,1218.49,162,2016
37173,5266,332.28999999999996,394,2016
37175,22657,3971.14,373,2016
37177,3346,577.98,107,2016
37179,13073,4173.65,161,2016
37181,965,92.32,31,2016
37183,131656,18593.039999999997,2146,2016
37185,765,109.61,41,2016
37187,7835,3088.66,170,2016
37189,21753,3443.54,399,2016
37191,12367,10681.009999999998,59,2016
37193,5369,1455.48,163,2016
37195,3148,141.57999999999998,67,2016
37197,1076,310.25,51,2016
37199,8252,941.79,307,2016
38001,498,52.760000000000005,16,2016
38003,3401,415.27,213,2016
38005,2050,235.15,68,2016
38007,4726,4.470000000000001,175,2016
38009,4236,1094.34,124,2016
38011,2258,42.900000000000006,78,2016
38013,3550,401.79,83,2016
38015,7087,194.64,196,2016
38017,16368,2338.84,377,2016
38019,118,18.13,8,2016
38021,403,168.01,20,2016
38023,2353,155.93,43,2016
38025,988,54.07,29,2016
38027,2775,399.14,83,2016
38029,1097,75.17,33,2016
38031,1156,232.62,66,2016
38033,1688,248.48,38,2016
38035,21656,4282.05,388,2016
38037,388,12.75,19,2016
38039,104,44.28,10,2016
38041,193,17.56,22,2016
38043,6495,424.82,156,2016
38045,299,81.93,18,2016
38047,439,46.46,9,2016
38049,3259,312.33,76,2016
38051,786,36.03,28,2016
38053,3324,160.27,137,2016
38055,2540,139.93,97,2016
38057,1640,94.84,44,2016
38059,2333,14.41,102,2016
38061,6090,289.85,212,2016
38063,567,204.35,27,2016
38065,334,16.43,22,2016
38067,458,99.37,37,2016
38069,387,40.57,21,2016
38071,1644,176.43,56,2016
38073,1094,165.45,54,2016
38075,1289,262.94,35,2016
38077,4441,336.29,80,2016
38079,713,40.06,32,2016
38081,527,258.39,23,2016
38083,607,73.55,26,2016
38085,144,0.06,14,2016
38087,1251,170.21,52,2016
38089,971,83.81,66,2016
38091,8508,817.61,44,2016
38093,7821,571.97,341,2016
38095,86,13.76,14,2016
38097,2093,1612.41,78,2016
38099,193,73.47999999999999,16,2016
38101,11490,735.51,212,2016
38103,422,135.32,23,2016
38105,8937,665.67,187,2016
39001,4431,372.45,187,2016
39003,3365,722.11,72,2016
39005,6363,1725.42,222,2016
39007,7446,976.41,667,2016
39009,20152,2514.38,439,2016
39011,2985,1017.04,86,2016
39013,3345,420.78,102,2016
39015,894,135.46,43,2016
39017,15464,3486.09,959,2016
39019,25260,2224.62,197,2016
39021,2799,734.81,156,2016
39023,25304,4554.05,352,2016
39025,34250,8133.280000000001,330,2016
39027,1964,553.9100000000001,76,2016
39029,2181,235.41,137,2016
39031,2314,548.08,150,2016
39033,1081,424.84,135,2016
39035,127580,1730.88,2370,2016
39037,4561,1359.2,125,2016
39039,776,284.6,41,2016
39041,56772,4995.59,541,2016
39043,46795,3123.49,619,2016
39045,11027,974.65,260,2016
39047,980,449.3200000000001,63,2016
39049,168267,21286.73,1543,2016
39051,3088,783.04,137,2016
39053,1370,391.95,53,2016
39055,38077,4775.03,642,2016
39057,39074,6561.2300000000005,821,2016
39059,1774,165.94,95,2016
39061,58801,15557.97,1601,2016
39063,17388,3639.21,230,2016
39065,3701,1722.09,59,2016
39067,4702,729.85,115,2016
39069,1139,504.7,55,2016
39071,5750,745.1800000000001,51,2016
39073,9585,471.14,343,2016
39075,6385,3116.46,222,2016
39077,1632,624.14,249,2016
39079,533,67.21,68,2016
39081,6960,570.12,98,2016
39083,20313,4389.2,354,2016
39085,41778,2942.55,700,2016
39087,1519,100.66,66,2016
39089,14861,4540.96,408,2016
39091,4720,624.76,154,2016
39093,40978,5619.25,580,2016
39095,294870,13414.08,925,2016
39097,2127,1146.07,118,2016
39099,12327,5628.25,226,2016
39101,16090,5075.17,163,2016
39103,18100,4326.93,650,2016
39105,1624,461.5700000000001,98,2016
39107,2410,748.65,78,2016
39109,10204,3337.15,242,2016
39111,1883,508.06,62,2016
39113,51233,4639.51,957,2016
39115,7377,1796.74,132,2016
39117,3476,946.95,64,2016
39119,5974,2905.13,275,2016
39121,1274,564.35,36,2016
39123,80701,11201.81,603,2016
39125,2944,1257.81,82,2016
39127,8035,1617.22,123,2016
39129,10455,3651.33,192,2016
39131,419,270.02,35,2016
39133,27495,3494.54,1038,2016
39135,2205,178.57999999999998,116,2016
39137,305,119.09,39,2016
39139,14074,4173.15,342,2016
39141,4057,1155.51,134,2016
39143,13822,1336.63,256,2016
39145,6732,169.09,207,2016
39147,5554,1142.33,261,2016
39149,3051,161.17000000000002,63,2016
39151,35371,4854.59,647,2016
39153,56408,4771.45,3138,2016
39155,7581,527.31,211,2016
39157,4976,1171.75,180,2016
39159,11282,4866.07,147,2016
39161,373,59.36,25,2016
39163,6522,337.3,193,2016
39165,11236,2247.15,424,2016
39167,2787,456.27,125,2016
39169,25913,6581.87,418,2016
39171,2306,168.94,66,2016
39173,8442,2218.31,250,2016
39175,19191,12205.35,218,2016
40001,3758,1321.6899999999998,57,2016
40003,5842,18.619999999999997,96,2016
40005,223,24.52,43,2016
40007,458,53.35,64,2016
40009,773,92.35,80,2016
40011,778,21.65,60,2016
40013,1429,129.5,60,2016
40015,1361,80.53999999999999,81,2016
40017,6335,1175.18,170,2016
40019,1690,9.48,75,2016
40021,1666,403.96,73,2016
40023,486,87.10000000000001,18,2016
40025,6241,478.99,220,2016
40027,26165,1004.12,644,2016
40029,232,45.08,15,2016
40031,8975,49.14,384,2016
40033,1127,71.92,54,2016
40035,267,160.92000000000002,29,2016
40037,2555,51.870000000000005,54,2016
40039,2330,75.87,58,2016
40041,2262,575.77,65,2016
40043,231,17.21,26,2016
40045,666,51.85,35,2016
40047,492,178.75,46,2016
40049,4654,7.98,64,2016
40051,982,14.94,71,2016
40053,406,114.97,39,2016
40055,564,38.43,45,2016
40057,863,101.91,59,2016
40059,977,110.76,86,2016
40061,357,78.51,21,2016
40063,207,2.7,10,2016
40065,873,271.12,76,2016
40067,318,0.0,24,2016
40069,1949,141.17000000000002,109,2016
40071,871,55.01,78,2016
40073,598,57.56,62,2016
40075,500,24.91,41,2016
40077,433,84.83,22,2016
40079,1345,145.51,142,2016
40081,949,36.74,80,2016
40083,5238,34.12,96,2016
40085,467,15.6,63,2016
40087,1705,216.14,57,2016
40089,10525,456.47,297,2016
40091,528,46.35999999999999,52,2016
40093,350,35.269999999999996,50,2016
40095,1355,25.14,107,2016
40097,1160,215.8,66,2016
40099,523,1.29,55,2016
40101,765,242.28,59,2016
40103,1715,94.53,91,2016
40105,413,86.72,20,2016
40107,193,5.74,11,2016
40109,40152,78.68,726,2016
40111,814,87.03999999999999,61,2016
40113,6056,938.12,188,2016
40115,737,368.31,148,2016
40117,592,0.0,32,2016
40119,51821,796.53,476,2016
40121,1062,8.959999999999999,53,2016
40123,394,28.84,27,2016
40125,542,10.0,37,2016
40127,515,56.54,33,2016
40129,769,57.21,59,2016
40131,2104,256.12,216,2016
40133,208,5.74,20,2016
40135,3345,716.0500000000001,68,2016
40137,1045,20.87,71,2016
40139,1815,205.95,105,2016
40141,4681,3117.85,98,2016
40143,23990,3082.12,604,2016
40145,828,214.3,45,2016
40147,7337,1600.78,207,2016
40149,1470,71.06,80,2016
40151,793,20.26,53,2016
40153,7012,59.28,240,2016
41001,3232,380.2000000000001,478,2016
41003,182232,69895.92,2522,2016
41005,51404,14662.58,1465,2016
41007,31696,1408.89,1275,2016
41009,22348,6635.23,268,2016
41011,20608,264.36,577,2016
41013,12559,961.02,559,2016
41015,10346,939.66,441,2016
41017,73255,678.65,1759,2016
41019,27650,3777.48,1466,2016
41021,2079,121.72,175,2016
41023,2050,32.760000000000005,331,2016
41025,55777,4881.64,1530,2016
41027,9746,374.52,693,2016
41029,83830,18352.45,2574,2016
41031,14793,473.22,875,2016
41033,11301,933.99,732,2016
41035,50134,4331.77,1219,2016
41037,24285,1506.7600000000002,1369,2016
41039,150448,30635.71,3833,2016
41041,54489,680.43,1128,2016
41043,25580,5921.7,1110,2016
41045,4863,285.63,978,2016
41047,45662,18747.5,1022,2016
41049,3668,979.99,205,2016
41051,141065,25027.13,2317,2016
41053,32265,11596.4,763,2016
41055,3215,293.96999999999997,188,2016
41057,40127,2279.21,1233,2016
41059,20121,1625.94,1073,2016
41061,15855,2781.48,461,2016
41063,6103,402.32,410,2016
41065,11267,549.15,866,2016
41067,148983,22509.98,1260,2016
41069,1814,24.44,250,2016
41071,11984,4334.97,413,2016
42001,32846,12818.92,568,2016
42003,128712,8687.43,2093,2016
42005,12693,1711.63,354,2016
42007,11721,2551.03,386,2016
42009,7532,2061.86,580,2016
42011,54106,8231.39,932,2016
42013,7831,1434.89,258,2016
42015,6531,915.6,255,2016
42017,118905,20221.42,1268,2016
42019,37329,1880.73,609,2016
42021,5230,664.51,204,2016
42023,1963,28.41,33,2016
42025,12570,3067.55,229,2016
42027,128824,24838.09,1618,2016
42029,200679,66545.74,1757,2016
42031,8178,1473.25,272,2016
42033,3029,226.7,175,2016
42035,11915,861.87,321,2016
42037,5551,1008.4,146,2016
42039,28555,7016.14,567,2016
42041,49098,6054.76,705,2016
42043,39874,6965.92,722,2016
42045,44146,2941.2,680,2016
42047,4795,194.17,111,2016
42049,28589,875.08,603,2016
42051,5502,455.36,401,2016
42053,6519,953.55,205,2016
42055,22766,7642.37,451,2016
42057,6044,1110.7299999999998,136,2016
42059,5717,1007.74,117,2016
42061,47166,9933.4,755,2016
42063,42383,12373.65,384,2016
42065,4084,663.26,132,2016
42067,9489,2814.07,226,2016
42069,8997,1499.16,251,2016
42071,130708,26462.72,1434,2016
42073,8805,4013.13,306,2016
42075,35483,5244.66,447,2016
42077,42023,11607.17,780,2016
42079,17910,2882.31,529,2016
42081,102713,12506.06,931,2016
42083,2996,302.76,249,2016
42085,18464,1217.59,405,2016
42087,5033,1224.77,238,2016
42089,34259,606.97,578,2016
42091,157030,25918.81,1734,2016
42093,12103,4850.759999999999,210,2016
42095,43803,5418.53,570,2016
42097,8869,3061.94,196,2016
42099,8934,1677.91,216,2016
42101,108212,1350.44,891,2016
42103,9747,152.45,343,2016
42105,12527,2056.77,189,2016
42107,29271,2790.14,508,2016
42109,3227,755.0699999999999,160,2016
42111,13867,1642.79,444,2016
42113,12482,523.32,129,2016
42115,18244,5342.2699999999995,335,2016
42117,50016,8952.57,551,2016
42119,6647,2542.5,181,2016
42121,3068,501.66,131,2016
42123,4208,369.48,304,2016
42125,15254,1849.59,415,2016
42127,9720,1143.69,370,2016
42129,14432,1322.22,540,2016
42131,5337,504.8,197,2016
42133,36843,3842.27,738,2016
44001,17138,1510.21,176,2016
44003,17358,370.71,404,2016
44005,32429,3497.67,423,2016
44007,32230,494.01,772,2016
44009,72714,1490.23,959,2016
45001,739,152.61,51,2016
45003,30626,517.22,385,2016
45005,1544,534.33,44,2016
45007,13068,5560.41,171,2016
45009,386,21.58,20,2016
45011,1675,30.82,104,2016
45013,35261,170.46,806,2016
45015,12333,95.14,322,2016
45017,1249,296.47,70,2016
45019,160181,1570.01,1671,2016
45021,983,369.98,62,2016
45023,1159,56.65,75,2016
45025,5183,51.809999999999995,108,2016
45027,12774,58.49,125,2016
45029,33904,4392.620000000001,249,2016
45031,2433,65.88,74,2016
45033,305,22.29,40,2016
45035,7908,153.89,177,2016
45037,2061,78.4,45,2016
45039,585,30.37,30,2016
45041,1004,120.4,99,2016
45043,55368,487.34,364,2016
45045,45274,1954.64,465,2016
45047,4844,747.12,161,2016
45049,2234,29.799999999999997,42,2016
45051,10637,230.04,401,2016
45053,26572,264.59,264,2016
45055,6052,130.36,57,2016
45057,554,13.760000000000002,53,2016
45059,2987,785.04,262,2016
45061,775,139.79,34,2016
45063,23104,325.31,291,2016
45065,3423,61.709999999999994,85,2016
45067,275,15.82,21,2016
45069,198,5.77,13,2016
45071,1305,77.24,52,2016
45073,5045,126.22,217,2016
45075,9071,3823.64,205,2016
45077,19943,3672.32,204,2016
45079,20041,990.1,598,2016
45081,648,53.96999999999999,16,2016
45083,4382,1303.89,135,2016
45085,771,45.84,64,2016
45087,482,97.88,27,2016
45089,4413,1135.34,51,2016
45091,8983,748.66,248,2016
46003,1269,347.74,57,2016
46005,353,126.03,35,2016
46007,747,39.85,40,2016
46009,313,89.32000000000001,42,2016
46011,8688,1921.68,407,2016
46013,4805,1527.7,192,2016
46015,902,185.67,73,2016
46017,538,36.36,28,2016
46019,577,16.71,109,2016
46021,511,42.15,31,2016
46023,7172,2221.09,348,2016
46025,203,75.92999999999999,18,2016
46027,1415,750.75,74,2016
46029,1812,197.78000000000003,56,2016
46031,75,7.99,12,2016
46033,10660,115.13,583,2016
46035,349,133.89,45,2016
46037,1349,291.84,71,2016
46039,576,63.73,26,2016
46041,182,9.07,15,2016
46043,4852,704.78,168,2016
46045,1110,309.16,70,2016
46047,1415,0.8200000000000001,129,2016
46049,696,368.06,52,2016
46051,271,81.99,26,2016
46053,926,53.83,51,2016
46055,944,181.43,175,2016
46057,206,38.66,19,2016
46059,364,136.94,32,2016
46061,210,65.52,42,2016
46063,840,12.79,43,2016
46065,2508,70.97,79,2016
46067,971,358.2,98,2016
46069,483,46.01,29,2016
46071,2483,21.19,155,2016
46073,75,16.16,13,2016
46075,495,76.88,63,2016
46077,730,162.24,57,2016
46079,608,152.87,56,2016
46081,4360,100.94,195,2016
46083,3846,1097.82,147,2016
46085,2055,146.72,234,2016
46087,601,282.83,68,2016
46089,1077,107.0,84,2016
46091,731,96.76,58,2016
46093,1979,125.14,177,2016
46095,52,4.38,10,2016
46097,65,27.520000000000003,12,2016
46099,7662,2544.27,265,2016
46101,463,117.78,66,2016
46102,252,1.76,30,2016
46103,10794,165.76,611,2016
46105,230,31.59,19,2016
46107,97,8.91,18,2016
46109,5976,1656.46,187,2016
46111,152,52.36,24,2016
46115,667,284.0,49,2016
46117,2315,72.16,112,2016
46119,443,86.4,26,2016
46121,95,4.4,28,2016
46123,153,47.22,10,2016
46125,398,162.55,57,2016
46127,1009,57.12,50,2016
46129,402,48.55,23,2016
46135,3737,305.87,191,2016
46137,67,0.64,7,2016
47001,24392,3788.77,270,2016
47003,2943,947.53,68,2016
47005,2453,497.15,64,2016
47007,3243,2411.8399999999997,76,2016
47009,18626,6309.1,548,2016
47011,1438,292.34999999999997,115,2016
47013,5096,2025.21,73,2016
47015,726,220.19,62,2016
47017,584,181.82,28,2016
47019,9824,1217.68,226,2016
47021,2117,722.33,101,2016
47023,399,180.71,20,2016
47025,686,228.68,43,2016
47027,425,112.11,20,2016
47029,4686,304.72,89,2016
47031,3060,1158.25,167,2016
47033,494,101.18,38,2016
47035,9543,518.63,146,2016
47037,63339,7183.35,882,2016
47039,1201,1000.53,68,2016
47041,5502,530.8199999999999,77,2016
47043,2126,423.12,74,2016
47045,2955,1030.79,131,2016
47047,3888,872.15,69,2016
47049,296,40.92,52,2016
47051,3242,310.69,195,2016
47053,3806,1140.15,171,2016
47055,616,223.84,65,2016
47057,1430,638.44,41,2016
47059,786,362.48,95,2016
47061,846,213.68,113,2016
47063,1839,280.99,39,2016
47065,47402,3871.88,929,2016
47067,314,16.35,30,2016
47069,438,84.21,36,2016
47071,7527,2130.09,78,2016
47073,11891,5229.42,108,2016
47075,1764,45.38,24,2016
47077,788,50.370000000000005,49,2016
47079,18054,6016.41,75,2016
47081,1694,292.94,88,2016
47083,391,17.299999999999997,12,2016
47085,16102,5444.31,119,2016
47087,463,96.27,48,2016
47089,1048,190.41,89,2016
47091,1951,653.05,94,2016
47093,75821,12546.48,766,2016
47095,12169,3759.07,211,2016
47097,732,328.25,49,2016
47099,3436,860.28,67,2016
47101,5827,663.6899999999999,57,2016
47103,1540,386.14,69,2016
47105,5591,2047.11,179,2016
47107,1268,254.79,118,2016
47109,265,21.17,26,2016
47111,151,69.53,34,2016
47113,1780,70.19,82,2016
47115,5207,337.63,275,2016
47117,817,446.59,86,2016
47119,1216,237.68,101,2016
47121,5882,2739.6600000000003,118,2016
47123,1708,454.69,91,2016
47125,17736,2132.06,200,2016
47127,696,93.61,52,2016
47129,710,29.56,113,2016
47131,3882,685.96,172,2016
47133,334,83.0,40,2016
47135,14024,3181.67,115,2016
47137,340,27.37,32,2016
47139,7235,1711.03,210,2016
47141,14869,577.96,175,2016
47143,2757,492.86,100,2016
47145,10175,3418.78,179,2016
47147,497,242.24,75,2016
47149,20248,3777.63,436,2016
47151,5607,2398.59,101,2016
47153,645,191.04,36,2016
47155,20525,1110.07,847,2016
47157,34003,10657.02,660,2016
47159,2503,710.67,71,2016
47161,3026,1098.34,102,2016
47163,27283,2089.12,373,2016
47165,5685,263.18,149,2016
47167,5366,572.58,37,2016
47169,418,192.92,23,2016
47171,2451,98.18,112,2016
47173,959,64.53999999999999,35,2016
47175,732,56.47,49,2016
47177,3218,1660.74,58,2016
47179,16376,3440.02,242,2016
47181,877,80.92999999999999,38,2016
47183,476,54.35,32,2016
47185,1702,697.99,68,2016
47187,6225,1230.22,216,2016
47189,11206,3756.34,364,2016
48001,2114,543.45,157,2016
48003,519,0.0,69,2016
48005,3378,63.55,209,2016
48007,76179,2896.66,671,2016
48009,1836,80.37,157,2016
48011,441,23.92,42,2016
48013,3495,1310.11,208,2016
48015,2422,1027.13,172,2016
48017,1297,78.22,164,2016
48019,17350,0.27,469,2016
48021,22697,5579.259999999999,1160,2016
48023,1145,136.41,81,2016
48025,3885,742.07,229,2016
48027,16378,3176.36,532,2016
48029,130451,4186.59,2140,2016
48031,14342,0.7,576,2016
48033,171,8.75,39,2016
48035,2575,49.63,223,2016
48037,2834,238.63,117,2016
48039,49891,6410.86,879,2016
48041,28326,4922.32,959,2016
48043,47048,0.0,1831,2016
48045,1201,43.14,184,2016
48047,2088,367.81,129,2016
48049,1001,21.82,124,2016
48051,1597,677.87,130,2016
48053,17358,1.77,609,2016
48055,12104,8541.06,356,2016
48057,15883,1809.2,397,2016
48059,461,53.400000000000006,58,2016
48061,263083,39845.06,3089,2016
48063,2094,589.18,52,2016
48065,1655,101.0,43,2016
48067,1737,92.74,84,2016
48069,208,85.64,25,2016
48071,74575,32963.97,866,2016
48073,1341,357.28,115,2016
48075,356,29.25,70,2016
48077,2741,101.23,141,2016
48079,549,205.82,62,2016
48081,399,12.0,45,2016
48083,2347,78.12,123,2016
48085,38675,360.44,1018,2016
48087,129,9.7,25,2016
48089,11435,7915.18,374,2016
48091,16409,312.90999999999997,570,2016
48093,955,33.6,139,2016
48095,445,23.57,83,2016
48097,4166,96.66,198,2016
48099,7132,5.63,243,2016
48101,611,87.83,142,2016
48103,159,0.0,27,2016
48105,2246,1.0,182,2016
48107,5783,3534.5299999999997,135,2016
48109,5041,79.22999999999999,295,2016
48111,521,47.63,92,2016
48113,76666,4526.42,3029,2016
48115,759,175.89,47,2016
48117,208,13.18,28,2016
48119,1114,267.72,34,2016
48121,49015,4145.49,2399,2016
48123,11300,8227.02,149,2016
48125,511,6.05,61,2016
48127,2436,53.29,117,2016
48129,457,11.44,43,2016
48131,3305,133.89,137,2016
48133,511,5.79,65,2016
48135,791,0.9,73,2016
48137,6968,0.0,240,2016
48139,15138,1717.0,504,2016
48141,16684,123.99,519,2016
48143,3436,93.9,435,2016
48145,665,192.68,68,2016
48147,2860,332.44,187,2016
48149,5597,1910.03,384,2016
48151,211,38.98,39,2016
48153,2820,545.72,135,2016
48155,667,101.1,55,2016
48157,38714,6583.46,934,2016
48159,1187,407.62,63,2016
48161,3797,140.07000000000002,83,2016
48163,1478,416.59,197,2016
48165,251,66.87,102,2016
48167,167654,7984.27,1388,2016
48169,1634,256.62,104,2016
48171,4350,42.35,250,2016
48173,463,16.93,36,2016
48175,3840,1443.17,234,2016
48177,8160,1020.56,332,2016
48179,511,69.29,41,2016
48181,44698,5807.94,531,2016
48183,3368,353.27,243,2016
48185,2672,813.77,181,2016
48187,26765,1061.46,502,2016
48189,3749,1010.09,138,2016
48191,148,15.12,25,2016
48193,1160,33.27,93,2016
48195,558,20.630000000000003,44,2016
48197,1073,87.2,93,2016
48199,6523,61.71,467,2016
48201,225196,26488.72,6812,2016
48203,4873,691.75,283,2016
48205,418,20.15,45,2016
48207,877,253.07,56,2016
48209,26560,729.3000000000001,1169,2016
48211,328,0.09,81,2016
48213,8027,1215.9,216,2016
48215,370819,74272.05,2131,2016
48217,1884,174.64,155,2016
48219,10136,3364.06,139,2016
48221,3427,4.91,198,2016
48223,1789,562.49,105,2016
48225,2420,1407.32,139,2016
48227,600,20.4,62,2016
48229,4243,449.49000000000007,313,2016
48231,5611,890.67,125,2016
48233,2650,3.5700000000000003,46,2016
48235,294,0.0,69,2016
48237,2380,15.77,128,2016
48239,4262,1300.81,141,2016
48241,4586,100.26,435,2016
48243,32914,17.83,1350,2016
48245,86181,17910.13,610,2016
48247,1640,151.7,89,2016
48249,5051,1347.22,356,2016
48251,10428,118.37,375,2016
48253,1181,28.84,60,2016
48255,3276,1067.63,195,2016
48257,6931,5433.88,137,2016
48259,23572,49.97,489,2016
48261,16424,2013.03,287,2016
48263,373,110.48,48,2016
48265,19667,26.07,413,2016
48267,17203,5.6899999999999995,213,2016
48269,334,18.87,39,2016
48271,7789,25.090000000000003,235,2016
48273,25179,10031.28,556,2016
48275,1054,148.36,64,2016
48277,989,184.35,61,2016
48279,276,42.42,46,2016
48281,2155,6.59,119,2016
48283,3053,378.71,220,2016
48285,1466,617.03,115,2016
48287,4718,1353.83,303,2016
48289,640,187.18,145,2016
48291,4054,482.12,207,2016
48293,1572,429.17,86,2016
48295,282,7.45,61,2016
48297,2734,498.92,224,2016
48299,3818,2.96,283,2016
48301,34,0.0,7,2016
48303,20034,3233.24,2084,2016
48305,3822,2145.11,295,2016
48307,2372,32.63,140,2016
48309,7553,203.03,292,2016
48311,8232,2595.3900000000003,263,2016
48313,1524,695.55,71,2016
48315,3440,192.75,152,2016
48317,967,139.73,94,2016
48319,3403,16.71,271,2016
48321,32037,7082.93,456,2016
48323,3031,58.13,105,2016
48325,3425,323.81,311,2016
48327,1044,44.629999999999995,93,2016
48329,16297,214.92,293,2016
48331,2588,938.93,305,2016
48333,1574,22.83,91,2016
48335,2499,47.4,80,2016
48337,1259,21.69,189,2016
48339,25424,209.74,957,2016
48341,565,15.47,40,2016
48343,4216,492.73,70,2016
48345,446,95.02,44,2016
48347,6522,1092.99,194,2016
48349,3437,458.98,139,2016
48351,243,7.790000000000001,41,2016
48353,347,23.950000000000003,81,2016
48355,101712,4095.34,1257,2016
48357,631,133.35,57,2016
48359,189,11.72,51,2016
48361,1280,42.190000000000005,77,2016
48363,7946,34.95,247,2016
48365,1313,340.33,110,2016
48367,4624,21.79,556,2016
48369,365,22.49,18,2016
48371,1812,0.28,277,2016
48373,1873,26.72,183,2016
48375,1590,18.38,148,2016
48377,2580,1.43,422,2016
48379,2744,1482.55,52,2016
48381,9941,87.08,257,2016
48383,292,3.0,29,2016
48385,6429,0.0,316,2016
48387,1403,583.45,81,2016
48389,8653,493.88,208,2016
48391,23359,3321.38,448,2016
48393,295,23.940000000000005,31,2016
48395,3586,1546.22,242,2016
48397,2321,29.75,116,2016
48399,702,69.14,62,2016
48401,2268,336.71,123,2016
48403,1350,1.4400000000000002,29,2016
48405,485,57.54,62,2016
48407,1559,64.12,105,2016
48409,16412,1613.52,397,2016
48411,4767,67.47,213,2016
48413,575,15.47,157,2016
48415,702,52.75,92,2016
48417,1849,294.89000000000004,59,2016
48419,1229,47.56,28,2016
48421,97,26.369999999999997,18,2016
48423,12747,1406.01,429,2016
48425,5799,0.21,196,2016
48427,40653,612.3800000000001,438,2016
48429,1552,9.73,65,2016
48431,146,0.71,22,2016
48433,617,51.48,74,2016
48435,1127,0.0,120,2016
48437,1720,86.05000000000001,39,2016
48439,158600,842.3199999999999,4633,2016
48441,3804,79.67,231,2016
48443,3554,2.6,412,2016
48445,2185,870.47,108,2016
48447,3621,242.9,73,2016
48449,2618,1203.62,118,2016
48451,10755,71.67,295,2016
48453,223079,8610.61,5735,2016
48455,792,72.64,75,2016
48457,4257,107.07,465,2016
48459,3147,943.41,128,2016
48461,203,30.92,40,2016
48463,13873,536.49,433,2016
48465,10488,0.0,420,2016
48467,5364,2282.25,193,2016
48469,9605,4320.31,302,2016
48471,2335,159.5,305,2016
48473,13165,8934.52,365,2016
48475,1248,9.62,90,2016
48477,1730,914.46,153,2016
48479,35837,59.23,411,2016
48481,2829,1840.21,214,2016
48483,197,10.8,47,2016
48485,2227,56.8,229,2016
48487,968,103.72,108,2016
48489,10478,4983.16,334,2016
48491,89121,2624.0699999999997,2088,2016
48493,6442,1766.97,286,2016
48495,368,0.0,56,2016
48497,8760,10.69,332,2016
48499,3669,2096.09,161,2016
48501,202,26.52,33,2016
48503,3728,225.86,122,2016
48505,12513,100.79,194,2016
48507,2871,480.15,85,2016
49001,2770,158.68,244,2016
49003,31889,2176.48,495,2016
49005,34619,8490.85,588,2016
49007,944,11.32,86,2016
49009,1154,101.59,134,2016
49011,57476,2886.37,549,2016
49013,4582,380.19,270,2016
49015,1927,38.57,224,2016
49017,13099,869.72,644,2016
49019,10963,1146.6,921,2016
49021,4699,151.41,287,2016
49023,3583,938.07,171,2016
49025,3930,35.55,468,2016
49027,3188,650.67,277,2016
49029,10324,625.24,128,2016
49031,618,115.92000000000002,57,2016
49033,3883,1179.2399999999998,126,2016
49035,102825,5514.99,1643,2016
49037,9142,23.84,995,2016
49039,2248,123.36,163,2016
49041,2065,67.86,163,2016
49043,22085,2686.66,534,2016
49045,8900,214.02,535,2016
49047,7970,1014.45,555,2016
49049,55900,5604.78,1437,2016
49051,12889,2637.18,349,2016
49053,44676,1916.54,1264,2016
49055,2676,482.63,279,2016
49057,11798,1917.93,319,2016
50001,79828,25595.17,2313,2016
50003,23827,2826.81,657,2016
50005,6418,890.3,691,2016
50007,90599,12689.31,2622,2016
50009,17301,603.28,506,2016
50011,32472,5054.24,901,2016
50013,12729,5092.9400000000005,471,2016
50015,19195,3605.59,885,2016
50017,21222,2557.28,1143,2016
50019,21660,3053.8399999999997,477,2016
50021,61519,9420.98,2243,2016
50023,39783,6743.69,2657,2016
50025,32499,6240.84,1121,2016
50027,82222,12582.59,2031,2016
51001,72760,2268.7,685,2016
51003,67410,19217.89,806,2016
51005,1414,222.42,92,2016
51007,1348,569.97,64,2016
51009,7655,1452.06,282,2016
51011,5598,180.18,64,2016
51013,16772,0.0,469,2016
51015,16966,7201.62,627,2016
51017,2843,182.62,149,2016
51019,10343,2314.99,245,2016
51021,707,114.03,87,2016
51023,12871,2368.66,243,2016
51025,705,28.44,23,2016
51027,3540,262.87,22,2016
51029,3226,1269.48,119,2016
51031,1276,498.16,66,2016
51033,2428,238.34,122,2016
51035,1532,410.71,81,2016
51036,5865,1925.5,171,2016
51037,2179,651.14,59,2016
51041,29525,53.44,493,2016
51043,21786,4385.91,378,2016
51045,1716,595.33,59,2016
51047,6448,3660.9,213,2016
51049,2170,292.15,82,2016
51051,626,3.6,22,2016
51053,1019,117.20000000000002,63,2016
51057,1042,353.23,72,2016
51059,208708,7113.51,2372,2016
51061,40865,15991.79,1037,2016
51063,4482,808.03,177,2016
51065,7915,1375.79,100,2016
51067,3741,682.5600000000001,155,2016
51069,10396,2891.18,210,2016
51071,5605,425.43,317,2016
51073,16929,1164.18,261,2016
51075,1460,340.14,120,2016
51077,3299,1361.46,148,2016
51079,3465,324.31,135,2016
51081,1030,214.51,53,2016
51083,10186,1825.41,135,2016
51085,4117,962.87,222,2016
51087,40620,3542.06,505,2016
51089,454,17.62,34,2016
51091,11402,3142.7799999999997,224,2016
51093,5459,776.71,208,2016
51095,36103,635.87,432,2016
51097,1555,344.64,75,2016
51099,7883,1257.78,120,2016
51101,4128,1041.59,99,2016
51103,2508,214.06,108,2016
51105,989,484.92,56,2016
51107,44952,14956.21,794,2016
51109,8090,2411.04,190,2016
51111,859,238.42,62,2016
51113,4267,423.83,343,2016
51115,5716,81.52,87,2016
51117,20916,3019.62,173,2016
51119,1272,98.97,47,2016
51121,46266,6913.74,726,2016
51125,8470,964.19,169,2016
51127,5296,1819.01,153,2016
51131,40287,7910.17,443,2016
51133,2878,363.02,94,2016
51135,601,42.040000000000006,28,2016
51137,1758,603.82,90,2016
51139,6085,1209.49,274,2016
51141,1969,271.56,87,2016
51143,3098,956.23,145,2016
51145,5328,1248.26,115,2016
51147,26349,3072.56,326,2016
51149,3450,428.3,128,2016
51153,74899,9053.52,1002,2016
51155,8877,2389.68,149,2016
51157,3367,1559.3,239,2016
51159,2945,735.92,51,2016
51161,14489,994.91,299,2016
51163,7347,2436.71,300,2016
51165,48373,13984.99,778,2016
51167,904,128.57,50,2016
51169,942,50.08,116,2016
51171,13418,4751.37,384,2016
51173,1517,175.09,172,2016
51175,1570,319.36,119,2016
51177,3807,160.31,144,2016
51179,8281,79.03,177,2016
51181,5744,130.74,66,2016
51183,3994,961.17,90,2016
51185,4668,1275.74,89,2016
51187,14104,1900.71,374,2016
51191,2443,594.2,152,2016
51193,7202,2547.37,160,2016
51195,2174,67.14999999999999,86,2016
51197,1895,644.19,165,2016
51199,17219,126.55,337,2016
51510,16704,0.0,332,2016
51520,763,3.6000000000000005,26,2016
51530,1413,121.19,19,2016
51540,17271,0.0,137,2016
51550,5860,551.65,349,2016
51570,1420,0.0,31,2016
51580,337,0.0,15,2016
51590,711,45.22,27,2016
51595,344,3.5000000000000004,17,2016
51600,13092,0.0,69,2016
51610,890,0.0,38,2016
51620,605,52.76,14,2016
51630,4532,0.0,101,2016
51640,186,0.0,4,2016
51650,15723,13.68,205,2016
51660,6173,5.28,160,2016
51670,889,0.0,31,2016
51678,225,0.0,19,2016
51680,4758,711.89,91,2016
51683,3640,0.0,45,2016
51685,138,0.0,8,2016
51690,183,0.0,13,2016
51700,9967,295.78000000000003,152,2016
51710,26557,0.0,209,2016
51720,198,0.36,19,2016
51730,355,1.25,35,2016
51735,1997,0.0,29,2016
51740,11723,0.21,63,2016
51750,15928,1033.1699999999998,59,2016
51760,31501,0.0,502,2016
51770,6951,2.98,146,2016
51775,1825,0.0,44,2016
51790,6498,4268.0,69,2016
51800,22393,672.88,331,2016
51810,74841,6048.4800000000005,988,2016
51820,1935,133.77,51,2016
51830,8771,0.0,146,2016
51840,568,52.279999999999994,42,2016
53001,10805,505.91,235,2016
53003,3844,368.37,155,2016
53005,12848,1449.26,363,2016
53007,38780,3275.7699999999995,1268,2016
53009,103339,11154.81,1295,2016
53011,64902,11548.45,771,2016
53013,5806,348.71999999999997,130,2016
53015,15524,4636.8099999999995,322,2016
53017,10067,622.55,526,2016
53019,5003,60.34,133,2016
53021,6975,366.27,199,2016
53023,1056,54.79,84,2016
53025,24762,1231.33,553,2016
53027,26881,2361.4,459,2016
53029,31645,3803.24,537,2016
53031,38240,1423.8,716,2016
53033,314445,14988.18,4435,2016
53035,49600,1411.13,899,2016
53037,37019,2401.95,1179,2016
53039,17761,1267.8,588,2016
53041,10485,2159.78,642,2016
53043,13245,1394.73,487,2016
53045,20913,560.19,383,2016
53047,28799,1649.9,1022,2016
53049,12955,1430.34,466,2016
53051,7256,609.33,233,2016
53053,90413,4289.76,2180,2016
53055,23794,2574.33,578,2016
53057,77130,21754.1,1365,2016
53059,7867,559.28,430,2016
53061,77993,13581.27,1694,2016
53063,33189,2726.69,675,2016
53065,9429,1658.46,436,2016
53067,102741,6391.66,1019,2016
53069,6291,1820.93,144,2016
53071,60099,10960.58,523,2016
53073,51179,5424.9,1666,2016
53075,14210,1037.12,327,2016
53077,49394,4861.64,1005,2016
54001,2384,357.59000000000003,47,2016
54003,6242,2483.38,135,2016
54005,75,0.08,19,2016
54007,466,42.78,60,2016
54009,361,15.36,45,2016
54011,3574,1320.18,105,2016
54013,86,4.1000000000000005,16,2016
54015,2,0.0,2,2016
54017,130,28.81,28,2016
54019,8413,181.01,195,2016
54021,519,87.50999999999999,25,2016
54023,4539,956.24,116,2016
54025,1073,67.1,70,2016
54027,3065,1055.2,88,2016
54029,225,26.66,24,2016
54031,6274,4173.24,135,2016
54033,1107,65.42,59,2016
54035,412,109.21,36,2016
54037,23416,7826.04,323,2016
54039,18833,94.4,229,2016
54041,5582,1748.54,106,2016
54043,65,7.92,7,2016
54045,94,0.0,10,2016
54047,1,0.0,1,2016
54049,8747,714.71,50,2016
54051,74,45.81,13,2016
54053,3213,822.69,103,2016
54055,2539,119.81,97,2016
54057,4878,1861.34,50,2016
54059,21,0.0,2,2016
54061,19027,1790.02,565,2016
54063,759,75.36,25,2016
54065,2256,382.73,74,2016
54067,1294,6.48,64,2016
54069,1054,16.13,67,2016
54071,4238,393.92,201,2016
54073,588,284.3,27,2016
54075,3737,849.7900000000001,185,2016
54077,22452,3929.34,289,2016
54079,4330,180.8,83,2016
54081,1610,213.14,83,2016
54083,5228,1454.37,219,2016
54085,4074,126.09,45,2016
54087,70,6.6899999999999995,7,2016
54089,4506,243.45,74,2016
54091,2997,214.27,57,2016
54093,9796,621.52,319,2016
54095,71,9.99,9,2016
54097,541,78.44,41,2016
54099,1164,32.19,46,2016
54101,141,17.0,23,2016
54103,3885,197.93,34,2016
54105,58,22.47,5,2016
54107,3784,165.34,91,2016
54109,36,0.0,5,2016
55001,9080,1728.85,372,2016
55003,11068,672.94,658,2016
55005,5018,1245.68,364,2016
55007,25469,2834.0,1228,2016
55009,33089,3264.46,893,2016
55011,5299,1315.02,358,2016
55013,16769,1090.04,1108,2016
55015,13601,4727.41,360,2016
55017,15383,3191.04,493,2016
55019,2765,1032.86,266,2016
55021,20409,6082.900000000001,865,2016
55023,5812,1287.41,379,2016
55025,212382,32309.79,3051,2016
55027,58570,8078.18,1091,2016
55029,23408,3900.65,891,2016
55031,30582,1486.13,1338,2016
55033,15295,6456.58,556,2016
55035,14544,1721.03,564,2016
55037,14764,933.87,248,2016
55039,21198,3068.34,665,2016
55041,9687,310.4,568,2016
55043,28345,8009.92,744,2016
55045,12453,4759.69,280,2016
55047,14135,1985.72,443,2016
55049,17914,9188.12,573,2016
55051,4468,116.62,346,2016
55053,5218,711.89,388,2016
55055,32788,9505.52,1075,2016
55057,11136,328.33,439,2016
55059,14794,1657.93,546,2016
55061,9947,2008.22,224,2016
55063,20092,5535.74,379,2016
55065,3952,1582.85,250,2016
55067,6493,587.69,323,2016
55069,11072,1205.69,381,2016
55071,40814,10955.85,745,2016
55073,29421,4280.53,1025,2016
55075,23933,1067.64,731,2016
55077,4600,939.37,369,2016
55078,2198,61.23,126,2016
55079,115752,2207.64,1118,2016
55081,9073,4859.35,414,2016
55083,9714,993.77,411,2016
55085,12159,137.71,860,2016
55087,26959,4065.38,577,2016
55089,45761,7592.56,633,2016
55091,2764,746.52,144,2016
55093,5449,2377.73,305,2016
55095,26024,3001.21,815,2016
55097,16644,5093.8,650,2016
55099,11380,779.54,567,2016
55101,35259,5564.9,594,2016
55103,5513,1691.88,265,2016
55105,18009,4916.08,681,2016
55107,4013,804.05,342,2016
55109,15073,5348.21,778,2016
55111,27494,6569.0199999999995,796,2016
55113,7793,539.1,567,2016
55115,8513,2073.04,485,2016
55117,24953,4581.62,625,2016
55119,4649,1225.0,388,2016
55121,12489,2661.69,347,2016
55123,14943,3938.69,444,2016
55125,16567,53.2,911,2016
55127,12265,2211.63,500,2016
55129,9431,1373.8,430,2016
55131,15084,5047.33,444,2016
55133,45306,7302.4,1077,2016
55135,10216,3251.6,416,2016
55137,7745,2140.04,431,2016
55139,19017,3688.78,833,2016
55141,10114,4231.13,373,2016
56001,15660,88.44,533,2016
56003,1882,201.55,185,2016
56005,1559,43.78,122,2016
56007,3117,223.93,373,2016
56009,1170,3.49,100,2016
56011,3143,26.87,158,2016
56013,12377,862.88,706,2016
56015,1439,57.6,50,2016
56017,899,24.56,61,2016
56019,1744,23.45,453,2016
56021,16702,217.47,274,2016
56023,1905,115.68,190,2016
56025,4683,20.18,229,2016
56027,192,4.86,34,2016
56029,17438,258.13,1885,2016
56031,681,11.52,74,2016
56033,3285,819.8399999999999,246,2016
56035,1710,79.3,167,2016
56037,3302,23.09,201,2016
56039,29984,754.02,1643,2016
56041,1561,96.5,119,2016
56043,2582,306.31,166,2016
56045,526,0.0,48,2016
01001,1075,230.25,113,2017
01003,44023,1558.13,933,2017
01005,11814,957.3,150,2017
01007,5075,122.48,280,2017
01009,594,92.29,51,2017
01011,5418,1071.0,76,2017
01013,408,53.28,68,2017
01015,3774,158.11,161,2017
01017,2968,430.93,115,2017
01019,1276,127.64,164,2017
01021,1406,276.75,167,2017
01023,6367,307.1,201,2017
01025,859,69.02,69,2017
01027,1413,251.8,102,2017
01029,1356,98.54,102,2017
01031,685,152.28,87,2017
01033,7012,2912.44,110,2017
01035,976,168.22,113,2017
01037,758,71.38,47,2017
01039,3161,274.74,177,2017
01041,1616,295.58,105,2017
01043,1803,352.77000000000004,101,2017
01045,1145,137.32,90,2017
01047,426,165.31,94,2017
01049,2339,258.98,356,2017
01051,3128,633.18,169,2017
01053,1450,157.70000000000002,113,2017
01055,687,25.2,60,2017
01057,718,135.11,43,2017
01059,809,169.03,75,2017
01061,684,413.76,49,2017
01063,5714,1101.6,184,2017
01065,15709,5500.5,292,2017
01067,1160,331.3,112,2017
01069,6384,491.03,161,2017
01071,4836,751.91,258,2017
01073,22811,126.86,776,2017
01075,763,82.36,37,2017
01077,10767,1650.39,192,2017
01079,6743,945.02,153,2017
01081,18215,4045.1,572,2017
01083,19817,7479.6,267,2017
01085,980,265.83,121,2017
01087,5397,510.59,159,2017
01089,44862,6577.16,478,2017
01091,7033,4295.0,182,2017
01093,442,70.06,36,2017
01095,11383,643.14,198,2017
01097,46313,496.19000000000005,557,2017
01099,692,128.36,95,2017
01101,6921,1150.37,387,2017
01103,10178,3308.15,202,2017
01105,3812,1579.44,135,2017
01107,618,103.74,62,2017
01109,1439,398.45,145,2017
01111,1945,394.98,107,2017
01113,2321,358.84000000000003,135,2017
01115,1478,187.17,159,2017
01117,26130,8670.009999999998,686,2017
01119,3927,1298.87,169,2017
01121,848,133.47,79,2017
01123,1955,246.53,125,2017
01125,15327,2077.0899999999997,554,2017
01127,1027,101.47,42,2017
01129,476,65.58,63,2017
01131,916,104.14,69,2017
01133,2575,103.9,127,2017
04001,13006,304.59999999999997,1022,2017
04003,330206,2526.45,4755,2017
04005,141731,567.98,4711,2017
04007,34072,32.32,1091,2017
04009,11120,568.98,635,2017
04011,6831,794.1800000000001,309,2017
04012,12970,2077.65,607,2017
04013,381776,16808.89,7758,2017
04015,43099,115.68,2211,2017
04017,14902,265.5,704,2017
04019,496651,1696.93,12766,2017
04021,71046,18025.13,3025,2017
04023,290859,9846.78,2355,2017
04025,144274,8649.99,2949,2017
04027,18439,1265.1,637,2017
05001,1286,407.38,127,2017
05003,547,193.48,59,2017
05005,4147,199.58,95,2017
05007,20610,5267.5,592,2017
05009,3615,885.48,41,2017
05011,114,14.87,30,2017
05013,738,53.37,44,2017
05015,1651,120.94,122,2017
05017,1493,329.49,44,2017
05019,1299,244.19,65,2017
05021,1663,1218.38,71,2017
05023,1629,272.35,111,2017
05025,263,0.79,14,2017
05027,2378,30.17,54,2017
05029,1986,428.91,195,2017
05031,5134,1301.59,267,2017
05033,4357,1341.13,116,2017
05035,2782,438.42,104,2017
05037,875,368.32,60,2017
05039,76,3.68,14,2017
05041,2832,823.23,31,2017
05043,1008,11.5,67,2017
05045,9052,2564.4300000000003,288,2017
05047,2750,644.59,174,2017
05049,1165,422.35,41,2017
05051,7921,298.45,318,2017
05053,492,67.75,45,2017
05055,2723,701.15,91,2017
05057,2969,231.1,76,2017
05059,1303,199.51,72,2017
05061,935,154.0,68,2017
05063,351,54.92,31,2017
05065,43,13.63,21,2017
05067,243,53.9,31,2017
05069,6912,280.59,136,2017
05071,3123,848.13,222,2017
05073,2315,1391.18,25,2017
05075,246,76.8,29,2017
05077,818,257.61,53,2017
05079,272,86.0,20,2017
05081,1322,394.42,72,2017
05083,2746,467.61,147,2017
05085,3921,2049.07,146,2017
05087,1472,204.86,142,2017
05089,2082,444.09,74,2017
05091,2477,799.34,119,2017
05093,2002,1157.59,157,2017
05095,1136,186.92,64,2017
05097,1304,57.81999999999999,140,2017
05099,160,24.27,24,2017
05101,3057,715.76,293,2017
05103,170,0.56,33,2017
05105,806,225.99,83,2017
05107,1035,90.61,54,2017
05109,414,36.55,68,2017
05111,2162,860.61,110,2017
05113,2715,28.2,150,2017
05115,7426,738.72,368,2017
05117,1468,509.68,62,2017
05119,35262,2180.54,733,2017
05121,271,101.15,28,2017
05123,395,88.96,61,2017
05125,10084,232.13,248,2017
05127,10449,1360.89,151,2017
05129,472,111.6,53,2017
05131,5944,727.13,191,2017
05133,962,144.16,56,2017
05135,403,78.66,60,2017
05137,1343,85.35,100,2017
05139,656,0.14,46,2017
05141,463,68.5,113,2017
05143,11455,2618.9700000000003,407,2017
05145,12665,6506.959999999999,161,2017
05147,256,69.01,30,2017
05149,3271,710.2,208,2017
06001,244100,4471.68,4532,2017
06003,10319,411.3,623,2017
06005,11934,44.47,439,2017
06007,57679,9313.25,1590,2017
06009,12626,0.5800000000000001,481,2017
06011,28742,7988.72,682,2017
06013,156784,4208.67,5291,2017
06015,24127,3102.56,970,2017
06017,32639,0.07,1890,2017
06019,67733,3991.16,1998,2017
06021,30717,2262.18,567,2017
06023,215422,14475.57,3561,2017
06025,84203,31098.39,2040,2017
06027,66044,4846.78,2980,2017
06029,96187,5693.39,3036,2017
06031,11241,3302.72,210,2017
06033,66791,950.59,741,2017
06035,13603,1682.24,698,2017
06037,738573,3757.52,19428,2017
06039,20459,1803.59,727,2017
06041,273563,658.99,6296,2017
06043,19857,0.0,1413,2017
06045,88437,6366.23,2258,2017
06047,38617,3446.27,711,2017
06049,12544,1205.69,582,2017
06051,53653,749.91,2608,2017
06053,278493,6543.04,4402,2017
06055,40745,1150.5300000000002,1249,2017
06057,56684,202.27,1838,2017
06059,425660,659.61,5896,2017
06061,40978,4030.58,1668,2017
06063,37157,1940.58,1316,2017
06065,184869,5333.43,8239,2017
06067,219126,37494.01,2683,2017
06069,44751,2066.93,2163,2017
06071,146864,1064.99,7163,2017
06073,542468,4724.3,17045,2017
06075,179044,0.18,2342,2017
06077,50169,12167.68,942,2017
06079,166735,675.5600000000001,3678,2017
06081,280960,2387.47,6376,2017
06083,168173,3028.92,3623,2017
06085,290180,6136.25,6863,2017
06087,219941,14872.44,4241,2017
06089,44047,1305.42,1410,2017
06091,13728,650.58,566,2017
06093,44203,5035.16,1632,2017
06095,61873,12376.45,1352,2017
06097,168021,21429.79,5667,2017
06099,40575,10285.46,834,2017
06101,11930,4602.48,394,2017
06103,25322,2309.05,941,2017
06105,7062,5.91,697,2017
06107,56046,9396.22,2597,2017
06109,24872,3.34,1151,2017
06111,159824,6746.76,4650,2017
06113,164121,82259.3,1502,2017
06115,51823,24637.210000000003,432,2017
08001,73150,1532.99,1255,2017
08003,4502,51.03,289,2017
08005,92765,947.02,1270,2017
08007,12681,310.21000000000004,328,2017
08009,9092,242.54,297,2017
08011,12675,1329.8300000000002,235,2017
08013,160282,2565.29,4507,2017
08014,10755,76.21,289,2017
08015,11191,407.72,593,2017
08017,3142,214.5,178,2017
08019,9500,0.0,582,2017
08021,1802,61.88,188,2017
08023,1528,25.96,67,2017
08025,6770,73.64,103,2017
08027,5702,107.22,202,2017
08029,8975,2605.92,284,2017
08031,52011,465.96,1132,2017
08033,1573,46.15,94,2017
08035,85603,104.15,1212,2017
08037,8757,499.75,479,2017
08039,7099,252.61,667,2017
08041,133098,117.24,2263,2017
08043,24616,764.58,595,2017
08045,7296,392.18,401,2017
08047,4777,0.0,273,2017
08049,17041,49.78,781,2017
08051,14502,655.55,1137,2017
08053,3237,1.39,229,2017
08055,4264,7.12,196,2017
08057,27849,175.61,504,2017
08059,198472,6.91,2783,2017
08061,17848,342.39,253,2017
08063,8305,1649.38,310,2017
08065,1786,0.17,174,2017
08067,17544,814.98,377,2017
08069,162671,2344.3,4613,2017
08071,5603,43.029999999999994,351,2017
08073,8773,737.3100000000001,311,2017
08075,18601,2234.41,379,2017
08077,65434,7186.5,1111,2017
08079,1970,0.72,220,2017
08081,12096,664.65,378,2017
08083,10130,655.26,522,2017
08085,20296,3828.33,498,2017
08087,10765,1189.54,396,2017
08089,8337,171.23000000000002,280,2017
08091,4100,97.86,176,2017
08093,18041,0.01,997,2017
08095,1538,380.5100000000001,41,2017
08097,3621,40.98,280,2017
08099,18337,6738.349999999999,280,2017
08101,55907,78.05,775,2017
08103,3592,331.77,164,2017
08105,5567,195.6,259,2017
08107,23163,3965.34,567,2017
08109,5595,83.78999999999999,396,2017
08111,1481,0.54,125,2017
08113,7119,419.9,339,2017
08115,4443,556.0,131,2017
08117,10555,0.0,519,2017
08119,13935,0.72,318,2017
08121,11572,260.33,158,2017
08123,93755,8954.4,2123,2017
08125,10664,548.39,303,2017
09001,181917,3408.9300000000003,2123,2017
09003,79164,10647.93,1536,2017
09005,126881,9787.85,1414,2017
09007,59454,3407.94,899,2017
09009,211454,9523.3,2261,2017
09011,76960,9219.26,1320,2017
09013,38294,5410.5,929,2017
09015,39590,2586.96,585,2017
10001,115163,11383.3,948,2017
10003,182103,28367.73,1828,2017
10005,137270,7061.09,1434,2017
11001,138843,672.3,2155,2017
12001,180705,13315.57,2382,2017
12003,926,22.61,72,2017
12005,25797,29.65,375,2017
12007,1310,55.620000000000005,107,2017
12009,205120,22472.84,2512,2017
12011,82565,615.22,1826,2017
12013,1485,282.75,143,2017
12015,74048,2777.52,886,2017
12017,24842,1451.63,776,2017
12019,25930,163.21,479,2017
12021,131413,3956.33,2090,2017
12023,8808,2257.64,293,2017
12027,3116,794.64,169,2017
12029,1881,175.29999999999998,160,2017
12031,97867,835.5999999999999,1425,2017
12033,30517,440.2,535,2017
12035,11943,783.8199999999999,492,2017
12037,18336,0.27,438,2017
12039,4524,80.10000000000001,223,2017
12041,1979,267.16,85,2017
12043,12030,1759.4,193,2017
12045,4701,9.47,213,2017
12047,1175,94.87,108,2017
12049,1574,573.95,120,2017
12051,22070,6107.51,443,2017
12053,48966,11844.55,810,2017
12055,18797,2576.7,627,2017
12057,78096,10159.89,1741,2017
12059,1568,218.18,149,2017
12061,46201,3604.99,882,2017
12063,4001,668.64,300,2017
12065,7347,3077.6,283,2017
12067,1377,293.03,91,2017
12069,51310,12520.11,1189,2017
12071,227850,3842.33,2839,2017
12073,101521,8262.51,1134,2017
12075,15084,274.37,501,2017
12077,2170,76.19,376,2017
12079,1974,284.21,197,2017
12081,68057,2638.72,1208,2017
12083,30209,2072.87,1078,2017
12085,23941,2770.35,685,2017
12086,183276,11511.3,4833,2017
12087,83079,64.16000000000001,1675,2017
12089,9601,112.9,416,2017
12091,15416,468.32,529,2017
12093,12053,1352.31,321,2017
12095,194881,31825.18,3078,2017
12097,54488,11518.86,1364,2017
12099,197920,19065.93,2506,2017
12101,39828,9462.88,1031,2017
12103,213600,107.27,1894,2017
12105,94013,7170.89,1819,2017
12107,13246,254.94,402,2017
12109,64624,2726.25,1156,2017
12111,17680,2281.7,682,2017
12113,22535,139.54,390,2017
12115,201936,5095.41,1704,2017
12117,53879,1901.53,1140,2017
12119,7014,985.0,444,2017
12121,4969,327.47,197,2017
12123,1567,5.06,151,2017
12125,513,25.41,52,2017
12127,75688,1809.71,1809,2017
12129,68183,157.03,610,2017
12131,10920,65.3,343,2017
12133,3383,229.31000000000003,166,2017
13001,876,78.34,43,2017
13003,387,32.18,43,2017
13005,241,41.22,47,2017
13007,5015,988.05,156,2017
13009,4784,279.08,72,2017
13011,1179,370.17,81,2017
13013,2633,403.47,98,2017
13015,24579,6942.59,330,2017
13017,320,71.86,40,2017
13019,3209,135.01,92,2017
13021,50229,5483.29,321,2017
13023,816,252.28,50,2017
13025,730,55.19,81,2017
13027,4645,1885.31,138,2017
13029,2475,43.09,178,2017
13031,3915,1449.82,191,2017
13033,9153,1134.37,208,2017
13035,4786,630.4699999999999,80,2017
13037,626,48.83,33,2017
13039,9586,35.18,356,2017
13043,1315,342.65999999999997,126,2017
13045,10369,1372.22,260,2017
13047,4201,2316.8599999999997,162,2017
13049,5059,17.43,176,2017
13051,50045,315.72,884,2017
13053,751,16.12,54,2017
13055,3738,1448.02,148,2017
13057,16390,1163.08,351,2017
13059,45109,3622.65,495,2017
13061,1908,80.18,65,2017
13063,32151,1879.91,235,2017
13065,868,3.05,53,2017
13067,55725,4475.12,722,2017
13069,829,69.37,80,2017
13071,692,149.81,58,2017
13073,4813,49.97,135,2017
13075,1556,93.08,66,2017
13077,15409,4106.070000000001,252,2017
13079,308,84.11,51,2017
13081,1984,213.68,101,2017
13083,1358,181.69,182,2017
13085,7289,207.22,134,2017
13087,11098,4467.780000000001,145,2017
13089,109650,2000.32,1073,2017
13091,1125,235.96,41,2017
13093,2515,1264.36,95,2017
13095,8365,616.24,184,2017
13097,1873,128.83,108,2017
13099,3813,1417.71,135,2017
13101,307,103.93,38,2017
13103,1003,24.5,109,2017
13105,598,55.57,31,2017
13107,1091,109.82,86,2017
13109,976,32.7,47,2017
13111,2448,381.17,136,2017
13113,8615,777.44,232,2017
13115,10639,2189.19,272,2017
13117,10274,815.37,210,2017
13119,754,119.86,87,2017
13121,83630,4540.41,1398,2017
13123,4685,55.67,123,2017
13125,362,73.19,56,2017
13127,61841,2002.05,914,2017
13129,4672,1956.35,223,2017
13131,1806,333.17,62,2017
13133,4952,599.21,340,2017
13135,38760,2316.01,735,2017
13137,1648,384.77,115,2017
13139,10478,2262.45,158,2017
13141,805,103.44,57,2017
13143,482,116.16,62,2017
13145,2634,246.86,143,2017
13147,1576,219.37,56,2017
13149,716,188.55,50,2017
13151,8802,2428.58,129,2017
13153,4540,412.31,150,2017
13155,1160,248.28,76,2017
13157,2345,686.3000000000001,101,2017
13159,5482,364.68,107,2017
13161,750,336.67,32,2017
13163,2507,573.76,117,2017
13165,803,175.31,66,2017
13167,301,76.38000000000001,34,2017
13169,4713,137.43,91,2017
13171,2049,438.62,86,2017
13173,242,13.62,32,2017
13175,3189,811.42,120,2017
13177,5264,2172.92,174,2017
13179,9249,5.87,197,2017
13181,488,52.36,47,2017
13183,758,182.38,72,2017
13185,4937,620.84,214,2017
13187,2585,606.9,123,2017
13189,545,44.23,45,2017
13191,31995,39.620000000000005,387,2017
13193,4097,2940.04,131,2017
13195,2030,879.6,60,2017
13197,512,89.08,44,2017
13199,1446,259.44,95,2017
13201,4034,1892.44,169,2017
13205,3404,1591.63,147,2017
13207,8977,221.6,153,2017
13209,590,71.14,60,2017
13211,6738,3699.02,201,2017
13213,5312,907.36,314,2017
13215,17704,1492.08,188,2017
13217,2257,859.9599999999999,85,2017
13219,9167,3317.0,303,2017
13221,2215,749.9599999999999,134,2017
13223,1418,129.25,102,2017
13225,512,207.59,50,2017
13227,2979,182.74,79,2017
13229,256,14.32,42,2017
13231,208,79.64,30,2017
13233,1178,410.1799999999999,123,2017
13235,250,76.99000000000001,31,2017
13237,1143,87.81,77,2017
13239,749,40.92,29,2017
13241,12284,2185.2799999999997,267,2017
13243,414,81.01,53,2017
13245,21302,2405.9999999999995,306,2017
13247,7501,4614.71,89,2017
13249,2673,706.12,65,2017
13251,728,135.47,60,2017
13253,2636,419.24,90,2017
13255,1792,382.31,101,2017
13257,825,66.77,60,2017
13259,6398,662.56,94,2017
13261,4400,1269.94,159,2017
13263,805,70.53,60,2017
13265,626,103.1,68,2017
13267,1565,485.5100000000001,120,2017
13269,532,48.25,62,2017
13271,230,15.64,56,2017
13273,347,149.07000000000002,41,2017
13275,1027,72.64,59,2017
13277,5501,945.8,211,2017
13279,342,27.42,50,2017
13281,4759,307.45,180,2017
13283,284,30.36,55,2017
13285,4592,2026.65,159,2017
13287,596,184.44,83,2017
13289,649,48.74,63,2017
13291,3427,78.41,133,2017
13293,1101,479.83,55,2017
13295,2139,471.29,245,2017
13297,4228,1273.79,133,2017
13299,922,19.54,74,2017
13301,408,86.75,61,2017
13303,1735,800.02,62,2017
13305,408,28.66,54,2017
13307,366,72.25,37,2017
13309,295,10.17,19,2017
13311,3809,109.74,171,2017
13313,3637,1498.19,134,2017
13315,336,96.7,31,2017
13317,712,144.35,70,2017
13319,449,55.81,49,2017
13321,1039,274.44,116,2017
16001,101946,4427.41,1374,2017
16003,10290,1694.1,184,2017
16005,12106,449.82,729,2017
16007,2117,113.52,104,2017
16009,3525,154.21,130,2017
16011,1767,164.93,273,2017
16013,13005,1662.13,704,2017
16015,5169,57.739999999999995,291,2017
16017,6649,391.4,362,2017
16019,4838,227.68,567,2017
16021,6632,760.8000000000001,201,2017
16023,2044,72.56,277,2017
16025,3141,908.84,105,2017
16027,27388,5682.349999999999,478,2017
16029,1048,72.74,111,2017
16031,11710,986.61,648,2017
16033,1743,9.93,507,2017
16035,1105,67.5,121,2017
16037,14200,802.16,830,2017
16039,9900,1009.62,347,2017
16041,752,68.57000000000001,80,2017
16043,6341,108.33,432,2017
16045,3351,442.04,119,2017
16047,6942,1036.64,296,2017
16049,7291,284.61,618,2017
16051,15551,2225.75,364,2017
16053,1256,295.6,101,2017
16055,7225,172.66,415,2017
16057,31825,4472.19,787,2017
16059,7279,1476.74,299,2017
16061,629,38.68,46,2017
16063,533,55.03,59,2017
16065,1894,488.1,166,2017
16067,2588,281.65999999999997,121,2017
16069,12917,455.98,357,2017
16071,1768,107.31,179,2017
16073,11723,1636.68,609,2017
16075,3549,1229.33,127,2017
16077,3634,371.41,295,2017
16079,2007,0.0,190,2017
16081,2950,448.78,193,2017
16083,14584,3561.1,648,2017
16085,11753,117.73,590,2017
16087,2563,345.60999999999996,151,2017
17001,6297,992.19,134,2017
17003,7215,4244.61,150,2017
17005,1218,265.38,75,2017
17007,6437,2984.91,198,2017
17009,2325,1697.8200000000002,60,2017
17011,5572,954.47,227,2017
17013,2915,1388.4,91,2017
17015,12794,1568.66,178,2017
17017,2217,1130.82,202,2017
17019,38242,3886.91,705,2017
17021,938,257.49,56,2017
17023,1610,670.54,84,2017
17025,220,59.54,21,2017
17027,16087,4634.39,158,2017
17029,24307,2930.17,362,2017
17031,453371,13976.12,6464,2017
17033,449,84.03,30,2017
17035,471,194.76,65,2017
17037,11599,4423.18,356,2017
17039,5534,930.77,111,2017
17041,3183,1231.59,134,2017
17043,169694,14250.83,2683,2017
17045,923,457.04,41,2017
17047,1143,579.6700000000001,19,2017
17049,948,124.7,107,2017
17051,1254,318.4,80,2017
17053,2260,733.8199999999999,131,2017
17055,1936,129.19,143,2017
17057,19262,7260.77,220,2017
17059,252,64.56,53,2017
17061,632,303.48,81,2017
17063,10556,1372.72,291,2017
17065,566,105.21,34,2017
17067,750,240.34,105,2017
17069,158,23.13,44,2017
17071,606,292.87,58,2017
17073,5207,679.42,128,2017
17075,2499,690.32,203,2017
17077,35817,8678.4,859,2017
17079,1872,1339.47,29,2017
17081,5435,2267.4,139,2017
17083,4487,216.77,187,2017
17085,4810,1880.47,134,2017
17087,7361,1744.16,431,2017
17089,88329,21140.07,1811,2017
17091,30353,5816.67,561,2017
17093,25977,4235.05,508,2017
17095,2308,239.88,72,2017
17097,133287,15087.77,1989,2017
17099,15222,7430.26,491,2017
17101,354,132.95999999999998,28,2017
17103,7964,2624.12,187,2017
17105,2618,897.4,220,2017
17107,1254,402.03,86,2017
17109,1350,648.54,93,2017
17111,72651,10784.66,1012,2017
17113,30619,6342.12,723,2017
17115,981,123.57,115,2017
17117,984,327.4,102,2017
17119,38790,3744.55,648,2017
17121,2046,1438.28,85,2017
17123,1909,567.52,109,2017
17125,13744,2498.15,348,2017
17127,7666,536.1800000000001,158,2017
17129,6167,3312.56,99,2017
17131,708,304.01,59,2017
17133,4386,1344.15,112,2017
17135,1064,423.88,102,2017
17137,8982,2307.8399999999997,238,2017
17139,3424,271.29,63,2017
17141,4864,1587.22,320,2017
17143,19277,5815.9800000000005,550,2017
17145,1055,421.39,46,2017
17147,5339,753.46,144,2017
17149,912,326.11,121,2017
17151,1283,189.66,117,2017
17153,6602,2638.45,227,2017
17155,12498,8536.02,118,2017
17157,3787,2053.79,186,2017
17159,290,102.68,20,2017
17161,12517,2860.19,343,2017
17163,16992,1756.05,312,2017
17165,667,104.76,109,2017
17167,14544,3049.13,724,2017
17169,1078,413.59,72,2017
17171,1070,443.05,88,2017
17173,940,193.45,53,2017
17175,870,439.76,60,2017
17177,1899,667.75,97,2017
17179,16446,1135.61,320,2017
17181,6428,1423.62,405,2017
17183,5974,838.43,309,2017
17185,477,50.34,14,2017
17187,528,214.62,49,2017
17189,699,66.02,66,2017
17191,613,221.08,32,2017
17193,2301,760.92,70,2017
17195,3920,116.02,116,2017
17197,75527,17888.0,2280,2017
17199,23088,6246.39,399,2017
17201,34559,4759.58,711,2017
17203,14036,4176.9800000000005,372,2017
18001,1472,1258.0300000000002,35,2017
18003,15749,4809.110000000001,418,2017
18005,2126,289.22,151,2017
18007,2550,1429.2700000000002,76,2017
18009,1949,689.14,35,2017
18011,10843,3171.62,310,2017
18013,18873,1096.95,348,2017
18015,1155,281.13,70,2017
18017,1985,411.93,160,2017
18019,4721,505.54,169,2017
18021,1673,1253.48,92,2017
18023,465,74.92,40,2017
18025,4077,464.7200000000001,78,2017
18027,1326,456.4,79,2017
18029,6374,2715.87,142,2017
18031,985,313.93,73,2017
18033,1120,215.5,84,2017
18035,8197,2386.01,230,2017
18037,2485,532.64,86,2017
18039,48643,8942.28,532,2017
18041,2287,148.1,33,2017
18043,4636,636.49,90,2017
18045,809,259.79,86,2017
18047,2096,371.7,92,2017
18049,380,108.14,58,2017
18051,23275,7311.01,252,2017
18053,15730,6136.68,204,2017
18055,49894,18392.77,363,2017
18057,23151,2540.52,482,2017
18059,10582,3354.81,307,2017
18061,19742,4500.86,143,2017
18063,5554,552.65,224,2017
18065,4516,636.9799999999999,123,2017
18067,547,187.58,75,2017
18069,11065,3077.45,191,2017
18071,15772,2209.44,284,2017
18073,994,297.39,124,2017
18075,1603,800.5900000000001,36,2017
18077,1253,66.62,67,2017
18079,2009,148.75,49,2017
18081,17262,3840.41,331,2017
18083,5761,2298.5,74,2017
18085,8249,1066.6,186,2017
18087,15792,2921.45,487,2017
18089,30653,1225.48,978,2017
18091,13521,3353.95,361,2017
18093,6279,2100.21,152,2017
18095,6898,1135.83,248,2017
18097,75496,7286.72,972,2017
18099,2206,629.02,141,2017
18101,4505,1291.83,47,2017
18103,1410,381.39,106,2017
18105,42167,6752.58,569,2017
18107,4003,2018.18,194,2017
18109,3286,542.79,222,2017
18111,16493,6029.44,288,2017
18113,5557,1236.0,129,2017
18115,266,100.0,18,2017
18117,7509,869.0400000000001,156,2017
18119,1883,199.95,146,2017
18121,3603,470.99,133,2017
18123,1108,55.16,60,2017
18125,3948,1126.11,111,2017
18127,42843,1877.12,827,2017
18129,2854,205.08,79,2017
18131,1051,196.01,100,2017
18133,8267,2110.11,134,2017
18135,945,395.53,54,2017
18137,1564,229.28,83,2017
18139,506,282.27,48,2017
18141,35202,5141.88,528,2017
18143,3235,1262.83,40,2017
18145,412,177.83,59,2017
18147,4272,1475.32,77,2017
18149,3111,929.85,129,2017
18151,5571,1123.29,291,2017
18153,7796,2491.4700000000003,132,2017
18155,299,65.52,24,2017
18157,71177,16336.38,716,2017
18159,511,288.59000000000003,81,2017
18161,4452,540.37,86,2017
18163,19670,827.61,356,2017
18165,2651,573.12,103,2017
18167,11414,3594.68,239,2017
18169,3406,821.44,137,2017
18171,2062,361.58,100,2017
18173,24727,8645.49,203,2017
18175,1095,294.88,75,2017
18177,4234,1072.22,204,2017
18179,1518,698.5,46,2017
18181,1460,337.08,138,2017
18183,820,396.6,54,2017
19001,679,271.08,76,2017
19003,329,134.08,16,2017
19005,7381,1530.28,145,2017
19007,3015,1208.01,52,2017
19009,665,334.6,25,2017
19011,554,232.97,71,2017
19013,17709,1680.38,278,2017
19015,2666,610.5,203,2017
19017,3515,1204.69,94,2017
19019,870,321.83,88,2017
19021,929,139.13,42,2017
19023,1774,276.51,65,2017
19025,467,146.41,39,2017
19027,792,105.79,35,2017
19029,943,215.8,74,2017
19031,884,219.64,103,2017
19033,1546,301.31,168,2017
19035,833,239.07,43,2017
19037,196,74.83,29,2017
19039,321,116.8,54,2017
19041,2487,238.79,65,2017
19043,3558,586.32,165,2017
19045,1361,273.63,81,2017
19047,259,113.72,30,2017
19049,6074,2398.25,231,2017
19051,239,89.62,26,2017
19053,830,99.75,83,2017
19055,560,151.3,36,2017
19057,2708,1722.4499999999998,78,2017
19059,4901,1178.23,154,2017
19061,11856,1180.28,199,2017
19063,740,120.1,34,2017
19065,817,134.46,45,2017
19067,602,90.84,56,2017
19069,605,157.64,43,2017
19071,1998,324.81,114,2017
19073,2982,1047.16,72,2017
19075,600,130.70999999999998,21,2017
19077,955,323.56,45,2017
19079,595,132.28,67,2017
19081,920,197.09,39,2017
19083,1570,829.36,77,2017
19085,4566,1527.61,148,2017
19087,370,64.21,38,2017
19089,325,170.76,64,2017
19091,247,81.39,23,2017
19093,538,131.04,37,2017
19095,1399,608.65,101,2017
19097,7578,339.58,79,2017
19099,3553,1326.25,159,2017
19101,4599,1283.01,85,2017
19103,44245,4290.66,644,2017
19105,1110,146.29,50,2017
19107,262,189.18,14,2017
19109,2166,1014.09,107,2017
19111,2465,156.72,92,2017
19113,13244,1878.27,410,2017
19115,7621,3424.5399999999995,70,2017
19117,3415,823.5799999999999,105,2017
19119,1207,618.1,47,2017
19121,5008,1639.63,169,2017
19123,302,92.76,21,2017
19125,4355,276.65,119,2017
19127,3223,575.39,91,2017
19129,1083,450.94,95,2017
19131,350,106.19,26,2017
19133,1226,435.53,108,2017
19135,1294,438.42,62,2017
19137,398,92.11,17,2017
19139,6017,606.39,209,2017
19141,1167,299.88,51,2017
19143,352,27.86,17,2017
19145,269,104.3,22,2017
19147,1055,95.98,36,2017
19149,1005,100.44,63,2017
19151,4592,2886.0299999999997,24,2017
19153,53676,5126.29,820,2017
19155,7734,3022.51,334,2017
19157,817,92.8,83,2017
19159,1167,629.75,87,2017
19161,970,134.69,60,2017
19163,10056,2063.76,282,2017
19165,491,147.36,15,2017
19167,4152,2316.95,105,2017
19169,19135,3105.37,545,2017
19171,2627,642.98,71,2017
19173,221,134.68,18,2017
19175,677,93.82,28,2017
19177,1478,335.14,53,2017
19179,481,44.900000000000006,42,2017
19181,1841,711.46,85,2017
19183,2061,1109.09,63,2017
19185,328,99.72,39,2017
19187,473,100.96,61,2017
19189,1085,192.31,32,2017
19191,1706,367.19,138,2017
19193,4650,872.24,190,2017
19195,818,183.15,56,2017
19197,540,64.35,41,2017
20001,2511,1408.31,86,2017
20003,2536,921.95,108,2017
20005,3524,978.3,76,2017
20007,1134,84.76,96,2017
20009,22161,659.16,308,2017
20011,1858,388.96,98,2017
20013,3181,701.51,63,2017
20015,4800,198.84,264,2017
20017,2893,147.36,205,2017
20019,1234,155.44,72,2017
20021,9772,4677.9,257,2017
20023,2755,532.86,170,2017
20025,2279,356.29,103,2017
20027,1228,249.06,57,2017
20029,1382,492.32,92,2017
20031,3236,636.26,138,2017
20033,2106,51.25,53,2017
20035,4433,314.56,119,2017
20037,5229,481.99,170,2017
20039,322,55.42,48,2017
20041,2434,300.54,125,2017
20043,824,308.57,45,2017
20045,75661,35714.29,715,2017
20047,1064,353.78,65,2017
20049,929,114.21,160,2017
20051,5383,156.86,181,2017
20053,7695,955.09,273,2017
20055,1770,488.16,95,2017
20057,5487,841.26,204,2017
20059,2281,878.41,198,2017
20061,4401,41.59,190,2017
20063,508,65.14,79,2017
20065,411,18.15,17,2017
20067,665,86.26,32,2017
20069,999,270.57,71,2017
20071,314,37.66,29,2017
20073,1431,132.66,194,2017
20075,1383,237.33999999999995,47,2017
20077,1970,143.9,69,2017
20079,8591,530.43,141,2017
20081,853,120.28,50,2017
20083,2398,228.46,59,2017
20085,3256,1915.7,80,2017
20087,14497,4772.03,214,2017
20089,803,76.76,54,2017
20091,98502,11866.44,1215,2017
20093,1482,86.94999999999999,36,2017
20095,1338,27.34,77,2017
20097,5139,161.41,91,2017
20099,2192,948.27,93,2017
20101,491,133.41,41,2017
20103,16507,5683.25,394,2017
20105,1468,235.37,105,2017
20107,15352,4228.07,147,2017
20109,636,118.74,78,2017
20111,5004,610.47,232,2017
20113,4878,697.58,164,2017
20115,1768,120.76,105,2017
20117,545,88.93,48,2017
20119,915,39.15,57,2017
20121,7669,3078.24,174,2017
20123,1322,151.5,53,2017
20125,1995,551.87,101,2017
20127,1999,149.49,77,2017
20129,5844,118.08,131,2017
20131,589,161.23,28,2017
20133,13990,3082.04,107,2017
20135,472,56.38,59,2017
20137,849,71.17999999999999,62,2017
20139,8754,1076.31,174,2017
20141,807,116.26,57,2017
20143,2018,625.13,67,2017
20145,3550,1651.8,111,2017
20147,953,116.03,50,2017
20149,17281,3935.09,218,2017
20151,2700,399.41,87,2017
20153,852,188.68,49,2017
20155,6455,1292.66,354,2017
20157,1148,135.93,54,2017
20159,1758,178.64,115,2017
20161,21096,2390.98,535,2017
20163,1324,122.93,44,2017
20165,1051,110.58,72,2017
20167,10321,118.68,254,2017
20169,7661,813.07,230,2017
20171,2394,74.83,58,2017
20173,17022,304.29,730,2017
20175,685,36.13,41,2017
20177,26004,7952.820000000001,463,2017
20179,656,165.78,80,2017
20181,1037,237.54,104,2017
20183,904,158.08,64,2017
20185,37422,387.01,280,2017
20187,704,153.86,51,2017
20189,1097,172.87,63,2017
20191,7752,1988.16,150,2017
20193,899,71.16,107,2017
20195,1374,73.86,103,2017
20197,4428,563.58,179,2017
20199,585,57.5,48,2017
20201,663,159.99,52,2017
20203,288,46.81,26,2017
20205,1014,318.4,56,2017
20207,2147,86.91,55,2017
20209,13196,106.38,158,2017
21001,1666,383.3,34,2017
21003,861,96.55,57,2017
21005,1952,871.25,97,2017
21007,828,194.46,40,2017
21009,7332,2933.18,162,2017
21011,716,137.32999999999998,71,2017
21013,729,1.17,64,2017
21015,5519,841.0300000000001,221,2017
21017,507,235.66,39,2017
21019,603,146.81,60,2017
21021,617,464.83,18,2017
21023,536,39.5,38,2017
21025,336,1.49,36,2017
21027,295,79.55,55,2017
21029,4917,525.84,101,2017
21031,70,23.32,9,2017
21033,71,22.66,20,2017
21035,2705,418.58,71,2017
21037,6155,104.31,154,2017
21039,598,121.9,15,2017
21041,507,9.18,34,2017
21043,548,14.16,54,2017
21045,930,269.52,75,2017
21047,3836,1893.84,155,2017
21049,599,141.98000000000002,80,2017
21051,58,4.2,13,2017
21053,212,78.84,20,2017
21055,432,44.760000000000005,15,2017
21057,621,276.61,12,2017
21059,2591,357.67,61,2017
21061,6294,59.83,191,2017
21063,67,15.68,6,2017
21065,323,79.92,35,2017
21067,40186,11126.66,534,2017
21069,203,49.09,32,2017
21071,155,6.6499999999999995,20,2017
21073,5368,885.7,100,2017
21075,5797,2890.46,158,2017
21077,504,116.23,34,2017
21079,192,86.01,34,2017
21081,620,133.10000000000002,62,2017
21083,514,206.25,35,2017
21085,444,210.26,43,2017
21087,280,100.89,18,2017
21089,427,138.32,40,2017
21091,179,41.22,11,2017
21093,5094,816.58,211,2017
21095,279,0.29,38,2017
21097,2090,987.17,353,2017
21099,3892,2233.09,115,2017
21101,20239,8064.849999999999,145,2017
21103,205,52.31,35,2017
21105,274,50.25,16,2017
21107,3082,1266.22,138,2017
21109,370,57.79,51,2017
21111,64326,12987.79,695,2017
21113,2914,1187.33,116,2017
21115,114,2.04,11,2017
21117,7169,1034.86,229,2017
21119,196,12.99,21,2017
21121,49,13.0,13,2017
21123,1040,232.59,49,2017
21125,2581,86.6,152,2017
21127,663,90.28,32,2017
21129,308,19.97,31,2017
21131,406,0.99,16,2017
21133,321,3.52,28,2017
21135,119,22.24,23,2017
21137,1505,882.3499999999999,43,2017
21139,637,19.34,39,2017
21141,2346,1255.9600000000005,42,2017
21143,6537,964.71,147,2017
21145,1385,154.69,105,2017
21147,1469,54.65,177,2017
21149,296,165.1,21,2017
21151,13689,1591.54,331,2017
21153,9,0.0,4,2017
21155,136,25.679999999999996,9,2017
21157,12845,2785.67,165,2017
21159,4,0.0,1,2017
21161,308,147.38,36,2017
21163,1061,200.55,59,2017
21165,634,29.75,123,2017
21167,2823,2294.98,76,2017
21169,292,47.41,13,2017
21171,275,85.53,12,2017
21173,230,124.57,33,2017
21175,19,3.0199999999999996,14,2017
21177,3834,1157.81,269,2017
21179,1220,564.78,68,2017
21181,156,18.58,21,2017
21183,810,121.05,29,2017
21185,8206,3901.04,84,2017
21187,722,289.27,33,2017
21189,33,1.3199999999999998,14,2017
21191,448,133.91,90,2017
21193,121,6.9,16,2017
21195,271,0.6799999999999999,47,2017
21197,1305,34.07,148,2017
21199,11612,3907.25,212,2017
21201,139,13.04,23,2017
21203,716,435.94,60,2017
21205,3555,903.33,115,2017
21207,1517,171.05,50,2017
21209,1868,809.4300000000001,98,2017
21211,3442,672.64,68,2017
21213,290,137.98999999999998,38,2017
21215,707,56.19,18,2017
21217,1040,116.39,22,2017
21219,5255,2019.96,116,2017
21221,7494,1120.3,166,2017
21223,142,13.66,19,2017
21225,3613,2149.4,36,2017
21227,1814,715.1700000000001,233,2017
21229,466,153.17000000000002,58,2017
21231,2598,1558.93,97,2017
21233,107,26.93,14,2017
21235,447,10.47,87,2017
21237,1374,25.64,110,2017
21239,801,220.1,71,2017
22001,7219,2500.87,202,2017
22003,867,74.94000000000001,50,2017
22005,2993,81.11,106,2017
22007,654,28.37,40,2017
22009,1533,758.16,68,2017
22011,434,94.12,68,2017
22013,129,1.01,37,2017
22015,3282,714.1999999999999,107,2017
22017,8593,1271.19,232,2017
22019,15844,4662.62,538,2017
22021,565,38.12,29,2017
22023,62621,9758.58,654,2017
22025,1108,185.77,38,2017
22027,3855,1169.42,89,2017
22029,1509,399.6,83,2017
22031,1590,302.2,26,2017
22033,39297,4932.05,989,2017
22035,547,76.67,27,2017
22037,263,95.93,23,2017
22039,1764,229.57,74,2017
22041,183,89.26,18,2017
22043,1391,7.47,78,2017
22045,1958,357.02,72,2017
22047,10544,1517.37,147,2017
22049,320,0.05,13,2017
22051,34734,15.88,444,2017
22053,19807,9524.73,347,2017
22055,12447,2044.95,200,2017
22057,13182,774.22,268,2017
22059,5250,63.459999999999994,66,2017
22061,3749,204.04,69,2017
22063,3847,493.39,110,2017
22065,1268,130.16,58,2017
22067,1991,1507.69,61,2017
22069,2312,440.84,214,2017
22071,49995,25.47,843,2017
22073,9353,4235.03,211,2017
22075,18349,925.44,223,2017
22077,1979,711.56,37,2017
22079,13007,1526.07,324,2017
22081,2359,1904.06,26,2017
22083,1206,137.74,39,2017
22085,1557,1.86,49,2017
22087,5578,86.32000000000001,93,2017
22089,5120,27.17,123,2017
22091,964,97.8,22,2017
22093,887,118.21,58,2017
22095,974,12.74,72,2017
22097,6099,3054.72,167,2017
22099,10525,1437.6699999999998,186,2017
22101,3821,375.78,92,2017
22103,48971,428.35,724,2017
22105,3122,796.06,128,2017
22107,456,114.16,24,2017
22109,7969,913.33,221,2017
22111,3205,155.16,90,2017
22113,8699,2989.89,199,2017
22115,3803,248.76,138,2017
22117,3781,606.37,94,2017
22119,275,18.79,34,2017
22121,1639,1086.5800000000002,87,2017
22123,501,133.96,11,2017
22125,1602,253.27,107,2017
22127,746,8.89,49,2017
23001,12039,660.95,372,2017
23003,4809,317.68,283,2017
23005,147413,10790.6,2105,2017
23007,9818,331.33,395,2017
23009,90959,1680.8,2248,2017
23011,43707,3380.57,914,2017
23013,17919,919.67,558,2017
23015,67935,3193.1600000000003,720,2017
23017,13104,1051.19,664,2017
23019,53587,4755.79,1306,2017
23021,10294,66.52000000000001,433,2017
23023,24912,421.19,627,2017
23025,5844,546.8299999999999,363,2017
23027,50613,4502.06,748,2017
23029,33145,2067.7,1046,2017
23031,124397,11491.429999999998,1631,2017
24001,18781,3686.64,605,2017
24003,196070,7955.95,2420,2017
24005,148180,20403.38,1933,2017
24009,59081,6141.7699999999995,511,2017
24011,20474,8055.71,453,2017
24013,20723,5735.570000000001,511,2017
24015,28164,5702.23,630,2017
24017,7180,924.3,317,2017
24019,45557,9922.4,615,2017
24021,52437,11545.86,1306,2017
24023,53465,8377.74,898,2017
24025,75818,17584.0,1158,2017
24027,159985,33865.41,1586,2017
24029,16599,7925.299999999999,412,2017
24031,260124,24366.8,3933,2017
24033,134895,17554.99,2485,2017
24035,84003,42618.85,693,2017
24037,17456,3405.75,302,2017
24039,7265,405.06,198,2017
24041,58586,20178.1,688,2017
24043,25670,6350.7,698,2017
24045,10880,2259.73,405,2017
24047,81059,5555.88,1119,2017
24510,42578,52.7,570,2017
25001,298059,1393.09,3274,2017
25003,82783,16339.88,1561,2017
25005,79961,4551.93,1062,2017
25007,13313,449.65,449,2017
25009,305735,17929.28,2664,2017
25011,47170,6808.89,1027,2017
25013,41130,3625.4,819,2017
25015,117995,29004.9,1592,2017
25017,293297,15540.53,4500,2017
25019,39779,461.29,476,2017
25021,91245,7113.24,1468,2017
25023,145673,15083.97,1957,2017
25025,95848,0.88,1295,2017
25027,103128,4449.62,2292,2017
26001,13757,2007.32,346,2017
26003,12141,1176.62,426,2017
26005,27144,8601.15,1039,2017
26007,3775,830.78,248,2017
26009,13060,729.61,562,2017
26011,3164,339.14,184,2017
26013,4606,3.03,125,2017
26015,46292,11971.16,772,2017
26017,16934,1535.97,482,2017
26019,16357,90.46,479,2017
26021,54013,8398.82,946,2017
26023,4706,1923.65,241,2017
26025,45315,5437.95,876,2017
26027,4672,274.15999999999997,194,2017
26029,15494,1461.36,445,2017
26031,13177,400.18,715,2017
26033,79720,8151.98,1358,2017
26035,1998,188.08,204,2017
26037,20608,3424.37,455,2017
26039,20274,16.52,464,2017
26041,9022,251.34,246,2017
26043,2581,211.99,78,2017
26045,13948,4169.3,566,2017
26047,18232,774.17,432,2017
26049,29555,1650.81,556,2017
26051,1806,106.62,93,2017
26053,3994,4.21,219,2017
26055,32178,2055.65,1040,2017
26057,15310,2774.85,382,2017
26059,16236,4877.5,476,2017
26061,8989,506.21,313,2017
26063,7024,1045.51,231,2017
26065,61113,7737.35,1288,2017
26067,11747,3850.1,306,2017
26069,79606,838.7,507,2017
26071,1439,15.26,123,2017
26073,31308,4689.16,809,2017
26075,48738,8705.5,839,2017
26077,64144,4658.45,1117,2017
26079,6510,120.4,240,2017
26081,79421,3632.05,1382,2017
26083,9137,0.0,407,2017
26085,2549,37.370000000000005,234,2017
26087,20893,3072.64,504,2017
26089,31812,956.42,812,2017
26091,23335,3219.88,512,2017
26093,25447,1905.39,1483,2017
26095,4004,146.76,242,2017
26097,8650,947.2,614,2017
26099,99163,6404.17,999,2017
26101,17135,643.1899999999999,570,2017
26103,30497,116.02,816,2017
26105,7033,415.36,287,2017
26107,4783,364.73,257,2017
26109,1258,193.92,121,2017
26111,25701,1182.22,475,2017
26113,2201,150.75,138,2017
26115,21281,2503.87,701,2017
26117,2446,452.47,213,2017
26119,1263,72.45,153,2017
26121,55203,1737.08,516,2017
26123,2926,224.4,177,2017
26125,108414,2386.93,1589,2017
26127,9061,877.4399999999999,201,2017
26129,11324,279.38,180,2017
26131,2414,429.76,215,2017
26133,4399,775.1800000000001,156,2017
26135,3817,208.18,202,2017
26137,8534,288.44,370,2017
26139,76983,12008.36,1017,2017
26141,3039,155.14,170,2017
26143,8774,2255.63,289,2017
26145,28443,3820.33,682,2017
26147,20282,2822.94,420,2017
26149,8632,1473.67,468,2017
26151,3928,1408.33,168,2017
26153,8024,68.68,340,2017
26155,4193,663.18,196,2017
26157,5114,1077.63,306,2017
26159,12293,1687.33,314,2017
26161,212655,32060.94,2824,2017
26163,70385,1513.37,1053,2017
26165,3310,953.8,213,2017
27001,7195,851.11,463,2017
27003,21769,4718.7300000000005,660,2017
27005,13662,2888.57,384,2017
27007,7701,191.09,327,2017
27009,3708,798.22,193,2017
27011,4495,1305.69,192,2017
27013,2913,686.72,209,2017
27015,3331,518.65,142,2017
27017,4606,287.33,334,2017
27019,31803,12837.45,420,2017
27021,8362,328.58,539,2017
27023,1626,430.36,170,2017
27025,10301,4083.89,501,2017
27027,14276,7322.12,368,2017
27029,3288,130.49,166,2017
27031,14116,137.31,743,2017
27033,7081,1782.15,173,2017
27035,12746,1507.49,634,2017
27037,49526,9662.46,1374,2017
27039,1711,625.11,109,2017
27041,6526,729.48,321,2017
27043,1735,323.65000000000003,104,2017
27045,2582,1240.5,202,2017
27047,2719,692.8399999999999,179,2017
27049,14068,2039.88,473,2017
27051,18985,11643.42,228,2017
27053,180614,4430.93,2716,2017
27055,4301,505.67,211,2017
27057,17196,2008.93,305,2017
27059,3117,565.12,178,2017
27061,5067,123.85,274,2017
27063,3602,1376.51,203,2017
27065,2245,434.56,164,2017
27067,7774,2138.15,512,2017
27069,1627,277.95,102,2017
27071,2530,87.17999999999999,207,2017
27073,7653,1609.27,239,2017
27075,24524,31.46,1712,2017
27077,1509,37.92,87,2017
27079,3571,798.29,180,2017
27081,5969,1254.54,248,2017
27083,10655,1644.29,186,2017
27085,1808,598.5400000000001,137,2017
27087,1102,287.84000000000003,74,2017
27089,6448,1756.05,154,2017
27091,889,240.45,113,2017
27093,4550,1019.53,232,2017
27095,2637,445.86,171,2017
27097,8735,2996.03,345,2017
27099,5490,1425.82,264,2017
27101,3185,1499.27,145,2017
27103,2432,546.13,130,2017
27105,1195,424.7,117,2017
27107,1248,545.61,85,2017
27109,23396,4978.01,684,2017
27111,12115,1778.63,536,2017
27113,1042,586.0799999999999,90,2017
27115,5897,1151.24,388,2017
27117,3672,1133.43,182,2017
27119,14765,4672.2,589,2017
27121,5295,1620.19,199,2017
27123,54305,856.11,1210,2017
27125,904,479.56000000000006,64,2017
27127,1565,473.36,110,2017
27129,1232,285.41,116,2017
27131,16503,2326.81,636,2017
27133,2267,1691.68,126,2017
27135,2400,303.87,124,2017
27137,118067,2823.96,3049,2017
27139,22045,3121.12,504,2017
27141,27791,6273.3,319,2017
27143,1321,462.57,119,2017
27145,20597,6130.96,904,2017
27147,10277,4319.75,246,2017
27149,5715,2151.13,207,2017
27151,3206,1426.43,173,2017
27153,13405,7552.37,380,2017
27155,1517,590.07,97,2017
27157,4399,722.05,241,2017
27159,903,253.64,78,2017
27161,2665,467.33,81,2017
27163,70381,13595.8,1251,2017
27165,3496,1637.22,132,2017
27167,2715,703.9499999999999,120,2017
27169,7181,1968.82,295,2017
27171,7711,1572.42,430,2017
27173,4045,1228.73,162,2017
28001,3767,119.87,104,2017
28003,180,32.72,21,2017
28005,205,81.49000000000001,9,2017
28007,106,27.83,12,2017
28009,81,19.4,11,2017
28011,544,145.86,67,2017
28013,19,5.15,9,2017
28015,69,8.75,7,2017
28017,847,233.8,113,2017
28019,485,30.37,22,2017
28021,131,23.05,15,2017
28023,351,26.05,23,2017
28025,956,474.98,41,2017
28027,667,196.1,38,2017
28029,227,8.42,22,2017
28031,706,586.76,50,2017
28033,5218,1438.9700000000005,179,2017
28035,7022,620.09,239,2017
28037,372,5.390000000000001,20,2017
28039,1275,90.76,27,2017
28041,67,7.43,17,2017
28043,1019,79.99,79,2017
28045,16707,1104.65,267,2017
28047,22054,172.34,459,2017
28049,4430,84.8,111,2017
28051,427,29.77,44,2017
28053,1153,414.1799999999999,25,2017
28055,292,188.44,11,2017
28057,384,53.120000000000005,24,2017
28059,64360,734.9100000000001,711,2017
28061,187,42.06,14,2017
28063,286,28.130000000000003,21,2017
28065,375,188.4,8,2017
28067,484,16.990000000000002,55,2017
28069,458,217.57,14,2017
28071,4716,1685.78,153,2017
28073,790,40.78,77,2017
28075,1731,200.78,98,2017
28077,50,4.88,6,2017
28079,86,2.49,10,2017
28081,5693,943.93,96,2017
28083,551,279.07,25,2017
28085,121,6.8,20,2017
28087,11407,535.9,106,2017
28089,8813,1200.26,185,2017
28091,653,30.17,36,2017
28093,6584,623.63,127,2017
28095,1238,243.89,58,2017
28097,68,11.2,13,2017
28099,19,3.18,2,2017
28101,354,166.41,33,2017
28103,10407,3514.37,148,2017
28105,12083,1974.4,214,2017
28107,3785,1845.85,73,2017
28109,4212,2017.0,93,2017
28111,282,43.69,69,2017
28113,92,3.74,25,2017
28115,469,22.59,31,2017
28117,188,41.8,18,2017
28119,777,660.43,19,2017
28121,2595,39.69,102,2017
28123,630,142.83,40,2017
28125,30,1.65,6,2017
28127,82,19.36,25,2017
28129,74,1.14,4,2017
28131,959,77.91,82,2017
28133,119,63.46,21,2017
28135,867,669.5999999999999,25,2017
28137,844,221.9,35,2017
28139,26,1.61,5,2017
28141,2725,383.68,71,2017
28143,2610,1496.94,52,2017
28145,62,9.08,13,2017
28147,111,29.869999999999997,19,2017
28149,1208,463.41,59,2017
28151,640,189.08,43,2017
28153,91,14.2,19,2017
28155,62,5.26,16,2017
28157,268,32.67,14,2017
28159,413,9.81,32,2017
28161,1230,465.95,35,2017
28163,1616,851.98,43,2017
29001,4300,394.67,106,2017
29003,289,50.84,50,2017
29005,460,136.79,93,2017
29007,260,79.75,28,2017
29009,6162,628.02,191,2017
29011,1665,1379.09,83,2017
29013,1369,886.5,48,2017
29015,2324,803.9,73,2017
29017,3515,638.08,54,2017
29019,84911,25100.41,681,2017
29021,5927,557.34,143,2017
29023,1498,387.62,85,2017
29025,380,105.6,29,2017
29027,8285,3355.76,147,2017
29029,4258,163.19,147,2017
29031,14234,3301.34,219,2017
29033,289,100.98,18,2017
29035,959,69.22999999999999,73,2017
29037,11853,7612.08,129,2017
29039,2783,1086.36,104,2017
29041,1218,1159.27,23,2017
29043,7778,2523.61,182,2017
29045,459,200.6,37,2017
29047,9117,1752.7,238,2017
29049,1533,631.43,90,2017
29051,13914,1544.2,146,2017
29053,1473,542.1,60,2017
29055,2773,192.35,108,2017
29057,5609,2668.54,167,2017
29059,993,253.95,54,2017
29061,590,413.18,39,2017
29063,370,100.63,33,2017
29065,663,45.02,26,2017
29067,211,120.56,27,2017
29069,1271,413.26,39,2017
29071,19391,3419.5700000000006,429,2017
29073,843,36.84,37,2017
29075,25,18.67,2,2017
29077,33826,6848.57,531,2017
29079,701,115.27,11,2017
29081,1849,1206.3,66,2017
29083,2376,415.61,124,2017
29085,343,91.51,89,2017
29087,14000,509.08,159,2017
29089,1562,876.45,37,2017
29091,1289,329.48,82,2017
29093,1431,369.29,141,2017
29095,57767,11673.79,694,2017
29097,2880,541.4499999999999,139,2017
29099,9577,1215.49,245,2017
29101,20955,2194.4700000000003,120,2017
29103,1600,1086.3,9,2017
29105,700,108.5,74,2017
29107,1674,333.25,68,2017
29109,2883,1630.22,181,2017
29111,2529,581.03,58,2017
29113,11744,6223.79,105,2017
29115,1075,173.67000000000002,28,2017
29117,877,153.23,31,2017
29119,1016,352.65,80,2017
29121,5012,441.91,77,2017
29123,632,44.42,75,2017
29125,715,77.72,22,2017
29127,2155,280.75,105,2017
29129,224,93.43,11,2017
29131,2475,185.29,41,2017
29133,1837,387.98,71,2017
29135,1021,431.42,23,2017
29137,4176,485.09,67,2017
29139,1256,115.66,120,2017
29141,1320,331.62,61,2017
29143,1778,551.3100000000001,68,2017
29145,7595,3223.89,158,2017
29147,160,86.62,42,2017
29149,1270,238.27,38,2017
29151,330,67.79,20,2017
29153,456,38.31,26,2017
29155,3749,2131.66,98,2017
29157,6751,2505.42,135,2017
29159,2114,1026.5,80,2017
29161,14087,2487.26,171,2017
29163,9620,3948.85,69,2017
29165,12247,2925.16,229,2017
29167,5980,445.06,68,2017
29169,689,107.55,57,2017
29171,753,360.30999999999995,21,2017
29173,7560,622.69,94,2017
29175,964,104.81,36,2017
29177,1933,130.81,37,2017
29179,4044,707.3100000000001,185,2017
29181,494,193.92,62,2017
29183,53065,4694.64,549,2017
29185,2858,2058.29,106,2017
29186,1323,100.11,98,2017
29187,2262,234.98,197,2017
29189,66820,1150.0500000000002,1165,2017
29195,4430,2338.1,100,2017
29197,46,11.65,6,2017
29199,2,0.84,1,2017
29201,1531,394.23,56,2017
29203,3898,190.92,205,2017
29205,817,57.16,29,2017
29207,6280,1729.89,153,2017
29209,3182,253.8,108,2017
29211,40,25.36,19,2017
29213,6080,242.04,208,2017
29215,411,96.83,60,2017
29217,5416,2294.2099999999996,54,2017
29219,738,103.91,85,2017
29221,1700,202.98,52,2017
29223,1726,192.55,85,2017
29225,2045,537.92,54,2017
29227,339,41.21,6,2017
29229,381,191.27,21,2017
29510,33663,11.7,307,2017
30001,11371,511.66,508,2017
30003,2762,294.01,200,2017
30005,1213,292.51,138,2017
30007,5915,269.33,260,2017
30009,7525,1580.65,641,2017
30011,1155,35.47,98,2017
30013,30499,577.81,730,2017
30015,1452,190.77,92,2017
30017,1478,8.4,115,2017
30019,575,65.75,71,2017
30021,1057,22.33,118,2017
30023,15208,425.42,322,2017
30025,525,13.769999999999998,43,2017
30027,2594,151.15,252,2017
30029,46167,9875.12,1548,2017
30031,76137,9237.37,1564,2017
30033,2751,61.3,196,2017
30035,23297,1943.2,1361,2017
30037,1179,32.8,116,2017
30039,2139,52.02,181,2017
30041,1214,72.61,69,2017
30043,12222,440.89,266,2017
30045,993,39.65,133,2017
30047,28411,3771.73,1011,2017
30049,31085,1394.84,875,2017
30051,726,112.62,96,2017
30053,3901,45.57,281,2017
30055,719,40.45,80,2017
30057,13446,1180.02,497,2017
30059,2292,69.67,203,2017
30061,1696,16.830000000000002,184,2017
30063,70503,5908.789999999999,1504,2017
30065,2252,42.55,151,2017
30067,11619,209.72,548,2017
30069,1352,37.61,100,2017
30071,16868,446.55,560,2017
30073,1456,167.76,248,2017
30075,531,2.3400000000000003,76,2017
30077,8194,782.1800000000001,379,2017
30079,386,9.94,46,2017
30081,19839,5761.86,694,2017
30083,1010,125.8,89,2017
30085,934,127.67,102,2017
30087,1427,129.8,114,2017
30089,5279,656.75,216,2017
30091,6177,424.99,262,2017
30093,2138,93.43,143,2017
30095,2519,257.71,180,2017
30097,2558,129.87,176,2017
30099,9109,123.36,264,2017
30101,7723,822.1,607,2017
30103,545,84.0,52,2017
30105,5806,284.93,305,2017
30107,2116,235.52,170,2017
30109,832,46.32,85,2017
30111,20943,1986.49,601,2017
31001,615,119.87,56,2017
31003,222,22.89,21,2017
31005,665,6.3,27,2017
31007,760,174.33,56,2017
31009,238,0.0,36,2017
31011,248,9.31,11,2017
31013,737,171.22,68,2017
31015,414,34.05,26,2017
31017,584,4.94,26,2017
31019,8781,206.63,324,2017
31021,1482,152.99,42,2017
31023,1309,336.65,59,2017
31025,5101,686.69,131,2017
31027,936,196.8,83,2017
31029,1375,61.239999999999995,46,2017
31031,3046,0.08,212,2017
31033,929,84.95,81,2017
31035,963,204.09,47,2017
31037,730,38.6,34,2017
31039,506,204.13,39,2017
31041,1166,191.84,122,2017
31043,634,107.31,34,2017
31045,5554,57.82,266,2017
31047,904,114.44,149,2017
31049,1179,131.27,72,2017
31051,1792,243.82,39,2017
31053,8894,610.1999999999999,108,2017
31055,18703,1200.17,579,2017
31057,2078,93.6,86,2017
31059,460,131.27,37,2017
31061,531,100.48,50,2017
31063,579,109.44,42,2017
31065,612,84.94,53,2017
31067,1502,116.13,100,2017
31069,2016,48.54,127,2017
31071,401,16.61,26,2017
31073,622,102.21,25,2017
31075,375,0.0,39,2017
31077,255,20.43,30,2017
31079,3396,259.78,279,2017
31081,496,141.47,80,2017
31083,2325,102.6,91,2017
31085,438,160.35,30,2017
31087,656,44.66,61,2017
31089,613,62.85,40,2017
31091,278,0.0,40,2017
31093,366,28.7,46,2017
31095,702,33.86,38,2017
31097,744,130.47,35,2017
31099,1105,188.61,96,2017
31101,5684,159.51,237,2017
31103,262,2.5800000000000005,27,2017
31105,1765,144.77,98,2017
31107,1173,107.21,67,2017
31109,49951,2178.02,685,2017
31111,7398,794.1899999999999,468,2017
31113,402,17.53,24,2017
31115,978,19.74,42,2017
31117,90,0.0,10,2017
31119,709,15.98,33,2017
31121,516,41.760000000000005,40,2017
31123,782,56.66,110,2017
31125,671,86.64,41,2017
31127,3118,627.0,96,2017
31129,891,314.36999999999995,76,2017
31131,3507,173.57,93,2017
31133,627,36.0,15,2017
31135,1629,671.88,63,2017
31137,1702,380.0100000000001,39,2017
31139,391,80.53,34,2017
31141,694,38.84,38,2017
31143,261,41.44,34,2017
31145,718,61.07,49,2017
31147,2184,167.27,92,2017
31149,661,0.0,26,2017
31151,373,23.09,30,2017
31153,14883,432.13,359,2017
31155,6122,858.12,126,2017
31157,4588,228.91,203,2017
31159,6398,452.44,199,2017
31161,3810,44.18,208,2017
31163,454,55.46,36,2017
31165,3150,19.840000000000003,174,2017
31167,562,16.73,32,2017
31169,387,50.28,42,2017
31171,765,0.0,59,2017
31173,224,103.22,23,2017
31175,211,38.65,17,2017
31177,5261,1032.0800000000002,136,2017
31179,481,141.74,54,2017
31181,712,151.16,60,2017
31183,226,12.34,16,2017
31185,808,162.53,97,2017
32001,13854,320.22,386,2017
32003,111006,4100.67,4507,2017
32005,14676,435.06,509,2017
32007,13598,309.8,895,2017
32009,2833,52.720000000000006,154,2017
32011,609,0.6,87,2017
32013,2588,12.71,427,2017
32015,1172,1.28,167,2017
32017,6955,68.1,458,2017
32019,3288,398.92,239,2017
32021,1196,7.67,144,2017
32023,24148,703.8100000000001,740,2017
32027,1448,50.11,147,2017
32029,611,48.8,64,2017
32031,61232,2474.0299999999997,1699,2017
32033,5755,23.29,395,2017
32510,18464,1939.87,270,2017
33001,7519,214.15,395,2017
33003,28143,1504.91,900,2017
33005,40063,6754.37,847,2017
33007,34874,2368.91,961,2017
33009,49356,4434.18,1822,2017
33011,38603,3817.24,1316,2017
33013,35536,7990.72,1001,2017
33015,83192,2047.0,1481,2017
33017,45705,2445.11,409,2017
33019,17146,2380.53,605,2017
34001,158990,1248.56,781,2017
34003,85638,943.71,841,2017
34005,74175,8007.04,1148,2017
34007,26783,461.4,527,2017
34009,411442,9744.72,1711,2017
34011,38692,2587.16,525,2017
34013,23023,4.5,383,2017
34015,46296,2420.17,499,2017
34017,22756,360.37,422,2017
34019,87076,14982.88,824,2017
34021,77219,7204.39,1025,2017
34023,50375,1828.68,1388,2017
34025,104717,4030.87,1561,2017
34027,80650,5931.88,1113,2017
34029,115842,2167.9199999999996,1627,2017
34031,55960,1003.72,444,2017
34033,15166,2943.52,463,2017
34035,80958,8139.88,1020,2017
34037,50954,5194.74,884,2017
34039,22145,12.06,363,2017
34041,31072,1930.79,464,2017
35001,153243,18446.76,2180,2017
35003,7363,29.61,394,2017
35005,12471,138.92,366,2017
35006,5079,74.85,508,2017
35007,10182,710.2099999999999,483,2017
35009,5859,610.4300000000001,223,2017
35011,1440,25.68,102,2017
35013,31931,2497.9300000000003,1177,2017
35015,16544,3749.26,664,2017
35017,25043,169.63000000000002,765,2017
35019,3534,6.26,197,2017
35021,1620,0.0,171,2017
35023,12023,40.71,854,2017
35025,4790,33.57,227,2017
35027,5548,200.22,310,2017
35028,96380,669.02,704,2017
35029,4661,142.5,368,2017
35031,3333,7.87,207,2017
35033,8222,850.7099999999999,290,2017
35035,7826,143.9,772,2017
35037,2944,59.779999999999994,167,2017
35039,10733,531.93,604,2017
35041,8342,148.77,187,2017
35043,36176,4883.25,1062,2017
35045,3199,209.71,335,2017
35047,20017,549.01,644,2017
35049,44940,1496.8,1300,2017
35051,18349,2252.2,379,2017
35053,69153,4299.23,883,2017
35055,16332,268.92,864,2017
35057,4749,170.23,305,2017
35059,3362,12.08,319,2017
35061,9194,3193.43,233,2017
36001,60371,5059.91,1413,2017
36003,6898,1024.48,354,2017
36005,34308,216.8,812,2017
36007,70202,4459.63,974,2017
36009,11470,2069.79,505,2017
36011,37446,7073.45,951,2017
36013,28112,4582.6900000000005,634,2017
36015,18658,3116.39,509,2017
36017,12390,2135.4700000000003,532,2017
36019,9276,678.75,455,2017
36021,29666,11052.49,682,2017
36023,9812,1403.96,640,2017
36025,17899,4356.91,760,2017
36027,72872,11422.38,1735,2017
36029,90859,3720.54,1766,2017
36031,40785,2224.51,1218,2017
36033,23982,1529.61,883,2017
36035,6643,757.38,320,2017
36037,34674,4371.74,701,2017
36039,12890,1706.43,639,2017
36041,15465,25.380000000000003,694,2017
36043,31367,9023.76,785,2017
36045,27842,3610.24,748,2017
36047,148123,3.85,1107,2017
36049,4403,951.81,304,2017
36051,51516,19282.79,713,2017
36053,24258,4637.65,630,2017
36055,182679,23269.16,2122,2017
36057,16593,2595.4,506,2017
36059,127909,461.57,1697,2017
36061,216910,0.0,1606,2017
36063,32997,7126.41,753,2017
36065,26504,4941.2,710,2017
36067,73534,7601.18,1603,2017
36069,51169,16748.94,1259,2017
36071,70890,10296.55,1302,2017
36073,22929,7127.13,496,2017
36075,50897,13949.31,1343,2017
36077,10905,1260.43,441,2017
36079,8153,200.1,431,2017
36081,74228,4.25,961,2017
36083,26947,6158.28,1036,2017
36085,82361,3536.0,968,2017
36087,26783,7.29,470,2017
36089,40517,7782.35,1338,2017
36091,47921,4975.38,1340,2017
36093,9296,1590.03,296,2017
36095,6220,1464.35,386,2017
36097,16093,2891.76,537,2017
36099,141982,28305.9,1178,2017
36101,9194,1313.44,579,2017
36103,218873,7054.94,3153,2017
36105,46580,2430.17,526,2017
36107,18859,4432.67,407,2017
36109,327240,43391.369999999995,3324,2017
36111,95232,18788.71,1835,2017
36113,9849,257.82,715,2017
36115,24113,10917.73,716,2017
36117,49512,18710.35,861,2017
36119,118690,7156.84,2115,2017
36121,8404,1875.75,425,2017
36123,9207,2388.57,424,2017
37001,10848,1157.74,270,2017
37003,738,32.14,63,2017
37005,3569,494.23,176,2017
37007,4397,514.65,43,2017
37009,8988,746.57,230,2017
37011,6918,72.83,329,2017
37013,3663,199.51,164,2017
37015,505,43.510000000000005,55,2017
37017,1745,90.09,129,2017
37019,18312,347.27,789,2017
37021,88055,5561.150000000001,1602,2017
37023,3970,223.63,225,2017
37025,12429,2096.14,305,2017
37027,2095,160.72,128,2017
37029,1080,46.48,52,2017
37031,47768,1945.95,657,2017
37033,1326,190.39,90,2017
37035,4496,2158.39,158,2017
37037,37370,775.23,893,2017
37039,1634,279.16999999999996,83,2017
37041,617,55.88,39,2017
37043,2731,223.11,92,2017
37045,2867,902.93,128,2017
37047,761,70.12,126,2017
37049,9486,79.68,333,2017
37051,12197,2692.1800000000003,226,2017
37053,7695,308.7,389,2017
37055,93619,2196.43,1146,2017
37057,2046,236.86,373,2017
37059,1489,444.53,62,2017
37061,945,99.92,72,2017
37063,61054,1674.09,1412,2017
37065,1723,467.92,128,2017
37067,74102,3151.52,551,2017
37069,1905,490.93,82,2017
37071,7090,1425.91,245,2017
37073,946,85.44999999999999,59,2017
37075,3181,15.62,121,2017
37077,3625,957.77,172,2017
37079,367,101.33,44,2017
37081,44582,4745.85,790,2017
37083,2182,269.79,116,2017
37085,4543,304.29,270,2017
37087,23928,3884.49,694,2017
37089,25540,4943.8099999999995,523,2017
37091,150,15.61,15,2017
37093,1390,187.26,105,2017
37095,13526,934.7,252,2017
37097,4853,503.89,252,2017
37099,5114,554.34,393,2017
37101,9294,619.6,256,2017
37103,1008,136.91,92,2017
37105,1527,316.09,84,2017
37107,895,90.92,62,2017
37109,663,144.57,63,2017
37111,3555,194.43,269,2017
37113,7102,316.39,409,2017
37115,3067,429.43,308,2017
37117,773,170.67000000000002,85,2017
37119,72451,10260.84,1725,2017
37121,3332,1146.57,171,2017
37123,1108,73.39,126,2017
37125,22065,1611.5300000000002,244,2017
37127,2920,190.17,151,2017
37129,40758,21.74,726,2017
37131,682,63.92999999999999,60,2017
37133,8359,45.94,340,2017
37135,62956,7105.92,1548,2017
37137,15235,1668.26,218,2017
37139,590,55.540000000000006,51,2017
37141,5469,182.48,1067,2017
37143,333,110.69,39,2017
37145,4231,1255.32,145,2017
37147,5166,902.08,216,2017
37149,4864,378.78,174,2017
37151,2729,427.37,190,2017
37153,2784,437.48,179,2017
37155,1328,124.74,146,2017
37157,7133,655.53,167,2017
37159,2856,157.77,121,2017
37161,2628,260.02,162,2017
37163,1750,350.44,309,2017
37165,3579,73.45,167,2017
37167,2154,231.3,83,2017
37169,9321,802.66,101,2017
37171,8541,1504.05,192,2017
37173,6169,495.43,462,2017
37175,29518,3853.4,580,2017
37177,3700,933.27,127,2017
37179,15759,5978.51,206,2017
37181,1443,126.7,50,2017
37183,176087,26599.09,2822,2017
37185,1061,92.15,50,2017
37187,9170,2794.71,170,2017
37189,24146,4512.620000000001,472,2017
37191,1871,141.20999999999998,90,2017
37193,5070,610.8,177,2017
37195,3714,138.96,82,2017
37197,2891,935.62,82,2017
37199,10722,1204.17,536,2017
38001,535,59.87,34,2017
38003,6134,1859.77,379,2017
38005,1654,212.38,66,2017
38007,8486,13.68,260,2017
38009,4682,1752.24,145,2017
38011,2585,126.3,129,2017
38013,5788,691.36,267,2017
38015,14792,285.82,436,2017
38017,19226,2829.81,461,2017
38019,304,107.25,25,2017
38021,586,180.94,37,2017
38023,1730,186.0,73,2017
38025,1106,34.85,73,2017
38027,2049,810.61,42,2017
38029,1267,201.93,85,2017
38031,726,150.46,53,2017
38033,2620,392.02,117,2017
38035,17652,2810.76,377,2017
38037,1238,39.23,33,2017
38039,342,103.55,31,2017
38041,712,36.24,43,2017
38043,9972,828.74,246,2017
38045,549,195.22,30,2017
38047,684,77.67,21,2017
38049,5465,467.59,128,2017
38051,986,90.18,40,2017
38053,4325,372.02,226,2017
38055,3674,274.05,176,2017
38057,3582,161.53,132,2017
38059,4429,150.24,275,2017
38061,9566,387.95,326,2017
38063,1891,192.79,45,2017
38065,1039,64.96,50,2017
38067,688,165.16,44,2017
38069,566,61.71,47,2017
38071,1402,254.19,71,2017
38073,2448,448.74,105,2017
38075,1936,426.83,63,2017
38077,2103,372.1,113,2017
38079,605,28.33,37,2017
38081,912,362.48,35,2017
38083,1715,225.32,66,2017
38085,807,11.0,66,2017
38087,3470,126.04,110,2017
38089,3687,213.83,154,2017
38091,10037,858.03,51,2017
38093,14760,1245.54,431,2017
38095,241,83.1,20,2017
38097,708,159.87,64,2017
38099,490,88.89,26,2017
38101,13074,617.61,278,2017
38103,1160,211.2,62,2017
38105,6158,513.4399999999999,248,2017
39001,3187,440.1,250,2017
39003,5056,1134.65,156,2017
39005,9450,2069.83,310,2017
39007,10290,1729.43,581,2017
39009,22474,2165.74,820,2017
39011,4667,1538.4,166,2017
39013,3599,675.79,136,2017
39015,1432,184.85,114,2017
39017,18526,4447.36,1178,2017
39019,5924,353.44,83,2017
39021,5367,993.24,257,2017
39023,35014,7704.03,593,2017
39025,31324,6914.82,659,2017
39027,4873,2476.75,151,2017
39029,6945,772.75,211,2017
39031,2777,345.99,132,2017
39033,2369,805.97,176,2017
39035,162997,3254.86,2955,2017
39037,4712,1636.64,215,2017
39039,807,374.99999999999994,66,2017
39041,62858,5686.67,898,2017
39043,159824,2609.54,699,2017
39045,11712,1355.28,333,2017
39047,1279,581.71,89,2017
39049,190429,33238.2,1963,2017
39051,3136,745.09,198,2017
39053,1654,336.71,70,2017
39055,44792,5640.03,658,2017
39057,38824,7719.05,943,2017
39059,2398,233.27,136,2017
39061,68997,18500.87,2394,2017
39063,18418,3427.29,370,2017
39065,6880,3675.72,126,2017
39067,3495,652.01,123,2017
39069,1634,690.39,128,2017
39071,6710,1425.89,149,2017
39073,11043,583.96,474,2017
39075,10496,3368.4,352,2017
39077,2493,429.63,326,2017
39079,798,96.74,71,2017
39081,9358,730.5699999999999,122,2017
39083,25954,5325.97,376,2017
39085,57107,5128.57,793,2017
39087,1482,78.44,130,2017
39089,23238,5970.58,492,2017
39091,7519,1495.11,279,2017
39093,54842,7370.18,773,2017
39095,348052,9918.12,1373,2017
39097,3889,1757.37,198,2017
39099,15716,7223.48,361,2017
39101,23649,7513.21,262,2017
39103,14799,4052.33,759,2017
39105,1755,363.37,129,2017
39107,6304,2898.87,98,2017
39109,11821,3958.44,283,2017
39111,4152,1398.9499999999998,70,2017
39113,45898,5909.29,1081,2017
39115,5807,1264.52,123,2017
39117,7126,1237.95,155,2017
39119,7203,3935.28,309,2017
39121,1794,302.37,55,2017
39123,113686,11499.3,884,2017
39125,2707,1268.54,82,2017
39127,9593,1687.62,145,2017
39129,12719,3890.75,213,2017
39131,509,89.65,67,2017
39133,34735,4130.08,1221,2017
39135,2179,491.95,164,2017
39137,302,76.84,38,2017
39139,14932,3731.07,450,2017
39141,6409,2932.34,181,2017
39143,17535,2185.91,416,2017
39145,9126,370.62,257,2017
39147,3667,897.8299999999999,278,2017
39149,7052,340.79,136,2017
39151,38922,5958.52,713,2017
39153,82241,7167.26,2718,2017
39155,7958,734.35,273,2017
39157,21596,5938.68,315,2017
39159,9698,4031.66,162,2017
39161,374,116.63,63,2017
39163,8151,739.2099999999999,323,2017
39165,11178,2295.7,460,2017
39167,2265,419.03,128,2017
39169,51161,13596.37,616,2017
39171,3597,520.6,174,2017
39173,13269,2327.22,406,2017
39175,18619,11591.68,225,2017
40001,4656,1835.0,56,2017
40003,4262,41.74,70,2017
40005,361,50.6,39,2017
40007,539,28.44,64,2017
40009,537,21.97,94,2017
40011,1280,119.37,79,2017
40013,2369,210.86,98,2017
40015,2395,110.27,169,2017
40017,6482,1451.11,246,2017
40019,1754,5.140000000000001,98,2017
40021,1521,441.5,106,2017
40023,521,143.78,46,2017
40025,13442,1120.46,469,2017
40027,41879,2005.97,991,2017
40029,86,34.92999999999999,8,2017
40031,12767,59.94,513,2017
40033,2250,77.81,86,2017
40035,206,110.4,40,2017
40037,2625,59.19,116,2017
40039,5491,228.52,203,2017
40041,1541,394.37,71,2017
40043,395,57.1,40,2017
40045,1207,27.95,46,2017
40047,1126,464.99,83,2017
40049,873,15.79,78,2017
40051,1999,26.01,94,2017
40053,709,227.79,88,2017
40055,673,22.09,52,2017
40057,1300,109.63,88,2017
40059,1155,391.17,58,2017
40061,12,3.63,7,2017
40063,425,22.0,16,2017
40065,2814,524.16,125,2017
40067,1355,5.12,53,2017
40069,4120,1094.96,104,2017
40071,1434,62.33,140,2017
40073,526,91.91,67,2017
40075,1077,93.5,79,2017
40077,231,16.69,35,2017
40079,1467,244.69,183,2017
40081,1281,18.26,129,2017
40083,5937,97.22,161,2017
40085,596,12.05,98,2017
40087,2595,461.77,109,2017
40089,20353,1172.69,527,2017
40091,1527,164.52,64,2017
40093,700,65.93,53,2017
40095,655,14.05,93,2017
40097,630,64.47,65,2017
40099,790,0.7,87,2017
40101,530,127.54,59,2017
40103,1884,28.35,150,2017
40105,108,9.33,18,2017
40107,313,27.92,54,2017
40109,46917,209.05,848,2017
40111,1296,122.05,60,2017
40113,6100,1949.59,269,2017
40115,608,196.36,76,2017
40117,1849,0.66,56,2017
40119,47176,698.1800000000001,594,2017
40121,613,88.56,61,2017
40123,883,31.33,41,2017
40125,946,33.95,68,2017
40127,682,65.67999999999999,47,2017
40129,373,5.66,35,2017
40131,1619,217.7,236,2017
40133,281,3.3899999999999997,34,2017
40135,3616,796.51,121,2017
40137,1004,17.89,71,2017
40139,6991,393.91,265,2017
40141,11191,5914.45,204,2017
40143,26836,3559.1299999999997,773,2017
40145,1338,241.83,82,2017
40147,3537,534.12,117,2017
40149,3145,62.67,108,2017
40151,313,5.949999999999999,39,2017
40153,5496,41.53,174,2017
41001,5286,710.38,736,2017
41003,171396,60539.28,3666,2017
41005,53934,13658.58,1719,2017
41007,39850,3058.69,1590,2017
41009,31735,9192.15,474,2017
41011,25596,668.46,1025,2017
41013,18141,998.71,1054,2017
41015,18099,1029.48,822,2017
41017,69342,607.45,1963,2017
41019,24216,2976.11,1740,2017
41021,2955,108.35,243,2017
41023,8092,116.46,722,2017
41025,78467,5115.35,2599,2017
41027,7993,273.28,522,2017
41029,64917,13392.1,1958,2017
41031,12279,538.51,667,2017
41033,16403,1972.55,879,2017
41035,52802,4432.0,2108,2017
41037,26714,1604.19,1635,2017
41039,179089,34234.409999999996,4287,2017
41041,64448,622.55,1272,2017
41043,31157,9895.43,2486,2017
41045,4758,452.62,645,2017
41047,54168,22750.95,1124,2017
41049,5067,1248.25,239,2017
41051,186899,21648.85,2973,2017
41053,31604,11100.78,819,2017
41055,4686,347.9,218,2017
41057,44644,2183.39,1312,2017
41059,19004,2334.12,503,2017
41061,31546,7582.54,586,2017
41063,8710,798.4200000000001,537,2017
41065,17569,1050.33,1288,2017
41067,171263,21737.9,1383,2017
41069,2713,46.45,310,2017
41071,13333,4797.74,533,2017
42001,45789,15200.72,701,2017
42003,118247,7074.72,2835,2017
42005,20688,2495.84,788,2017
42007,10852,2433.63,323,2017
42009,7262,1267.29,304,2017
42011,66054,8893.09,1286,2017
42013,10959,2035.77,312,2017
42015,4491,1026.69,465,2017
42017,130622,18271.22,1587,2017
42019,51598,3688.76,908,2017
42021,6582,1085.07,257,2017
42023,2455,321.12,108,2017
42025,17095,4221.91,311,2017
42027,136870,28317.81,2184,2017
42029,208626,57593.43,1957,2017
42031,13207,2361.99,376,2017
42033,5042,330.21,270,2017
42035,22920,3476.9300000000003,369,2017
42037,7319,1236.03,254,2017
42039,37166,9932.52,611,2017
42041,70449,11704.67,1036,2017
42043,38995,4038.44,697,2017
42045,55858,2717.25,797,2017
42047,4563,206.49,165,2017
42049,35634,1242.4499999999998,663,2017
42051,5949,666.88,361,2017
42053,9081,1008.62,271,2017
42055,27780,8463.43,573,2017
42057,3149,822.47,163,2017
42059,5349,1104.18,238,2017
42061,40698,8843.19,954,2017
42063,46962,12808.95,572,2017
42065,4596,665.74,143,2017
42067,7669,2602.23,218,2017
42069,15085,3131.12,351,2017
42071,154292,28653.35,1663,2017
42073,17347,10126.0,410,2017
42075,46327,6828.12,563,2017
42077,38936,8938.16,589,2017
42079,26417,6133.06,807,2017
42081,95004,13053.04,983,2017
42083,4976,386.53,254,2017
42085,18926,1694.57,530,2017
42087,13584,3074.7,339,2017
42089,33345,495.91,730,2017
42091,179009,30146.62,1941,2017
42093,18810,7407.009999999999,256,2017
42095,37504,5843.58,701,2017
42097,9908,4102.11,217,2017
42099,14153,3001.3300000000004,309,2017
42101,120012,1005.96,1078,2017
42103,9884,112.6,478,2017
42105,14135,3758.74,269,2017
42107,24109,1650.59,391,2017
42109,3908,1162.98,178,2017
42111,10616,1733.13,420,2017
42113,3891,475.48,200,2017
42115,22452,8123.24,349,2017
42117,59993,12929.54,656,2017
42119,6411,1796.93,223,2017
42121,4471,627.24,211,2017
42123,3713,267.72,310,2017
42125,19360,2281.96,526,2017
42127,7208,1018.85,357,2017
42129,41656,5159.45,813,2017
42131,4700,494.71,211,2017
42133,46399,5839.18,858,2017
44001,22068,1851.78,202,2017
44003,13775,471.46,487,2017
44005,45667,3867.61,555,2017
44007,27163,499.22,831,2017
44009,74064,1161.69,1048,2017
45001,719,119.75,55,2017
45003,30916,589.14,575,2017
45005,2725,1349.93,75,2017
45007,25885,11818.72,188,2017
45009,594,47.260000000000005,43,2017
45011,2180,59.16,200,2017
45013,43648,170.86,1148,2017
45015,17779,120.53,514,2017
45017,2681,690.37,151,2017
45019,179198,2336.81,2299,2017
45021,1759,734.29,80,2017
45023,1216,42.83,121,2017
45025,8755,111.32,193,2017
45027,28102,5166.249999999999,188,2017
45029,49434,6576.85,483,2017
45031,4004,119.91,145,2017
45033,1445,253.55,115,2017
45035,9759,338.18,301,2017
45037,857,193.69,55,2017
45039,525,37.81,65,2017
45041,2936,246.74,191,2017
45043,60878,395.62,512,2017
45045,47196,2074.25,594,2017
45047,4656,458.32,214,2017
45049,3327,55.379999999999995,87,2017
45051,17115,653.83,668,2017
45053,28237,333.18,370,2017
45055,19431,730.21,192,2017
45057,1166,46.86,98,2017
45059,1452,335.76,158,2017
45061,1342,391.11,83,2017
45063,30469,439.42,460,2017
45065,1079,18.28,54,2017
45067,441,55.7,58,2017
45069,1500,79.18,45,2017
45071,1673,90.44,99,2017
45073,5105,557.5600000000001,220,2017
45075,17150,10108.35,395,2017
45077,13011,2602.1,274,2017
45079,28814,1055.0,690,2017
45081,995,112.08,48,2017
45083,5403,1541.39,206,2017
45085,1427,429.07,83,2017
45087,715,218.05,50,2017
45089,4626,1335.3,95,2017
45091,9782,298.92,232,2017
46003,543,183.56,84,2017
46005,4028,635.0699999999999,35,2017
46007,1005,56.21,32,2017
46009,735,196.37,87,2017
46011,8344,1903.53,476,2017
46013,6698,1767.92,274,2017
46015,519,137.09,76,2017
46017,195,25.619999999999997,29,2017
46019,1542,30.59,95,2017
46021,470,35.849999999999994,37,2017
46023,6183,1326.63,343,2017
46025,747,279.15,63,2017
46027,1413,605.27,77,2017
46029,907,91.04,116,2017
46031,395,18.06,42,2017
46033,11401,50.510000000000005,607,2017
46035,507,112.07,91,2017
46037,2190,343.62,141,2017
46039,616,192.3,94,2017
46041,83,6.2,20,2017
46043,4856,823.24,182,2017
46045,1957,410.23,77,2017
46047,3969,25.42,211,2017
46049,337,172.04,32,2017
46051,980,405.42,92,2017
46053,884,8.770000000000001,48,2017
46055,628,143.11,117,2017
46057,200,47.5,25,2017
46059,799,127.5,40,2017
46061,182,69.9,42,2017
46063,1944,33.169999999999995,109,2017
46065,7495,222.05,117,2017
46067,1077,430.12,117,2017
46069,200,49.75,33,2017
46071,3626,38.55,212,2017
46073,212,77.5,39,2017
46075,624,32.17,97,2017
46077,559,82.8,72,2017
46079,331,101.76,40,2017
46081,5910,57.17,334,2017
46083,4370,957.54,175,2017
46085,1217,139.6,179,2017
46087,649,311.63,88,2017
46089,1979,208.19,115,2017
46091,1976,506.51,138,2017
46093,2178,49.599999999999994,170,2017
46095,160,1.7100000000000002,18,2017
46097,104,41.32,18,2017
46099,7226,2315.74,410,2017
46101,318,95.62,46,2017
46102,116,2.61,34,2017
46103,11329,135.73,770,2017
46105,940,38.48,51,2017
46107,311,45.67,39,2017
46109,5126,1252.62,260,2017
46111,172,45.08,46,2017
46115,576,228.0,49,2017
46117,4093,68.54,114,2017
46119,1108,136.17000000000002,55,2017
46121,162,6.44,12,2017
46123,153,5.42,11,2017
46125,620,203.03,74,2017
46127,1731,147.84,89,2017
46129,651,37.32,42,2017
46135,3501,303.2,196,2017
46137,119,11.920000000000002,20,2017
47001,22797,4049.79,341,2017
47003,3592,744.4,83,2017
47005,1853,593.26,54,2017
47007,4866,2257.25,132,2017
47009,25800,10377.55,621,2017
47011,4314,639.58,206,2017
47013,9791,4094.79,122,2017
47015,1212,410.5,79,2017
47017,517,57.82000000000001,40,2017
47019,10552,1477.41,273,2017
47021,2040,489.62,136,2017
47023,525,80.9,37,2017
47025,785,152.15,64,2017
47027,623,95.94,37,2017
47029,4921,277.95,160,2017
47031,5110,2461.02,205,2017
47033,368,108.22,43,2017
47035,8741,566.67,188,2017
47037,85439,10142.76,1185,2017
47039,1383,1165.4,56,2017
47041,4800,569.76,83,2017
47043,6442,1214.48,134,2017
47045,2664,1167.66,139,2017
47047,4832,1142.9,153,2017
47049,2546,203.58,139,2017
47051,4819,978.51,234,2017
47053,4419,1440.75,196,2017
47055,757,301.57,87,2017
47057,2309,1294.16,69,2017
47059,3315,1747.0,191,2017
47061,885,198.31,155,2017
47063,1939,355.6,99,2017
47065,47283,3066.64,1020,2017
47067,431,63.69,13,2017
47069,1766,774.41,105,2017
47071,3260,426.43,84,2017
47073,13549,5288.52,156,2017
47075,3277,245.54,40,2017
47077,805,110.41,71,2017
47079,13094,3930.68,79,2017
47081,808,218.88,93,2017
47083,287,29.28,15,2017
47085,18480,7764.45,173,2017
47087,540,126.25,51,2017
47089,2045,535.36,137,2017
47091,1651,576.26,57,2017
47093,76367,11630.1,864,2017
47095,5477,2543.32,215,2017
47097,1214,477.97,69,2017
47099,1553,483.24,75,2017
47101,1937,179.62,73,2017
47103,16329,9629.48,88,2017
47105,3878,1062.46,181,2017
47107,1255,303.39,103,2017
47109,464,160.99,51,2017
47111,396,153.96,41,2017
47113,2696,585.8,145,2017
47115,7646,771.3100000000001,407,2017
47117,1078,716.0,58,2017
47119,1832,425.84,118,2017
47121,4484,1946.1800000000003,100,2017
47123,3894,642.52,218,2017
47125,18701,1893.32,232,2017
47127,787,173.49,39,2017
47129,1339,182.08,153,2017
47131,2659,838.95,189,2017
47133,883,93.84,66,2017
47135,11715,2643.66,91,2017
47137,789,104.0,81,2017
47139,7416,1995.91,305,2017
47141,7641,300.81,175,2017
47143,3672,743.4599999999999,109,2017
47145,14348,4134.25,222,2017
47147,1711,615.99,115,2017
47149,35225,5279.76,474,2017
47151,3419,1510.5400000000002,113,2017
47153,1299,508.77,83,2017
47155,23104,1300.37,1107,2017
47157,39771,12540.62,786,2017
47159,1982,604.48,78,2017
47161,5436,2251.82,136,2017
47163,35007,2281.55,525,2017
47165,5655,706.3,204,2017
47167,5255,343.08,45,2017
47169,286,82.75999999999999,29,2017
47171,1616,24.47,163,2017
47173,2270,106.37,55,2017
47175,1104,93.74,89,2017
47177,5797,2949.6400000000003,88,2017
47179,27276,5965.47,410,2017
47181,849,223.88,49,2017
47183,1454,246.43,77,2017
47185,1899,869.5500000000001,97,2017
47187,19230,2320.23,384,2017
47189,13788,5018.8,381,2017
48001,2729,619.34,270,2017
48003,734,0.0,93,2017
48005,6505,130.14,280,2017
48007,72935,1960.72,725,2017
48009,1154,42.98,108,2017
48011,392,61.27,54,2017
48013,4158,993.11,231,2017
48015,3161,1108.36,218,2017
48017,1225,26.74,81,2017
48019,18217,4.26,453,2017
48021,30351,5956.16,2353,2017
48023,1081,100.33,84,2017
48025,5734,866.01,129,2017
48027,16896,2031.37,598,2017
48029,147783,4414.06,2271,2017
48031,18916,9.0,660,2017
48033,712,60.120000000000005,48,2017
48035,3517,30.49,283,2017
48037,11431,2187.24,306,2017
48039,63485,7841.13,1183,2017
48041,27553,5875.4,850,2017
48043,57074,0.0,1742,2017
48045,1889,41.72,189,2017
48047,3438,625.23,111,2017
48049,2696,69.35000000000001,167,2017
48051,2127,773.77,153,2017
48053,26852,0.24,715,2017
48055,9877,5948.37,346,2017
48057,20211,1840.97,298,2017
48059,1624,82.05,113,2017
48061,276766,42393.51,3964,2017
48063,3946,735.51,68,2017
48065,749,161.06,89,2017
48067,2441,206.03,153,2017
48069,512,183.81,55,2017
48071,84706,37659.009999999995,1125,2017
48073,2121,367.03,209,2017
48075,980,63.05,50,2017
48077,5232,23.45,244,2017
48079,463,82.53,33,2017
48081,916,19.42,68,2017
48083,2721,52.86,124,2017
48085,36798,418.05,1134,2017
48087,506,56.48,57,2017
48089,12998,8853.0,458,2017
48091,30670,233.49,801,2017
48093,966,21.0,63,2017
48095,1637,53.76,87,2017
48097,2557,194.65,207,2017
48099,6578,22.54,285,2017
48101,1037,103.29,144,2017
48103,220,0.0,102,2017
48105,2237,0.0,227,2017
48107,9897,4490.9,251,2017
48109,13823,209.44,590,2017
48111,1365,100.58,185,2017
48113,90666,7023.87,3691,2017
48115,369,128.87,68,2017
48117,250,64.07000000000001,49,2017
48119,1495,370.09,58,2017
48121,62869,4834.6,3647,2017
48123,8271,6202.0,135,2017
48125,1245,20.79,86,2017
48127,1286,8.39,77,2017
48129,658,30.97,59,2017
48131,2181,66.23,139,2017
48133,953,12.59,103,2017
48135,376,0.0,63,2017
48137,6731,0.0,251,2017
48139,13921,1366.04,637,2017
48141,20168,269.36,762,2017
48143,4751,183.95,303,2017
48145,803,152.92,89,2017
48147,1536,269.92,121,2017
48149,13472,6189.34,775,2017
48151,1042,196.29,74,2017
48153,1683,257.46999999999997,98,2017
48155,1421,120.74,49,2017
48157,45696,6448.28,1264,2017
48159,2818,632.15,97,2017
48161,4755,251.65,149,2017
48163,1388,457.68,181,2017
48165,815,370.73,630,2017
48167,175696,8513.33,1735,2017
48169,2212,230.33,111,2017
48171,6703,94.0,411,2017
48173,591,76.81,59,2017
48175,4318,1604.04,218,2017
48177,9072,2048.53,416,2017
48179,1116,80.75,93,2017
48181,58418,8844.750000000002,599,2017
48183,5695,1169.88,312,2017
48185,2586,935.41,191,2017
48187,34190,2138.85,573,2017
48189,2404,473.22,98,2017
48191,1458,328.41,129,2017
48193,1125,59.879999999999995,94,2017
48195,1024,138.94,48,2017
48197,1923,225.86,103,2017
48199,7049,170.01,464,2017
48201,203798,18146.81,6028,2017
48203,7645,662.0799999999999,374,2017
48205,880,14.59,67,2017
48207,440,134.17000000000002,64,2017
48209,33004,1426.91,1372,2017
48211,364,0.12,47,2017
48213,4924,950.64,189,2017
48215,369702,84459.35,2080,2017
48217,3251,180.8,243,2017
48219,586,128.87,63,2017
48221,3922,36.68,261,2017
48223,2301,664.34,113,2017
48225,2376,1116.26,139,2017
48227,1541,113.6,101,2017
48229,6490,1271.24,359,2017
48231,9258,3173.5,271,2017
48233,3445,58.58,83,2017
48235,309,0.23,67,2017
48237,2713,13.38,119,2017
48239,4127,1196.85,172,2017
48241,8053,106.41,523,2017
48243,39676,23.19,1142,2017
48245,77960,19059.61,651,2017
48247,2365,82.96,97,2017
48249,3665,1038.0,314,2017
48251,9735,658.7,581,2017
48253,1101,68.25,100,2017
48255,2347,676.41,122,2017
48257,4696,3368.44,217,2017
48259,35870,184.45,570,2017
48261,15621,878.6,315,2017
48263,679,78.05,173,2017
48265,20470,15.14,515,2017
48267,26521,12.38,289,2017
48269,247,0.0,15,2017
48271,8522,190.26,305,2017
48273,25191,8710.09,1117,2017
48275,278,55.1,28,2017
48277,4276,716.35,273,2017
48279,1026,239.79,76,2017
48281,2574,11.57,138,2017
48283,2582,129.71,229,2017
48285,2292,1048.6,167,2017
48287,5071,1430.87,420,2017
48289,1617,705.92,201,2017
48291,7671,760.85,308,2017
48293,1123,271.82,133,2017
48295,147,1.3,16,2017
48297,4860,552.51,304,2017
48299,5719,4.72,362,2017
48301,150,0.0,31,2017
48303,12637,1391.36,2339,2017
48305,11316,3007.5,477,2017
48307,2414,99.38,102,2017
48309,9537,239.63,555,2017
48311,11044,3863.25,251,2017
48313,1132,488.73,87,2017
48315,4219,101.21,177,2017
48317,1605,116.52,118,2017
48319,3936,10.09,267,2017
48321,38073,6547.02,474,2017
48323,2666,91.96,127,2017
48325,5365,319.13000000000005,252,2017
48327,1299,26.49,88,2017
48329,21375,115.32,320,2017
48331,7501,3723.16,336,2017
48333,2025,5.22,89,2017
48335,5984,83.58,155,2017
48337,964,15.86,165,2017
48339,30155,205.09,1263,2017
48341,1213,40.6,98,2017
48343,4896,858.77,88,2017
48345,1141,119.68,64,2017
48347,9494,3033.82,307,2017
48349,4980,256.77,159,2017
48351,1244,53.2,169,2017
48353,1084,66.82000000000001,108,2017
48355,105954,2966.27,1575,2017
48357,415,51.03,42,2017
48359,379,22.67,85,2017
48361,2338,113.3,135,2017
48363,9651,31.35,386,2017
48365,1680,387.47,146,2017
48367,5654,29.56,645,2017
48369,563,100.31,52,2017
48371,4036,8.35,353,2017
48373,1987,123.73,150,2017
48375,2548,15.23,235,2017
48377,4415,1.15,356,2017
48379,8376,2438.46,120,2017
48381,7622,107.62,397,2017
48383,602,11.0,40,2017
48385,4059,0.0,228,2017
48387,1935,709.54,112,2017
48389,12189,1105.84,302,2017
48391,18459,3599.67,547,2017
48393,235,14.35,29,2017
48395,4027,2310.68,236,2017
48397,2323,12.2,158,2017
48399,851,141.11,132,2017
48401,4143,1203.64,164,2017
48403,2127,27.11,83,2017
48405,671,24.44,54,2017
48407,1494,101.53,127,2017
48409,15527,1729.15,505,2017
48411,9273,39.44,185,2017
48413,933,21.21,147,2017
48415,2292,262.17,105,2017
48417,743,22.96,93,2017
48419,2270,216.66000000000005,76,2017
48421,398,116.68,47,2017
48423,11994,1430.71,627,2017
48425,4650,3.17,273,2017
48427,49618,689.26,395,2017
48429,1156,20.28,74,2017
48431,542,5.3999999999999995,42,2017
48433,719,45.76,152,2017
48435,1768,0.0,172,2017
48437,1181,154.79,69,2017
48439,136235,1510.7600000000002,5246,2017
48441,5093,120.63,314,2017
48443,5716,0.0,272,2017
48445,433,127.22,50,2017
48447,1955,193.54,57,2017
48449,2650,1098.45,155,2017
48451,23891,38.48,523,2017
48453,251748,9816.57,9100,2017
48455,1742,360.4,147,2017
48457,2445,125.24,228,2017
48459,4238,953.02,244,2017
48461,1211,3.04,94,2017
48463,19082,440.25,527,2017
48465,14777,4.05,600,2017
48467,5285,1576.93,178,2017
48469,8193,3566.84,337,2017
48471,4581,238.44,491,2017
48473,12696,8349.17,469,2017
48475,1389,1.17,119,2017
48477,2265,932.21,225,2017
48479,19799,58.6,478,2017
48481,2614,1562.31,262,2017
48483,528,3.85,75,2017
48485,4284,50.91,390,2017
48487,1331,269.59,112,2017
48489,7868,3301.83,353,2017
48491,91331,2526.45,2949,2017
48493,5642,1413.97,202,2017
48495,317,0.0,142,2017
48497,10159,3.68,390,2017
48499,6372,1878.29,212,2017
48501,308,26.0,42,2017
48503,2555,241.49,126,2017
48505,10596,127.47,212,2017
48507,746,108.28,86,2017
49001,2695,180.19,256,2017
49003,36293,1788.54,711,2017
49005,30286,7947.9,729,2017
49007,1385,15.93,125,2017
49009,1273,56.9,122,2017
49011,69180,3656.22,789,2017
49013,2924,184.41,280,2017
49015,2111,29.89,301,2017
49017,16754,1319.59,749,2017
49019,14559,2042.19,978,2017
49021,5735,232.1,373,2017
49023,4692,913.83,257,2017
49025,5426,31.95,684,2017
49027,4237,796.13,313,2017
49029,10715,908.46,152,2017
49031,1613,233.06000000000003,128,2017
49033,5871,1279.76,185,2017
49035,130927,5885.530000000001,2571,2017
49037,11402,14.18,1025,2017
49039,4725,83.52,176,2017
49041,2244,138.74,199,2017
49043,20942,991.88,692,2017
49045,11176,317.86,547,2017
49047,11960,1568.55,661,2017
49049,54199,7050.47,1945,2017
49051,9391,2323.84,395,2017
49053,50822,2009.54,1821,2017
49055,3692,758.21,347,2017
49057,18292,1881.39,490,2017
50001,69930,23504.23,1867,2017
50003,22223,3137.24,697,2017
50005,7795,929.24,777,2017
50007,120644,18621.82,3093,2017
50009,17756,841.59,575,2017
50011,33564,5466.37,1069,2017
50013,14366,4698.66,593,2017
50015,23025,4932.71,1190,2017
50017,14117,2386.76,859,2017
50019,17046,2090.69,459,2017
50021,60325,9800.35,2191,2017
50023,37677,5676.59,4095,2017
50025,29750,4530.59,1249,2017
50027,86456,16522.16,2182,2017
51001,75661,1460.39,660,2017
51003,70796,19095.78,979,2017
51005,1404,117.48,116,2017
51007,2495,735.97,146,2017
51009,11956,2567.78,363,2017
51011,9953,535.1,114,2017
51013,21188,0.0,674,2017
51015,22217,7985.62,833,2017
51017,4702,478.34,198,2017
51019,13767,3122.35,414,2017
51021,1633,376.97,114,2017
51023,20510,2555.46,418,2017
51025,924,59.78,78,2017
51027,5296,402.93,185,2017
51029,6145,1939.55,222,2017
51031,2759,800.8100000000001,138,2017
51033,4056,353.69,271,2017
51035,3630,567.77,159,2017
51036,7423,2621.96,225,2017
51037,2845,999.85,101,2017
51041,29041,62.57,655,2017
51043,23820,4001.11,348,2017
51045,2812,861.2,158,2017
51047,8678,4435.76,348,2017
51049,2887,457.45,122,2017
51051,2882,41.0,201,2017
51053,1670,195.19,123,2017
51057,5489,1427.71,100,2017
51059,228079,10596.51,2936,2017
51061,41389,16285.87,1146,2017
51063,7802,1588.74,284,2017
51065,8541,1328.01,185,2017
51067,5205,904.71,196,2017
51069,16614,4024.87,306,2017
51071,8443,743.13,272,2017
51073,17389,850.06,245,2017
51075,3479,632.31,195,2017
51077,4478,843.3399999999999,205,2017
51079,6180,845.51,187,2017
51081,621,127.23,58,2017
51083,14231,2065.83,174,2017
51085,4664,680.0,332,2017
51087,26734,4132.1,692,2017
51089,929,25.42,59,2017
51091,14723,3060.81,283,2017
51093,4207,609.41,230,2017
51095,46480,1183.24,516,2017
51097,3260,781.92,112,2017
51099,9890,2209.4,118,2017
51101,5190,1311.43,150,2017
51103,5377,327.61,157,2017
51105,2060,932.23,111,2017
51107,56830,15610.28,1091,2017
51109,8493,1834.72,263,2017
51111,3110,1913.18,153,2017
51113,7346,1205.73,428,2017
51115,4858,186.15,93,2017
51117,15386,2856.33,221,2017
51119,1785,153.98,83,2017
51121,36057,5501.62,847,2017
51125,12774,1381.78,252,2017
51127,6148,2260.07,248,2017
51131,54026,11392.57,613,2017
51133,4818,403.42,128,2017
51135,2449,354.05,178,2017
51137,3825,1571.28,131,2017
51139,9389,1609.15,389,2017
51141,2652,376.83,124,2017
51143,3897,1143.09,226,2017
51145,5868,1130.83,159,2017
51147,34836,3253.19,475,2017
51149,4532,274.16999999999996,166,2017
51153,88783,12310.47,1123,2017
51155,8485,1939.87,282,2017
51157,4821,2517.48,306,2017
51159,3483,876.3,82,2017
51161,13932,1051.1,373,2017
51163,11885,3832.4,445,2017
51165,42313,14444.01,936,2017
51167,1205,341.37,98,2017
51169,1117,104.49,135,2017
51171,16208,5972.33,540,2017
51173,3379,598.74,209,2017
51175,2519,586.12,174,2017
51177,4369,306.92,213,2017
51179,13994,329.81,313,2017
51181,7797,337.21,169,2017
51183,5526,937.87,203,2017
51185,6288,1650.83,138,2017
51187,16247,1749.58,453,2017
51191,3121,775.71,248,2017
51193,10036,2964.01,263,2017
51195,109769,36.94,116,2017
51197,3059,891.12,258,2017
51199,22756,137.44,440,2017
51510,24035,0.0,329,2017
51520,1166,11.06,54,2017
51530,628,59.41,16,2017
51540,29273,3.1000000000000005,170,2017
51550,10888,1197.6,428,2017
51570,3692,0.0,44,2017
51580,317,0.72,14,2017
51590,852,37.06,48,2017
51595,451,7.88,37,2017
51600,9304,0.0,65,2017
51610,1203,0.0,42,2017
51620,1532,304.03999999999996,31,2017
51630,4463,0.0,100,2017
51640,312,0.56,16,2017
51650,16778,3.12,209,2017
51660,5166,17.45,212,2017
51670,684,0.0,24,2017
51678,473,0.0,28,2017
51680,9697,576.06,114,2017
51683,3839,0.0,44,2017
51685,361,0.0,22,2017
51690,621,0.0,26,2017
51700,10196,622.62,192,2017
51710,30706,0.0,248,2017
51720,203,0.0,10,2017
51730,897,61.4,72,2017
51735,2358,0.0,34,2017
51740,14528,0.0,92,2017
51750,17700,1265.6799999999998,67,2017
51760,26951,0.0,721,2017
51770,8713,11.54,216,2017
51775,1683,0.0,70,2017
51790,7471,3632.9,60,2017
51800,19283,518.96,327,2017
51810,96675,6189.1,1221,2017
51820,1657,78.96,58,2017
51830,13333,0.0,156,2017
51840,2128,188.16,65,2017
53001,10612,586.02,336,2017
53003,3690,241.01,180,2017
53005,16618,2136.4,504,2017
53007,53481,5102.59,1198,2017
53009,126238,15342.28,1643,2017
53011,76895,16089.63,977,2017
53013,3177,293.19,177,2017
53015,18736,6523.66,477,2017
53017,15283,951.64,408,2017
53019,7848,30.179999999999996,201,2017
53021,5717,340.81,246,2017
53023,2191,88.61,111,2017
53025,30848,1849.91,760,2017
53027,32197,2893.36,669,2017
53029,56199,5252.92,747,2017
53031,41330,1398.9,943,2017
53033,421564,18090.02,5726,2017
53035,72598,1327.64,1044,2017
53037,39130,2984.68,1373,2017
53039,25680,1450.69,1020,2017
53041,18488,4403.84,928,2017
53043,16761,2014.83,684,2017
53045,25151,568.44,376,2017
53047,99706,1387.6,904,2017
53049,18378,796.42,534,2017
53051,8190,856.8299999999999,192,2017
53053,112489,5220.41,2332,2017
53055,21251,2918.16,495,2017
53057,113383,36151.88,1633,2017
53059,9164,847.07,596,2017
53061,110556,16137.09,2322,2017
53063,36902,3046.69,1158,2017
53065,13847,2872.09,414,2017
53067,112073,7822.639999999999,1399,2017
53069,12557,1853.83,112,2017
53071,56249,7855.77,802,2017
53073,68211,9914.919999999998,1833,2017
53075,12931,842.25,413,2017
53077,47624,5488.94,1446,2017
54001,2978,433.74000000000007,62,2017
54003,3933,860.84,192,2017
54005,118,4.369999999999999,19,2017
54007,751,109.52,76,2017
54009,83,4.28,19,2017
54011,3002,889.78,115,2017
54013,177,7.16,12,2017
54015,64,1.65,19,2017
54017,79,29.34,18,2017
54019,6762,124.65,240,2017
54021,414,21.57,19,2017
54023,4480,1060.31,182,2017
54025,1364,110.18,137,2017
54027,3112,1375.24,93,2017
54029,204,79.7,20,2017
54031,9348,4821.85,226,2017
54033,1568,119.18,126,2017
54035,948,141.57999999999998,72,2017
54037,27024,9696.11,370,2017
54039,19280,166.31,295,2017
54041,6233,2102.66,125,2017
54043,50,13.7,9,2017
54045,365,1.44,20,2017
54047,104,0.0,26,2017
54049,15218,1409.0100000000002,119,2017
54051,322,37.11,44,2017
54053,4879,1265.22,158,2017
54055,4306,335.08,135,2017
54057,4100,1452.06,81,2017
54059,75,0.0,26,2017
54061,22190,1969.5,706,2017
54063,1035,174.53,67,2017
54065,2201,138.48,99,2017
54067,2814,33.99,127,2017
54069,1603,27.57,113,2017
54071,4093,549.87,470,2017
54073,1162,868.09,24,2017
54075,8360,3364.7200000000003,393,2017
54077,20513,3615.9,278,2017
54079,4293,144.48000000000002,112,2017
54081,2439,80.51,237,2017
54083,7368,1714.85,553,2017
54085,3964,120.92,39,2017
54087,553,150.45000000000002,29,2017
54089,6413,665.41,129,2017
54091,4272,259.66,83,2017
54093,10476,596.84,413,2017
54095,46,3.15,16,2017
54097,326,24.01,28,2017
54099,1371,69.04,64,2017
54101,229,1.65,28,2017
54103,3520,103.42,26,2017
54105,78,14.090000000000002,20,2017
54107,4191,443.11,148,2017
54109,363,5.78,37,2017
55001,10673,2581.91,582,2017
55003,12507,710.11,751,2017
55005,9333,1905.65,579,2017
55007,27027,3710.48,1442,2017
55009,31777,2991.29,869,2017
55011,5020,1438.91,305,2017
55013,17966,1374.91,1020,2017
55015,10839,3245.93,342,2017
55017,15546,3241.0699999999997,569,2017
55019,5186,1809.11,419,2017
55021,21924,10951.45,912,2017
55023,16019,1716.06,443,2017
55025,232289,42451.38,3866,2017
55027,63857,9499.03,1355,2017
55029,31536,5674.34,1104,2017
55031,27635,1870.77,1396,2017
55033,17533,7626.68,561,2017
55035,13507,1466.85,542,2017
55037,12329,996.5,294,2017
55039,22052,3865.26,756,2017
55041,14868,747.45,749,2017
55043,36205,11621.15,881,2017
55045,14169,5251.37,528,2017
55047,16687,2123.46,549,2017
55049,20839,12068.96,703,2017
55051,6382,103.35,414,2017
55053,5832,453.97,549,2017
55055,32660,10901.72,1303,2017
55057,14933,1170.55,576,2017
55059,17509,3217.86,577,2017
55061,17070,3303.05,298,2017
55063,22819,5877.929999999999,588,2017
55065,5817,2617.07,283,2017
55067,5739,720.26,429,2017
55069,11477,739.9,468,2017
55071,42539,9614.41,715,2017
55073,24883,4584.68,988,2017
55075,22324,909.75,609,2017
55077,3492,784.86,390,2017
55078,2117,13.739999999999998,115,2017
55079,126982,2443.56,1255,2017
55081,11945,5358.64,581,2017
55083,14519,1341.88,624,2017
55085,17547,191.05,1039,2017
55087,33073,5974.12,742,2017
55089,54514,9667.94,872,2017
55091,1713,822.15,164,2017
55093,6694,2632.63,469,2017
55095,28241,3397.54,1142,2017
55097,20552,5664.38,778,2017
55099,9306,756.54,575,2017
55101,29710,4164.4,644,2017
55103,7655,2745.44,306,2017
55105,15874,4357.4,697,2017
55107,8016,1349.73,484,2017
55109,14973,4403.24,829,2017
55111,30377,8347.5,1160,2017
55113,7848,543.8,556,2017
55115,9712,1913.49,472,2017
55117,24145,5710.09,709,2017
55119,4461,1256.75,397,2017
55121,8606,1862.38,323,2017
55123,22196,4984.75,622,2017
55125,20297,57.79,1177,2017
55127,11310,2088.96,791,2017
55129,10787,1629.08,548,2017
55131,16296,5175.58,561,2017
55133,34306,4841.33,1160,2017
55135,9423,2632.28,422,2017
55137,8082,1324.63,399,2017
55139,21399,3793.84,947,2017
55141,8781,3025.51,456,2017
56001,22036,156.43,765,2017
56003,3284,286.09,413,2017
56005,1659,52.21,104,2017
56007,6096,223.28,509,2017
56009,4746,4.71,236,2017
56011,4565,47.2,260,2017
56013,25301,1597.57,1291,2017
56015,1946,61.63,114,2017
56017,1204,47.11,99,2017
56019,2706,19.97,296,2017
56021,19320,335.61,375,2017
56023,3449,332.35,220,2017
56025,9272,25.17,412,2017
56027,524,6.61,81,2017
56029,21194,222.03,2172,2017
56031,1168,35.84,138,2017
56033,6063,755.3000000000001,350,2017
56035,4706,469.46,651,2017
56037,7699,66.18,388,2017
56039,36751,490.0,2031,2017
56041,2210,285.41,159,2017
56043,4265,338.1,227,2017
56045,647,0.11,99,2017
01001,2521,451.5,327,2018
01003,61356,2534.55,1321,2018
01005,12150,1061.65,160,2018
01007,4441,37.6,244,2018
01009,1415,301.55,126,2018
01011,5604,1114.66,213,2018
01013,754,81.94,137,2018
01015,8383,282.35,201,2018
01017,4283,877.34,145,2018
01019,1448,243.02,258,2018
01021,1978,126.0,145,2018
01023,5003,214.93,221,2018
01025,635,29.44,73,2018
01027,1128,182.27,157,2018
01029,1858,112.19,148,2018
01031,1232,170.53,158,2018
01033,10688,4148.9,226,2018
01035,1298,132.18,198,2018
01037,1680,113.08,142,2018
01039,3303,344.54,234,2018
01041,1193,276.5,163,2018
01043,1749,624.3399999999999,105,2018
01045,2109,267.93,154,2018
01047,1123,413.36,136,2018
01049,2814,343.77,457,2018
01051,2954,526.79,303,2018
01053,1312,182.7,174,2018
01055,1183,120.01,130,2018
01057,1276,256.54,59,2018
01059,342,101.62,88,2018
01061,5470,2011.53,186,2018
01063,3594,302.45,194,2018
01065,9654,3616.02,296,2018
01067,1581,327.38,137,2018
01069,12396,606.48,229,2018
01071,5081,1573.99,612,2018
01073,35830,353.25,1092,2018
01075,997,61.13,73,2018
01077,16507,3312.51,433,2018
01079,4537,703.36,253,2018
01081,18349,4574.99,751,2018
01083,19092,8267.23,422,2018
01085,2130,682.38,239,2018
01087,7741,516.9499999999999,290,2018
01089,48150,8582.3,2222,2018
01091,7743,4232.42,222,2018
01093,346,133.07999999999998,53,2018
01095,17362,606.53,426,2018
01097,62819,564.96,1152,2018
01099,439,46.19,70,2018
01101,10494,1439.5,663,2018
01103,11218,3452.57,334,2018
01105,3028,552.98,123,2018
01107,758,81.93,75,2018
01109,1643,190.18,400,2018
01111,2301,632.11,153,2018
01113,2051,394.89,155,2018
01115,2132,245.88,231,2018
01117,23081,4902.44,642,2018
01119,3891,1222.26,185,2018
01121,932,167.72,128,2018
01123,1820,111.27,235,2018
01125,23029,4358.619999999999,742,2018
01127,1558,303.46999999999997,141,2018
01129,515,76.78999999999999,102,2018
01131,1187,195.53,70,2018
01133,1829,60.6,177,2018
04001,21643,383.01,1319,2018
04003,464737,1644.15,5912,2018
04005,148467,628.35,5702,2018
04007,38470,67.47,911,2018
04009,16186,495.13999999999993,641,2018
04011,4917,389.4,339,2018
04012,20414,3546.24,812,2018
04013,471677,29589.27,7921,2018
04015,45178,111.1,2210,2018
04017,20589,400.32,1152,2018
04019,650862,3403.37,11536,2018
04021,86440,21024.28,2393,2018
04023,399329,35490.17999999999,2820,2018
04025,166618,10520.0,3260,2018
04027,29154,1799.35,877,2018
05001,1723,274.49,71,2018
05003,1507,566.52,124,2018
05005,6429,616.32,323,2018
05007,20397,6560.26,733,2018
05009,8779,1108.19,107,2018
05011,315,11.31,64,2018
05013,534,7.13,36,2018
05015,2070,144.1,155,2018
05017,1021,192.5,33,2018
05019,1493,370.57,120,2018
05021,2205,1138.81,113,2018
05023,3093,705.86,126,2018
05025,126,18.630000000000003,15,2018
05027,4441,111.89,163,2018
05029,2825,873.0300000000001,237,2018
05031,17134,3100.94,515,2018
05033,7727,3068.53,194,2018
05035,5030,396.76,188,2018
05037,1773,809.92,90,2018
05039,88,13.66,21,2018
05041,915,221.27999999999997,38,2018
05043,1620,73.61,138,2018
05045,14344,3188.7700000000004,400,2018
05047,2448,473.03,190,2018
05049,2827,1142.89,78,2018
05051,17964,315.58,452,2018
05053,190,1.46,29,2018
05055,3351,733.1800000000001,167,2018
05057,3948,228.06,118,2018
05059,1094,94.02,79,2018
05061,946,196.48,75,2018
05063,1264,140.19,46,2018
05065,379,78.09,62,2018
05067,831,180.06,61,2018
05069,7775,334.05,127,2018
05071,2384,428.11,235,2018
05073,4099,3268.0,42,2018
05075,863,164.87,78,2018
05077,896,229.6,47,2018
05079,254,29.75,30,2018
05081,1317,63.95,102,2018
05083,3091,202.02,173,2018
05085,3206,1429.68,169,2018
05087,1451,150.51,119,2018
05089,4248,1070.85,109,2018
05091,2966,1190.17,157,2018
05093,2812,1132.07,202,2018
05095,2762,875.24,240,2018
05097,1190,66.55,152,2018
05099,453,71.05000000000001,31,2018
05101,3305,577.47,317,2018
05103,385,1.33,48,2018
05105,1655,498.1,151,2018
05107,1041,156.62,60,2018
05109,792,151.67,69,2018
05111,3336,1488.37,206,2018
05113,1023,63.29,162,2018
05115,9465,2308.71,504,2018
05117,2148,617.03,102,2018
05119,48445,2735.85,1053,2018
05121,433,135.5,69,2018
05123,937,362.38,139,2018
05125,13340,196.31,296,2018
05127,13778,2335.08,149,2018
05129,1645,425.26,86,2018
05131,14494,2374.33,226,2018
05133,652,119.7,44,2018
05135,711,159.81,64,2018
05137,1718,189.37,106,2018
05139,767,1.87,44,2018
05141,503,32.04,91,2018
05143,17519,4336.12,788,2018
05145,13393,6355.629999999999,178,2018
05147,433,151.3,32,2018
05149,3626,980.43,235,2018
06001,279429,5821.21,5705,2018
06003,9432,271.45,820,2018
06005,11820,39.42,375,2018
06007,59256,9805.78,1821,2018
06009,17420,0.66,584,2018
06011,33833,10691.2,805,2018
06013,252034,9085.8,6146,2018
06015,27106,2461.11,1055,2018
06017,38313,0.2,2615,2018
06019,78914,4102.48,2460,2018
06021,35549,2254.75,697,2018
06023,206138,12881.92,4718,2018
06025,83003,29902.9,1965,2018
06027,74100,7517.38,3386,2018
06029,111575,10141.69,3242,2018
06031,9583,2686.23,258,2018
06033,26935,1194.77,885,2018
06035,22066,3292.43,1044,2018
06037,891866,3722.94,21987,2018
06039,27744,2371.0899999999997,860,2018
06041,345338,483.05,8413,2018
06043,23206,0.06,1591,2018
06045,113599,5758.29,3115,2018
06047,44555,5579.74,1159,2018
06049,16330,1403.65,834,2018
06051,67940,688.71,3384,2018
06053,324800,4580.34,5582,2018
06055,58578,1923.89,1850,2018
06057,62383,360.36,2147,2018
06059,485765,526.95,6256,2018
06061,59051,5749.4800000000005,2153,2018
06063,42119,1728.57,1580,2018
06065,224248,6616.46,11044,2018
06067,247221,20215.34,3143,2018
06069,54130,2775.44,2103,2018
06071,144799,666.69,7909,2018
06073,721936,5493.26,22080,2018
06075,224452,0.45,2693,2018
06077,61993,15267.64,1233,2018
06079,213862,999.95,4223,2018
06081,293367,1412.85,7640,2018
06083,244954,5928.16,5174,2018
06085,367135,5757.41,9177,2018
06087,250246,17650.72,5201,2018
06089,46839,1696.97,1861,2018
06091,18933,411.57,773,2018
06093,52015,7219.5,2240,2018
06095,91248,24271.94,1588,2018
06097,215737,23742.5,8444,2018
06099,86266,24577.79,1351,2018
06101,13076,4237.46,463,2018
06103,19814,1499.19,1186,2018
06105,7592,9.62,989,2018
06107,52902,7212.17,2846,2018
06109,35331,0.0,1641,2018
06111,209400,8864.98,4892,2018
06113,226118,124135.45,2213,2018
06115,11214,2691.96,566,2018
08001,92247,2221.55,1517,2018
08003,5997,19.68,220,2018
08005,118485,493.06,1620,2018
08007,16759,547.98,401,2018
08009,9506,179.53,224,2018
08011,13975,1557.57,255,2018
08013,272679,4116.35,5899,2018
08014,20429,163.81,383,2018
08015,11320,460.6,575,2018
08017,9212,232.82,190,2018
08019,12878,0.0,693,2018
08021,2245,78.66,305,2018
08023,1317,19.74,63,2018
08025,5270,4.84,101,2018
08027,6075,31.590000000000003,167,2018
08029,12013,1974.52,392,2018
08031,83967,529.3,1691,2018
08033,1681,15.64,125,2018
08035,82297,56.71,1376,2018
08037,14847,815.11,675,2018
08039,7441,199.45,247,2018
08041,159175,265.18,2504,2018
08043,28127,882.04,493,2018
08045,8857,409.51,498,2018
08047,5370,0.0,247,2018
08049,12246,54.13,722,2018
08051,16708,969.2,1329,2018
08053,4651,20.43,180,2018
08055,7580,3.0,289,2018
08057,23150,166.79,634,2018
08059,231181,20.139999999999997,3604,2018
08061,28270,513.73,295,2018
08063,8851,967.2,305,2018
08065,2461,0.0,208,2018
08067,21950,1171.14,562,2018
08069,227477,2924.49,4534,2018
08071,8749,52.85,642,2018
08073,13564,833.3,401,2018
08075,19076,2888.22,294,2018
08077,74724,9735.01,1392,2018
08079,2226,4.050000000000001,169,2018
08081,6497,119.0,391,2018
08083,15612,1090.16,657,2018
08085,35779,6989.2,612,2018
08087,12755,548.96,303,2018
08089,12849,463.22,314,2018
08091,8217,304.01,346,2018
08093,17187,3.72,742,2018
08095,3057,784.5,62,2018
08097,9180,140.03,491,2018
08099,21233,6724.78,405,2018
08101,63651,141.76999999999998,833,2018
08103,5158,209.26,382,2018
08105,7691,486.03,279,2018
08107,12501,1113.83,603,2018
08109,5879,58.39,387,2018
08111,2591,0.0,233,2018
08113,14847,712.44,453,2018
08115,4167,316.92,99,2018
08117,14017,13.32,788,2018
08119,15199,0.0,424,2018
08121,11222,410.55,178,2018
08123,95886,9473.67,2300,2018
08125,14202,1127.09,350,2018
09001,216199,7066.19,2640,2018
09003,112433,17507.63,2567,2018
09005,150918,12414.18,2256,2018
09007,74163,4732.65,1337,2018
09009,282451,10750.86,3251,2018
09011,88003,8692.46,1898,2018
09013,51386,8161.08,1518,2018
09015,49543,6374.29,914,2018
10001,109638,7944.34,1116,2018
10003,146320,23389.08,2049,2018
10005,148984,8805.99,1639,2018
11001,173794,777.84,2479,2018
12001,227334,11068.04,3609,2018
12003,1426,20.34,160,2018
12005,22338,28.72,498,2018
12007,695,27.9,114,2018
12009,257545,21016.210000000003,3180,2018
12011,96724,612.46,2969,2018
12013,1211,146.51999999999998,119,2018
12015,84626,3682.27,1254,2018
12017,33814,2985.74,924,2018
12019,29708,331.71,694,2018
12021,167088,3215.01,2871,2018
12023,10804,3039.45,387,2018
12027,5059,2747.6,227,2018
12029,2523,497.95,177,2018
12031,98502,890.17,1798,2018
12033,38039,723.87,670,2018
12035,12708,1125.6799999999998,531,2018
12037,18406,0.0,959,2018
12039,4314,86.26,309,2018
12041,2869,711.5,158,2018
12043,5945,1164.83,230,2018
12045,4566,13.000000000000002,202,2018
12047,1035,76.41,127,2018
12049,1890,610.51,166,2018
12051,18411,6067.05,496,2018
12053,49350,8928.53,1180,2018
12055,23438,3124.82,935,2018
12057,108618,9694.22,4274,2018
12059,2008,263.01,176,2018
12061,51641,4687.43,1005,2018
12063,4148,665.15,336,2018
12065,9768,4979.14,364,2018
12067,1760,307.39,107,2018
12069,69794,16723.58,1360,2018
12071,256965,4384.84,3386,2018
12073,98683,9805.2,1356,2018
12075,18721,490.36,843,2018
12077,2314,86.73,409,2018
12079,2815,371.18,241,2018
12081,93493,6285.8099999999995,1789,2018
12083,49465,7013.5599999999995,1525,2018
12085,30931,4105.12,972,2018
12086,227235,22816.59,7085,2018
12087,99125,93.68,2028,2018
12089,9999,79.51,466,2018
12091,18509,522.6899999999999,584,2018
12093,7147,1780.33,440,2018
12095,209429,26999.06,3863,2018
12097,63014,15276.47,1706,2018
12099,238183,20881.1,2897,2018
12101,52138,10535.48,1643,2018
12103,249273,250.7,2914,2018
12105,113931,8914.93,2877,2018
12107,11301,562.63,563,2018
12109,70881,5264.34,1524,2018
12111,20222,1836.9,766,2018
12113,23970,49.1,580,2018
12115,235672,4075.06,2167,2018
12117,59033,1787.61,1323,2018
12119,10856,1023.84,609,2018
12121,6133,213.4,192,2018
12123,2006,11.49,225,2018
12125,633,93.04,52,2018
12127,103059,1687.19,2620,2018
12129,78922,166.57,733,2018
12131,7173,57.19,524,2018
12133,4175,315.11,221,2018
13001,600,30.72,56,2018
13003,114,11.26,27,2018
13005,111,21.33,20,2018
13007,4940,608.11,288,2018
13009,2566,119.61,55,2018
13011,992,536.55,56,2018
13013,5567,922.49,122,2018
13015,33407,8905.75,368,2018
13017,186,53.89,25,2018
13019,641,81.24000000000001,79,2018
13021,43113,4322.38,313,2018
13023,416,119.83,36,2018
13025,721,48.48,99,2018
13027,5996,2540.39,173,2018
13029,3342,6.97,170,2018
13031,8184,1508.44,305,2018
13033,7907,1139.38,277,2018
13035,5541,489.22,109,2018
13037,294,31.91,30,2018
13039,18045,214.8,469,2018
13043,482,128.32,65,2018
13045,10755,1372.89,258,2018
13047,3128,868.38,172,2018
13049,6014,17.400000000000002,255,2018
13051,51967,386.12,1081,2018
13053,791,3.35,55,2018
13055,5838,2430.84,173,2018
13057,14241,479.43,637,2018
13059,180242,5119.290000000001,577,2018
13061,2002,83.64,35,2018
13063,19065,823.37,224,2018
13065,3481,23.35,49,2018
13067,67488,4726.89,1187,2018
13069,721,20.91,76,2018
13071,349,33.11,44,2018
13073,6129,191.6,210,2018
13075,916,55.74,88,2018
13077,18878,4762.530000000001,364,2018
13079,468,89.99,54,2018
13081,1329,155.91,95,2018
13083,1647,102.88,188,2018
13085,7146,100.6,148,2018
13087,11459,4579.64,121,2018
13089,125492,2791.53,1264,2018
13091,188,18.19,17,2018
13093,7443,2295.06,123,2018
13095,6381,326.69,170,2018
13097,3381,114.37,221,2018
13099,2151,599.28,90,2018
13101,141,3.5599999999999996,17,2018
13103,782,67.83,95,2018
13105,418,57.17,41,2018
13107,1475,217.25,126,2018
13109,414,17.25,35,2018
13111,10470,2137.79,346,2018
13113,19013,750.3,360,2018
13115,10682,2037.46,340,2018
13117,19978,4042.3400000000006,326,2018
13119,1227,311.55,87,2018
13121,84381,6634.669999999999,1756,2018
13123,3200,80.12,149,2018
13125,449,60.84,57,2018
13127,78660,1161.07,1126,2018
13129,1672,563.59,153,2018
13131,1097,113.34,62,2018
13133,8191,883.33,239,2018
13135,49186,5449.66,857,2018
13137,1728,272.35,112,2018
13139,10426,2234.0799999999995,209,2018
13141,605,61.870000000000005,37,2018
13143,379,66.98,52,2018
13145,3152,177.99,149,2018
13147,1115,190.32,39,2018
13149,292,58.17,47,2018
13151,7314,1894.16,204,2018
13153,6405,381.98,146,2018
13155,59,17.93,43,2018
13157,11946,1247.1,157,2018
13159,4893,504.28,89,2018
13161,1901,970.58,41,2018
13163,2209,505.69,130,2018
13165,806,84.72,57,2018
13167,355,75.25999999999999,63,2018
13169,6637,325.0,122,2018
13171,1879,462.61,67,2018
13173,179,19.38,27,2018
13175,3389,765.81,106,2018
13177,2580,1111.12,139,2018
13179,9928,4.28,266,2018
13181,562,45.23,42,2018
13183,1780,604.05,111,2018
13185,9329,769.03,326,2018
13187,1884,179.88,255,2018
13189,903,83.10000000000001,88,2018
13191,34608,78.18,479,2018
13193,4532,3318.7,129,2018
13195,8251,999.71,81,2018
13197,469,117.04,41,2018
13199,1920,153.53,100,2018
13201,3626,1789.12,104,2018
13205,2525,1390.35,109,2018
13207,9411,839.25,117,2018
13209,183,7.279999999999999,21,2018
13211,6102,3343.86,178,2018
13213,4700,778.89,526,2018
13215,26049,1887.61,251,2018
13217,3628,1129.49,105,2018
13219,48812,8889.69,328,2018
13221,3152,1373.61,118,2018
13223,1289,157.0,114,2018
13225,466,202.6,57,2018
13227,3376,132.87,118,2018
13229,136,22.61,21,2018
13231,279,96.89,44,2018
13233,613,166.51,97,2018
13235,415,138.54000000000002,31,2018
13237,680,39.65,68,2018
13239,463,46.29,43,2018
13241,8420,877.6,312,2018
13243,305,90.22,46,2018
13245,28182,3002.8599999999997,433,2018
13247,6246,3827.8,110,2018
13249,3222,878.6800000000001,44,2018
13251,2381,391.95,164,2018
13253,1059,277.21999999999997,59,2018
13255,3743,372.11,121,2018
13257,791,39.72,55,2018
13259,4097,209.89,97,2018
13261,3559,922.46,140,2018
13263,1214,124.73,97,2018
13265,611,89.42,71,2018
13267,1140,515.4,79,2018
13269,1152,58.49,96,2018
13271,276,29.47,39,2018
13273,221,77.35000000000001,36,2018
13275,1927,173.17000000000002,103,2018
13277,1426,261.95,177,2018
13279,259,33.46,35,2018
13281,6413,482.51,218,2018
13283,174,28.19,33,2018
13285,6452,3050.12,177,2018
13287,736,142.61,85,2018
13289,464,37.83,48,2018
13291,4292,199.08,195,2018
13293,1106,184.21,44,2018
13295,1810,374.48,263,2018
13297,9420,2354.3500000000004,140,2018
13299,903,7.84,98,2018
13301,463,75.63,60,2018
13303,1780,592.08,87,2018
13305,321,11.69,60,2018
13307,81,23.09,22,2018
13309,583,16.42,98,2018
13311,2532,127.48,213,2018
13313,4040,2448.09,135,2018
13315,282,129.65,29,2018
13317,477,155.22,46,2018
13319,390,14.03,46,2018
13321,651,174.47,89,2018
16001,114498,3668.76,2106,2018
16003,8614,392.46,215,2018
16005,14800,592.95,1236,2018
16007,3174,109.97,186,2018
16009,3236,152.27,143,2018
16011,3822,244.41,301,2018
16013,12863,1561.28,1021,2018
16015,8171,148.20999999999998,413,2018
16017,10450,260.17,435,2018
16019,7360,834.6,396,2018
16021,7752,732.49,328,2018
16023,2142,204.31,238,2018
16025,6105,1373.56,215,2018
16027,30631,6171.02,553,2018
16029,826,86.67,107,2018
16031,24142,2422.34,1089,2018
16033,742,12.23,124,2018
16035,1960,138.59,191,2018
16037,10967,399.66,709,2018
16039,13179,1363.7,737,2018
16041,771,128.56,92,2018
16043,7334,464.25,658,2018
16045,2792,526.53,116,2018
16047,10251,1628.27,353,2018
16049,7987,334.11,937,2018
16051,16883,1755.84,338,2018
16053,2503,501.9500000000001,163,2018
16055,10977,309.02,616,2018
16057,33235,4156.6,971,2018
16059,8908,2028.66,425,2018
16061,1258,139.57999999999998,105,2018
16063,640,16.400000000000002,384,2018
16065,3075,584.1800000000001,215,2018
16067,2159,263.49,199,2018
16069,16859,684.28,386,2018
16071,2134,151.43,149,2018
16073,17042,2385.6,998,2018
16075,6906,1998.74,122,2018
16077,5364,654.1,290,2018
16079,2450,2.8000000000000003,243,2018
16081,2800,479.68,271,2018
16083,23154,5244.200000000001,1070,2018
16085,12895,183.97,739,2018
16087,2141,197.72,151,2018
17001,9810,2107.67,180,2018
17003,6919,3541.73,177,2018
17005,3565,1019.44,107,2018
17007,8737,2914.74,289,2018
17009,2506,1501.36,44,2018
17011,7559,1685.89,253,2018
17013,2818,1122.39,59,2018
17015,14227,2070.24,156,2018
17017,1639,850.29,93,2018
17019,52207,5523.97,918,2018
17021,2120,490.14,102,2018
17023,2249,1061.72,121,2018
17025,128,53.3,30,2018
17027,28830,10863.81,163,2018
17029,28119,3247.88,434,2018
17031,546559,16574.78,8405,2018
17033,827,418.43,42,2018
17035,263,91.81,61,2018
17037,12540,3582.8500000000004,465,2018
17039,5047,706.13,164,2018
17041,1936,847.1700000000001,118,2018
17043,188800,14533.28,3142,2018
17045,835,329.24,54,2018
17047,1212,812.89,24,2018
17049,1448,224.02,116,2018
17051,1109,217.78,100,2018
17053,1493,668.9200000000001,87,2018
17055,2623,157.17,140,2018
17057,14436,5665.7300000000005,269,2018
17059,723,250.31,60,2018
17061,347,165.5,36,2018
17063,13486,1878.77,334,2018
17065,512,211.32,29,2018
17067,1265,218.9,122,2018
17069,2567,868.38,113,2018
17071,1336,390.63,82,2018
17073,5814,1015.29,201,2018
17075,2954,1146.34,202,2018
17077,37048,5979.03,776,2018
17079,3936,2859.12,93,2018
17081,3888,981.51,176,2018
17083,1919,155.34999999999997,120,2018
17085,7225,3084.58,212,2018
17087,10198,3257.6,435,2018
17089,99010,23397.6,2013,2018
17091,25864,4695.3,644,2018
17093,27698,3833.86,545,2018
17095,3845,425.93,121,2018
17097,125968,16552.23,2884,2018
17099,20896,7906.74,1093,2018
17101,754,373.45,34,2018
17103,9063,2618.53,394,2018
17105,2135,592.3199999999999,164,2018
17107,3005,1377.8,152,2018
17109,1675,342.12,107,2018
17111,66829,8918.83,1113,2018
17113,32553,7275.66,729,2018
17115,3569,373.44,202,2018
17117,1071,583.0500000000001,103,2018
17119,46395,3876.68,789,2018
17121,1781,642.86,124,2018
17123,2974,431.43,92,2018
17125,12813,2172.62,329,2018
17127,5973,758.77,137,2018
17129,10758,4625.24,108,2018
17131,799,253.58,65,2018
17133,2909,337.48,110,2018
17135,1728,561.5,129,2018
17137,4280,322.18,122,2018
17139,1732,363.45,76,2018
17141,6852,1583.04,533,2018
17143,19732,5615.52,457,2018
17145,1888,857.43,69,2018
17147,9514,2105.81,207,2018
17149,2608,1074.69,125,2018
17151,2952,708.09,153,2018
17153,11233,4934.36,283,2018
17155,16258,11627.91,228,2018
17157,4640,2887.3199999999997,179,2018
17159,1284,96.36,35,2018
17161,14955,2524.79,274,2018
17163,16478,1498.09,362,2018
17165,11340,3650.6,206,2018
17167,20396,4408.39,693,2018
17169,855,421.57,49,2018
17171,490,148.53,39,2018
17173,1852,283.8,82,2018
17175,698,325.33,30,2018
17177,3102,1111.22,181,2018
17179,20221,2448.79,638,2018
17181,7911,1308.85,403,2018
17183,5519,707.74,301,2018
17185,854,150.32,19,2018
17187,564,250.49,48,2018
17189,1096,189.81,110,2018
17191,395,130.41,35,2018
17193,5300,953.7,132,2018
17195,3368,558.71,136,2018
17197,82447,15805.27,3040,2018
17199,17606,3820.93,349,2018
17201,27273,3693.92,851,2018
17203,13868,7520.52,499,2018
18001,1860,1349.72,50,2018
18003,34047,8909.390000000001,638,2018
18005,2227,366.41,212,2018
18007,2827,781.3000000000001,74,2018
18009,1846,606.1700000000001,38,2018
18011,25004,7383.11,391,2018
18013,18565,1194.02,445,2018
18015,1919,741.63,78,2018
18017,848,310.96,72,2018
18019,5866,305.89,218,2018
18021,1333,880.33,118,2018
18023,2196,420.24,88,2018
18025,3340,567.54,128,2018
18027,860,277.98,57,2018
18029,4300,1756.0,141,2018
18031,1905,587.35,94,2018
18033,873,207.48,101,2018
18035,6668,918.7,207,2018
18037,4329,837.99,100,2018
18039,54569,7881.59,682,2018
18041,4576,171.18,63,2018
18043,6934,357.15999999999997,87,2018
18045,1314,307.7,83,2018
18047,4108,719.21,157,2018
18049,688,161.51,78,2018
18051,28056,9239.0,305,2018
18053,24266,9955.0,197,2018
18055,34548,11817.61,340,2018
18057,32925,3904.78,677,2018
18059,15371,4996.27,379,2018
18061,14746,3961.99,210,2018
18063,7391,679.55,374,2018
18065,3621,604.89,202,2018
18067,928,515.47,62,2018
18069,8538,2135.1899999999996,231,2018
18071,10721,1132.54,229,2018
18073,1436,301.91,149,2018
18075,1689,682.84,39,2018
18077,1620,131.29,91,2018
18079,1995,228.13,73,2018
18081,18788,2392.04,383,2018
18083,6340,1838.65,108,2018
18085,19060,2642.95,171,2018
18087,19175,4717.14,598,2018
18089,37477,1366.49,2149,2018
18091,11691,2006.55,493,2018
18093,5853,1672.04,171,2018
18095,10876,1024.73,318,2018
18097,129585,8120.78,1749,2018
18099,3080,864.38,154,2018
18101,4683,1228.7299999999998,110,2018
18103,2067,583.9300000000001,138,2018
18105,57710,9532.31,1340,2018
18107,6982,3969.99,225,2018
18109,4946,848.68,470,2018
18111,17795,7690.27,323,2018
18113,9855,2374.29,209,2018
18115,1505,473.27,73,2018
18117,3411,579.27,178,2018
18119,2045,225.73,159,2018
18121,2806,341.47,145,2018
18123,2964,133.43,139,2018
18125,3950,1036.84,84,2018
18127,57933,4137.5,1126,2018
18129,3675,318.86,160,2018
18131,1008,341.92,98,2018
18133,9087,2164.2000000000003,169,2018
18135,742,272.61,42,2018
18137,2171,361.05,89,2018
18139,594,220.05,59,2018
18141,39674,4364.29,836,2018
18143,4562,1645.1,69,2018
18145,671,218.57,81,2018
18147,6580,2493.8199999999997,130,2018
18149,3196,828.3599999999999,207,2018
18151,5225,1152.71,320,2018
18153,9745,3313.35,132,2018
18155,1329,319.18,78,2018
18157,99782,17199.03,796,2018
18159,662,475.8,37,2018
18161,6450,1044.53,137,2018
18163,15601,1117.44,354,2018
18165,2340,511.46,80,2018
18167,12358,2378.08,239,2018
18169,4312,887.2900000000001,133,2018
18171,1606,338.79,91,2018
18173,21307,6600.33,239,2018
18175,1912,464.81,84,2018
18177,7022,1814.37,355,2018
18179,1388,392.05,43,2018
18181,3779,826.52,196,2018
18183,2059,610.35,95,2018
19001,737,316.62,101,2018
19003,526,280.06,51,2018
19005,6061,1472.0500000000002,216,2018
19007,1207,372.11,61,2018
19009,431,208.33,28,2018
19011,1819,321.64,69,2018
19013,16333,909.84,331,2018
19015,2947,380.56,162,2018
19017,5536,2184.79,120,2018
19019,706,162.08,69,2018
19021,815,187.09,51,2018
19023,1699,243.56,55,2018
19025,645,101.91,45,2018
19027,2058,226.2,87,2018
19029,1096,237.62,66,2018
19031,1068,333.74,94,2018
19033,2934,687.4399999999999,187,2018
19035,688,91.87,32,2018
19037,532,250.43,63,2018
19039,264,86.62,45,2018
19041,3581,854.87,142,2018
19043,2931,525.83,172,2018
19045,1750,346.9,85,2018
19047,491,165.31,36,2018
19049,6338,2314.23,257,2018
19051,702,231.59,51,2018
19053,803,246.44,69,2018
19055,289,37.07,26,2018
19057,2661,1307.99,76,2018
19059,4088,811.65,193,2018
19061,13905,1193.8100000000002,234,2018
19063,1438,480.29,84,2018
19065,2020,272.09999999999997,83,2018
19067,677,385.54,62,2018
19069,1154,703.46,70,2018
19071,2952,381.58,116,2018
19073,3813,1929.99,147,2018
19075,605,141.38,53,2018
19077,1354,293.19,72,2018
19079,806,217.86,107,2018
19081,1624,444.15,75,2018
19083,2042,1435.9,87,2018
19085,3522,1008.3,141,2018
19087,467,153.73,54,2018
19089,545,284.17,67,2018
19091,632,304.04,50,2018
19093,279,63.81,20,2018
19095,1667,797.8,127,2018
19097,7420,454.58,109,2018
19099,6090,1953.65,239,2018
19101,7005,1935.11,145,2018
19103,49583,5419.88,746,2018
19105,842,267.23,54,2018
19107,532,253.97,121,2018
19109,1719,531.02,109,2018
19111,2825,178.46,106,2018
19113,21484,2343.01,533,2018
19115,7644,3547.46,66,2018
19117,3432,930.44,104,2018
19119,689,237.06,41,2018
19121,9827,3181.22,307,2018
19123,757,218.21,60,2018
19125,6912,683.35,168,2018
19127,3266,621.65,102,2018
19129,640,279.5,81,2018
19131,106,67.35,23,2018
19133,1609,372.61,81,2018
19135,527,139.88,45,2018
19137,88,34.77,10,2018
19139,5394,606.27,172,2018
19141,695,206.22,49,2018
19143,94,44.419999999999995,17,2018
19145,70,27.56,16,2018
19147,1402,157.70000000000002,73,2018
19149,1272,205.8,79,2018
19151,1497,778.9900000000001,52,2018
19153,65006,8926.43,1142,2018
19155,11436,5612.799999999999,340,2018
19157,730,116.24,84,2018
19159,2187,1307.14,147,2018
19161,1115,173.01,52,2018
19163,13946,3395.86,309,2018
19165,649,192.3,27,2018
19167,4066,2514.45,129,2018
19169,24307,4492.15,715,2018
19171,3257,841.78,68,2018
19173,264,143.66,39,2018
19175,1532,240.11,61,2018
19177,3215,588.3,112,2018
19179,1164,348.44,64,2018
19181,3855,612.66,95,2018
19183,2290,1109.96,88,2018
19185,470,150.59,27,2018
19187,920,140.06,58,2018
19189,1320,479.07,57,2018
19191,4612,1182.44,255,2018
19193,8159,1443.05,279,2018
19195,520,66.6,65,2018
19197,1202,202.27,54,2018
20001,2616,1642.96,101,2018
20003,1388,423.9,92,2018
20005,4430,1014.03,88,2018
20007,1685,72.96000000000001,148,2018
20009,25483,636.93,369,2018
20011,1314,361.95,58,2018
20013,5049,794.21,131,2018
20015,5112,116.42,333,2018
20017,2312,72.06,223,2018
20019,1660,305.27,56,2018
20021,2046,541.28,139,2018
20023,3262,610.41,269,2018
20025,3456,553.01,120,2018
20027,3769,845.5500000000001,56,2018
20029,876,260.41999999999996,77,2018
20031,4782,933.33,152,2018
20033,2058,82.6,51,2018
20035,6736,247.41,181,2018
20037,7028,510.93,135,2018
20039,291,8.36,18,2018
20041,1735,68.57,94,2018
20043,1012,366.43,54,2018
20045,100027,40169.74,932,2018
20047,1431,220.42,104,2018
20049,880,90.4,69,2018
20051,8083,948.96,205,2018
20053,6117,210.39,227,2018
20055,2260,223.99,150,2018
20057,9019,573.48,294,2018
20059,3436,1482.82,245,2018
20061,5449,156.81,162,2018
20063,1060,179.3,129,2018
20065,341,53.12,28,2018
20067,1102,200.82,50,2018
20069,2766,224.23,81,2018
20071,661,116.46,49,2018
20073,869,103.06,110,2018
20075,1183,142.53,112,2018
20077,3822,197.28,123,2018
20079,16337,369.95,180,2018
20081,787,181.57,51,2018
20083,4762,298.0,106,2018
20085,5327,3136.9700000000003,79,2018
20087,16488,4687.21,209,2018
20089,1223,22.54,49,2018
20091,106018,14298.09,1656,2018
20093,989,43.27,53,2018
20095,2935,221.91,107,2018
20097,3018,192.11,95,2018
20099,878,260.8,52,2018
20101,581,141.76,51,2018
20103,18267,5672.33,276,2018
20105,1156,154.56,84,2018
20107,16470,2741.29,161,2018
20109,1089,106.1,135,2018
20111,4036,333.86,193,2018
20113,2921,217.22,175,2018
20115,7788,1831.48,235,2018
20117,528,44.1,45,2018
20119,1286,94.29,78,2018
20121,19209,5826.360000000001,308,2018
20123,1075,35.8,49,2018
20125,1187,345.93,80,2018
20127,1631,55.23,66,2018
20129,6071,256.03,140,2018
20131,730,255.82,56,2018
20133,9757,1905.69,82,2018
20135,1372,119.5,87,2018
20137,538,20.41,30,2018
20139,9106,1135.0,185,2018
20141,283,50.07,30,2018
20143,2551,1145.8799999999997,56,2018
20145,2123,365.3,94,2018
20147,1265,75.24,52,2018
20149,17194,3319.52,182,2018
20151,2735,350.28000000000003,117,2018
20153,831,262.29,44,2018
20155,10724,1686.99,525,2018
20157,1245,317.96999999999997,53,2018
20159,3884,182.55,117,2018
20161,22697,2784.19,543,2018
20163,1140,98.49,44,2018
20165,1376,193.64,88,2018
20167,9006,96.76,176,2018
20169,10425,1813.21,231,2018
20171,2455,243.91,99,2018
20173,31935,703.21,1017,2018
20175,2548,106.29,76,2018
20177,31778,6842.55,514,2018
20179,706,186.13,78,2018
20181,1941,227.9,136,2018
20183,739,162.28,75,2018
20185,29843,424.25,330,2018
20187,1658,855.26,98,2018
20189,1156,273.04,54,2018
20191,6817,1044.56,257,2018
20193,1096,144.58,127,2018
20195,1201,144.8,117,2018
20197,5194,288.31,152,2018
20199,353,54.09,40,2018
20201,1027,102.14,48,2018
20203,365,57.24,28,2018
20205,1591,457.51,69,2018
20207,1441,198.1,63,2018
20209,9771,197.03,170,2018
21001,2612,821.4300000000001,64,2018
21003,4709,836.84,87,2018
21005,2141,782.28,102,2018
21007,2788,732.3399999999999,97,2018
21009,8129,2625.6,176,2018
21011,632,43.77,57,2018
21013,2434,22.98,194,2018
21015,5499,396.76,265,2018
21017,652,180.75,25,2018
21019,637,92.01,51,2018
21021,1098,453.27,40,2018
21023,240,48.61,18,2018
21025,86,0.48,22,2018
21027,497,126.31,44,2018
21029,10945,1104.2,304,2018
21031,839,95.36,29,2018
21033,226,82.05,33,2018
21035,4164,615.66,139,2018
21037,5697,144.06,438,2018
21039,1071,227.9,24,2018
21041,397,61.400000000000006,45,2018
21043,775,39.67,57,2018
21045,1809,649.01,105,2018
21047,9557,5260.24,191,2018
21049,1880,1049.51,258,2018
21051,22,0.0,7,2018
21053,280,112.19,27,2018
21055,405,46.85,17,2018
21057,133,52.19,10,2018
21059,5550,496.72,58,2018
21061,5290,86.08,160,2018
21063,385,63.56,13,2018
21065,1513,333.67,79,2018
21067,46957,11485.35,621,2018
21069,287,84.61,23,2018
21071,160,12.31,16,2018
21073,9161,1456.67,154,2018
21075,7049,3291.69,138,2018
21077,949,112.96,52,2018
21079,570,206.83,49,2018
21081,407,101.45,80,2018
21083,762,275.35,53,2018
21085,579,133.22,125,2018
21087,387,127.58,26,2018
21089,455,156.1,38,2018
21091,190,42.6,14,2018
21093,11090,1124.12,250,2018
21095,1674,15.64,81,2018
21097,855,270.12,38,2018
21099,4854,3018.57,147,2018
21101,12925,5197.6,130,2018
21103,723,264.35,75,2018
21105,355,81.09,19,2018
21107,7648,2832.52,230,2018
21109,316,14.04,42,2018
21111,83191,14838.03,1026,2018
21113,10274,4638.54,126,2018
21115,149,1.09,26,2018
21117,5379,955.62,541,2018
21119,118,0.96,26,2018
21121,421,104.09,40,2018
21123,2342,738.84,63,2018
21125,3405,137.43,225,2018
21127,97,1.64,5,2018
21129,323,20.380000000000003,59,2018
21131,311,2.52,30,2018
21133,1180,33.980000000000004,73,2018
21135,389,102.31,44,2018
21137,4813,1607.04,77,2018
21139,1720,88.78999999999999,55,2018
21141,2008,1195.83,127,2018
21143,5144,690.13,161,2018
21145,1982,280.54,154,2018
21147,1737,50.78,252,2018
21149,836,417.11,40,2018
21151,16525,3132.91,655,2018
21153,175,38.89,12,2018
21155,411,105.43,23,2018
21157,14222,2474.46,191,2018
21159,43,0.0,2,2018
21161,657,267.75,58,2018
21163,713,136.46,58,2018
21165,859,49.95,124,2018
21167,3548,2874.59,82,2018
21169,914,311.02000000000004,40,2018
21171,143,56.54,11,2018
21173,251,43.52,35,2018
21175,326,29.37,25,2018
21177,5533,1934.08,316,2018
21179,1478,491.71,62,2018
21181,149,16.490000000000002,16,2018
21183,2302,433.34,50,2018
21185,10816,4994.83,128,2018
21187,461,210.38,51,2018
21189,18,2.94,17,2018
21191,206,47.92,19,2018
21193,306,28.05,27,2018
21195,417,2.9199999999999995,43,2018
21197,2230,26.22,161,2018
21199,11506,3899.95,267,2018
21201,871,134.72,21,2018
21203,1012,562.86,119,2018
21205,3368,864.3599999999999,96,2018
21207,3076,237.67,60,2018
21209,2623,787.4200000000001,130,2018
21211,4128,1405.57,171,2018
21213,1206,723.0600000000001,56,2018
21215,970,116.82,33,2018
21217,2785,1078.99,101,2018
21219,6788,3072.35,143,2018
21221,6577,1029.5,219,2018
21223,234,59.73,26,2018
21225,2222,1036.5,29,2018
21227,9633,5079.34,368,2018
21229,802,291.73,63,2018
21231,1840,778.38,82,2018
21233,468,129.2,26,2018
21235,885,9.48,121,2018
21237,2159,60.50000000000001,112,2018
21239,1110,387.6,89,2018
22001,5301,1844.14,311,2018
22003,1747,227.15,83,2018
22005,2994,131.33,131,2018
22007,620,57.46000000000001,50,2018
22009,790,306.61,52,2018
22011,1230,160.34,90,2018
22013,549,52.08,95,2018
22015,6765,1385.14,212,2018
22017,12510,3738.68,419,2018
22019,25696,6619.56,1560,2018
22021,578,58.86,47,2018
22023,84446,14478.81,835,2018
22025,1877,536.38,84,2018
22027,5501,2036.8,114,2018
22029,2064,709.54,153,2018
22031,2456,1108.26,72,2018
22033,44997,2366.49,1010,2018
22035,1790,552.52,51,2018
22037,1317,333.63,60,2018
22039,1566,189.17,194,2018
22041,269,114.57,32,2018
22043,1681,15.78,120,2018
22045,3328,571.16,99,2018
22047,12799,2224.54,190,2018
22049,652,0.06,33,2018
22051,43279,1.53,645,2018
22053,16262,7253.96,444,2018
22055,14110,1306.25,363,2018
22057,18259,1172.64,320,2018
22059,7096,98.99,84,2018
22061,2748,526.4,112,2018
22063,4392,565.8100000000001,176,2018
22065,1713,539.11,134,2018
22067,1244,726.62,33,2018
22069,3302,582.99,276,2018
22071,55509,15.130000000000004,961,2018
22073,12920,4540.71,280,2018
22075,18129,476.66,229,2018
22077,903,267.52,59,2018
22079,14461,1776.97,512,2018
22081,2459,2016.96,79,2018
22083,2395,446.44,62,2018
22085,1251,7.430000000000001,90,2018
22087,5954,110.11,108,2018
22089,4550,72.43,155,2018
22091,292,83.00999999999999,25,2018
22093,1682,187.3,103,2018
22095,3045,34.71,146,2018
22097,3448,2012.94,318,2018
22099,12789,1459.38,274,2018
22101,3398,474.06,117,2018
22103,54964,648.03,1014,2018
22105,5621,695.25,191,2018
22107,424,129.65,37,2018
22109,12600,397.45,190,2018
22111,4231,136.70000000000002,177,2018
22113,9469,3465.37,272,2018
22115,9470,267.21,608,2018
22117,3333,705.22,141,2018
22119,1739,68.86,82,2018
22121,3057,987.33,76,2018
22123,945,375.35,37,2018
22125,2460,436.55,154,2018
22127,269,7.800000000000001,58,2018
23001,15448,796.82,587,2018
23003,14613,1320.32,1158,2018
23005,210433,15831.160000000002,3384,2018
23007,18671,648.94,1053,2018
23009,135756,3163.92,3786,2018
23011,72743,8776.89,1678,2018
23013,33330,3148.14,874,2018
23015,86539,5934.06,1133,2018
23017,21785,2090.6,1349,2018
23019,68171,5789.46,2017,2018
23021,23688,900.92,1104,2018
23023,25517,501.46,688,2018
23025,16909,1559.79,1265,2018
23027,57041,5668.13,1276,2018
23029,42164,2043.04,1700,2018
23031,134082,11597.94,2633,2018
24001,21381,3437.61,713,2018
24003,212277,7295.21,3102,2018
24005,157195,16821.73,2609,2018
24009,69498,7177.12,653,2018
24011,18895,4289.0,498,2018
24013,34927,10779.24,696,2018
24015,20012,4203.25,637,2018
24017,9506,1071.87,513,2018
24019,60088,14978.96,907,2018
24021,70980,16605.18,1654,2018
24023,60104,13166.54,1187,2018
24025,93204,26858.29,1327,2018
24027,181631,29575.91,1940,2018
24029,14301,6085.98,332,2018
24031,304737,23481.18,4686,2018
24033,146079,16010.42,2807,2018
24035,94306,44799.11,768,2018
24037,28638,5783.58,493,2018
24039,12421,457.84,285,2018
24041,66673,20803.32,900,2018
24043,27580,7103.09,904,2018
24045,12701,1753.37,438,2018
24047,90543,5812.1900000000005,1319,2018
24510,63576,15.97,993,2018
25001,339567,1302.0800000000002,4472,2018
25003,98017,17563.77,2030,2018
25005,104496,7055.07,1586,2018
25007,20211,287.09,566,2018
25009,353811,13861.36,3391,2018
25011,62991,10103.89,1268,2018
25013,36915,1990.22,1004,2018
25015,166318,41888.07,1962,2018
25017,359926,18521.89,6599,2018
25019,48435,413.51,576,2018
25021,114962,8323.83,2135,2018
25023,174379,15950.45,2356,2018
25025,119199,3.0,1637,2018
25027,158186,7791.87,3304,2018
26001,14466,2226.05,458,2018
26003,17129,1526.81,1091,2018
26005,39173,11911.5,1509,2018
26007,10076,319.77,318,2018
26009,12434,546.85,574,2018
26011,5159,481.47,267,2018
26013,12864,6.8500000000000005,269,2018
26015,72067,11381.29,1118,2018
26017,25887,5212.990000000001,470,2018
26019,16743,34.38,459,2018
26021,72431,8708.2,1579,2018
26023,7568,2811.88,244,2018
26025,39314,6363.73,859,2018
26027,7068,598.6,397,2018
26029,17779,1018.58,523,2018
26031,10471,239.19,673,2018
26033,63197,8342.429999999998,1962,2018
26035,2327,210.02,179,2018
26037,21170,3704.42,562,2018
26039,20915,19.93,596,2018
26041,15349,685.71,525,2018
26043,5021,232.46,163,2018
26045,15401,2606.11,564,2018
26047,18355,479.5,838,2018
26049,45059,3124.39,680,2018
26051,2055,204.93,108,2018
26053,9087,125.69,484,2018
26055,39985,2192.06,866,2018
26057,12435,2317.91,387,2018
26059,20421,5065.72,565,2018
26061,11849,573.14,435,2018
26063,6108,966.14,308,2018
26065,60843,9075.92,1397,2018
26067,14651,4367.29,453,2018
26069,97502,1429.84,676,2018
26071,5820,194.97,254,2018
26073,32264,3662.13,850,2018
26075,54618,10785.74,1182,2018
26077,128994,12984.71,1826,2018
26079,9772,72.88,455,2018
26081,89558,4243.21,1783,2018
26083,10321,5.040000000000001,459,2018
26085,3098,37.36,251,2018
26087,27667,4761.4800000000005,593,2018
26089,29282,744.45,893,2018
26091,21004,3966.34,1026,2018
26093,43721,3832.04,2424,2018
26095,3748,218.32,231,2018
26097,12142,666.0600000000001,954,2018
26099,99597,9237.91,1095,2018
26101,16496,417.21,442,2018
26103,43871,471.29,1430,2018
26105,11720,818.68,405,2018
26107,5890,378.61,296,2018
26109,2429,369.36,341,2018
26111,28704,2081.85,602,2018
26113,1672,232.7,128,2018
26115,27986,3729.04,1019,2018
26117,3796,442.0,219,2018
26119,2017,103.01,172,2018
26121,50188,1227.08,624,2018
26123,3424,143.31,373,2018
26125,135370,3209.76,2223,2018
26127,7682,1037.03,261,2018
26129,10708,252.9,225,2018
26131,8400,700.0,454,2018
26133,7384,1664.87,247,2018
26135,4491,232.75,274,2018
26137,10469,204.71,438,2018
26139,98885,15040.55,1321,2018
26141,2997,179.23999999999998,192,2018
26143,7824,1972.45,331,2018
26145,29767,3778.02,700,2018
26147,31362,4091.45,536,2018
26149,8709,1744.2,406,2018
26151,3973,1087.65,215,2018
26153,10006,56.91,509,2018
26155,3999,988.39,268,2018
26157,4669,1449.98,383,2018
26159,23035,4838.92,445,2018
26161,272811,34897.95,3835,2018
26163,80517,945.43,1549,2018
26165,3770,933.79,270,2018
27001,6169,440.38,362,2018
27003,33630,5733.33,1208,2018
27005,18139,6514.87,382,2018
27007,8713,284.83,432,2018
27009,4416,1021.37,221,2018
27011,4544,1443.77,245,2018
27013,3939,1095.81,245,2018
27015,4136,738.0600000000001,250,2018
27017,6829,333.39,506,2018
27019,31824,13428.65,650,2018
27021,11654,417.97,624,2018
27023,3069,682.9,199,2018
27025,11303,4173.52,623,2018
27027,18591,9863.67,495,2018
27029,4410,301.36,204,2018
27031,14293,61.739999999999995,897,2018
27033,5617,1850.3,192,2018
27035,11514,1081.0,763,2018
27037,75442,14510.36,2037,2018
27039,1192,440.72,123,2018
27041,8325,1224.0,412,2018
27043,2647,714.22,126,2018
27045,3064,1282.16,228,2018
27047,8043,1842.97,313,2018
27049,23705,2348.77,700,2018
27051,14696,8916.6,193,2018
27053,240212,4976.0,4079,2018
27055,8301,683.61,377,2018
27057,15525,1974.22,363,2018
27059,3562,792.9100000000001,251,2018
27061,5269,97.13,343,2018
27063,2356,907.13,177,2018
27065,2361,427.98,179,2018
27067,8140,2140.2000000000003,471,2018
27069,2191,505.02,153,2018
27071,2248,134.99,225,2018
27073,6668,2235.49,266,2018
27075,26585,45.91,2337,2018
27077,6574,73.97,204,2018
27079,3648,1360.05,184,2018
27081,1528,558.98,109,2018
27083,11580,2879.46,287,2018
27085,2621,1113.76,168,2018
27087,1271,240.17,83,2018
27089,7124,2561.76,194,2018
27091,1674,590.33,121,2018
27093,6932,1465.64,280,2018
27095,2489,425.58,239,2018
27097,6917,2151.44,402,2018
27099,4153,731.4399999999999,137,2018
27101,1986,834.72,110,2018
27103,2377,439.08,202,2018
27105,1643,358.84,95,2018
27107,882,361.92,107,2018
27109,32415,5967.83,909,2018
27111,12197,1666.3,582,2018
27113,1514,711.27,126,2018
27115,7902,1232.32,527,2018
27117,1989,533.58,136,2018
27119,14278,4662.6900000000005,530,2018
27121,6487,1611.96,413,2018
27123,71745,1614.56,1849,2018
27125,2535,853.9,125,2018
27127,1838,692.5699999999999,103,2018
27129,2113,423.24,192,2018
27131,28557,2053.76,659,2018
27133,2973,2109.65,126,2018
27135,3823,351.93,186,2018
27137,121298,3736.57,4053,2018
27139,25674,4028.25,629,2018
27141,32641,8003.300000000001,564,2018
27143,4474,1663.61,293,2018
27145,21421,6270.07,954,2018
27147,11048,4940.64,256,2018
27149,5076,1338.7,188,2018
27151,2848,721.63,161,2018
27153,5833,1944.49,253,2018
27155,3196,1270.5,117,2018
27157,7871,1888.25,405,2018
27159,2575,603.31,196,2018
27161,3542,775.3100000000001,125,2018
27163,80386,14473.21,1473,2018
27165,6040,3262.54,205,2018
27167,1541,360.28,111,2018
27169,10831,2474.96,506,2018
27171,16201,1985.38,610,2018
27173,4295,1324.42,227,2018
28001,6740,419.1,310,2018
28003,760,175.1,85,2018
28005,351,65.85000000000001,29,2018
28007,394,50.17,34,2018
28009,421,103.28,72,2018
28011,883,216.21,173,2018
28013,887,295.38,78,2018
28015,831,239.02,78,2018
28017,1715,552.49,169,2018
28019,1535,90.5,63,2018
28021,424,73.88,42,2018
28023,732,104.35,64,2018
28025,2076,531.64,93,2018
28027,1496,472.2,72,2018
28029,486,58.61,39,2018
28031,1982,1654.75,88,2018
28033,9793,3758.69,253,2018
28035,14662,1451.28,555,2018
28037,490,30.67,38,2018
28039,1644,109.91,106,2018
28041,516,50.7,91,2018
28043,1380,159.39,133,2018
28045,14307,867.9,279,2018
28047,32643,60.190000000000005,530,2018
28049,12340,115.08,200,2018
28051,716,51.93,41,2018
28053,968,362.45,39,2018
28055,563,337.46999999999997,36,2018
28057,1453,181.44,30,2018
28059,75326,882.0400000000001,1396,2018
28061,880,80.37,94,2018
28063,338,61.78,25,2018
28065,795,311.45,27,2018
28067,2557,521.06,456,2018
28069,399,22.74,40,2018
28071,8612,2002.13,199,2018
28073,5053,157.06,230,2018
28075,3646,481.6,169,2018
28077,343,36.84,34,2018
28079,457,59.39,61,2018
28081,4978,840.3100000000001,143,2018
28083,1019,513.39,56,2018
28085,1259,257.91,161,2018
28087,22741,1706.11,210,2018
28089,13480,1395.18,252,2018
28091,2221,251.5,156,2018
28093,7136,415.5,173,2018
28095,1799,399.17,78,2018
28097,1940,387.64,74,2018
28099,306,121.56,31,2018
28101,512,194.97,66,2018
28103,14290,2939.87,345,2018
28105,22136,4922.02,417,2018
28107,4572,1041.37,147,2018
28109,5051,2899.99,268,2018
28111,1952,431.3,408,2018
28113,648,50.31,54,2018
28115,931,77.42,65,2018
28117,249,39.669999999999995,25,2018
28119,1339,1077.36,66,2018
28121,2957,136.21,187,2018
28123,750,46.21,56,2018
28125,305,71.93,26,2018
28127,3551,841.1,72,2018
28129,624,83.56,47,2018
28131,1998,63.94,146,2018
28133,912,521.0699999999999,44,2018
28135,1226,507.05,222,2018
28137,1602,495.71,54,2018
28139,198,45.6,25,2018
28141,9909,988.28,152,2018
28143,3442,1659.81,92,2018
28145,271,106.67,30,2018
28147,662,242.63,27,2018
28149,1827,490.64,87,2018
28151,1284,404.9,66,2018
28153,713,46.13,164,2018
28155,1428,149.74,77,2018
28157,901,226.57,62,2018
28159,2250,183.93,155,2018
28161,595,133.25,69,2018
28163,1190,318.88,72,2018
29001,5179,528.09,125,2018
29003,775,275.68,50,2018
29005,277,66.55,58,2018
29007,602,210.76,45,2018
29009,6648,675.7,150,2018
29011,3009,2511.78,118,2018
29013,3246,2194.83,101,2018
29015,2201,905.51,77,2018
29017,6838,1410.66,80,2018
29019,115002,29401.36,821,2018
29021,6480,626.7,155,2018
29023,1364,290.83,85,2018
29025,354,135.25,33,2018
29027,9609,3881.269999999999,172,2018
29029,4456,92.91,167,2018
29031,20504,4068.24,279,2018
29033,2245,517.87,26,2018
29035,2661,213.29,210,2018
29037,11353,7042.4,146,2018
29039,4729,1686.09,111,2018
29041,6257,5256.44,57,2018
29043,7370,1845.62,193,2018
29045,330,101.69,45,2018
29047,14872,3790.16,366,2018
29049,1527,649.27,103,2018
29051,11549,1103.35,198,2018
29053,5412,1497.0400000000002,101,2018
29055,1250,169.66,116,2018
29057,6453,3380.21,151,2018
29059,1312,523.96,96,2018
29061,550,314.83,43,2018
29063,576,185.68,40,2018
29065,915,110.08,46,2018
29067,148,54.13000000000001,23,2018
29069,9504,2387.62,92,2018
29071,21388,2671.6600000000003,474,2018
29073,380,67.33,31,2018
29075,360,155.32999999999998,18,2018
29077,27516,5956.03,569,2018
29079,307,46.08,11,2018
29081,1592,1053.35,80,2018
29083,7784,1243.4299999999998,123,2018
29085,559,96.29,96,2018
29087,17427,720.56,184,2018
29089,3556,1917.35,118,2018
29091,1555,370.65,113,2018
29093,3687,847.6,102,2018
29095,67508,11017.98,866,2018
29097,3434,627.87,142,2018
29099,17185,2359.58,427,2018
29101,23602,4173.0199999999995,230,2018
29103,1075,627.5600000000001,14,2018
29105,1188,132.91,122,2018
29107,1456,338.86,82,2018
29109,2929,1654.84,148,2018
29111,1872,474.93,72,2018
29113,12702,6892.44,178,2018
29115,2174,504.88,50,2018
29117,927,197.02,40,2018
29119,845,243.33,70,2018
29121,5596,357.76000000000005,68,2018
29123,645,79.76,74,2018
29125,600,109.39,39,2018
29127,1735,57.489999999999995,118,2018
29129,99,45.5,16,2018
29131,1787,163.79,42,2018
29133,3508,654.79,62,2018
29135,641,319.09000000000003,22,2018
29137,2463,235.72,60,2018
29139,1262,162.46,108,2018
29141,1336,336.02,35,2018
29143,2687,541.65,162,2018
29145,9933,3678.15,210,2018
29147,648,239.09,60,2018
29149,3502,666.0600000000001,49,2018
29151,846,205.3,61,2018
29153,1334,146.73000000000002,53,2018
29155,6409,2946.0299999999997,148,2018
29157,3603,660.86,113,2018
29159,1828,549.84,101,2018
29161,13687,2618.17,191,2018
29163,7037,2421.0,93,2018
29165,11441,1184.46,286,2018
29167,4812,300.99,80,2018
29169,593,61.55,50,2018
29171,1849,485.32,45,2018
29173,7432,267.76,98,2018
29175,2277,73.78,37,2018
29177,2283,83.88,31,2018
29179,6584,858.14,146,2018
29181,197,66.63,25,2018
29183,79113,5245.67,736,2018
29185,2911,928.55,97,2018
29186,5774,1342.33,136,2018
29187,6574,915.69,207,2018
29189,104099,2284.1,1789,2018
29195,11554,5083.82,178,2018
29197,85,49.7,18,2018
29199,145,98.83,9,2018
29201,3658,1008.2,119,2018
29203,4030,369.95,222,2018
29205,283,37.18,25,2018
29207,10845,4420.12,152,2018
29209,6172,453.01,150,2018
29211,146,77.52000000000001,7,2018
29213,7780,605.5500000000001,303,2018
29215,850,240.1,114,2018
29217,9637,4625.28,105,2018
29219,1234,175.43,121,2018
29221,3089,630.36,100,2018
29223,2580,287.65,85,2018
29225,1555,217.34,66,2018
29227,422,49.88,6,2018
29229,367,254.3,13,2018
29510,41120,0.0,591,2018
30001,10702,814.52,558,2018
30003,2533,266.47,223,2018
30005,1324,237.48,152,2018
30007,6710,376.17,231,2018
30009,6226,1441.85,702,2018
30011,890,32.29,56,2018
30013,25607,555.17,795,2018
30015,1883,465.88,184,2018
30017,1641,11.87,120,2018
30019,974,52.48,53,2018
30021,961,13.06,91,2018
30023,14864,931.05,263,2018
30025,522,45.02,48,2018
30027,3888,274.82,343,2018
30029,56344,10440.51,1874,2018
30031,87252,10975.66,2129,2018
30033,435,14.18,62,2018
30035,20038,1264.87,1163,2018
30037,1700,70.32,165,2018
30039,2855,58.11,209,2018
30041,1415,211.27,122,2018
30043,12530,436.84,291,2018
30045,1073,190.24,174,2018
30047,38974,5607.34,1451,2018
30049,32847,1332.94,951,2018
30051,1681,259.07000000000005,81,2018
30053,7626,47.34,592,2018
30055,558,31.87,77,2018
30057,16849,1217.12,589,2018
30059,2217,73.94,168,2018
30061,2842,58.19,242,2018
30063,79375,5903.81,1982,2018
30065,4001,126.7,199,2018
30067,14770,573.19,779,2018
30069,863,20.95,75,2018
30071,19575,448.25,630,2018
30073,986,177.62,220,2018
30075,902,32.31,91,2018
30077,9384,905.48,441,2018
30079,430,24.59,45,2018
30081,21129,5878.93,783,2018
30083,1029,170.53,86,2018
30085,1369,227.05999999999997,116,2018
30087,1279,15.87,102,2018
30089,6804,533.64,272,2018
30091,8732,406.23,223,2018
30093,3737,21.48,182,2018
30095,4433,332.33,255,2018
30097,2261,94.79,169,2018
30099,6365,262.03,261,2018
30101,4843,432.71,434,2018
30103,534,55.620000000000005,60,2018
30105,6749,225.39,447,2018
30107,1729,210.51,124,2018
30109,485,25.36,43,2018
30111,25022,1314.0,786,2018
31001,967,175.02,93,2018
31003,2290,368.83,97,2018
31005,396,0.07,31,2018
31007,923,53.25,70,2018
31009,364,0.31,38,2018
31011,526,57.39,36,2018
31013,747,172.92,77,2018
31015,294,12.04,37,2018
31017,2157,29.49,127,2018
31019,12856,269.36,339,2018
31021,1806,434.68,131,2018
31023,2337,888.55,88,2018
31025,6727,685.12,191,2018
31027,1301,200.17,127,2018
31029,842,116.8,54,2018
31031,6235,23.72,276,2018
31033,501,54.86,72,2018
31035,833,182.82,77,2018
31037,391,69.8,26,2018
31039,1110,379.88,71,2018
31041,1194,124.15,93,2018
31043,1756,528.9,65,2018
31045,7075,71.77,260,2018
31047,787,48.39,124,2018
31049,806,80.06,71,2018
31051,2799,386.44,156,2018
31053,11357,288.56,199,2018
31055,24710,1328.64,820,2018
31057,1039,26.17,42,2018
31059,861,140.63,46,2018
31061,599,136.19,46,2018
31063,268,10.88,36,2018
31065,605,339.82,33,2018
31067,786,57.67,63,2018
31069,2155,61.08,110,2018
31071,788,27.840000000000003,39,2018
31073,392,0.0,12,2018
31075,562,0.0,41,2018
31077,181,29.14,15,2018
31079,7729,688.68,354,2018
31081,871,251.51,123,2018
31083,1425,140.57,51,2018
31085,114,21.24,14,2018
31087,427,20.139999999999997,41,2018
31089,1180,73.78,89,2018
31091,481,0.0,31,2018
31093,400,23.76,38,2018
31095,480,37.91,44,2018
31097,133,19.0,12,2018
31099,1811,367.22,81,2018
31101,5942,87.23,218,2018
31103,791,38.44,64,2018
31105,2473,124.32,103,2018
31107,3473,242.04,165,2018
31109,392057,5094.8,1050,2018
31111,5525,390.28,401,2018
31113,336,20.96,29,2018
31115,2302,23.21,56,2018
31117,363,5.6,23,2018
31119,1486,58.75000000000001,78,2018
31121,698,46.42,57,2018
31123,627,32.16,74,2018
31125,306,11.96,21,2018
31127,1247,269.06,76,2018
31129,112,40.76,21,2018
31131,6160,324.43,120,2018
31133,622,28.56,45,2018
31135,581,174.53,32,2018
31137,1792,317.03,43,2018
31139,749,100.86,51,2018
31141,1127,54.42,56,2018
31143,684,237.36,48,2018
31145,381,65.57,45,2018
31147,853,99.2,81,2018
31149,2299,22.25,138,2018
31151,835,62.4,57,2018
31153,17976,563.8,420,2018
31155,7533,958.86,164,2018
31157,6801,487.2,288,2018
31159,8278,594.02,201,2018
31161,3673,44.169999999999995,175,2018
31163,552,34.99,37,2018
31165,4417,35.02,234,2018
31167,1009,123.45,65,2018
31169,336,35.68,39,2018
31171,755,0.0,45,2018
31173,312,72.63,36,2018
31175,455,22.43,23,2018
31177,5521,1081.51,175,2018
31179,2365,640.34,154,2018
31181,389,82.18,52,2018
31183,578,47.129999999999995,39,2018
31185,765,112.89,91,2018
32001,6728,247.09,312,2018
32003,140046,4626.76,4721,2018
32005,19568,559.1,632,2018
32007,17380,923.83,1054,2018
32009,3397,4.88,87,2018
32011,1151,19.1,129,2018
32013,3701,68.81,461,2018
32015,3356,10.33,403,2018
32017,8114,110.29,564,2018
32019,4356,391.8,445,2018
32021,1421,9.21,234,2018
32023,25768,726.24,1068,2018
32027,1955,56.92,101,2018
32029,1841,274.6,120,2018
32031,73628,1959.94,2284,2018
32033,9273,67.05,926,2018
32510,15737,1506.95,275,2018
33001,8996,236.96,405,2018
33003,39613,1848.38,1169,2018
33005,68156,10331.08,1126,2018
33007,37304,2079.39,1390,2018
33009,58363,6394.68,2090,2018
33011,47099,4123.9,1403,2018
33013,39566,6339.15,1132,2018
33015,98603,2563.87,1721,2018
33017,56628,2908.78,595,2018
33019,19409,2765.71,584,2018
34001,142859,1300.9399999999998,953,2018
34003,115646,1627.11,1298,2018
34005,87263,10266.05,1636,2018
34007,35325,155.95,747,2018
34009,496529,17109.66,1966,2018
34011,35306,2139.2,635,2018
34013,24289,2.16,677,2018
34015,62404,6000.589999999999,829,2018
34017,29230,583.05,472,2018
34019,106375,19417.55,1059,2018
34021,82203,10554.9,1120,2018
34023,58042,2917.0,1527,2018
34025,124439,5608.78,1679,2018
34027,81754,5127.38,1467,2018
34029,135338,2186.33,1730,2018
34031,60031,1073.54,674,2018
34033,15745,2796.29,554,2018
34035,91593,7112.12,1323,2018
34037,65536,7513.91,1154,2018
34039,24575,7.840000000000001,534,2018
34041,51442,7772.55,694,2018
35001,192100,22585.19,2715,2018
35003,9578,8.739999999999998,706,2018
35005,13129,266.95,699,2018
35006,5521,259.74,448,2018
35007,14224,888.4,648,2018
35009,6111,615.69,199,2018
35011,2403,65.5,137,2018
35013,50078,3502.9300000000003,3252,2018
35015,22334,4159.14,968,2018
35017,23335,135.13,1079,2018
35019,3227,8.67,235,2018
35021,1197,3.96,113,2018
35023,14546,67.07,1096,2018
35025,4831,47.68000000000001,380,2018
35027,6132,216.66,645,2018
35028,86964,519.49,751,2018
35029,7303,261.91,950,2018
35031,4506,72.09,249,2018
35033,6878,653.81,384,2018
35035,23153,269.5,5532,2018
35037,1927,72.95,212,2018
35039,13293,1114.36,698,2018
35041,7821,176.85,224,2018
35043,32327,2731.89,1017,2018
35045,4809,409.2000000000001,473,2018
35047,18677,925.05,719,2018
35049,58304,1291.17,1393,2018
35051,23422,1703.61,449,2018
35053,85823,5289.66,1356,2018
35055,19674,411.96,940,2018
35057,5971,252.35,357,2018
35059,3798,23.19,417,2018
35061,11806,4169.4,257,2018
36001,83080,6496.45,1727,2018
36003,11487,1970.67,512,2018
36005,49414,180.33,1442,2018
36007,72240,3904.05,1142,2018
36009,14388,2832.03,725,2018
36011,40056,6929.02,1111,2018
36013,31467,4607.96,1169,2018
36015,22159,5670.12,552,2018
36017,14981,3118.47,635,2018
36019,8637,729.12,451,2018
36021,44561,16027.14,1037,2018
36023,15477,2254.19,615,2018
36025,20701,5664.17,852,2018
36027,83905,12384.34,2225,2018
36029,119219,4731.38,2012,2018
36031,54053,2929.42,1622,2018
36033,20992,1022.29,810,2018
36035,6296,828.67,424,2018
36037,24925,3808.39,776,2018
36039,21084,2377.35,745,2018
36041,16074,34.12,702,2018
36043,28800,7725.95,713,2018
36045,36640,5993.77,1045,2018
36047,173972,4.260000000000001,1642,2018
36049,6679,1195.59,350,2018
36051,65937,27102.66,958,2018
36053,21268,4361.889999999999,608,2018
36055,224326,28305.67,2833,2018
36057,24308,4555.150000000001,720,2018
36059,144999,881.31,1753,2018
36061,279410,0.0,2044,2018
36063,32061,6761.02,766,2018
36065,30503,4889.43,779,2018
36067,82677,10007.91,2197,2018
36069,45983,14273.13,1223,2018
36071,84118,13776.03,1406,2018
36073,23418,8120.17,592,2018
36075,44914,12365.42,940,2018
36077,11708,2033.63,571,2018
36079,13086,441.26,680,2018
36081,99573,9.66,1664,2018
36083,31508,8456.119999999999,1094,2018
36085,76637,2407.7799999999997,1356,2018
36087,28995,19.41,745,2018
36089,33130,3246.55,1343,2018
36091,53482,5007.09,1575,2018
36093,10099,988.27,461,2018
36095,13199,1802.16,501,2018
36097,19562,3868.84,559,2018
36099,137991,23659.25,1242,2018
36101,10628,1737.92,731,2018
36103,269127,7761.99,3638,2018
36105,59032,3981.08,759,2018
36107,31770,8237.7,529,2018
36109,365754,54172.95,3291,2018
36111,117562,20726.06,3226,2018
36113,10338,179.25,726,2018
36115,22166,8264.91,712,2018
36117,60345,22092.16,997,2018
36119,119537,5577.030000000001,2158,2018
36121,14988,2537.63,519,2018
36123,7532,2154.18,358,2018
37001,12556,854.49,436,2018
37003,937,47.74,93,2018
37005,3208,572.8000000000001,156,2018
37007,4284,492.76,66,2018
37009,6394,606.7,254,2018
37011,6851,213.44,392,2018
37013,6562,376.1,238,2018
37015,746,142.48,71,2018
37017,3630,297.44,238,2018
37019,26729,247.08,870,2018
37021,111002,6519.42,2953,2018
37023,3158,198.22,274,2018
37025,17805,3221.27,624,2018
37027,3766,409.02,157,2018
37029,3149,1248.92,108,2018
37031,40919,1465.11,773,2018
37033,1864,368.08,100,2018
37035,4414,936.39,181,2018
37037,36688,697.49,948,2018
37039,1416,250.99,102,2018
37041,604,113.4,47,2018
37043,3401,110.38,114,2018
37045,14682,6355.260000000001,143,2018
37047,1435,106.97,136,2018
37049,15851,249.09,440,2018
37051,4145,260.61,463,2018
37053,10315,562.89,553,2018
37055,119566,3787.67,1389,2018
37057,2410,142.35,169,2018
37059,663,176.3,56,2018
37061,853,110.75,91,2018
37063,60788,1731.32,1996,2018
37065,2880,865.58,144,2018
37067,63464,2550.52,641,2018
37069,3221,576.41,109,2018
37071,6418,1235.55,233,2018
37073,1300,51.11,62,2018
37075,3816,64.16,167,2018
37077,2292,585.4499999999999,160,2018
37079,442,141.05,65,2018
37081,56397,7160.86,930,2018
37083,2048,159.22,117,2018
37085,3280,408.54,841,2018
37087,36573,3827.49,918,2018
37089,35496,6651.48,809,2018
37091,893,55.989999999999995,36,2018
37093,1509,165.26999999999998,144,2018
37095,14033,1226.39,326,2018
37097,6498,776.75,306,2018
37099,4747,188.11,547,2018
37101,6866,521.2,322,2018
37103,2033,188.34,118,2018
37105,1475,293.91,101,2018
37107,832,70.07000000000001,70,2018
37109,859,255.53,68,2018
37111,4653,255.54,362,2018
37113,31966,497.71,536,2018
37115,5793,689.25,599,2018
37117,1002,199.77,93,2018
37119,99606,13594.33,1947,2018
37121,3792,455.77,321,2018
37123,1508,57.650000000000006,163,2018
37125,20538,1196.23,380,2018
37127,3021,152.48,176,2018
37129,45504,11.81,759,2018
37131,1116,67.28999999999999,74,2018
37133,7587,96.15,283,2018
37135,84757,10497.94,2003,2018
37137,17965,2060.4700000000003,233,2018
37139,887,145.04,74,2018
37141,7985,121.88,734,2018
37143,315,93.36,36,2018
37145,4122,861.29,158,2018
37147,10986,2683.23,332,2018
37149,5549,278.87,225,2018
37151,3626,345.14,227,2018
37153,2101,261.37,181,2018
37155,1571,236.83,219,2018
37157,18479,2384.39,329,2018
37159,13430,628.47,227,2018
37161,3906,382.34,184,2018
37163,4785,1252.1899999999998,339,2018
37165,5661,642.85,212,2018
37167,2656,399.02,126,2018
37169,5498,616.9499999999999,113,2018
37171,8087,1046.63,233,2018
37173,7082,478.3,600,2018
37175,44127,6900.58,839,2018
37177,3818,1014.49,138,2018
37179,9741,1340.73,337,2018
37181,2159,174.34,98,2018
37183,212375,31884.76,4021,2018
37185,1210,97.68,75,2018
37187,6527,1408.65,158,2018
37189,24187,3650.48,567,2018
37191,1772,122.45,84,2018
37193,5539,1283.64,187,2018
37195,4484,94.75,81,2018
37197,2694,656.05,73,2018
37199,13394,1000.7,638,2018
38001,652,75.96000000000001,46,2018
38003,6394,1102.7,333,2018
38005,1661,175.93,68,2018
38007,7792,106.2,329,2018
38009,7433,1909.78,181,2018
38011,2290,138.0,222,2018
38013,4861,473.67,148,2018
38015,22144,626.62,710,2018
38017,23763,4951.5199999999995,677,2018
38019,180,68.3,29,2018
38021,1201,268.3,47,2018
38023,2517,184.77,118,2018
38025,2174,69.49,102,2018
38027,1607,517.6,58,2018
38029,1747,56.95,67,2018
38031,1247,277.37,65,2018
38033,1364,140.35,103,2018
38035,18494,2243.24,441,2018
38037,1436,109.46,90,2018
38039,427,163.82999999999998,37,2018
38041,684,82.04,52,2018
38043,13055,574.98,339,2018
38045,397,152.32,48,2018
38047,796,25.62,28,2018
38049,8019,448.51,206,2018
38051,1016,116.17,34,2018
38053,6094,416.55,497,2018
38055,3370,310.4,226,2018
38057,4997,264.96,220,2018
38059,11993,984.38,473,2018
38061,9169,578.01,364,2018
38063,658,144.44,49,2018
38065,2836,162.79,101,2018
38067,484,142.29999999999998,39,2018
38069,576,117.99,45,2018
38071,1529,355.10999999999996,79,2018
38073,3600,890.26,217,2018
38075,820,236.8,52,2018
38077,2327,557.67,188,2018
38079,1458,102.52,42,2018
38081,2520,885.1800000000001,60,2018
38083,2662,132.69,94,2018
38085,749,10.5,61,2018
38087,2171,224.99,108,2018
38089,4172,232.78,266,2018
38091,8582,618.73,57,2018
38093,18244,1420.17,589,2018
38095,142,42.58,30,2018
38097,565,142.84,63,2018
38099,156,47.7,29,2018
38101,14716,653.14,366,2018
38103,1066,482.89,75,2018
38105,9814,587.9399999999999,407,2018
39001,5941,910.03,509,2018
39003,6735,1789.51,276,2018
39005,14725,3523.59,499,2018
39007,13432,2119.58,807,2018
39009,34104,3182.33,978,2018
39011,5478,2058.28,165,2018
39013,4108,665.88,218,2018
39015,1876,286.43,202,2018
39017,36788,6856.34,1847,2018
39019,2072,437.22,113,2018
39021,5119,1093.15,249,2018
39023,39823,12005.87,537,2018
39025,43040,9554.71,1014,2018
39027,5236,2189.97,255,2018
39029,6037,797.26,306,2018
39031,5422,764.24,233,2018
39033,1503,554.78,155,2018
39035,208901,2901.37,4124,2018
39037,5338,1627.4,324,2018
39039,1277,511.7,81,2018
39041,65953,6347.53,1055,2018
39043,53043,2468.74,872,2018
39045,15866,2560.61,624,2018
39047,1484,459.1,130,2018
39049,232637,45954.64,2857,2018
39051,4315,836.4200000000001,250,2018
39053,2885,782.2799999999999,143,2018
39055,75297,9962.67,1205,2018
39057,37592,6511.75,990,2018
39059,22642,3127.76,333,2018
39061,101863,25117.26,3784,2018
39063,20000,3297.67,559,2018
39065,7667,3956.25,176,2018
39067,3904,389.82,130,2018
39069,1514,694.71,136,2018
39071,9387,1542.28,258,2018
39073,21564,1310.63,670,2018
39075,18783,6994.03,603,2018
39077,3829,786.39,409,2018
39079,1681,476.08,152,2018
39081,9842,471.18,138,2018
39083,13108,3414.89,320,2018
39085,110427,9985.44,1199,2018
39087,5164,990.25,148,2018
39089,46227,13566.93,636,2018
39091,10945,2832.16,287,2018
39093,76241,12352.12,1118,2018
39095,447415,20002.06,1742,2018
39097,3419,1602.16,309,2018
39099,29583,14840.52,479,2018
39101,15778,4646.7300000000005,241,2018
39103,24684,7481.28,1090,2018
39105,858,163.26000000000002,119,2018
39107,6760,3118.0600000000004,166,2018
39109,11504,3507.81,285,2018
39111,1659,507.83,111,2018
39113,46628,5477.47,1207,2018
39115,3402,485.58,178,2018
39117,5549,581.51,197,2018
39119,11310,4946.39,397,2018
39121,1955,397.13,93,2018
39123,118695,14669.69,1007,2018
39125,3825,1826.64,122,2018
39127,14812,2050.77,222,2018
39129,12602,4949.07,322,2018
39131,794,85.03,100,2018
39133,38927,5941.04,1934,2018
39135,19025,1316.7,253,2018
39137,483,215.06,62,2018
39139,21891,5802.61,601,2018
39141,5728,2020.43,217,2018
39143,15757,2653.76,455,2018
39145,10936,205.48,380,2018
39147,5397,1310.62,277,2018
39149,3367,178.68,174,2018
39151,52303,6530.63,1156,2018
39153,111958,10952.12,4275,2018
39155,19747,1700.36,586,2018
39157,6820,1793.99,265,2018
39159,11333,4772.37,249,2018
39161,620,157.49,70,2018
39163,10656,808.78,286,2018
39165,15933,5411.83,604,2018
39167,5639,335.82,252,2018
39169,62412,10733.69,817,2018
39171,3618,464.52,158,2018
39173,12493,1965.89,555,2018
39175,17544,11568.96,234,2018
40001,4799,2867.89,85,2018
40003,5840,47.36,121,2018
40005,960,54.54,85,2018
40007,365,28.48,55,2018
40009,644,21.55,107,2018
40011,1017,43.9,59,2018
40013,3321,451.85,154,2018
40015,2595,138.7,155,2018
40017,9554,1513.83,263,2018
40019,1652,34.02,161,2018
40021,3495,1085.39,244,2018
40023,1893,1150.99,65,2018
40025,7396,420.79,360,2018
40027,43453,3029.7799999999997,1030,2018
40029,270,40.29,28,2018
40031,15204,74.95,612,2018
40033,608,31.3,45,2018
40035,202,75.08,42,2018
40037,3394,132.47,165,2018
40039,6090,246.76,212,2018
40041,1773,249.95,129,2018
40043,136,13.32,22,2018
40045,916,18.16,29,2018
40047,531,235.42,69,2018
40049,794,26.21,57,2018
40051,1774,35.7,119,2018
40053,922,281.12,105,2018
40055,642,28.17,58,2018
40057,1437,118.09,63,2018
40059,1177,307.54,92,2018
40061,104,20.12,15,2018
40063,1196,46.49000000000001,30,2018
40065,3343,423.46,123,2018
40067,3041,3.11,76,2018
40069,5011,1065.56,111,2018
40071,2235,102.3,120,2018
40073,538,112.28,56,2018
40075,619,46.34,55,2018
40077,257,20.55,41,2018
40079,1796,253.59,227,2018
40081,1699,36.6,806,2018
40083,10345,230.81,192,2018
40085,986,30.94,113,2018
40087,1668,336.58,95,2018
40089,13090,997.03,493,2018
40091,681,48.44,105,2018
40093,592,25.12,65,2018
40095,1105,45.15,109,2018
40097,1634,220.43,86,2018
40099,897,4.45,104,2018
40101,1211,273.6,160,2018
40103,2039,79.95,359,2018
40105,191,61.95,38,2018
40107,328,28.32,40,2018
40109,53658,477.56,1184,2018
40111,958,98.09,75,2018
40113,6416,1394.66,452,2018
40115,952,288.03,102,2018
40117,2509,1.49,81,2018
40119,36976,520.2800000000001,935,2018
40121,896,197.68,86,2018
40123,361,10.02,51,2018
40125,1208,18.47,123,2018
40127,573,40.52,65,2018
40129,468,5.33,57,2018
40131,2005,236.68,263,2018
40133,603,9.71,40,2018
40135,7258,1792.52,223,2018
40137,1383,10.61,73,2018
40139,4889,505.2999999999999,217,2018
40141,5133,2269.58,118,2018
40143,31223,3302.58,1093,2018
40145,1629,297.74,135,2018
40147,2556,265.64,220,2018
40149,4631,255.82,142,2018
40151,821,10.92,46,2018
40153,3988,37.67,359,2018
41001,7751,1184.74,548,2018
41003,238024,79058.94,3618,2018
41005,63374,14953.49,2260,2018
41007,59416,2679.12,1780,2018
41009,47956,13956.84,802,2018
41011,22176,198.56,729,2018
41013,17459,1237.53,619,2018
41015,13436,584.47,803,2018
41017,103505,1085.5,2293,2018
41019,30036,3035.27,3010,2018
41021,3935,149.35,294,2018
41023,17604,200.54,1313,2018
41025,85164,5070.72,2242,2018
41027,13118,215.89,853,2018
41029,88870,16227.2,2932,2018
41031,13414,437.58,653,2018
41033,30187,3615.52,1724,2018
41035,45742,4206.5599999999995,1403,2018
41037,37343,2408.31,1965,2018
41039,259806,46063.35,4182,2018
41041,74659,1127.58,1532,2018
41043,38821,11702.33,1628,2018
41045,7833,717.85,601,2018
41047,73991,27667.02,1465,2018
41049,9126,2840.5299999999997,290,2018
41051,239289,22890.570000000003,3621,2018
41053,43399,15025.08,828,2018
41055,8225,834.94,325,2018
41057,56770,3412.3,1386,2018
41059,18241,2095.47,760,2018
41061,52369,11708.46,1332,2018
41063,19072,1480.33,957,2018
41065,21368,1588.98,1002,2018
41067,192882,23551.59,1774,2018
41069,3907,83.91,274,2018
41071,18860,7717.08,619,2018
42001,34338,9023.25,727,2018
42003,150740,8232.57,4109,2018
42005,26617,3526.69,923,2018
42007,10991,2916.2799999999997,456,2018
42009,9606,2172.08,383,2018
42011,68224,11201.29,1404,2018
42013,18661,2410.24,412,2018
42015,4362,909.73,304,2018
42017,144633,20376.82,1896,2018
42019,59862,6603.85,1329,2018
42021,11116,2219.79,370,2018
42023,2760,386.87000000000006,158,2018
42025,18109,4697.39,414,2018
42027,134581,30140.73,2576,2018
42029,250993,69719.02,2165,2018
42031,11893,1550.64,410,2018
42033,9103,447.11,461,2018
42035,18975,3376.75,470,2018
42037,7116,778.64,250,2018
42039,41569,8741.87,651,2018
42041,72274,13047.58,1059,2018
42043,55759,5048.47,875,2018
42045,69171,2804.45,1154,2018
42047,7208,320.97,268,2018
42049,50277,2201.08,896,2018
42051,13566,748.16,825,2018
42053,10327,1138.74,386,2018
42055,34178,8124.86,625,2018
42057,2262,579.55,207,2018
42059,3662,1073.2,216,2018
42061,52733,10720.94,1140,2018
42063,44742,11828.14,604,2018
42065,4521,959.69,201,2018
42067,19421,6576.25,358,2018
42069,22860,3663.58,686,2018
42071,174225,36912.74,2098,2018
42073,21739,11357.74,541,2018
42075,55396,7147.92,660,2018
42077,46759,11600.35,750,2018
42079,47018,11223.47,1103,2018
42081,60899,7691.76,637,2018
42083,3249,143.41,304,2018
42085,26719,2196.59,934,2018
42087,9357,2774.25,292,2018
42089,41601,632.44,1122,2018
42091,210636,28214.01,2198,2018
42093,15320,5547.57,289,2018
42095,55309,13611.98,991,2018
42097,11647,4001.9,216,2018
42099,15517,3493.57,340,2018
42101,143116,1112.83,1715,2018
42103,19441,648.23,751,2018
42105,10261,2020.29,273,2018
42107,34774,2499.6800000000003,543,2018
42109,3429,1433.1699999999998,185,2018
42111,15304,3233.42,660,2018
42113,3410,190.65,174,2018
42115,25086,9117.0,425,2018
42117,63500,26473.94,639,2018
42119,6013,1413.06,246,2018
42121,4495,836.7,318,2018
42123,6902,597.62,488,2018
42125,28076,2425.07,883,2018
42127,6441,1156.53,372,2018
42129,28834,2334.28,1200,2018
42131,5271,508.89,263,2018
42133,58240,4246.07,1090,2018
44001,21611,1749.22,229,2018
44003,14950,353.6,400,2018
44005,57089,5179.5,696,2018
44007,26462,554.38,870,2018
44009,78741,1824.6,1442,2018
45001,4867,564.76,129,2018
45003,33570,1067.14,771,2018
45005,2465,1228.99,89,2018
45007,36310,13203.02,403,2018
45009,298,41.9,59,2018
45011,2425,12.3,154,2018
45013,56622,340.35,1592,2018
45015,35303,283.6,742,2018
45017,2472,480.01,163,2018
45019,210370,2546.54,2649,2018
45021,2357,1074.23,122,2018
45023,877,71.28,142,2018
45025,4775,54.71,223,2018
45027,29567,5217.920000000001,263,2018
45029,43449,5405.849999999999,570,2018
45031,3180,204.72,121,2018
45033,670,90.8,99,2018
45035,17034,342.79,352,2018
45037,1656,158.79,98,2018
45039,983,79.0,75,2018
45041,3128,156.63,238,2018
45043,68542,499.85,572,2018
45045,76747,3527.03,1076,2018
45047,6480,520.84,134,2018
45049,5078,68.14,101,2018
45051,25927,630.49,909,2018
45053,37759,353.81000000000006,473,2018
45055,24358,767.01,216,2018
45057,1122,100.49,457,2018
45059,2315,476.03,136,2018
45061,2308,579.65,133,2018
45063,44228,702.89,567,2018
45065,1856,87.66999999999999,81,2018
45067,619,36.69,59,2018
45069,846,47.67,39,2018
45071,1592,49.07,97,2018
45073,7593,341.5,416,2018
45075,22318,13386.55,436,2018
45077,22724,2057.14,608,2018
45079,32388,962.54,951,2018
45081,1324,140.73000000000002,34,2018
45083,7931,1641.9199999999998,330,2018
45085,1348,164.48999999999998,132,2018
45087,716,259.82,54,2018
45089,3214,968.06,112,2018
45091,8567,396.94,828,2018
46003,793,233.1,86,2018
46005,590,356.55,75,2018
46007,2100,129.85,74,2018
46009,454,116.0,41,2018
46011,12437,3806.34,584,2018
46013,5479,1307.62,241,2018
46015,762,166.58,88,2018
46017,410,32.96,42,2018
46019,1411,33.52,117,2018
46021,743,86.97,48,2018
46023,5200,1113.43,322,2018
46025,291,70.52000000000001,44,2018
46027,3931,1413.6,99,2018
46029,1100,287.87,126,2018
46031,239,31.68,30,2018
46033,8062,18.87,573,2018
46035,858,254.0,106,2018
46037,1788,202.64,122,2018
46039,949,198.32,80,2018
46041,673,40.86,53,2018
46043,5790,940.94,176,2018
46045,953,202.03,67,2018
46047,2433,5.359999999999999,172,2018
46049,598,270.76,70,2018
46051,1080,415.79,104,2018
46053,1199,18.93,79,2018
46055,432,14.16,55,2018
46057,926,356.85,71,2018
46059,755,275.9,102,2018
46061,1118,493.38,65,2018
46063,2331,25.42,157,2018
46065,7555,252.32,194,2018
46067,1460,392.14,163,2018
46069,469,70.36,44,2018
46071,3524,21.08,205,2018
46073,442,103.38,45,2018
46075,637,38.92,114,2018
46077,992,248.48,95,2018
46079,1107,145.8,75,2018
46081,6174,80.97,299,2018
46083,5998,1742.95,264,2018
46085,1573,64.47,191,2018
46087,1041,426.95,100,2018
46089,1660,172.2,97,2018
46091,1608,260.04,123,2018
46093,1553,51.08,131,2018
46095,311,34.97,42,2018
46097,654,325.12,53,2018
46099,12683,3666.16,528,2018
46101,676,303.48,65,2018
46102,2141,132.89,113,2018
46103,14456,364.85,935,2018
46105,819,47.43,84,2018
46107,388,73.13000000000001,41,2018
46109,7374,1926.78,318,2018
46111,258,151.82999999999998,28,2018
46115,553,187.56,42,2018
46117,5655,48.74,168,2018
46119,1466,400.16,125,2018
46121,434,29.14,54,2018
46123,774,62.13,57,2018
46125,1135,538.42,97,2018
46127,2764,380.12,93,2018
46129,631,98.19,44,2018
46135,4568,286.32,159,2018
46137,226,16.21,24,2018
47001,25906,3046.8700000000003,425,2018
47003,5160,1399.45,139,2018
47005,2366,741.16,72,2018
47007,6039,3195.42,178,2018
47009,129165,103066.15,818,2018
47011,3540,668.25,244,2018
47013,9661,4440.2300000000005,165,2018
47015,1256,408.16,79,2018
47017,592,126.21,45,2018
47019,18088,1708.81,400,2018
47021,2090,340.1,136,2018
47023,478,44.45,46,2018
47025,656,225.77,53,2018
47027,537,104.64,20,2018
47029,4961,193.22,292,2018
47031,5974,2242.29,288,2018
47033,1092,277.58,85,2018
47035,11066,1224.0,556,2018
47037,82110,11810.68,1541,2018
47039,1513,1246.02,55,2018
47041,2800,250.45,93,2018
47043,2790,447.95,167,2018
47045,4220,1172.76,143,2018
47047,5082,1329.27,155,2018
47049,1030,206.97,105,2018
47051,6469,720.9599999999999,292,2018
47053,9430,5344.92,201,2018
47055,718,359.17,155,2018
47057,1279,537.3000000000001,75,2018
47059,3452,1940.92,191,2018
47061,2103,696.23,164,2018
47063,3107,475.38,168,2018
47065,74138,4009.42,1569,2018
47067,470,50.879999999999995,28,2018
47069,717,134.26,51,2018
47071,9368,1450.29,124,2018
47073,14565,6168.959999999999,176,2018
47075,4321,126.18,76,2018
47077,1058,93.29,77,2018
47079,13994,3793.61,111,2018
47081,1088,337.47,121,2018
47083,827,32.51,51,2018
47085,27204,11279.48,187,2018
47087,658,215.93,43,2018
47089,1803,363.58,163,2018
47091,2231,575.46,86,2018
47093,89330,14264.93,1028,2018
47095,12553,5316.11,282,2018
47097,1974,477.97,100,2018
47099,2327,851.67,129,2018
47101,782,116.6,74,2018
47103,14145,4900.45,153,2018
47105,3382,1048.87,218,2018
47107,1978,403.45,128,2018
47109,1606,684.0699999999999,72,2018
47111,221,90.9,27,2018
47113,2281,492.89,155,2018
47115,11183,1127.85,318,2018
47117,714,331.91999999999996,91,2018
47119,2199,361.01,163,2018
47121,6145,2419.86,112,2018
47123,1975,494.18,151,2018
47125,21039,2982.4100000000003,358,2018
47127,1062,172.11,46,2018
47129,2845,393.75,167,2018
47131,4632,1638.1,249,2018
47133,723,237.98,53,2018
47135,17807,3946.38,103,2018
47137,714,72.76,61,2018
47139,5271,1743.96,273,2018
47141,8700,524.53,184,2018
47143,2646,504.1,149,2018
47145,27284,8007.42,333,2018
47147,1180,523.1,123,2018
47149,31250,6175.88,624,2018
47151,9078,2684.13,167,2018
47153,1995,697.8299999999999,101,2018
47155,26341,1999.31,1609,2018
47157,56866,13806.54,1087,2018
47159,2005,607.59,71,2018
47161,7954,2948.9300000000003,140,2018
47163,39121,4229.22,628,2018
47165,7489,551.64,254,2018
47167,5156,379.97,67,2018
47169,308,110.13,22,2018
47171,3129,74.05,366,2018
47173,1908,152.71,49,2018
47175,2166,463.7,89,2018
47177,5901,2689.08,148,2018
47179,22407,4544.33,472,2018
47181,766,159.67000000000002,52,2018
47183,2811,573.72,51,2018
47185,2073,835.12,128,2018
47187,27957,4818.5,544,2018
47189,15043,5496.400000000001,421,2018
48001,3446,707.35,263,2018
48003,1017,18.66,81,2018
48005,15197,307.63,428,2018
48007,70927,1558.0,1010,2018
48009,3042,110.86,187,2018
48011,369,49.81,85,2018
48013,5052,1265.2,346,2018
48015,5564,2426.25,374,2018
48017,1289,67.56,159,2018
48019,18957,6.499999999999999,590,2018
48021,38458,10186.62,2393,2018
48023,520,37.92,89,2018
48025,11838,1937.56,202,2018
48027,26608,2394.75,1172,2018
48029,188407,4402.84,5213,2018
48031,25427,2.91,963,2018
48033,330,33.69,45,2018
48035,7749,93.52,307,2018
48037,10249,3824.58,336,2018
48039,73008,8319.94,1475,2018
48041,42716,6819.39,1271,2018
48043,73782,0.0,2263,2018
48045,1540,114.23,162,2018
48047,5321,804.57,267,2018
48049,7597,14.04,267,2018
48051,2425,676.32,217,2018
48053,37504,9.61,1041,2018
48055,8549,4924.21,407,2018
48057,26641,1620.82,583,2018
48059,390,28.03,95,2018
48061,355207,41641.84,4420,2018
48063,2055,445.16,52,2018
48065,574,165.83,174,2018
48067,1982,225.34,124,2018
48069,989,273.27000000000004,88,2018
48071,94016,36970.47,1259,2018
48073,2666,555.03,319,2018
48075,583,28.8,85,2018
48077,5119,56.36,257,2018
48079,829,142.82999999999998,77,2018
48081,768,16.78,58,2018
48083,2422,55.07,131,2018
48085,50216,685.03,1955,2018
48087,699,72.73,83,2018
48089,15158,10016.18,521,2018
48091,45707,272.01,1067,2018
48093,4326,42.690000000000005,138,2018
48095,2316,61.209999999999994,101,2018
48097,2591,270.46,218,2018
48099,9989,22.33,320,2018
48101,1268,29.12,157,2018
48103,416,0.0,67,2018
48105,5265,6.55,458,2018
48107,5677,2801.94,292,2018
48109,10834,72.77000000000001,743,2018
48111,911,70.72,164,2018
48113,106888,7579.17,4626,2018
48115,730,277.26,97,2018
48117,623,118.18,77,2018
48119,823,231.66,119,2018
48121,67684,5439.140000000001,3800,2018
48123,8789,5329.21,220,2018
48125,708,70.84,102,2018
48127,1612,24.53,336,2018
48129,731,24.21,112,2018
48131,2595,192.33,298,2018
48133,1333,33.160000000000004,149,2018
48135,2148,0.0,193,2018
48137,9880,0.0,322,2018
48139,13859,927.42,728,2018
48141,29275,176.25,1555,2018
48143,4885,170.72,424,2018
48145,1523,552.53,136,2018
48147,1498,281.03,178,2018
48149,5070,2129.84,802,2018
48151,2890,455.33,309,2018
48153,5652,1844.12,141,2018
48155,835,42.66,56,2018
48157,90624,10042.28,1874,2018
48159,3636,552.69,111,2018
48161,4978,284.24,181,2018
48163,2685,626.36,280,2018
48165,765,179.73,321,2018
48167,258189,11152.72,2214,2018
48169,1408,103.09,141,2018
48171,7629,51.41,630,2018
48173,750,66.44,107,2018
48175,6491,1870.38,273,2018
48177,13191,2260.9,479,2018
48179,859,43.02,93,2018
48181,61144,14604.02,793,2018
48183,4117,478.67,360,2018
48185,3171,1177.91,317,2018
48187,33759,1954.55,712,2018
48189,2408,419.84,295,2018
48191,692,140.74,109,2018
48193,2459,26.04,203,2018
48195,751,107.17,53,2018
48197,2929,725.88,227,2018
48199,21461,431.41,535,2018
48201,267555,16309.28,6798,2018
48203,5260,450.62,373,2018
48205,1123,22.11,87,2018
48207,721,230.61,56,2018
48209,52991,1757.5400000000002,2091,2018
48211,738,6.370000000000001,97,2018
48213,3511,602.01,224,2018
48215,499377,110609.43,3598,2018
48217,6459,707.17,430,2018
48219,854,243.44,96,2018
48221,3977,36.68,345,2018
48223,1834,408.2,219,2018
48225,3605,1316.6999999999998,204,2018
48227,1901,46.15,175,2018
48229,5579,1073.2100000000005,439,2018
48231,7172,627.0500000000001,261,2018
48233,1956,31.49,77,2018
48235,703,0.72,57,2018
48237,1940,24.61,114,2018
48239,7105,2142.87,407,2018
48241,7583,110.78,504,2018
48243,49103,43.53999999999999,1245,2018
48245,92375,23897.59,775,2018
48247,1464,70.63,130,2018
48249,4654,1334.53,422,2018
48251,17573,274.27,922,2018
48253,1518,89.30000000000001,117,2018
48255,2907,786.61,164,2018
48257,4632,3040.44,284,2018
48259,46236,86.67,948,2018
48261,23751,2222.55,666,2018
48263,1491,98.72,139,2018
48265,24547,19.28,813,2018
48267,42176,22.35,391,2018
48269,481,67.88,35,2018
48271,11856,11.39,527,2018
48273,22095,7208.37,910,2018
48275,453,107.43,53,2018
48277,2390,860.72,237,2018
48279,535,91.13,98,2018
48281,3757,13.74,206,2018
48283,2255,85.61,372,2018
48285,2190,938.86,196,2018
48287,12597,3516.92,642,2018
48289,1654,649.41,293,2018
48291,10443,1052.06,539,2018
48293,1871,387.72,112,2018
48295,202,3.48,37,2018
48297,6400,667.03,366,2018
48299,6275,4.39,505,2018
48301,255,0.0,51,2018
48303,28945,1553.68,2434,2018
48305,1976,705.7,307,2018
48307,1321,26.97,197,2018
48309,13257,393.37,717,2018
48311,14150,5050.53,213,2018
48313,871,426.9500000000001,95,2018
48315,1875,44.3,174,2018
48317,974,119.68,136,2018
48319,2473,5.04,212,2018
48321,41699,8254.47,693,2018
48323,2505,40.379999999999995,264,2018
48325,7555,579.52,405,2018
48327,2058,9.76,161,2018
48329,26779,155.33,626,2018
48331,10798,6092.39,392,2018
48333,1277,3.27,123,2018
48335,958,34.79,80,2018
48337,624,2.44,131,2018
48339,35341,303.8,1606,2018
48341,834,107.06,69,2018
48343,3439,416.37,125,2018
48345,356,6.870000000000001,43,2018
48347,15766,2748.86,738,2018
48349,7239,513.99,327,2018
48351,1916,81.64,331,2018
48353,779,84.92,110,2018
48355,132876,3390.23,1795,2018
48357,375,41.51,53,2018
48359,428,26.41,123,2018
48361,2389,206.62,158,2018
48363,7140,47.13,395,2018
48365,1762,524.01,185,2018
48367,4522,40.14,649,2018
48369,902,108.63,63,2018
48371,6938,7.54,498,2018
48373,2481,72.54,198,2018
48375,4518,59.11,415,2018
48377,8220,7.21,518,2018
48379,5257,2092.26,83,2018
48381,13147,162.71,627,2018
48383,1156,2.0,73,2018
48385,3919,0.0,235,2018
48387,2087,933.54,101,2018
48389,13793,1529.9799999999998,551,2018
48391,14143,2987.48,721,2018
48393,297,13.240000000000002,33,2018
48395,2273,643.89,222,2018
48397,2310,14.11,149,2018
48399,663,102.1,86,2018
48401,5474,1914.42,346,2018
48403,3563,165.69,95,2018
48405,5158,142.99,135,2018
48407,1662,66.98,205,2018
48409,26893,3782.08,781,2018
48411,10587,17.2,241,2018
48413,1043,44.38,112,2018
48415,1211,128.14,111,2018
48417,754,15.8,86,2018
48419,4073,326.07,113,2018
48421,319,71.53999999999999,66,2018
48423,14880,1949.12,711,2018
48425,7389,4.66,344,2018
48427,63154,727.12,600,2018
48429,1626,20.0,90,2018
48431,490,0.65,64,2018
48433,692,40.65,95,2018
48435,2472,0.0,247,2018
48437,2159,192.1,96,2018
48439,149377,1941.88,6437,2018
48441,5328,91.78,417,2018
48443,9642,0.5,344,2018
48445,624,137.25,67,2018
48447,2332,152.86,125,2018
48449,2090,630.26,146,2018
48451,23971,63.62,776,2018
48453,277187,11722.56,10543,2018
48455,1968,259.78,240,2018
48457,3294,135.52,246,2018
48459,1738,382.0,131,2018
48461,962,5.279999999999999,182,2018
48463,22283,883.84,492,2018
48465,21214,0.43,1404,2018
48467,7495,2113.56,214,2018
48469,10746,4458.26,494,2018
48471,6301,481.45,691,2018
48473,16720,10453.14,610,2018
48475,1038,1.12,112,2018
48477,5773,2178.4700000000003,436,2018
48479,21198,363.14,514,2018
48481,3672,2064.02,311,2018
48483,506,10.96,80,2018
48485,6694,76.21,585,2018
48487,1435,284.13,188,2018
48489,8677,3965.47,532,2018
48491,115672,5813.69,3505,2018
48493,8817,2144.9,437,2018
48495,178,0.0,34,2018
48497,8564,19.4,440,2018
48499,4780,2030.35,213,2018
48501,410,55.55,50,2018
48503,3271,260.56,152,2018
48505,12663,218.66,267,2018
48507,1247,231.99,129,2018
49001,3172,249.08,244,2018
49003,45474,3887.88,1194,2018
49005,22841,5572.25,930,2018
49007,1815,26.58,176,2018
49009,1623,21.97,187,2018
49011,90167,5604.4400000000005,1067,2018
49013,4040,187.99,314,2018
49015,2374,52.31,254,2018
49017,13942,1226.77,952,2018
49019,25051,2948.24,1033,2018
49021,5723,221.17,623,2018
49023,5235,853.0600000000001,250,2018
49025,7425,47.099999999999994,726,2018
49027,3994,645.45,405,2018
49029,11801,952.06,161,2018
49031,1205,178.71,139,2018
49033,4538,876.56,166,2018
49035,162478,6643.12,3140,2018
49037,10661,64.7,1158,2018
49039,6064,207.1,178,2018
49041,1741,140.1,190,2018
49043,22852,1571.39,705,2018
49045,9263,198.05,563,2018
49047,12890,2687.39,637,2018
49049,77229,10461.66,2412,2018
49051,9400,1720.81,515,2018
49053,72330,2026.63,2264,2018
49055,3339,957.38,337,2018
49057,20738,2153.82,621,2018
50001,61177,18441.83,2295,2018
50003,23165,3134.42,836,2018
50005,13717,2285.7,751,2018
50007,143826,16178.02,3785,2018
50009,15282,273.48,464,2018
50011,40780,8067.18,1329,2018
50013,16965,5343.53,633,2018
50015,23261,4705.32,1376,2018
50017,14573,2059.66,1048,2018
50019,19999,2895.73,824,2018
50021,75913,8893.91,2372,2018
50023,48828,7780.63,2896,2018
50025,49231,7792.4,1399,2018
50027,93823,19360.620000000003,2442,2018
51001,88931,1964.85,875,2018
51003,89002,21159.09,1240,2018
51005,1661,157.22,163,2018
51007,2714,1080.25,118,2018
51009,13705,1919.56,476,2018
51011,11370,1201.1,207,2018
51013,26111,0.0,991,2018
51015,34521,11976.51,1015,2018
51017,5930,625.92,261,2018
51019,21071,4330.4,576,2018
51021,1645,411.36,201,2018
51023,24831,3295.4,433,2018
51025,1461,283.15,134,2018
51027,3344,281.02,57,2018
51029,7424,2200.58,288,2018
51031,3411,786.98,196,2018
51033,2521,421.64,170,2018
51035,2255,433.83,159,2018
51036,6051,1358.84,225,2018
51037,2427,675.45,116,2018
51041,39766,187.43,712,2018
51043,23487,4472.96,419,2018
51045,5103,1336.84,192,2018
51047,18846,8104.62,799,2018
51049,3188,324.84,115,2018
51051,1410,6.57,70,2018
51053,2851,397.32,199,2018
51057,3969,1067.9,103,2018
51059,267021,9017.04,4631,2018
51061,47508,20207.17,1599,2018
51063,4280,868.11,190,2018
51065,9727,2140.77,218,2018
51067,6730,1173.84,207,2018
51069,26865,8098.6,440,2018
51071,10150,686.33,342,2018
51073,24759,1266.57,339,2018
51075,4027,945.11,238,2018
51077,5673,1284.73,280,2018
51079,5440,859.88,236,2018
51081,1083,178.8,87,2018
51083,15704,2018.87,290,2018
51085,7664,820.76,461,2018
51087,35599,3014.76,796,2018
51089,1064,63.11,63,2018
51091,13758,2443.77,305,2018
51093,4108,937.41,216,2018
51095,50990,1612.65,633,2018
51097,3832,705.51,147,2018
51099,6385,1236.08,126,2018
51101,5264,1115.39,165,2018
51103,10154,287.21,183,2018
51105,2641,1330.98,137,2018
51107,63814,15521.69,1342,2018
51109,8714,1711.52,324,2018
51111,3204,1954.08,204,2018
51113,9191,1548.39,604,2018
51115,5452,270.24,161,2018
51117,17245,2272.74,332,2018
51119,6768,246.6,164,2018
51121,51864,8009.37,923,2018
51125,17898,1753.75,378,2018
51127,5932,2064.24,325,2018
51131,54076,11367.86,760,2018
51133,4737,673.91,159,2018
51135,4407,399.72,209,2018
51137,8208,3170.3999999999996,245,2018
51139,7066,1198.37,495,2018
51141,2130,451.6,153,2018
51143,4697,1391.33,229,2018
51145,11892,1533.54,215,2018
51147,34149,2552.4,593,2018
51149,6169,762.57,225,2018
51153,99769,13835.72,1851,2018
51155,11020,2554.1,216,2018
51157,6090,3107.9,448,2018
51159,4154,1363.49,117,2018
51161,13328,1474.85,409,2018
51163,14384,4476.94,556,2018
51165,64451,20789.24,1206,2018
51167,898,309.67,63,2018
51169,1929,184.13,131,2018
51171,15840,5815.2300000000005,640,2018
51173,3621,376.17,291,2018
51175,1880,397.37,180,2018
51177,12176,545.6,401,2018
51179,20557,893.73,491,2018
51181,13165,579.1899999999999,174,2018
51183,7173,1371.17,266,2018
51185,7257,1827.12,109,2018
51187,19311,1648.48,707,2018
51191,4400,949.12,311,2018
51193,12128,3861.61,328,2018
51195,1774,56.09,127,2018
51197,4588,1335.5,435,2018
51199,25976,141.48,468,2018
51510,20229,0.0,453,2018
51520,1144,8.73,56,2018
51530,724,53.06,23,2018
51540,39794,1.1,309,2018
51550,14657,939.52,631,2018
51570,2203,0.0,52,2018
51580,615,24.340000000000003,31,2018
51590,1232,60.56,47,2018
51595,518,19.78,27,2018
51600,8861,0.0,86,2018
51610,1508,0.0,68,2018
51620,1141,123.97,24,2018
51630,5505,1.4,150,2018
51640,267,20.76,21,2018
51650,17304,21.25,362,2018
51660,8467,46.849999999999994,227,2018
51670,1301,0.0,44,2018
51678,476,0.0,38,2018
51680,7387,393.78,169,2018
51683,4686,0.02,70,2018
51685,564,0.0,16,2018
51690,329,0.0,21,2018
51700,19206,922.14,292,2018
51710,29585,0.0,303,2018
51720,183,0.0,22,2018
51730,1108,75.64,78,2018
51735,5074,0.0,77,2018
51740,12977,188.84,109,2018
51750,17210,990.48,95,2018
51760,30932,2.9299999999999997,731,2018
51770,11161,5.24,215,2018
51775,1499,40.39,86,2018
51790,8254,4296.43,91,2018
51800,21141,693.95,466,2018
51810,118752,10177.23,1432,2018
51820,3918,188.65,101,2018
51830,14524,5.58,193,2018
51840,1701,116.54,58,2018
53001,12706,1131.23,394,2018
53003,5236,327.25,278,2018
53005,20123,2364.26,609,2018
53007,68468,5473.82,1299,2018
53009,154009,22528.12,1900,2018
53011,107050,22795.3,1304,2018
53013,4314,589.26,279,2018
53015,22837,5454.98,542,2018
53017,21754,1529.37,534,2018
53019,5578,39.39,151,2018
53021,10524,1058.08,397,2018
53023,1601,70.82000000000001,113,2018
53025,32328,1928.73,873,2018
53027,33655,3383.3399999999997,915,2018
53029,69851,6805.1,910,2018
53031,56875,2064.03,1408,2018
53033,497241,22899.13,8273,2018
53035,77503,1767.0,1348,2018
53037,49297,4350.4,1613,2018
53039,46849,2425.47,1068,2018
53041,23021,5345.81,1008,2018
53043,16889,1641.85,478,2018
53045,28305,855.26,596,2018
53047,27249,1670.58,1410,2018
53049,27613,1680.99,637,2018
53051,7081,522.01,319,2018
53053,130630,5227.57,2704,2018
53055,35195,5265.65,812,2018
53057,119227,37472.21,1854,2018
53059,18859,1105.38,839,2018
53061,126455,17688.88,2768,2018
53063,56768,3973.82,1785,2018
53065,12709,3577.75,463,2018
53067,121067,6119.1900000000005,1726,2018
53069,15084,2516.04,129,2018
53071,65156,9852.87,1168,2018
53073,69640,8431.46,2309,2018
53075,17760,1354.41,693,2018
53077,56431,6230.62,1349,2018
54001,1685,329.44,67,2018
54003,6717,1574.0,336,2018
54005,113,0.4499999999999999,53,2018
54007,797,109.89,98,2018
54009,273,15.69,50,2018
54011,5242,1498.9,199,2018
54013,33,3.4800000000000004,9,2018
54015,90,1.0,18,2018
54017,185,19.25,13,2018
54019,6879,190.38,242,2018
54021,224,15.29,52,2018
54023,6160,1594.24,179,2018
54025,2990,265.37,201,2018
54027,3815,1590.7099999999998,144,2018
54029,190,25.130000000000003,36,2018
54031,11478,5515.04,310,2018
54033,1301,218.42,76,2018
54035,798,76.4,105,2018
54037,38109,13775.73,492,2018
54039,18574,155.78000000000003,341,2018
54041,3775,905.53,94,2018
54043,164,0.45,30,2018
54045,165,0.57,26,2018
54047,277,0.06,22,2018
54049,7280,961.73,100,2018
54051,667,61.669999999999995,59,2018
54053,4821,1570.79,163,2018
54055,4909,558.09,161,2018
54057,2424,722.3399999999999,44,2018
54059,121,0.96,14,2018
54061,21922,1612.54,706,2018
54063,1781,328.06,64,2018
54065,2488,194.65,149,2018
54067,3609,206.77,185,2018
54069,2370,122.71,132,2018
54071,9045,1806.63,445,2018
54073,1494,703.51,30,2018
54075,11324,2781.27,511,2018
54077,19397,3707.5,352,2018
54079,4691,96.27,104,2018
54081,7771,191.52,319,2018
54083,7354,1299.87,523,2018
54085,7386,266.73,43,2018
54087,146,30.59,21,2018
54089,6448,892.9300000000001,164,2018
54091,3456,562.89,98,2018
54093,11233,530.5699999999999,589,2018
54095,49,9.02,5,2018
54097,439,39.05,58,2018
54099,2345,60.64,78,2018
54101,1147,23.39,72,2018
54103,3106,3.69,21,2018
54105,78,15.51,8,2018
54107,10871,570.3399999999999,168,2018
54109,258,4.4,33,2018
55001,12124,2146.44,672,2018
55003,15844,1041.36,947,2018
55005,9133,1891.31,559,2018
55007,33580,3925.67,1549,2018
55009,34812,2186.92,1067,2018
55011,6603,1490.25,363,2018
55013,24370,1499.23,1206,2018
55015,18877,5974.78,497,2018
55017,17458,2807.13,619,2018
55019,7273,2240.44,440,2018
55021,21765,6939.14,993,2018
55023,14696,1129.49,447,2018
55025,264522,49833.89,4829,2018
55027,76762,13648.01,1517,2018
55029,45473,8621.57,1428,2018
55031,18317,928.47,1125,2018
55033,17786,6459.03,641,2018
55035,13660,1743.91,737,2018
55037,13367,947.52,397,2018
55039,27972,5690.74,1021,2018
55041,11118,455.81,742,2018
55043,33301,8885.19,887,2018
55045,10820,3460.79,529,2018
55047,23868,2625.53,685,2018
55049,28229,17911.88,854,2018
55051,7023,56.93,435,2018
55053,7089,1239.29,599,2018
55055,36664,11820.25,1407,2018
55057,14065,1000.06,747,2018
55059,14051,2863.07,795,2018
55061,16498,3537.44,367,2018
55063,26135,7213.45,579,2018
55065,4024,1781.35,297,2018
55067,5256,471.71,299,2018
55069,21039,2179.29,724,2018
55071,36545,9787.29,731,2018
55073,37519,8247.05,1287,2018
55075,25369,1330.68,872,2018
55077,6358,1598.68,554,2018
55078,1486,11.49,106,2018
55079,145065,1467.49,1453,2018
55081,11755,5071.9,595,2018
55083,13609,1387.74,548,2018
55085,17369,210.72,1151,2018
55087,30949,5366.29,793,2018
55089,63147,12485.73,977,2018
55091,1806,433.44,148,2018
55093,7391,2592.0299999999997,496,2018
55095,25573,3609.19,1152,2018
55097,29100,7894.68,1064,2018
55099,14284,1101.13,579,2018
55101,30142,3870.57,742,2018
55103,9425,2588.5299999999997,402,2018
55105,22338,7034.57,838,2018
55107,5888,1452.23,442,2018
55109,15016,4722.54,911,2018
55111,40452,11574.58,1348,2018
55113,6711,322.2,618,2018
55115,11011,2738.03,642,2018
55117,27227,7223.87,673,2018
55119,7344,2127.09,485,2018
55121,10568,2010.46,447,2018
55123,21815,5236.11,621,2018
55125,26222,265.40999999999997,1330,2018
55127,11710,3029.21,772,2018
55129,11464,1496.0300000000002,600,2018
55131,22681,6294.16,620,2018
55133,43397,5060.099999999999,1329,2018
55135,13209,3118.27,517,2018
55137,12075,2912.31,753,2018
55139,22412,3323.86,956,2018
55141,9174,3346.16,574,2018
56001,35552,178.79,1026,2018
56003,3052,223.91000000000005,310,2018
56005,3358,44.029999999999994,145,2018
56007,10223,1527.64,653,2018
56009,8844,37.28,271,2018
56011,3123,7.28,227,2018
56013,35016,1869.04,829,2018
56015,3447,216.85,156,2018
56017,1237,15.53,99,2018
56019,9251,97.03,383,2018
56021,23755,357.03000000000003,484,2018
56023,2250,162.15,215,2018
56025,7685,75.86999999999999,316,2018
56027,381,1.75,49,2018
56029,33535,745.33,2409,2018
56031,1539,65.92999999999999,146,2018
56033,9516,1781.09,388,2018
56035,5659,267.39,345,2018
56037,9225,20.59,424,2018
56039,47265,1038.11,2704,2018
56041,2195,316.56,184,2018
56043,5254,380.93,232,2018
56045,1023,23.85,117,2018
01001,3647,821.42,325,2019
01003,85991,5496.79,2371,2019
01005,14331,1367.32,207,2019
01007,6658,184.93,515,2019
01009,2295,316.14,220,2019
01011,5092,1090.0,201,2019
01013,946,100.08,145,2019
01015,11855,152.59,244,2019
01017,2709,591.41,117,2019
01019,1396,199.02,232,2019
01021,2567,141.91,156,2019
01023,3911,54.49,98,2019
01025,412,33.97,91,2019
01027,996,131.25,136,2019
01029,1869,61.62,191,2019
01031,1406,186.91,220,2019
01033,13350,4707.12,254,2019
01035,1134,131.32,162,2019
01037,564,30.61,67,2019
01039,3821,289.47,342,2019
01041,385,73.76,82,2019
01043,1637,113.2,184,2019
01045,2894,298.96,267,2019
01047,1261,339.85,151,2019
01049,3236,541.86,494,2019
01051,3781,544.59,367,2019
01053,1332,156.01,340,2019
01055,1417,281.05,236,2019
01057,551,26.7,47,2019
01059,1334,320.91,104,2019
01061,10263,2736.2799999999997,136,2019
01063,2773,144.03,130,2019
01065,9828,3323.94,262,2019
01067,1581,337.09000000000003,136,2019
01069,17947,1796.81,390,2019
01071,4968,1174.36,676,2019
01073,47893,273.96,1587,2019
01075,138,13.250000000000002,16,2019
01077,15657,2649.7200000000003,458,2019
01079,6906,1060.36,569,2019
01081,27389,5934.7,957,2019
01083,19449,8600.89,630,2019
01085,1855,585.11,287,2019
01087,7917,564.6800000000001,379,2019
01089,54552,11159.97,2878,2019
01091,6309,3694.22,207,2019
01093,488,264.26,50,2019
01095,14350,780.63,520,2019
01097,74888,834.91,1388,2019
01099,374,33.62,79,2019
01101,13096,1350.51,657,2019
01103,13369,4627.28,534,2019
01105,5678,837.95,168,2019
01107,750,78.94,73,2019
01109,2417,183.93,483,2019
01111,2749,1175.3,74,2019
01113,2588,227.49,221,2019
01115,2721,215.24,246,2019
01117,28870,4663.36,968,2019
01119,1729,460.49,153,2019
01121,2183,308.23,164,2019
01123,3099,224.32,1055,2019
01125,31765,4960.78,701,2019
01127,1353,125.44,136,2019
01129,2220,353.59000000000003,235,2019
01131,887,100.9,81,2019
01133,3390,85.57000000000001,412,2019
04001,20219,439.77,1481,2019
04003,510145,1927.81,5955,2019
04005,138542,976.77,6534,2019
04007,35896,56.96,1572,2019
04009,15744,350.12,636,2019
04011,4301,346.20000000000005,296,2019
04012,18825,2903.6,886,2019
04013,498052,30391.65,11145,2019
04015,35572,15.67,2240,2019
04017,28074,939.64,1113,2019
04019,795245,2296.65,12611,2019
04021,84238,16565.66,2554,2019
04023,368084,7888.820000000001,3122,2019
04025,165497,6224.04,4486,2019
04027,23626,1094.17,873,2019
05001,4297,447.37,110,2019
05003,1081,313.52,118,2019
05005,9374,919.36,589,2019
05007,36231,12647.67,1539,2019
05009,4947,1785.5,157,2019
05011,509,71.30000000000001,62,2019
05013,539,54.46,47,2019
05015,2567,243.21,325,2019
05017,1013,172.43,31,2019
05019,945,169.81,177,2019
05021,7131,5415.91,202,2019
05023,5368,826.5899999999999,197,2019
05025,282,20.53,32,2019
05027,3937,54.5,222,2019
05029,5936,1461.52,301,2019
05031,12335,1380.51,578,2019
05033,9847,4709.5,273,2019
05035,4164,665.87,297,2019
05037,1232,178.49,110,2019
05039,374,70.42000000000002,37,2019
05041,1236,231.1,55,2019
05043,1778,337.41,302,2019
05045,22814,4851.0599999999995,660,2019
05047,3243,769.4499999999999,354,2019
05049,1540,674.5500000000001,113,2019
05051,15277,284.4,656,2019
05053,438,68.75,41,2019
05055,2650,381.89,175,2019
05057,3218,315.18,208,2019
05059,1231,188.19,272,2019
05061,451,42.88,62,2019
05063,1133,101.09,96,2019
05065,600,115.63,191,2019
05067,621,283.19,76,2019
05069,8386,320.71,160,2019
05071,3118,714.78,418,2019
05073,545,282.72999999999996,38,2019
05075,657,215.76,139,2019
05077,636,192.75,44,2019
05079,307,89.65,20,2019
05081,727,83.37,69,2019
05083,2970,341.26,210,2019
05085,3641,1224.04,220,2019
05087,2326,585.15,206,2019
05089,5903,1142.12,240,2019
05091,1689,518.27,177,2019
05093,4144,1443.8,278,2019
05095,2265,334.56,171,2019
05097,1182,115.4,215,2019
05099,756,7.55,58,2019
05101,3099,408.72,326,2019
05103,326,3.4200000000000004,56,2019
05105,1286,284.92,193,2019
05107,827,140.11,94,2019
05109,439,51.5,90,2019
05111,2352,763.69,148,2019
05113,1229,70.96,240,2019
05115,13832,3242.8300000000004,794,2019
05117,1781,576.53,147,2019
05119,52743,2133.04,1363,2019
05121,954,252.02,134,2019
05123,709,193.2,138,2019
05125,13731,204.76,536,2019
05127,15311,3999.8,160,2019
05129,2968,517.91,132,2019
05131,14514,3938.53,433,2019
05133,744,60.17,67,2019
05135,580,127.09,129,2019
05137,1874,302.92,241,2019
05139,824,4.3100000000000005,97,2019
05141,613,69.72,164,2019
05143,26725,4709.51,1670,2019
05145,18790,9108.61,229,2019
05147,662,346.93,68,2019
05149,5340,762.69,283,2019
06001,313455,5165.88,7339,2019
06003,17953,328.46000000000004,1350,2019
06005,14183,20.45,554,2019
06007,61972,10630.54,2542,2019
06009,14209,0.29,701,2019
06011,32920,11230.55,746,2019
06013,281672,9276.76,7571,2019
06015,29770,2383.2,1258,2019
06017,46551,0.4,4340,2019
06019,95459,4216.57,3284,2019
06021,30924,1683.55,703,2019
06023,236588,16750.16,5676,2019
06025,89518,30665.69,2659,2019
06027,76152,5646.22,5533,2019
06029,96981,6717.13,4619,2019
06031,8441,2086.4,257,2019
06033,26634,1241.89,1434,2019
06035,27534,5047.889999999999,1161,2019
06037,907703,3858.79,30349,2019
06039,28750,3016.57,1399,2019
06041,344598,689.47,9796,2019
06043,29331,0.0,2428,2019
06045,119515,4676.5,3906,2019
06047,60169,5860.35,1314,2019
06049,18074,1808.37,947,2019
06051,61632,972.57,3787,2019
06053,368459,5892.120000000001,6824,2019
06055,65418,2701.56,2503,2019
06057,62073,118.65,2840,2019
06059,548008,867.85,9477,2019
06061,75638,6850.34,3484,2019
06063,51973,2145.02,2280,2019
06065,272119,7539.23,17122,2019
06067,293294,23325.67,4440,2019
06069,67024,2064.52,2498,2019
06071,167368,836.1800000000001,10903,2019
06073,817917,7767.4,34576,2019
06075,266594,1.0,3376,2019
06077,73546,20458.69,1482,2019
06079,266117,1850.69,7542,2019
06081,312588,2440.35,9733,2019
06083,274955,6126.26,6286,2019
06085,454421,5552.259999999999,11638,2019
06087,262248,18062.47,6553,2019
06089,52200,2093.92,2813,2019
06091,21754,384.75,1219,2019
06093,60292,6720.72,3187,2019
06095,100400,23550.699999999997,2378,2019
06097,248500,22438.54,9748,2019
06099,70756,22796.87,1140,2019
06101,14319,5038.39,396,2019
06103,24514,2051.08,1300,2019
06105,7612,18.41,1192,2019
06107,55302,7596.74,3366,2019
06109,44831,6.88,2424,2019
06111,191904,4906.42,6913,2019
06113,220964,100918.16,3401,2019
06115,16749,2663.87,656,2019
08001,111353,2751.21,1652,2019
08003,8200,11.5,314,2019
08005,136904,824.0300000000001,2096,2019
08007,18473,536.94,477,2019
08009,8471,276.42,262,2019
08011,16819,2026.57,301,2019
08013,271850,4373.66,6678,2019
08014,35034,483.03,423,2019
08015,14020,908.44,848,2019
08017,4091,431.24,176,2019
08019,11060,0.0,710,2019
08021,2713,119.27,390,2019
08023,2183,64.55,142,2019
08025,4866,40.08,127,2019
08027,5272,100.53,173,2019
08029,17341,2507.6100000000006,518,2019
08031,85736,583.6899999999999,2016,2019
08033,1057,55.4,157,2019
08035,100768,54.51,1813,2019
08037,21184,1534.63,933,2019
08039,5034,121.86,299,2019
08041,170871,381.24,3742,2019
08043,20130,466.76,601,2019
08045,13996,1411.21,759,2019
08047,5290,0.0,300,2019
08049,13539,61.72,1194,2019
08051,20669,1387.53,1753,2019
08053,2689,11.24,264,2019
08055,8318,9.23,333,2019
08057,18725,273.23,644,2019
08059,296593,29.88,4563,2019
08061,20430,609.57,281,2019
08063,4879,421.16,215,2019
08065,3688,0.0,317,2019
08067,21446,870.82,671,2019
08069,255567,2882.0,6492,2019
08071,9934,30.98,724,2019
08073,11349,852.99,374,2019
08075,18870,3309.53,408,2019
08077,80203,8683.1,2116,2019
08079,1708,2.24,297,2019
08081,7533,371.65,328,2019
08083,17207,821.25,847,2019
08085,41327,7250.04,756,2019
08087,11550,1019.57,342,2019
08089,9914,664.07,596,2019
08091,14343,1128.89,452,2019
08093,14715,0.24,913,2019
08095,4501,834.74,71,2019
08097,12272,229.14,643,2019
08099,28857,9212.99,404,2019
08101,74708,65.34,1071,2019
08103,3715,243.97,246,2019
08105,6834,273.73,341,2019
08107,14712,950.06,846,2019
08109,5847,82.54,502,2019
08111,4493,0.0,271,2019
08113,14787,736.63,604,2019
08115,4011,805.9499999999999,125,2019
08117,16186,3.0500000000000003,920,2019
08119,17134,0.24,667,2019
08121,9412,277.86,145,2019
08123,90147,6207.650000000001,2479,2019
08125,14483,1099.19,284,2019
09001,223397,6938.36,3769,2019
09003,111009,14864.1,3267,2019
09005,143496,11662.06,2926,2019
09007,84883,5080.24,2202,2019
09009,326473,11276.86,4149,2019
09011,103950,8106.81,3032,2019
09013,48941,6702.17,2055,2019
09015,42180,5098.37,1278,2019
10001,127911,12279.88,1257,2019
10003,157202,22799.64,2734,2019
10005,144902,6722.7,2029,2019
11001,178568,573.16,3249,2019
12001,271442,12379.77,3894,2019
12003,3218,110.7,279,2019
12005,19184,31.66,664,2019
12007,1346,105.08,126,2019
12009,281048,24886.25,3941,2019
12011,107803,469.25999999999993,3442,2019
12013,1524,419.96,183,2019
12015,89827,3701.79,1687,2019
12017,37548,3195.35,1263,2019
12019,43730,298.63,1018,2019
12021,177012,2687.31,4010,2019
12023,15686,3391.55,454,2019
12027,7576,2836.93,310,2019
12029,3424,679.01,163,2019
12031,121601,687.38,2468,2019
12033,48396,805.85,980,2019
12035,12743,952.13,637,2019
12037,38026,1.6700000000000002,1020,2019
12039,4870,82.37,592,2019
12041,2115,505.57,198,2019
12043,24841,2311.46,363,2019
12045,2727,4.54,281,2019
12047,1899,107.48,277,2019
12049,1697,688.71,168,2019
12051,18812,7681.75,541,2019
12053,62652,9044.43,1336,2019
12055,20211,3118.07,1220,2019
12057,127210,10320.01,5270,2019
12059,2485,277.45,320,2019
12061,61523,5175.8,1282,2019
12063,2805,531.5600000000001,392,2019
12065,12231,6948.96,572,2019
12067,2454,154.0,130,2019
12069,86433,23042.02,1988,2019
12071,237341,4136.62,4855,2019
12073,119727,11875.9,3578,2019
12075,25269,1377.54,1059,2019
12077,3168,125.58,691,2019
12079,2031,281.47,263,2019
12081,91229,5882.55,2289,2019
12083,67691,8364.27,2036,2019
12085,25615,2809.64,1346,2019
12086,245074,19059.18,8908,2019
12087,121716,183.85,2700,2019
12089,9359,23.53,600,2019
12091,23411,612.78,1012,2019
12093,15750,2915.38,754,2019
12095,256251,26476.230000000003,5937,2019
12097,71106,17528.25,2569,2019
12099,276964,24116.82,4018,2019
12101,56071,11479.92,1905,2019
12103,285994,530.27,3921,2019
12105,113456,8671.98,3702,2019
12107,19275,1206.98,969,2019
12109,102976,11219.3,2336,2019
12111,23691,2278.44,1101,2019
12113,30320,223.34,976,2019
12115,250695,4429.78,3001,2019
12117,69672,1864.93,1816,2019
12119,21599,2217.04,828,2019
12121,7890,339.08,373,2019
12123,2180,13.66,248,2019
12125,1053,166.91,81,2019
12127,114267,2156.77,3531,2019
12129,105364,204.32,1317,2019
12131,11585,212.6,870,2019
12133,5795,538.6600000000001,326,2019
13001,711,31.95,52,2019
13003,108,16.57,25,2019
13005,119,25.48,17,2019
13007,5807,685.05,261,2019
13009,2004,50.580000000000005,88,2019
13011,421,161.78,41,2019
13013,3557,584.35,143,2019
13015,27447,6575.259999999999,584,2019
13017,544,109.98,62,2019
13019,2702,292.33,118,2019
13021,47139,5591.700000000001,434,2019
13023,1322,196.14,68,2019
13025,579,66.37,94,2019
13027,10222,3497.97,200,2019
13029,7025,6.68,263,2019
13031,21751,7101.42,677,2019
13033,6023,750.96,212,2019
13035,7298,470.34,162,2019
13037,238,49.3,27,2019
13039,20583,303.7,551,2019
13043,678,171.29000000000002,138,2019
13045,16892,1715.64,425,2019
13047,2737,596.61,285,2019
13049,6348,8.51,257,2019
13051,65712,360.53,1393,2019
13053,1000,21.66,75,2019
13055,6459,2229.61,109,2019
13057,14087,455.87,653,2019
13059,56885,4185.5,658,2019
13061,1329,128.99,37,2019
13063,21172,1097.6,525,2019
13065,1923,30.69,82,2019
13067,98310,9171.52,1779,2019
13069,871,41.93,76,2019
13071,590,81.06,65,2019
13073,8795,260.23,195,2019
13075,1285,101.32,145,2019
13077,14311,2550.41,459,2019
13079,740,208.08,51,2019
13081,1754,199.66,119,2019
13083,2243,226.08,183,2019
13085,5118,78.26,170,2019
13087,8544,3364.94,165,2019
13089,158327,3272.88,2551,2019
13091,273,25.51,30,2019
13093,9617,3481.7799999999997,118,2019
13095,5367,336.53999999999996,205,2019
13097,2884,68.53,333,2019
13099,2527,520.12,102,2019
13101,433,6.1,41,2019
13103,1083,80.77,128,2019
13105,615,86.18,49,2019
13107,1398,314.2,157,2019
13109,516,28.16,83,2019
13111,15273,3317.41,453,2019
13113,17932,2040.65,672,2019
13115,12265,2502.41,410,2019
13117,26254,4003.29,483,2019
13119,1344,717.93,63,2019
13121,115460,11358.169999999998,3232,2019
13123,4100,86.39999999999999,239,2019
13125,211,20.67,24,2019
13127,85210,937.09,1437,2019
13129,4861,1944.19,242,2019
13131,2192,103.56,97,2019
13133,7460,847.44,248,2019
13135,42911,3026.03,1261,2019
13137,1039,190.4,162,2019
13139,11482,2621.02,348,2019
13141,554,38.75,38,2019
13143,366,50.41,50,2019
13145,2211,81.03,242,2019
13147,1909,406.47,91,2019
13149,353,79.17999999999999,48,2019
13151,7283,1785.35,362,2019
13153,4244,268.87,162,2019
13155,850,157.21,91,2019
13157,2649,575.6800000000001,187,2019
13159,5173,470.79,118,2019
13161,2097,1201.99,49,2019
13163,471,119.81,47,2019
13165,663,48.49,63,2019
13167,195,27.56,29,2019
13169,13117,5902.87,142,2019
13171,1993,399.51,98,2019
13173,315,27.06,43,2019
13175,3835,691.5,178,2019
13177,1901,528.47,145,2019
13179,11021,86.7,279,2019
13181,525,29.84,29,2019
13183,1192,345.92,86,2019
13185,13059,1258.8,381,2019
13187,1283,69.72999999999999,196,2019
13189,1068,224.61,63,2019
13191,34406,54.98,630,2019
13193,4150,2840.57,132,2019
13195,2640,1092.22,110,2019
13197,658,158.35,64,2019
13199,1174,253.71,111,2019
13201,2896,1521.4,114,2019
13205,2472,1278.81,127,2019
13207,4129,120.42,152,2019
13209,189,38.48,38,2019
13211,5382,3139.54,197,2019
13213,9755,2074.64,668,2019
13215,24364,1225.83,300,2019
13217,2713,808.86,103,2019
13219,17141,6856.97,374,2019
13221,4355,1844.81,165,2019
13223,1648,157.32,158,2019
13225,628,200.78,85,2019
13227,3596,170.67000000000002,135,2019
13229,163,8.25,26,2019
13231,229,62.6,34,2019
13233,2388,133.01999999999998,66,2019
13235,1069,198.72,56,2019
13237,2853,113.8,83,2019
13239,290,17.87,29,2019
13241,10498,718.48,470,2019
13243,441,147.54,47,2019
13245,24320,2718.88,351,2019
13247,6178,3634.54,135,2019
13249,7602,2033.1900000000005,69,2019
13251,509,98.71,81,2019
13253,1705,267.16,94,2019
13255,6720,301.53000000000003,148,2019
13257,545,31.3,84,2019
13259,3319,53.91,73,2019
13261,3865,580.38,82,2019
13263,598,86.37,31,2019
13265,480,60.57,36,2019
13267,2827,941.35,158,2019
13269,782,70.82,55,2019
13271,514,27.59,67,2019
13273,250,64.96,48,2019
13275,5804,2097.4300000000003,203,2019
13277,5351,1399.0,279,2019
13279,327,34.99,59,2019
13281,5012,525.26,200,2019
13283,345,36.04,58,2019
13285,3723,1507.16,175,2019
13287,1198,349.81,106,2019
13289,693,74.39999999999999,73,2019
13291,4084,172.35,283,2019
13293,1040,177.21,51,2019
13295,3294,772.2,489,2019
13297,8915,1979.95,178,2019
13299,1236,59.58,141,2019
13301,417,75.08,52,2019
13303,1129,92.38,41,2019
13305,380,10.23,72,2019
13307,423,81.67,52,2019
13309,941,25.040000000000003,140,2019
13311,2719,114.09,278,2019
13313,6323,2680.02,239,2019
13315,354,142.08,36,2019
13317,880,344.05999999999995,63,2019
13319,274,13.53,31,2019
13321,724,181.77,82,2019
16001,132133,3943.95,2108,2019
16003,9906,970.92,270,2019
16005,17284,644.96,1612,2019
16007,4078,238.12,261,2019
16009,3405,189.31,214,2019
16011,2704,373.87,236,2019
16013,19103,2622.0299999999997,1005,2019
16015,8530,189.45,541,2019
16017,13904,336.6,863,2019
16019,14509,2350.1200000000003,532,2019
16021,10557,1071.75,639,2019
16023,2422,138.22,257,2019
16025,6752,2273.69,157,2019
16027,50979,11632.73,982,2019
16029,1857,250.43,180,2019
16031,20493,1798.21,785,2019
16033,1471,2.22,152,2019
16035,1732,59.24,233,2019
16037,5676,86.67,650,2019
16039,13664,1217.39,461,2019
16041,715,80.46,95,2019
16043,8629,383.73,693,2019
16045,7499,1209.68,194,2019
16047,11326,1855.25,319,2019
16049,9320,556.73,962,2019
16051,19708,1711.76,360,2019
16053,1621,196.94,129,2019
16055,11966,251.55,760,2019
16057,44583,4581.14,1278,2019
16059,8526,1926.74,486,2019
16061,1353,130.43,89,2019
16063,423,10.51,54,2019
16065,2950,477.2,215,2019
16067,3367,483.04,154,2019
16069,24090,1003.34,561,2019
16071,2202,179.3,181,2019
16073,14527,1775.41,672,2019
16075,7927,1937.41,162,2019
16077,4372,909.16,373,2019
16079,1568,1.11,207,2019
16081,4449,802.56,375,2019
16083,25781,5611.02,956,2019
16085,13653,185.53,907,2019
16087,1420,126.89,152,2019
17001,11385,2672.95,309,2019
17003,7992,5356.07,203,2019
17005,2801,792.88,94,2019
17007,5547,1968.56,440,2019
17009,1827,958.97,45,2019
17011,13384,2933.41,363,2019
17013,2638,1322.87,54,2019
17015,12234,2934.39,327,2019
17017,1672,598.29,119,2019
17019,48703,5743.07,1483,2019
17021,3340,533.19,154,2019
17023,3630,1724.69,173,2019
17025,398,100.8,55,2019
17027,23103,5628.79,193,2019
17029,36795,4999.9,970,2019
17031,630335,12130.36,12322,2019
17033,2505,1289.42,66,2019
17035,480,138.98,113,2019
17037,11059,4052.51,589,2019
17039,8617,1737.55,247,2019
17041,1643,783.74,151,2019
17043,216405,13875.24,4229,2019
17045,995,412.78,61,2019
17047,1176,1016.59,45,2019
17049,4761,638.03,167,2019
17051,3099,339.65000000000003,163,2019
17053,1001,376.85,102,2019
17055,3882,285.61,202,2019
17057,17812,10265.23,367,2019
17059,1260,329.15999999999997,73,2019
17061,980,463.59,57,2019
17063,14439,2180.81,435,2019
17065,638,254.27,47,2019
17067,1637,407.55,154,2019
17069,2277,1002.47,129,2019
17071,1094,380.08,81,2019
17073,5284,970.71,225,2019
17075,4071,767.99,264,2019
17077,24825,5254.58,1258,2019
17079,3074,2094.68,113,2019
17081,3785,802.15,167,2019
17083,1987,185.61,159,2019
17085,5918,2089.34,439,2019
17087,10949,3277.6899999999996,584,2019
17089,95413,21903.54,2687,2019
17091,33190,6685.36,828,2019
17093,32908,5575.04,796,2019
17095,2268,306.38,168,2019
17097,165797,18840.17,3753,2019
17099,36087,18945.82,811,2019
17101,502,127.55,50,2019
17103,9146,2648.97,676,2019
17105,2167,713.62,255,2019
17107,2334,1086.97,161,2019
17109,3393,973.74,166,2019
17111,74671,10779.61,1592,2019
17113,36114,6627.830000000001,1176,2019
17115,4139,530.67,343,2019
17117,1335,650.26,114,2019
17119,37441,2328.12,1079,2019
17121,1361,598.28,140,2019
17123,1596,179.99,99,2019
17125,14344,2608.9500000000003,534,2019
17127,5856,882.17,213,2019
17129,26913,12664.08,242,2019
17131,946,184.78,64,2019
17133,7224,1573.85,236,2019
17135,1913,578.18,185,2019
17137,6943,2587.51,177,2019
17139,2430,236.17,69,2019
17141,5631,1301.48,450,2019
17143,23564,4201.71,523,2019
17145,2136,841.31,108,2019
17147,7849,1958.68,267,2019
17149,2387,1104.96,157,2019
17151,2903,396.86,292,2019
17153,6045,2566.82,273,2019
17155,19511,13895.79,169,2019
17157,2260,1141.8,162,2019
17159,2755,257.03,86,2019
17161,13626,2072.98,423,2019
17163,22201,1661.86,663,2019
17165,12212,4244.639999999999,299,2019
17167,24196,5276.38,966,2019
17169,917,315.28,74,2019
17171,1142,676.96,66,2019
17173,2919,595.97,192,2019
17175,913,561.4300000000001,24,2019
17177,4103,1860.05,267,2019
17179,16693,1993.32,510,2019
17181,11260,1736.01,739,2019
17183,8594,1584.78,664,2019
17185,1104,331.69,62,2019
17187,1092,487.52,58,2019
17189,732,134.22,101,2019
17191,575,236.47,43,2019
17193,6301,1214.4199999999998,73,2019
17195,3694,376.49,254,2019
17197,101551,24308.25,3489,2019
17199,19754,4606.0,395,2019
17201,27052,4073.45,1474,2019
17203,14388,8343.95,423,2019
18001,904,667.0600000000001,60,2019
18003,35771,11603.46,951,2019
18005,3194,465.02,257,2019
18007,2396,559.0400000000001,45,2019
18009,2261,589.6,42,2019
18011,31020,7827.35,518,2019
18013,22048,1273.37,583,2019
18015,882,113.36,58,2019
18017,781,220.02,48,2019
18019,8819,508.99,341,2019
18021,1354,968.68,116,2019
18023,5772,1789.1999999999998,77,2019
18025,3059,606.1400000000001,145,2019
18027,1237,557.16,86,2019
18029,5020,1776.07,138,2019
18031,5681,1582.14,122,2019
18033,769,162.0,104,2019
18035,6683,841.14,272,2019
18037,6647,1592.25,132,2019
18039,60349,9550.2,679,2019
18041,4181,115.48,46,2019
18043,4490,396.98,219,2019
18045,513,136.83,89,2019
18047,3607,689.56,150,2019
18049,947,226.36,112,2019
18051,36609,12719.21,370,2019
18053,11856,5431.49,164,2019
18055,35221,12618.07,413,2019
18057,39702,2654.46,1128,2019
18059,11060,4045.21,419,2019
18061,13767,2545.79,224,2019
18063,9292,499.54,568,2019
18065,3407,476.97,160,2019
18067,495,157.41,94,2019
18069,5465,1758.2199999999998,173,2019
18071,11699,1109.05,321,2019
18073,1723,275.87,200,2019
18075,1613,714.39,59,2019
18077,1702,161.65,208,2019
18079,1829,158.15,126,2019
18081,18181,2687.01,440,2019
18083,4707,1592.43,116,2019
18085,18646,2573.27,314,2019
18087,21113,6077.62,492,2019
18089,36765,1738.1,1807,2019
18091,20834,2784.26,527,2019
18093,7008,1910.04,206,2019
18095,12636,950.89,395,2019
18097,144356,9588.8,2452,2019
18099,2625,844.01,189,2019
18101,2737,636.5199999999999,52,2019
18103,1521,427.07,127,2019
18105,71106,10580.12,1967,2019
18107,3523,1907.96,202,2019
18109,5754,1202.14,554,2019
18111,16927,7347.37,350,2019
18113,10799,2272.4700000000003,249,2019
18115,175,60.54,18,2019
18117,3976,658.8100000000001,317,2019
18119,3487,285.36,247,2019
18121,2889,291.8,223,2019
18123,2484,169.84,433,2019
18125,3989,1132.25,153,2019
18127,69788,4204.69,1469,2019
18129,3277,277.41,137,2019
18131,790,194.35,105,2019
18133,13243,2693.35,238,2019
18135,217,79.22,36,2019
18137,1694,320.89,152,2019
18139,396,150.5,40,2019
18141,41363,3602.4,942,2019
18143,2970,869.9000000000001,126,2019
18145,954,251.59,172,2019
18147,7729,2858.43,164,2019
18149,3570,1163.48,147,2019
18151,5123,761.9300000000001,323,2019
18153,10369,3811.18,164,2019
18155,279,75.65,52,2019
18157,98549,13232.23,908,2019
18159,227,143.73,44,2019
18161,8059,1104.06,130,2019
18163,39359,1967.87,690,2019
18165,1498,286.89,70,2019
18167,22175,5295.53,412,2019
18169,4858,725.84,174,2019
18171,772,150.5,74,2019
18173,22359,8036.16,257,2019
18175,2550,601.03,109,2019
18177,5512,1477.16,342,2019
18179,1397,492.8,46,2019
18181,2552,502.34,180,2019
18183,22086,1264.26,158,2019
19001,380,160.04,76,2019
19003,499,223.98,52,2019
19005,5831,1090.07,194,2019
19007,1461,347.01,62,2019
19009,226,97.89,23,2019
19011,1916,546.32,114,2019
19013,14540,1200.32,493,2019
19015,3357,670.9,283,2019
19017,7475,2394.12,182,2019
19019,4457,1847.13,167,2019
19021,508,78.6,33,2019
19023,1838,301.90000000000003,80,2019
19025,329,48.15,45,2019
19027,1413,134.85,87,2019
19029,793,186.5,71,2019
19031,769,222.61,125,2019
19033,3836,855.87,258,2019
19035,466,155.81,46,2019
19037,477,205.31,75,2019
19039,296,103.36,53,2019
19041,1898,270.36,53,2019
19043,2297,499.26,158,2019
19045,1314,214.46,111,2019
19047,199,24.52,23,2019
19049,5194,2376.68,301,2019
19051,284,58.6,30,2019
19053,1316,350.43,86,2019
19055,737,151.1,76,2019
19057,3082,2118.05,78,2019
19059,3805,725.16,178,2019
19061,14060,1746.14,356,2019
19063,177,49.46,21,2019
19065,915,153.29,89,2019
19067,1068,282.61,95,2019
19069,298,109.86,60,2019
19071,1225,404.07,118,2019
19073,4002,1648.95,145,2019
19075,389,96.46,55,2019
19077,1025,228.49,84,2019
19079,1000,270.42,114,2019
19081,771,250.57,75,2019
19083,1715,881.39,130,2019
19085,2037,678.87,107,2019
19087,769,226.19,82,2019
19089,237,160.49,44,2019
19091,201,143.31,20,2019
19093,336,60.08,27,2019
19095,2204,1050.28,143,2019
19097,6406,312.07,166,2019
19099,6417,2225.37,204,2019
19101,10133,2454.69,260,2019
19103,47233,5287.5199999999995,1190,2019
19105,781,178.87,68,2019
19107,281,151.44,59,2019
19109,1153,632.85,59,2019
19111,2484,165.87,110,2019
19113,23384,2741.33,752,2019
19115,7479,3842.07,134,2019
19117,4005,1475.8,105,2019
19119,767,342.46,76,2019
19121,8165,3125.65,497,2019
19123,750,302.89,47,2019
19125,7209,936.23,221,2019
19127,2982,511.05,86,2019
19129,881,411.02,122,2019
19131,158,66.67,37,2019
19133,1075,195.28,101,2019
19135,349,36.23,26,2019
19137,226,81.62,19,2019
19139,4689,518.55,232,2019
19141,164,79.66000000000001,38,2019
19143,83,48.3,21,2019
19145,583,252.25,64,2019
19147,455,83.69,26,2019
19149,573,130.97,97,2019
19151,92,38.84,21,2019
19153,54910,7096.85,1437,2019
19155,9001,2992.14,626,2019
19157,1861,312.86,107,2019
19159,1366,711.61,59,2019
19161,762,123.61,58,2019
19163,10029,528.66,430,2019
19165,523,86.34,12,2019
19167,4241,2199.11,337,2019
19169,25644,4622.25,858,2019
19171,2668,718.16,78,2019
19173,416,151.22,37,2019
19175,789,76.36,36,2019
19177,5638,759.42,162,2019
19179,970,262.35,84,2019
19181,1610,280.06,168,2019
19183,2241,864.34,108,2019
19185,718,205.16,51,2019
19187,3282,210.37,110,2019
19189,1102,301.35,70,2019
19191,2022,830.56,188,2019
19193,6151,693.91,305,2019
19195,447,110.14,55,2019
19197,377,160.73,51,2019
20001,4268,2267.48,170,2019
20003,1433,484.01,110,2019
20005,4164,1098.36,164,2019
20007,1902,145.5,161,2019
20009,23789,467.74,419,2019
20011,4245,828.88,144,2019
20013,4056,751.55,233,2019
20015,6478,242.09,387,2019
20017,3571,213.17,352,2019
20019,3646,785.11,129,2019
20021,2298,616.78,115,2019
20023,3780,648.75,250,2019
20025,1008,192.83999999999995,74,2019
20027,2013,469.45,97,2019
20029,648,201.9,75,2019
20031,2292,465.77,173,2019
20033,3352,143.38,74,2019
20035,5636,403.11,254,2019
20037,7446,908.59,183,2019
20039,334,24.72,26,2019
20041,1275,136.75,172,2019
20043,1218,415.37,79,2019
20045,176574,33652.659999999996,1281,2019
20047,776,231.59,71,2019
20049,2377,259.29,127,2019
20051,4608,214.55,234,2019
20053,4795,321.62,244,2019
20055,4110,1048.96,286,2019
20057,7572,555.48,221,2019
20059,7495,2982.15,303,2019
20061,3164,83.95,214,2019
20063,1154,151.87,124,2019
20065,363,35.0,73,2019
20067,1216,153.09,62,2019
20069,898,184.68,74,2019
20071,820,192.14,53,2019
20073,2382,185.79,147,2019
20075,2377,193.96,138,2019
20077,2380,95.5,88,2019
20079,19016,969.83,284,2019
20081,651,251.58,44,2019
20083,1090,60.91,59,2019
20085,7007,5354.49,108,2019
20087,66571,15235.06,312,2019
20089,855,48.8,53,2019
20091,100129,12270.48,1850,2019
20093,1305,93.06,64,2019
20095,2974,206.15,123,2019
20097,1306,232.29,88,2019
20099,2235,717.13,85,2019
20101,377,116.83,59,2019
20103,16903,5116.92,368,2019
20105,1347,118.85,97,2019
20107,10098,2104.06,162,2019
20109,2256,364.77,128,2019
20111,3674,317.67,227,2019
20113,15106,3825.77,278,2019
20115,8528,1419.67,225,2019
20117,1092,138.14,58,2019
20119,1031,75.31,104,2019
20121,11866,5322.5,263,2019
20123,1192,180.23,93,2019
20125,1521,383.66,116,2019
20127,1202,71.21000000000001,78,2019
20129,7917,304.67,225,2019
20131,1315,329.18,75,2019
20133,7178,1553.27,112,2019
20135,582,58.91,71,2019
20137,506,50.3,62,2019
20139,8799,1349.13,212,2019
20141,496,63.29,55,2019
20143,1488,552.2399999999999,52,2019
20145,1121,264.64,81,2019
20147,1168,95.6,46,2019
20149,14802,2617.18,182,2019
20151,6095,1056.59,195,2019
20153,733,278.94,26,2019
20155,8204,997.45,554,2019
20157,652,177.03,28,2019
20159,1995,241.84,141,2019
20161,23973,2853.84,1256,2019
20163,1067,100.49,77,2019
20165,1607,202.73,123,2019
20167,9261,108.2,231,2019
20169,5169,737.25,273,2019
20171,2705,250.46,109,2019
20173,38328,1511.96,1294,2019
20175,1269,84.3,80,2019
20177,38590,8179.4,690,2019
20179,929,192.21,79,2019
20181,1894,193.43,107,2019
20183,584,122.89,54,2019
20185,30207,595.54,321,2019
20187,2546,750.02,122,2019
20189,995,270.88,70,2019
20191,13811,473.76,541,2019
20193,993,125.84,127,2019
20195,1927,222.39,157,2019
20197,4117,291.03000000000003,168,2019
20199,928,94.93,52,2019
20201,1169,61.27,52,2019
20203,268,44.04,26,2019
20205,1590,265.46999999999997,78,2019
20207,1803,358.77,111,2019
20209,9780,1601.64,210,2019
21001,1743,542.45,62,2019
21003,4865,645.66,90,2019
21005,1928,867.02,139,2019
21007,1647,500.37,89,2019
21009,5976,1805.31,234,2019
21011,1883,166.56,113,2019
21013,950,8.51,194,2019
21015,8629,1124.47,535,2019
21017,744,336.33,63,2019
21019,486,101.38,58,2019
21021,1312,454.37,282,2019
21023,500,49.25,39,2019
21025,138,5.609999999999999,14,2019
21027,1023,119.24,138,2019
21029,14385,1589.31,394,2019
21031,158,20.63,30,2019
21033,505,102.84,51,2019
21035,5264,755.1899999999999,196,2019
21037,4342,113.74,489,2019
21039,302,95.05,40,2019
21041,857,265.15000000000003,74,2019
21043,1009,94.06,133,2019
21045,2422,1012.44,158,2019
21047,11197,6563.63,257,2019
21049,2031,1103.3,270,2019
21051,243,39.9,19,2019
21053,217,97.38,39,2019
21055,626,98.44,29,2019
21057,69,22.78,18,2019
21059,6121,1021.44,168,2019
21061,6358,99.67,296,2019
21063,151,6.3500000000000005,18,2019
21065,438,44.29,85,2019
21067,55778,13057.87,1072,2019
21069,315,120.26,34,2019
21071,251,12.12,35,2019
21073,11094,3555.7,369,2019
21075,6914,3459.4300000000003,142,2019
21077,247,17.15,51,2019
21079,2084,1023.13,145,2019
21081,1046,166.07999999999998,108,2019
21083,1270,437.15,94,2019
21085,689,192.46,111,2019
21087,411,162.96,63,2019
21089,863,348.22,73,2019
21091,914,298.39,50,2019
21093,9267,1140.91,469,2019
21095,1097,18.12,156,2019
21097,1506,466.04,75,2019
21099,5589,3063.9199999999996,201,2019
21101,20894,6941.1,245,2019
21103,878,278.26,139,2019
21105,433,116.57,70,2019
21107,9965,4222.509999999999,293,2019
21109,548,70.09,113,2019
21111,115206,21282.49,1905,2019
21113,8458,3759.27,240,2019
21115,548,24.71,64,2019
21117,8142,1671.44,685,2019
21119,391,21.17,28,2019
21121,261,58.66,49,2019
21123,2709,885.3100000000001,156,2019
21125,3319,140.52,329,2019
21127,232,60.89000000000001,23,2019
21129,562,48.84,118,2019
21131,133,1.44,35,2019
21133,919,6.370000000000001,138,2019
21135,434,92.41,155,2019
21137,9125,3564.6400000000003,163,2019
21139,3272,90.55,87,2019
21141,12886,6603.080000000001,144,2019
21143,8528,1345.21,229,2019
21145,2183,305.28000000000003,197,2019
21147,2693,49.1,377,2019
21149,559,303.42,49,2019
21151,19236,3289.4,973,2019
21153,208,61.400000000000006,7,2019
21155,892,446.7999999999999,33,2019
21157,15969,2743.92,222,2019
21159,134,31.020000000000003,3,2019
21161,547,135.85,69,2019
21163,1438,163.9,70,2019
21165,1900,242.37,252,2019
21167,5611,4688.0199999999995,296,2019
21169,1941,671.98,70,2019
21171,192,51.14,36,2019
21173,459,195.87,64,2019
21175,235,19.84,38,2019
21177,3581,1101.53,223,2019
21179,1564,524.5,127,2019
21181,693,168.83,29,2019
21183,1758,354.89,54,2019
21185,14087,6959.79,152,2019
21187,1145,560.26,112,2019
21189,361,64.12,21,2019
21191,626,91.79,42,2019
21193,368,9.75,35,2019
21195,1759,11.29,57,2019
21197,3724,53.29,378,2019
21199,16299,5511.6900000000005,335,2019
21201,712,73.68,19,2019
21203,1374,671.49,262,2019
21205,4086,892.3100000000001,210,2019
21207,2483,159.06,87,2019
21209,2301,875.93,261,2019
21211,9376,4664.99,240,2019
21213,612,286.03,74,2019
21215,723,109.67,52,2019
21217,1653,290.7,103,2019
21219,8251,3936.74,154,2019
21221,8026,768.59,545,2019
21223,192,49.48,40,2019
21225,1261,448.66,39,2019
21227,13674,8555.48,432,2019
21229,516,97.72,25,2019
21231,2202,1010.99,132,2019
21233,243,93.88,32,2019
21235,1416,23.74,207,2019
21237,2821,94.77,280,2019
21239,1513,484.41,192,2019
22001,6823,2454.2799999999997,259,2019
22003,2332,288.25,150,2019
22005,3584,94.52,164,2019
22007,1796,94.98,91,2019
22009,1507,598.62,110,2019
22011,2645,395.66,212,2019
22013,320,20.25,45,2019
22015,7659,1679.9199999999998,343,2019
22017,10028,1689.8,487,2019
22019,32499,9223.22,1626,2019
22021,429,76.21000000000001,35,2019
22023,86390,16244.17,1070,2019
22025,2606,654.99,147,2019
22027,3059,1321.15,59,2019
22029,3791,930.05,219,2019
22031,2766,1133.66,100,2019
22033,58734,3442.47,1449,2019
22035,993,341.07,29,2019
22037,3323,408.52,109,2019
22039,1870,264.08,177,2019
22041,728,262.71999999999997,78,2019
22043,3039,27.84,267,2019
22045,3581,350.57,121,2019
22047,13713,1561.5,193,2019
22049,533,29.81,35,2019
22051,44550,4.25,816,2019
22053,21657,9800.7,602,2019
22055,21204,1388.57,482,2019
22057,19350,1814.52,483,2019
22059,6404,85.09,96,2019
22061,4533,230.36,273,2019
22063,8009,681.9500000000002,304,2019
22065,1246,156.15,145,2019
22067,1342,702.61,68,2019
22069,4214,792.25,291,2019
22071,71674,31.83,1228,2019
22073,11045,3949.82,430,2019
22075,22528,540.9300000000001,373,2019
22077,2853,1215.8,91,2019
22079,16489,2015.52,688,2019
22081,2526,2103.67,58,2019
22083,1863,329.53999999999996,99,2019
22085,1286,28.85,104,2019
22087,4751,43.33,153,2019
22089,5021,42.489999999999995,225,2019
22091,1957,215.84,67,2019
22093,1024,195.82,88,2019
22095,3024,74.43,174,2019
22097,4958,2272.78,257,2019
22099,12737,1744.41,329,2019
22101,4401,397.19,162,2019
22103,60539,452.09,1683,2019
22105,12705,837.01,465,2019
22107,653,203.15,54,2019
22109,11249,1077.48,285,2019
22111,4046,118.0,155,2019
22113,12976,4935.06,396,2019
22115,16026,560.09,936,2019
22117,4738,1277.45,233,2019
22119,1137,66.37,90,2019
22121,1976,825.75,188,2019
22123,763,254.39,27,2019
22125,2462,240.92,205,2019
22127,759,76.71000000000001,61,2019
23001,14201,907.01,577,2019
23003,11656,1206.86,1039,2019
23005,236023,14039.87,4055,2019
23007,20374,1019.29,1320,2019
23009,130727,2865.23,3986,2019
23011,74745,5522.51,1949,2019
23013,29627,2438.1,1215,2019
23015,98325,5788.6,1634,2019
23017,23498,1751.59,1462,2019
23019,76353,6802.17,2604,2019
23021,30422,419.85,2004,2019
23023,30127,776.39,1054,2019
23025,19977,1938.23,1501,2019
23027,51487,4781.25,1768,2019
23029,46516,2474.62,1774,2019
23031,139078,11815.97,3098,2019
24001,24093,4162.97,1026,2019
24003,207124,5090.7,3374,2019
24005,166351,16878.45,4219,2019
24009,70235,6173.79,928,2019
24011,16781,3539.25,539,2019
24013,46017,15535.74,1026,2019
24015,28723,5181.11,898,2019
24017,10627,1129.48,886,2019
24019,54179,12711.81,886,2019
24021,76020,16502.12,2462,2019
24023,76054,12767.15,1650,2019
24025,98043,27894.39,1654,2019
24027,189226,33639.11,2496,2019
24029,20795,7762.139999999999,530,2019
24031,342781,26538.95,6250,2019
24033,160467,15863.77,3540,2019
24035,88115,38969.67,973,2019
24037,30588,5221.61,737,2019
24039,13208,383.14,268,2019
24041,70368,24955.45,967,2019
24043,31656,8014.13,1293,2019
24045,13054,1342.65,525,2019
24047,78906,6077.7300000000005,1376,2019
24510,66125,19.06,1527,2019
25001,370666,1212.02,5931,2019
25003,132282,22408.96,3343,2019
25005,122158,8668.45,2269,2019
25007,24503,309.21,805,2019
25009,396618,18220.56,4707,2019
25011,70562,13109.81,2213,2019
25013,39893,2099.1400000000003,1407,2019
25015,222793,53791.98,3246,2019
25017,416184,19901.99,10571,2019
25019,60681,708.84,805,2019
25021,140766,8320.130000000001,3385,2019
25023,189237,21751.64,3326,2019
25025,135252,3.4600000000000004,2453,2019
25027,163752,7223.22,5775,2019
26001,11928,1496.27,356,2019
26003,19368,1165.49,1321,2019
26005,49131,15377.6,1291,2019
26007,6623,582.57,340,2019
26009,16276,689.08,634,2019
26011,11330,2031.65,378,2019
26013,4806,38.41,260,2019
26015,65109,8772.01,1342,2019
26017,25193,3957.87,547,2019
26019,17668,54.82,691,2019
26021,67936,12453.03,1434,2019
26023,3043,801.6899999999999,208,2019
26025,45811,7761.38,1058,2019
26027,10313,1137.37,344,2019
26029,14978,1363.16,636,2019
26031,9398,195.56,807,2019
26033,64438,8602.49,1904,2019
26035,2725,314.26,311,2019
26037,22879,6121.0,563,2019
26039,25111,20.68,710,2019
26041,14372,645.25,569,2019
26043,1901,77.83,129,2019
26045,24550,5617.68,712,2019
26047,20184,767.48,1081,2019
26049,39387,3788.07,1089,2019
26051,2931,276.23,169,2019
26053,6754,149.62,427,2019
26055,41573,1731.35,1133,2019
26057,16480,3186.15,457,2019
26059,18971,5002.54,479,2019
26061,7533,240.96,476,2019
26063,5657,1042.21,250,2019
26065,66168,8638.65,1753,2019
26067,13395,4103.83,487,2019
26069,108494,2246.25,741,2019
26071,6867,171.91,275,2019
26073,32633,3709.96,1001,2019
26075,48540,10109.93,1026,2019
26077,95909,11343.63,2168,2019
26079,9337,52.29,433,2019
26081,104291,4271.88,2509,2019
26083,11470,0.05,474,2019
26085,2666,52.91,204,2019
26087,27761,5163.19,821,2019
26089,29495,587.99,1091,2019
26091,21047,2654.89,552,2019
26093,57846,6762.0199999999995,2411,2019
26095,3238,235.82,210,2019
26097,9704,649.55,928,2019
26099,115301,7280.37,1393,2019
26101,20933,447.39,628,2019
26103,32203,220.91,1871,2019
26105,12748,622.09,463,2019
26107,7915,384.01,385,2019
26109,6163,3014.22,294,2019
26111,29310,2160.02,621,2019
26113,3844,730.98,247,2019
26115,36772,6652.07,969,2019
26117,5506,802.12,385,2019
26119,1955,32.36,180,2019
26121,49881,1043.28,725,2019
26123,6400,370.03,399,2019
26125,158150,5450.83,3548,2019
26127,8269,1207.77,481,2019
26129,10264,683.54,287,2019
26131,11462,865.64,566,2019
26133,8047,1717.99,205,2019
26135,7018,328.59999999999997,366,2019
26137,9730,132.19,368,2019
26139,107670,14788.42,1645,2019
26141,2745,208.68,253,2019
26143,11169,2031.95,402,2019
26145,36466,5360.86,865,2019
26147,37634,3261.24,632,2019
26149,7054,1095.72,350,2019
26151,7110,1633.14,267,2019
26153,12374,67.88,592,2019
26155,4495,909.69,314,2019
26157,4755,1606.92,443,2019
26159,22852,5616.24,533,2019
26161,310026,34970.46,4464,2019
26163,82849,1382.67,2181,2019
26165,3221,540.1,289,2019
27001,11046,642.35,659,2019
27003,37058,5393.370000000001,1741,2019
27005,22019,7999.210000000001,594,2019
27007,11590,446.75,574,2019
27009,5576,1053.09,253,2019
27011,3707,1160.99,268,2019
27013,7383,1255.52,484,2019
27015,7275,1317.41,331,2019
27017,12018,656.04,775,2019
27019,43682,17152.98,941,2019
27021,14817,484.64,961,2019
27023,3181,865.06,279,2019
27025,13362,5123.78,953,2019
27027,17141,7340.99,895,2019
27029,7983,984.78,483,2019
27031,17707,66.09,1340,2019
27033,4845,1900.97,372,2019
27035,9707,1145.08,851,2019
27037,102418,17501.97,3312,2019
27039,2276,726.61,163,2019
27041,8128,1381.05,499,2019
27043,7684,2440.09,239,2019
27045,7644,2347.71,477,2019
27047,7896,1717.9299999999998,305,2019
27049,21317,2625.68,747,2019
27051,15452,9023.7,279,2019
27053,281006,8727.72,5486,2019
27055,9809,1936.24,462,2019
27057,21330,2183.4,571,2019
27059,5206,1401.96,369,2019
27061,9874,330.79,689,2019
27063,4634,1532.62,315,2019
27065,3631,950.9,362,2019
27067,9215,1916.84,533,2019
27069,2461,460.61,238,2019
27071,2119,114.27,297,2019
27073,7250,2323.54,363,2019
27075,25880,51.08,2682,2019
27077,3840,148.3,183,2019
27079,9064,2240.07,359,2019
27081,2414,665.61,160,2019
27083,10736,2496.95,386,2019
27085,4455,1608.39,358,2019
27087,2599,505.47,198,2019
27089,7025,1944.96,233,2019
27091,4148,1405.48,250,2019
27093,9596,2601.13,410,2019
27095,3177,281.67,268,2019
27097,8609,2304.7200000000003,473,2019
27099,5878,1363.94,240,2019
27101,1485,711.3199999999999,171,2019
27103,4410,858.5,304,2019
27105,1484,503.08,221,2019
27107,3839,1158.98,214,2019
27109,38711,7082.6,1224,2019
27111,17563,2763.16,913,2019
27113,1453,611.32,139,2019
27115,13331,3114.06,855,2019
27117,4649,1085.75,269,2019
27119,14408,4414.37,647,2019
27121,3187,854.11,312,2019
27123,103013,1784.44,2727,2019
27125,1666,500.17,114,2019
27127,2539,1047.31,182,2019
27129,3254,1450.76,270,2019
27131,24855,2461.07,882,2019
27133,5941,3837.72,312,2019
27135,7001,704.39,249,2019
27137,152862,8089.89,5048,2019
27139,26132,4213.44,857,2019
27141,35633,10567.69,846,2019
27143,3936,1338.92,273,2019
27145,20112,6249.46,1513,2019
27147,10557,4603.53,298,2019
27149,2719,557.6899999999999,184,2019
27151,2804,724.99,220,2019
27153,12434,3021.23,384,2019
27155,2716,935.76,162,2019
27157,9880,4833.97,427,2019
27159,3914,624.73,152,2019
27161,4375,753.42,205,2019
27163,74039,16005.55,2201,2019
27165,6347,3358.59,262,2019
27167,3322,687.05,213,2019
27169,12299,1923.68,682,2019
27171,13325,2480.87,706,2019
27173,4592,1594.31,220,2019
28001,6605,434.49,219,2019
28003,776,205.97,68,2019
28005,151,68.44,15,2019
28007,203,33.41,56,2019
28009,293,65.64,65,2019
28011,480,147.84,143,2019
28013,179,32.58,26,2019
28015,132,31.48,46,2019
28017,1474,557.11,157,2019
28019,873,32.72,64,2019
28021,360,34.589999999999996,71,2019
28023,328,32.88,57,2019
28025,566,197.84,73,2019
28027,646,198.02,38,2019
28029,160,6.6000000000000005,47,2019
28031,548,367.27,52,2019
28033,7572,2720.85,269,2019
28035,9315,1348.7,1052,2019
28037,613,9.74,59,2019
28039,1330,23.57,210,2019
28041,177,11.28,69,2019
28043,1038,112.78,161,2019
28045,18206,660.87,370,2019
28047,28490,38.37,727,2019
28049,9683,235.19,312,2019
28051,182,24.75,37,2019
28053,328,113.92,25,2019
28055,149,119.42000000000002,11,2019
28057,1376,183.59,83,2019
28059,78512,592.71,1809,2019
28061,669,38.63,198,2019
28063,264,24.4,41,2019
28065,984,299.52,95,2019
28067,2705,261.47,1203,2019
28069,386,28.45,34,2019
28071,2662,265.62,253,2019
28073,4405,92.38,364,2019
28075,2354,360.37,141,2019
28077,109,12.9,65,2019
28079,221,33.87,92,2019
28081,4503,1140.25,133,2019
28083,245,88.95,54,2019
28085,794,156.85,288,2019
28087,21710,1530.5,226,2019
28089,10217,1057.98,325,2019
28091,513,61.59,61,2019
28093,12877,592.5,254,2019
28095,1298,257.43,74,2019
28097,242,25.52,98,2019
28099,32,2.4299999999999997,11,2019
28101,507,171.83999999999995,62,2019
28103,15101,3772.8,252,2019
28105,18947,5079.47,490,2019
28107,2835,863.9399999999999,178,2019
28109,3059,1257.52,250,2019
28111,1205,147.12,492,2019
28113,755,75.62,54,2019
28115,336,43.03,63,2019
28117,235,29.11,36,2019
28119,329,199.49,92,2019
28121,2466,72.69,296,2019
28123,799,136.17,112,2019
28125,155,89.16,21,2019
28127,1773,252.76,118,2019
28129,317,17.560000000000002,138,2019
28131,1029,24.38,199,2019
28133,269,200.68,43,2019
28135,477,183.86,150,2019
28137,755,311.45,87,2019
28139,56,10.16,15,2019
28141,9529,712.5500000000001,173,2019
28143,896,411.53,35,2019
28145,251,31.77,39,2019
28147,434,143.53,42,2019
28149,4279,714.59,193,2019
28151,910,264.06,51,2019
28153,478,30.47,262,2019
28155,339,41.68,40,2019
28157,667,203.16,65,2019
28159,1016,78.72,141,2019
28161,576,97.82,113,2019
28163,599,417.73,37,2019
29001,5858,1216.04,203,2019
29003,737,267.52,83,2019
29005,681,345.2,82,2019
29007,528,217.16,68,2019
29009,4849,617.66,214,2019
29011,2370,1899.36,144,2019
29013,2928,1732.45,146,2019
29015,4303,1531.88,155,2019
29017,4547,894.6,72,2019
29019,116892,29301.61,1020,2019
29021,9790,1002.68,211,2019
29023,1601,407.46,146,2019
29025,392,38.45,33,2019
29027,13449,6115.12,289,2019
29029,5383,132.52,298,2019
29031,16276,2883.05,359,2019
29033,2249,457.4899999999999,33,2019
29035,4206,436.38,104,2019
29037,12360,7586.259999999999,171,2019
29039,6211,2247.45,108,2019
29041,1582,989.37,63,2019
29043,5950,1851.91,263,2019
29045,1066,283.82,47,2019
29047,16460,4575.67,487,2019
29049,1909,991.16,113,2019
29051,14024,1088.85,310,2019
29053,5491,1409.94,115,2019
29055,1290,204.09,241,2019
29057,3748,1441.15,133,2019
29059,1181,352.92,94,2019
29061,1186,638.4599999999999,51,2019
29063,346,109.04,35,2019
29065,1324,238.8,66,2019
29067,264,51.1,88,2019
29069,9417,2246.3,176,2019
29071,23627,3588.4100000000003,581,2019
29073,354,20.28,34,2019
29075,115,59.22,16,2019
29077,31427,8025.03,779,2019
29079,231,37.31,6,2019
29081,2603,1803.7,67,2019
29083,7077,1137.32,186,2019
29085,357,123.16,122,2019
29087,8053,487.12,176,2019
29089,2023,1170.66,111,2019
29091,2299,777.12,250,2019
29093,2904,904.78,123,2019
29095,62991,10551.81,1188,2019
29097,3147,260.16,195,2019
29099,20505,3307.34,665,2019
29101,19900,3138.93,340,2019
29103,530,347.15,33,2019
29105,726,71.79,120,2019
29107,2619,508.2600000000001,116,2019
29109,1807,1206.31,121,2019
29111,1432,388.77,68,2019
29113,13629,6680.33,402,2019
29115,1682,235.65,62,2019
29117,763,233.54,59,2019
29119,1521,283.76,219,2019
29121,4870,346.98,92,2019
29123,421,51.290000000000006,98,2019
29125,549,44.4,72,2019
29127,1839,73.14,132,2019
29129,49,29.55,12,2019
29131,4064,470.48,119,2019
29133,2822,499.52,115,2019
29135,587,290.62,33,2019
29137,1728,291.65,85,2019
29139,1242,245.86,123,2019
29141,895,223.46,46,2019
29143,3799,1499.79,186,2019
29145,9210,2736.5,218,2019
29147,699,280.02,70,2019
29149,6811,1346.33,90,2019
29151,470,119.71,56,2019
29153,518,71.79,72,2019
29155,5157,2958.01,202,2019
29157,3454,935.76,133,2019
29159,1601,569.22,95,2019
29161,23560,7322.93,307,2019
29163,3535,1234.5,81,2019
29165,15915,1233.14,365,2019
29167,4834,430.68,90,2019
29169,1423,252.59,119,2019
29171,1059,287.15,28,2019
29173,2252,193.11,109,2019
29175,1302,123.69,52,2019
29177,1606,107.87,59,2019
29179,4963,672.3100000000001,183,2019
29181,529,245.0,85,2019
29183,73048,8550.69,1309,2019
29185,5008,2007.04,176,2019
29186,4458,932.56,162,2019
29187,4236,793.52,190,2019
29189,119484,2389.27,3241,2019
29195,3970,1571.68,135,2019
29197,169,128.61,19,2019
29199,133,68.78,16,2019
29201,1694,660.0600000000001,105,2019
29203,5604,668.03,322,2019
29205,539,102.01,43,2019
29207,11167,4328.69,230,2019
29209,4399,217.99,206,2019
29211,129,50.49,23,2019
29213,8108,363.99,493,2019
29215,2719,863.5500000000001,257,2019
29217,6969,3088.41,167,2019
29219,1597,250.19,229,2019
29221,1729,353.45,115,2019
29223,2538,564.8000000000001,87,2019
29225,1486,295.06,67,2019
29227,383,34.36,8,2019
29229,471,265.8,49,2019
29510,42465,1.28,1032,2019
30001,16659,1622.53,705,2019
30003,2887,235.11,252,2019
30005,1591,219.81,151,2019
30007,7806,459.45,303,2019
30009,11286,1893.0,902,2019
30011,1125,20.34,178,2019
30013,27007,609.13,680,2019
30015,1546,150.21,153,2019
30017,851,11.37,108,2019
30019,441,29.089999999999996,36,2019
30021,2236,50.010000000000005,196,2019
30023,20878,918.06,440,2019
30025,721,33.56,59,2019
30027,8130,279.54,423,2019
30029,65255,13101.94,2458,2019
30031,105228,13049.1,2443,2019
30033,254,8.58,42,2019
30035,17283,339.28000000000003,1511,2019
30037,2799,44.1,171,2019
30039,3974,109.9,314,2019
30041,1137,184.76,89,2019
30043,22065,516.24,427,2019
30045,750,146.85,136,2019
30047,35731,6967.65,1481,2019
30049,46601,1924.82,1064,2019
30051,1539,247.43,58,2019
30053,4924,97.21,425,2019
30055,542,41.59,63,2019
30057,18983,1681.5,593,2019
30059,2504,188.48,142,2019
30061,2172,42.57,275,2019
30063,144248,6652.59,2358,2019
30065,3024,236.0,149,2019
30067,16293,308.33,871,2019
30069,770,54.14,86,2019
30071,20199,258.7,514,2019
30073,1080,185.15,113,2019
30075,850,9.77,121,2019
30077,9426,994.13,495,2019
30079,381,17.490000000000002,71,2019
30081,23643,5467.6,770,2019
30083,942,65.46000000000001,91,2019
30085,732,159.93,91,2019
30087,804,33.04,103,2019
30089,5715,435.18,331,2019
30091,7696,257.59,162,2019
30093,5064,130.8,301,2019
30095,3619,181.82,230,2019
30097,2883,76.56,243,2019
30099,6803,178.67,246,2019
30101,2650,193.44,140,2019
30103,439,40.029999999999994,55,2019
30105,9286,482.91,344,2019
30107,4589,590.4599999999999,213,2019
30109,1250,136.89,112,2019
30111,24086,909.77,992,2019
31001,1112,320.8,77,2019
31003,3370,851.13,226,2019
31005,136,13.51,15,2019
31007,692,53.73,136,2019
31009,147,0.0,29,2019
31011,186,24.69,25,2019
31013,422,90.74,82,2019
31015,204,29.71,22,2019
31017,2126,4.16,143,2019
31019,11227,641.63,406,2019
31021,2714,715.29,123,2019
31023,1157,381.94,58,2019
31025,6628,416.09,207,2019
31027,1489,365.96,143,2019
31029,2624,83.84,104,2019
31031,4364,47.07,311,2019
31033,805,35.269999999999996,116,2019
31035,2472,316.77,118,2019
31037,575,83.06,54,2019
31039,813,273.7,64,2019
31041,1179,169.21,160,2019
31043,3076,773.5699999999999,113,2019
31045,4010,114.56,255,2019
31047,1224,111.95,192,2019
31049,593,71.02,83,2019
31051,4359,267.73,161,2019
31053,10034,291.52,238,2019
31055,22508,725.52,1278,2019
31057,1873,104.94,72,2019
31059,1843,380.51,97,2019
31061,283,26.11,34,2019
31063,539,80.75,55,2019
31065,265,21.56,34,2019
31067,1518,198.12,110,2019
31069,1451,42.23,90,2019
31071,821,38.87,59,2019
31073,399,38.59,31,2019
31075,423,0.0,48,2019
31077,169,28.98,23,2019
31079,8462,697.44,349,2019
31081,1696,308.31,123,2019
31083,1690,136.61,83,2019
31085,473,60.59,30,2019
31087,873,70.25,59,2019
31089,785,75.73,115,2019
31091,652,0.0,46,2019
31093,751,121.3,47,2019
31095,2371,153.64,128,2019
31097,581,108.0,39,2019
31099,2292,485.66,120,2019
31101,6292,207.83,268,2019
31103,489,7.43,71,2019
31105,2926,158.71,175,2019
31107,4379,291.28,191,2019
31109,74587,6482.990000000001,1263,2019
31111,6255,426.07,522,2019
31113,149,12.11,27,2019
31115,3589,13.420000000000002,75,2019
31117,101,0.0,16,2019
31119,6047,384.98,117,2019
31121,916,91.1,47,2019
31123,343,37.45,86,2019
31125,170,9.84,17,2019
31127,2517,486.76,143,2019
31129,558,165.51,43,2019
31131,6739,574.5600000000001,130,2019
31133,1030,175.51,73,2019
31135,473,172.17000000000002,47,2019
31137,2522,177.59,67,2019
31139,2383,545.41,156,2019
31141,2160,164.43,63,2019
31143,659,228.98,44,2019
31145,335,16.55,49,2019
31147,1670,386.99,143,2019
31149,2495,24.2,130,2019
31151,983,131.97,88,2019
31153,17756,357.94,595,2019
31155,6374,1560.65,271,2019
31157,10603,546.99,715,2019
31159,7426,496.64,180,2019
31161,2665,17.76,196,2019
31163,387,23.08,36,2019
31165,3811,61.239999999999995,464,2019
31167,832,97.91,70,2019
31169,1743,405.15,77,2019
31171,553,0.0,50,2019
31173,193,67.66,32,2019
31175,226,6.68,22,2019
31177,3299,410.72,185,2019
31179,2522,595.69,110,2019
31181,247,11.94,33,2019
31183,898,62.66,84,2019
31185,2321,518.5500000000001,132,2019
32001,8570,423.57,450,2019
32003,153679,3888.24,5663,2019
32005,12284,429.41,694,2019
32007,13474,400.06,874,2019
32009,2682,33.81,285,2019
32011,1117,12.64,212,2019
32013,4934,88.05,646,2019
32015,1504,37.5,465,2019
32017,6460,49.25,537,2019
32019,6094,598.9300000000001,515,2019
32021,1444,16.78,170,2019
32023,21371,630.88,1272,2019
32027,1401,53.99,96,2019
32029,3477,341.16,158,2019
32031,75604,1936.4700000000005,2792,2019
32033,6027,76.45,992,2019
32510,14382,1517.31,357,2019
33001,10817,441.16,666,2019
33003,51340,1714.15,1644,2019
33005,59497,10515.78,1587,2019
33007,41283,2015.54,1823,2019
33009,61214,7287.0,3281,2019
33011,47561,3597.95,2136,2019
33013,45528,8842.89,1638,2019
33015,112854,2782.2,2676,2019
33017,51294,2692.63,908,2019
33019,14397,1947.77,776,2019
34001,168695,536.55,1394,2019
34003,131794,1832.84,1999,2019
34005,111758,14378.93,2506,2019
34007,49417,212.42,1284,2019
34009,602097,24089.84,2533,2019
34011,35836,3018.92,788,2019
34013,25614,41.47,1022,2019
34015,58004,4269.44,1310,2019
34017,26106,532.59,756,2019
34019,84111,15942.68,1349,2019
34021,95351,8631.92,2015,2019
34023,68134,2074.27,2011,2019
34025,149657,7498.83,2167,2019
34027,93978,5087.55,2170,2019
34029,154497,1539.0500000000002,2338,2019
34031,48992,579.6,772,2019
34033,14397,1889.07,592,2019
34035,127587,9240.69,1920,2019
34037,74260,8795.18,1763,2019
34039,21646,40.81000000000001,783,2019
34041,55441,8182.110000000001,1135,2019
35001,250070,25484.960000000003,4813,2019
35003,6676,9.74,538,2019
35005,23279,528.85,827,2019
35006,4552,288.98,456,2019
35007,17668,1176.33,1040,2019
35009,5630,751.6600000000001,230,2019
35011,5176,83.45,217,2019
35013,52238,6140.91,2826,2019
35015,21046,3946.33,1146,2019
35017,27623,248.07,1072,2019
35019,4010,1.56,262,2019
35021,3259,1.88,155,2019
35023,19123,498.9100000000001,1149,2019
35025,3572,26.31,293,2019
35027,9857,385.97,1111,2019
35028,92681,559.4,935,2019
35029,5082,130.36,634,2019
35031,2619,5.82,246,2019
35033,4768,178.28,316,2019
35035,37349,159.68,6078,2019
35037,2844,104.02,263,2019
35039,14687,2064.67,849,2019
35041,10570,283.89,281,2019
35043,43466,3079.1299999999997,1750,2019
35045,5095,296.71999999999997,675,2019
35047,21411,702.07,868,2019
35049,89210,2119.66,2237,2019
35051,28601,2338.08,655,2019
35053,112492,8873.64,1422,2019
35055,19048,368.01,1073,2019
35057,8190,705.89,506,2019
35059,3501,39.39,358,2019
35061,18393,4595.37,376,2019
36001,97562,6559.700000000001,2132,2019
36003,16568,2744.31,601,2019
36005,49951,233.29,1373,2019
36007,74767,3958.09,1584,2019
36009,19937,5476.38,1226,2019
36011,42780,4896.65,1321,2019
36013,38966,6822.1,2058,2019
36015,44195,5070.32,652,2019
36017,17784,3714.85,764,2019
36019,10183,793.56,648,2019
36021,55654,20288.47,1548,2019
36023,17251,2435.45,795,2019
36025,25961,6894.97,1215,2019
36027,118191,18059.0,3194,2019
36029,145695,5775.25,3039,2019
36031,57555,3487.75,2098,2019
36033,25678,1758.11,1211,2019
36035,8745,670.91,547,2019
36037,29527,4558.16,779,2019
36039,23298,2594.93,1284,2019
36041,18005,14.28,888,2019
36043,34414,8924.869999999999,898,2019
36045,41020,7465.0,1476,2019
36047,201570,7.57,2323,2019
36049,10048,1260.31,438,2019
36051,46882,16285.85,1016,2019
36053,26172,6722.56,835,2019
36055,246947,35291.63,3841,2019
36057,24306,5164.27,764,2019
36059,160871,546.71,2955,2019
36061,334254,0.0,2412,2019
36063,26760,3562.7000000000003,870,2019
36065,27094,5540.79,1141,2019
36067,101753,13153.89,3120,2019
36069,54528,17860.14,1711,2019
36071,120579,19626.07,2616,2019
36073,22362,7533.57,508,2019
36075,57708,15946.86,1215,2019
36077,14725,2362.49,753,2019
36079,24147,796.48,1138,2019
36081,104683,36.05,2093,2019
36083,50759,10130.22,1434,2019
36085,85588,3300.86,1378,2019
36087,39154,24.76,1341,2019
36089,48790,4989.85,1946,2019
36091,62240,6716.45,2319,2019
36093,12854,1173.59,643,2019
36095,14698,1868.86,547,2019
36097,34174,7741.14,832,2019
36099,130921,23189.95,1561,2019
36101,10934,1901.7,796,2019
36103,309072,7638.36,5982,2019
36105,66612,4252.86,1049,2019
36107,35292,9357.35,620,2019
36109,366374,55207.64,4414,2019
36111,131726,18464.63,4900,2019
36113,10870,189.59,1192,2019
36115,28039,11179.33,886,2019
36117,63984,23703.39,1072,2019
36119,178787,8431.470000000001,4543,2019
36121,16650,3016.52,664,2019
36123,8728,2587.47,482,2019
37001,21404,1355.56,648,2019
37003,1250,68.66,207,2019
37005,3717,441.69,207,2019
37007,8502,1225.37,564,2019
37009,10982,489.87,415,2019
37011,8269,328.68,574,2019
37013,9921,483.48,348,2019
37015,1796,98.44,106,2019
37017,15108,705.14,299,2019
37019,33007,109.84,1622,2019
37021,128284,8302.48,3958,2019
37023,3791,295.66999999999996,482,2019
37025,12656,1408.7,785,2019
37027,4769,552.98,410,2019
37029,3710,1374.14,118,2019
37031,31169,794.01,969,2019
37033,2563,642.6,133,2019
37035,5159,819.13,352,2019
37037,44765,1909.7,1525,2019
37039,1749,283.53,187,2019
37041,1465,110.94,70,2019
37043,2510,232.61,200,2019
37045,23501,8208.28,225,2019
37047,1497,111.9,229,2019
37049,23252,202.8,576,2019
37051,5648,399.33,534,2019
37053,14098,940.34,552,2019
37055,131988,5439.47,1501,2019
37057,2424,186.84,728,2019
37059,880,181.81,97,2019
37061,634,138.48,160,2019
37063,80317,7479.06,2613,2019
37065,3171,957.68,214,2019
37067,64788,3130.6,978,2019
37069,11387,2016.33,271,2019
37071,9011,1171.64,462,2019
37073,12790,617.23,162,2019
37075,6165,52.58,292,2019
37077,3280,847.26,246,2019
37079,800,215.17,74,2019
37081,74356,10776.68,1403,2019
37083,3318,196.55,226,2019
37085,4505,415.56,889,2019
37087,47152,3321.5,1505,2019
37089,51088,6376.11,1120,2019
37091,8743,165.79999999999998,125,2019
37093,2399,55.11,176,2019
37095,16709,1798.06,342,2019
37097,4086,460.3,494,2019
37099,11751,337.97,934,2019
37101,23775,2789.2200000000003,536,2019
37103,1377,129.78,109,2019
37105,2769,726.6800000000001,150,2019
37107,1961,385.41,127,2019
37109,1647,349.58,116,2019
37111,5648,368.85,432,2019
37113,11922,319.23,679,2019
37115,6592,703.44,560,2019
37117,1863,310.53,196,2019
37119,107771,13000.22,2765,2019
37121,2886,196.65,350,2019
37123,1811,163.22,236,2019
37125,24727,1343.68,496,2019
37127,3335,184.37,235,2019
37129,44536,4.83,1179,2019
37131,1379,178.76,151,2019
37133,8045,187.52,536,2019
37135,105487,13924.33,2929,2019
37137,12922,1372.39,225,2019
37139,1047,206.04,115,2019
37141,8609,328.13,685,2019
37143,642,245.27,57,2019
37145,5011,1195.91,195,2019
37147,12642,3445.6200000000003,395,2019
37149,6529,416.36,338,2019
37151,4753,546.38,472,2019
37153,4012,398.77,299,2019
37155,2150,152.68,212,2019
37157,27538,3376.91,427,2019
37159,12427,637.11,387,2019
37161,5046,364.89,255,2019
37163,2642,672.8199999999999,325,2019
37165,4873,487.7899999999999,312,2019
37167,8202,781.74,320,2019
37169,7556,911.63,284,2019
37171,5683,914.18,309,2019
37173,8590,468.18,1114,2019
37175,57883,10385.63,1287,2019
37177,3540,701.69,121,2019
37179,15139,1698.05,749,2019
37181,1981,156.02,148,2019
37183,266973,33327.92,5864,2019
37185,1533,112.05,112,2019
37187,6955,1050.47,208,2019
37189,37169,5251.64,907,2019
37191,3863,441.61,218,2019
37193,8770,1407.92,387,2019
37195,6008,267.21,160,2019
37197,2034,466.01,103,2019
37199,12170,1206.34,786,2019
38001,1677,165.52,134,2019
38003,6777,1425.13,447,2019
38005,2640,357.98,157,2019
38007,9380,158.39,597,2019
38009,4858,1264.31,279,2019
38011,5721,622.51,285,2019
38013,6089,710.9,181,2019
38015,34746,1532.69,1269,2019
38017,22007,3131.16,832,2019
38019,426,122.31,52,2019
38021,1097,326.47,64,2019
38023,4590,172.87,168,2019
38025,2302,93.28,120,2019
38027,900,263.25,31,2019
38029,5068,306.61,155,2019
38031,1012,269.78,62,2019
38033,5052,622.89,199,2019
38035,18627,3132.21,485,2019
38037,2449,292.46,129,2019
38039,735,157.51,53,2019
38041,1491,195.4,136,2019
38043,15249,873.2,473,2019
38045,2129,937.08,105,2019
38047,2577,65.19,99,2019
38049,4389,482.51,268,2019
38051,3386,400.98,129,2019
38053,12700,1680.08,947,2019
38055,4856,318.1,326,2019
38057,4678,219.96,272,2019
38059,13930,1235.66,776,2019
38061,7857,828.35,397,2019
38063,891,200.42,77,2019
38065,3348,221.41,128,2019
38067,1422,410.0100000000001,92,2019
38069,1251,287.58,94,2019
38071,1528,255.98,104,2019
38073,3195,918.92,254,2019
38075,1747,162.94,81,2019
38077,2451,591.17,206,2019
38079,838,204.8,70,2019
38081,1246,480.12,82,2019
38083,3588,231.1,196,2019
38085,1868,25.7,88,2019
38087,3396,363.18,176,2019
38089,6727,300.0,354,2019
38091,8241,627.0799999999999,67,2019
38093,24571,3930.89,813,2019
38095,476,124.74,45,2019
38097,895,184.91,91,2019
38099,840,228.95,71,2019
38101,16254,645.85,537,2019
38103,2798,1225.25,126,2019
38105,13951,776.69,620,2019
39001,10910,1468.12,746,2019
39003,10389,1956.91,464,2019
39005,13790,2942.58,582,2019
39007,18534,1880.46,1386,2019
39009,57010,7600.42,1772,2019
39011,3294,1139.64,159,2019
39013,3584,596.78,217,2019
39015,2149,455.37,231,2019
39017,45513,8608.53,1293,2019
39019,2547,418.84,164,2019
39021,8488,1520.18,362,2019
39023,37651,9607.65,473,2019
39025,45941,9905.03,1460,2019
39027,8942,2411.16,403,2019
39029,9859,1626.41,424,2019
39031,6210,955.52,381,2019
39033,1902,636.69,203,2019
39035,215198,3260.2,4380,2019
39037,5706,1274.32,237,2019
39039,1507,572.4,107,2019
39041,86756,8809.12,1443,2019
39043,63265,3088.64,1002,2019
39045,19107,1990.36,751,2019
39047,2632,1161.27,152,2019
39049,268605,48307.29,4257,2019
39051,2543,616.19,210,2019
39053,3954,906.44,203,2019
39055,83317,12345.84,1848,2019
39057,40057,8300.57,1203,2019
39059,5230,766.17,247,2019
39061,99859,26319.53,3867,2019
39063,17910,2596.92,551,2019
39065,7700,3812.14,231,2019
39067,3611,712.29,190,2019
39069,1349,297.75,123,2019
39071,9777,1911.54,283,2019
39073,28829,2197.15,902,2019
39075,20733,8260.62,802,2019
39077,5140,578.82,449,2019
39079,2330,711.2,245,2019
39081,9379,787.75,174,2019
39083,16842,5669.99,646,2019
39085,112938,8881.880000000001,1581,2019
39087,8333,1388.94,266,2019
39089,43475,14588.79,1050,2019
39091,10862,3054.4700000000003,407,2019
39093,100929,14290.98,1598,2019
39095,586311,14389.66,1971,2019
39097,6339,3222.5,482,2019
39099,33019,14882.16,788,2019
39101,24090,7291.86,376,2019
39103,37450,10792.01,1292,2019
39105,1427,283.24,176,2019
39107,5627,2583.82,190,2019
39109,13531,4330.76,371,2019
39111,979,219.07,100,2019
39113,44738,5256.57,1504,2019
39115,3648,406.22,247,2019
39117,5613,1282.6,435,2019
39119,10953,4315.75,595,2019
39121,3535,1026.03,130,2019
39123,136309,13947.15,1288,2019
39125,3303,951.68,123,2019
39127,12818,1438.13,272,2019
39129,11486,4892.62,412,2019
39131,796,88.07,104,2019
39133,52255,10305.47,2046,2019
39135,25170,1936.85,269,2019
39137,1234,443.57,81,2019
39139,22907,6933.14,737,2019
39141,8149,2703.16,298,2019
39143,12625,2536.26,465,2019
39145,14630,334.91,566,2019
39147,6527,1830.79,342,2019
39149,3244,223.42,153,2019
39151,79132,11709.39,1541,2019
39153,123608,11973.09,5741,2019
39155,38811,2767.31,821,2019
39157,7305,3013.48,345,2019
39159,9187,3911.24,311,2019
39161,1464,414.23,102,2019
39163,9493,767.51,339,2019
39165,20817,7595.97,972,2019
39167,13154,1272.39,313,2019
39169,95387,14772.38,1244,2019
39171,2904,558.91,194,2019
39173,18727,3714.65,818,2019
39175,28288,19664.64,386,2019
40001,4485,2651.18,133,2019
40003,7084,148.28,197,2019
40005,383,19.74,79,2019
40007,1296,128.62,112,2019
40009,1037,64.68,167,2019
40011,1434,96.84,140,2019
40013,2947,475.71,166,2019
40015,1501,51.239999999999995,156,2019
40017,9588,1267.3,343,2019
40019,1569,16.4,137,2019
40021,4744,1071.13,366,2019
40023,5041,4062.43,74,2019
40025,10051,434.34,331,2019
40027,25851,1338.39,1186,2019
40029,172,30.45,20,2019
40031,19832,113.65,701,2019
40033,763,76.64,79,2019
40035,510,225.62,55,2019
40037,4586,95.15,213,2019
40039,4513,140.4,190,2019
40041,1286,300.29,152,2019
40043,237,33.71,50,2019
40045,858,19.42,61,2019
40047,1421,250.84,175,2019
40049,369,11.11,64,2019
40051,1099,8.64,91,2019
40053,463,69.95,83,2019
40055,629,61.099999999999994,58,2019
40057,803,57.28,53,2019
40059,1662,195.72,120,2019
40061,93,13.34,27,2019
40063,728,41.65,44,2019
40065,4092,582.4300000000001,170,2019
40067,1178,1.77,56,2019
40069,6904,1188.2400000000002,134,2019
40071,1548,121.01,208,2019
40073,1224,97.08,94,2019
40075,556,114.06,93,2019
40077,465,23.28,50,2019
40079,2225,263.49,296,2019
40081,1894,49.15,614,2019
40083,7955,109.53,198,2019
40085,926,18.23,134,2019
40087,1485,136.86,110,2019
40089,11591,769.11,518,2019
40091,1232,182.51,210,2019
40093,747,51.28,79,2019
40095,1079,16.810000000000002,118,2019
40097,1226,231.61,168,2019
40099,1800,6.61,153,2019
40101,671,157.21,172,2019
40103,2386,117.63,316,2019
40105,160,78.49000000000001,35,2019
40107,229,22.29,42,2019
40109,55355,384.32,1636,2019
40111,616,78.91,82,2019
40113,6942,669.52,714,2019
40115,764,184.73,100,2019
40117,1725,8.92,114,2019
40119,44098,334.16,1151,2019
40121,1424,136.73,130,2019
40123,738,0.28,42,2019
40125,1092,3.21,176,2019
40127,645,30.709999999999997,84,2019
40129,764,34.11,66,2019
40131,3204,668.16,522,2019
40133,587,16.63,92,2019
40135,5193,1095.85,189,2019
40137,948,1.49,61,2019
40139,1977,198.18,181,2019
40141,4156,417.37,138,2019
40143,40862,5462.4800000000005,1819,2019
40145,2084,605.86,278,2019
40147,5243,922.03,222,2019
40149,3032,109.7,120,2019
40151,504,59.82,62,2019
40153,4006,70.2,394,2019
41001,11113,1223.54,730,2019
41003,269136,92114.45,3982,2019
41005,63203,9927.12,3180,2019
41007,69350,4048.75,1926,2019
41009,62410,16747.02,879,2019
41011,36017,1171.6,1129,2019
41013,25581,2028.32,1109,2019
41015,19852,1248.21,1118,2019
41017,125449,505.2,3446,2019
41019,32359,3473.06,2246,2019
41021,2928,181.35,265,2019
41023,12035,279.21,928,2019
41025,106646,7248.39,2471,2019
41027,15774,454.4,1295,2019
41029,131784,21512.61,3629,2019
41031,18131,701.4,1008,2019
41033,37582,3958.11,1424,2019
41035,59573,4003.57,2355,2019
41037,42332,3111.48,1745,2019
41039,275962,51712.46,6088,2019
41041,99160,661.3,1875,2019
41043,56488,17545.88,2411,2019
41045,14535,1264.47,1533,2019
41047,87974,28400.15,2298,2019
41049,7562,2246.79,284,2019
41051,321343,30720.75,6036,2019
41053,48631,17505.329999999998,1299,2019
41055,9016,906.82,461,2019
41057,84528,5889.55,1820,2019
41059,29156,3425.59,1080,2019
41061,65057,13608.75,1826,2019
41063,18418,1546.35,1383,2019
41065,26151,1140.41,1409,2019
41067,234291,26040.57,2831,2019
41069,4848,95.27,412,2019
41071,19765,8296.75,838,2019
42001,33359,6572.3,871,2019
42003,179372,10609.4,6158,2019
42005,21169,2632.81,1182,2019
42007,15388,3374.99,699,2019
42009,14123,2835.48,606,2019
42011,87658,13628.7,1915,2019
42013,19834,2738.39,590,2019
42015,7055,870.98,331,2019
42017,145605,20917.22,3305,2019
42019,71801,7110.650000000001,1884,2019
42021,14570,2339.72,505,2019
42023,3986,650.79,192,2019
42025,23215,6082.150000000001,584,2019
42027,164338,40136.21,3886,2019
42029,266268,78503.09,3548,2019
42031,13370,2004.39,425,2019
42033,10738,1596.78,436,2019
42035,22661,3730.61,749,2019
42037,6398,957.16,369,2019
42039,44816,8360.39,979,2019
42041,84159,15459.54,1471,2019
42043,60304,4267.09,1256,2019
42045,74964,2575.2799999999997,1801,2019
42047,6942,304.77,290,2019
42049,72702,2621.2,1440,2019
42051,21908,931.4,840,2019
42053,9328,727.1,340,2019
42055,30039,6732.55,755,2019
42057,1859,257.34,259,2019
42059,2410,406.36,201,2019
42061,57586,11198.27,1352,2019
42063,53345,13250.6,832,2019
42065,5482,1113.1699999999998,271,2019
42067,15559,5227.429999999999,289,2019
42069,18195,2305.49,759,2019
42071,184116,37894.19,2731,2019
42073,20007,8431.03,725,2019
42075,67048,10982.5,892,2019
42077,61456,13638.5,1177,2019
42079,60202,14846.48,1780,2019
42081,62926,12097.06,858,2019
42083,4594,228.13,494,2019
42085,39718,3696.35,1127,2019
42087,13491,4279.46,394,2019
42089,35226,916.16,1588,2019
42091,225691,28699.55,3989,2019
42093,14501,5578.43,313,2019
42095,69803,21388.33,2557,2019
42097,12977,3857.64,349,2019
42099,15605,3626.0,423,2019
42101,167976,1748.25,3181,2019
42103,18837,415.18,942,2019
42105,3210,300.89,345,2019
42107,37157,2984.76,812,2019
42109,19523,4919.429999999999,531,2019
42111,20054,3240.28,694,2019
42113,4482,400.34,230,2019
42115,34493,12134.27,611,2019
42117,34220,6911.38,853,2019
42119,7344,1474.79,297,2019
42121,3919,1128.94,345,2019
42123,11798,627.77,656,2019
42125,34132,3309.57,1352,2019
42127,8698,1138.84,567,2019
42129,37746,3584.67,1609,2019
42131,6682,944.41,283,2019
42133,86259,6591.9800000000005,1534,2019
44001,23225,1165.51,354,2019
44003,19850,463.11,653,2019
44005,56390,6078.099999999999,1039,2019
44007,30770,583.46,1452,2019
44009,97688,2371.4500000000003,2241,2019
45001,11252,2049.7,113,2019
45003,32541,929.76,639,2019
45005,2123,1055.7,94,2019
45007,40326,15019.37,467,2019
45009,500,64.45,84,2019
45011,1861,31.44,65,2019
45013,93017,306.57000000000005,2100,2019
45015,34547,189.17,1090,2019
45017,2302,517.21,214,2019
45019,270876,3505.05,3406,2019
45021,3856,1731.4,124,2019
45023,1500,94.0,173,2019
45025,4657,120.75,247,2019
45027,31407,4915.63,267,2019
45029,44846,5449.39,632,2019
45031,3844,442.81,243,2019
45033,596,37.85,94,2019
45035,17955,290.94,402,2019
45037,954,350.78000000000003,66,2019
45039,1517,57.3,126,2019
45041,5177,575.21,301,2019
45043,73121,285.84,823,2019
45045,92854,4757.7,1315,2019
45047,5709,237.2,168,2019
45049,3925,63.580000000000005,124,2019
45051,42057,717.13,1333,2019
45053,33183,267.51000000000005,526,2019
45055,20678,689.34,222,2019
45057,1505,116.95,341,2019
45059,2432,784.52,162,2019
45061,1514,277.90999999999997,175,2019
45063,56231,1089.3,808,2019
45065,2388,66.52,153,2019
45067,493,71.61,42,2019
45069,1273,266.49,47,2019
45071,3731,504.98,214,2019
45073,10371,1384.2,693,2019
45075,24116,14887.28,474,2019
45077,20727,2360.33,797,2019
45079,38227,919.79,1156,2019
45081,1476,260.92,66,2019
45083,8137,2712.4,391,2019
45085,1843,122.41,202,2019
45087,1511,401.7600000000001,76,2019
45089,2514,895.4300000000001,118,2019
45091,16016,2869.6499999999996,844,2019
46003,936,324.15999999999997,115,2019
46005,470,254.9,87,2019
46007,649,28.34,51,2019
46009,537,140.3,56,2019
46011,7438,1919.64,392,2019
46013,6632,1913.4,279,2019
46015,754,165.22,105,2019
46017,315,35.980000000000004,47,2019
46019,1819,33.16,204,2019
46021,1209,196.43,92,2019
46023,3051,819.14,254,2019
46025,592,188.49,75,2019
46027,4822,1951.09,166,2019
46029,1594,349.73,194,2019
46031,707,48.370000000000005,77,2019
46033,13624,48.41,903,2019
46035,1293,542.93,149,2019
46037,1742,266.51,128,2019
46039,1397,396.99,122,2019
46041,154,7.15,22,2019
46043,4554,748.9,139,2019
46045,1668,494.89,84,2019
46047,3596,39.83,304,2019
46049,491,208.16,64,2019
46051,711,235.88,84,2019
46053,648,66.73,54,2019
46055,402,17.28,36,2019
46057,466,187.3,52,2019
46059,282,77.87,30,2019
46061,720,335.8,87,2019
46063,1579,31.93,143,2019
46065,6158,145.96,160,2019
46067,688,242.47,63,2019
46069,787,165.64,46,2019
46071,4813,39.73,333,2019
46073,422,145.51,32,2019
46075,1213,111.42,181,2019
46077,709,276.38,76,2019
46079,1236,249.6,88,2019
46081,5675,59.93,436,2019
46083,9453,2143.93,267,2019
46085,2525,333.78000000000003,379,2019
46087,1200,427.41,147,2019
46089,1827,140.89,107,2019
46091,1362,329.74,107,2019
46093,2486,85.69999999999999,256,2019
46095,397,10.74,58,2019
46097,211,112.13,45,2019
46099,15197,4507.98,708,2019
46101,1574,601.84,126,2019
46102,423,21.02,116,2019
46103,19203,425.73,1432,2019
46105,1498,109.44,153,2019
46107,257,60.58,30,2019
46109,6872,2037.95,321,2019
46111,333,166.63,31,2019
46115,869,318.31,77,2019
46117,6954,208.17,237,2019
46119,1778,557.6899999999999,82,2019
46121,382,12.25,46,2019
46123,396,83.82000000000001,58,2019
46125,326,112.88,36,2019
46127,2370,158.87,107,2019
46129,441,66.29,46,2019
46135,5425,193.86,168,2019
46137,367,19.74,36,2019
47001,23690,4929.38,630,2019
47003,4342,1363.84,135,2019
47005,4904,721.7199999999999,125,2019
47007,8640,3737.0,235,2019
47009,58512,18295.59,1220,2019
47011,4228,998.68,374,2019
47013,11529,5198.54,280,2019
47015,1300,344.21,98,2019
47017,414,32.62,63,2019
47019,18992,1977.33,720,2019
47021,2110,526.1700000000001,223,2019
47023,186,14.28,70,2019
47025,838,260.76,113,2019
47027,667,47.66,35,2019
47029,5870,293.13,399,2019
47031,4602,1878.37,449,2019
47033,817,341.68,79,2019
47035,11534,701.16,579,2019
47037,110413,12846.86,2456,2019
47039,851,672.84,64,2019
47041,2695,134.16,156,2019
47043,3099,360.75,256,2019
47045,9412,4437.31,273,2019
47047,4409,986.36,186,2019
47049,810,240.78,190,2019
47051,9412,982.12,592,2019
47053,10456,6641.93,416,2019
47055,1415,679.47,141,2019
47057,1618,703.02,112,2019
47059,3118,1516.89,304,2019
47061,1565,327.24,305,2019
47063,2226,397.83,233,2019
47065,92390,4750.86,3022,2019
47067,1252,218.29,43,2019
47069,502,97.04,75,2019
47071,9396,1944.6,180,2019
47073,15760,6690.200000000001,280,2019
47075,4225,400.31,97,2019
47077,1248,269.03,101,2019
47079,23263,5926.16,200,2019
47081,2039,426.71,231,2019
47083,662,27.92,61,2019
47085,31695,12703.66,330,2019
47087,700,167.35,159,2019
47089,3024,1203.11,250,2019
47091,3134,1160.77,156,2019
47093,96270,15083.04,1702,2019
47095,24459,10426.43,465,2019
47097,4141,2462.38,76,2019
47099,1316,396.57,103,2019
47101,685,193.95,120,2019
47103,6027,2093.6899999999996,128,2019
47105,4591,1460.65,232,2019
47107,2367,630.21,202,2019
47109,777,114.34,97,2019
47111,558,201.59,71,2019
47113,2345,265.07,230,2019
47115,8877,971.65,485,2019
47117,1188,473.85,177,2019
47119,2551,791.06,526,2019
47121,6273,2596.75,131,2019
47123,3648,612.57,286,2019
47125,23138,3647.05,534,2019
47127,1196,163.93,73,2019
47129,1731,124.89,389,2019
47131,5390,2119.81,286,2019
47133,484,103.35,84,2019
47135,13927,3455.49,162,2019
47137,1666,124.94,194,2019
47139,4760,1616.22,350,2019
47141,6967,370.4,356,2019
47143,3789,456.12,177,2019
47145,27072,8467.3,347,2019
47147,2824,1225.14,264,2019
47149,28652,6732.86,839,2019
47151,5546,2266.8799999999997,278,2019
47153,2831,984.47,210,2019
47155,27250,1922.74,2366,2019
47157,90957,24462.04,1488,2019
47159,2250,919.45,102,2019
47161,9265,3475.44,253,2019
47163,47446,4347.14,794,2019
47165,8062,992.03,541,2019
47167,1926,131.09,48,2019
47169,755,296.40999999999997,54,2019
47171,3344,88.49,351,2019
47173,3665,406.3,144,2019
47175,2383,329.25,229,2019
47177,4014,1623.2,168,2019
47179,16405,2165.44,564,2019
47181,842,213.22,55,2019
47183,591,168.53,75,2019
47185,1871,711.32,238,2019
47187,34626,4188.139999999999,1095,2019
47189,19470,5597.71,655,2019
48001,3583,873.01,421,2019
48003,1116,4.08,114,2019
48005,19887,592.61,559,2019
48007,75066,1815.82,1072,2019
48009,4361,137.70000000000002,386,2019
48011,713,82.8,109,2019
48013,8798,2353.46,560,2019
48015,8853,3777.58,527,2019
48017,2031,188.06,377,2019
48019,23117,31.380000000000003,939,2019
48021,43201,12655.3,2318,2019
48023,1454,202.11,136,2019
48025,13246,2195.97,358,2019
48027,33227,7861.68,2302,2019
48029,207001,3762.96,8993,2019
48031,25755,1.16,1186,2019
48033,668,23.96,84,2019
48035,7322,105.86,452,2019
48037,11517,2698.77,588,2019
48039,97550,13316.63,2372,2019
48041,59600,9419.34,1785,2019
48043,84457,0.03,2921,2019
48045,1770,55.2,262,2019
48047,6205,1102.34,260,2019
48049,3958,11.46,324,2019
48051,5323,1944.8,395,2019
48053,39553,12.47,1226,2019
48055,8984,4003.07,702,2019
48057,21820,1468.17,604,2019
48059,1148,74.04,185,2019
48061,387072,50997.11,4627,2019
48063,3054,485.5,80,2019
48065,1110,349.03000000000003,105,2019
48067,2156,209.2,206,2019
48069,1168,302.40000000000003,75,2019
48071,105002,40112.68,1423,2019
48073,3721,477.47,382,2019
48075,638,21.08,77,2019
48077,3531,60.12,413,2019
48079,1315,407.51,102,2019
48081,1619,54.959999999999994,166,2019
48083,3026,95.76,218,2019
48085,66279,949.8,4010,2019
48087,474,101.66,69,2019
48089,18638,12347.37,695,2019
48091,40331,242.87,1890,2019
48093,4365,97.42,206,2019
48095,3213,108.24,160,2019
48097,2781,243.24999999999997,307,2019
48099,12971,62.080000000000005,755,2019
48101,3011,24.93,159,2019
48103,405,0.0,62,2019
48105,4111,0.0,456,2019
48107,4711,1981.65,292,2019
48109,8329,40.08,646,2019
48111,1925,173.88,240,2019
48113,126419,6631.47,6166,2019
48115,1160,384.69,114,2019
48117,1116,189.86,148,2019
48119,2131,527.48,181,2019
48121,78922,5677.46,5007,2019
48123,7899,4553.59,279,2019
48125,722,58.92,119,2019
48127,1583,14.88,136,2019
48129,573,18.14,96,2019
48131,4137,221.8,255,2019
48133,1160,39.04,163,2019
48135,1087,0.0,238,2019
48137,7769,0.0,346,2019
48139,17738,1432.13,1040,2019
48141,34178,111.81,2380,2019
48143,5321,41.13,645,2019
48145,2774,902.83,209,2019
48147,1770,218.71,264,2019
48149,6781,2711.98,882,2019
48151,1082,251.74,119,2019
48153,597,86.75,75,2019
48155,1151,82.52,135,2019
48157,106946,12528.81,2734,2019
48159,4153,1151.62,155,2019
48161,6536,599.65,332,2019
48163,2988,754.69,297,2019
48165,915,85.53,148,2019
48167,296647,12803.71,3005,2019
48169,1499,25.42,205,2019
48171,11037,74.44,854,2019
48173,1252,44.8,223,2019
48175,6373,1659.58,289,2019
48177,19989,4184.03,629,2019
48179,1080,126.66,150,2019
48181,52938,11084.65,1111,2019
48183,4306,483.48,397,2019
48185,4821,1938.68,479,2019
48187,27602,1512.74,973,2019
48189,1650,278.79,141,2019
48191,802,196.08,110,2019
48193,5408,83.19,302,2019
48195,1298,121.39,78,2019
48197,2003,432.2,135,2019
48199,9774,662.5500000000001,803,2019
48201,317167,19337.52,10337,2019
48203,5361,599.36,576,2019
48205,1783,56.35,102,2019
48207,1527,296.59,83,2019
48209,63899,1917.23,3333,2019
48211,797,26.630000000000003,77,2019
48213,7082,1139.69,549,2019
48215,529070,131502.31,3488,2019
48217,3824,362.05,425,2019
48219,956,210.32,143,2019
48221,4247,3.7,358,2019
48223,2124,606.6,229,2019
48225,2898,1092.99,239,2019
48227,1619,75.89999999999999,197,2019
48229,5655,811.9599999999999,454,2019
48231,6271,555.78,445,2019
48233,2030,45.91,103,2019
48235,776,20.110000000000003,114,2019
48237,2275,4.27,236,2019
48239,10494,3181.33,663,2019
48241,8178,128.05,644,2019
48243,67934,48.6,1731,2019
48245,100108,24268.05,916,2019
48247,4340,85.97999999999999,189,2019
48249,7334,2260.06,571,2019
48251,24626,247.78,1268,2019
48253,1995,208.28,186,2019
48255,2723,729.14,315,2019
48257,3985,2479.3900000000003,373,2019
48259,54322,44.74,1657,2019
48261,23347,1041.9,536,2019
48263,506,24.11,106,2019
48265,34914,15.08,1359,2019
48267,38183,13.75,559,2019
48269,322,0.48,29,2019
48271,17073,96.8,403,2019
48273,37149,13136.46,1096,2019
48275,893,125.09,71,2019
48277,2216,777.39,287,2019
48279,1412,210.36,161,2019
48281,6088,16.22,358,2019
48283,2845,114.01,234,2019
48285,2899,1307.83,501,2019
48287,4923,1671.13,389,2019
48289,2538,974.88,332,2019
48291,15474,2094.34,716,2019
48293,3757,841.7,297,2019
48295,305,6.71,56,2019
48297,8976,924.72,525,2019
48299,10013,1.16,618,2019
48301,476,0.0,64,2019
48303,41449,1966.31,2668,2019
48305,1734,337.11,217,2019
48307,2141,74.64,204,2019
48309,16336,856.93,1100,2019
48311,14463,5003.289999999999,399,2019
48313,1677,773.99,141,2019
48315,3072,122.91,290,2019
48317,1895,253.56,141,2019
48319,3512,30.21,318,2019
48321,41760,7721.51,929,2019
48323,1614,31.489999999999995,166,2019
48325,13114,933.84,740,2019
48327,2400,53.44,212,2019
48329,27386,116.15,643,2019
48331,15619,8126.96,753,2019
48333,6153,14.08,353,2019
48335,1887,79.12,169,2019
48337,2102,2.97,211,2019
48339,51098,450.75,2489,2019
48341,1104,165.93,100,2019
48343,3680,515.6899999999999,142,2019
48345,434,46.92,51,2019
48347,16237,2473.52,1121,2019
48349,5408,630.5699999999999,383,2019
48351,1559,72.28,169,2019
48353,1745,84.97,192,2019
48355,132883,5170.12,2134,2019
48357,984,204.42,70,2019
48359,625,27.23,123,2019
48361,3577,82.25999999999999,197,2019
48363,6461,10.36,558,2019
48365,5129,1369.08,312,2019
48367,8494,32.24,995,2019
48369,1565,266.78000000000003,138,2019
48371,6513,7.94,788,2019
48373,4325,288.23,369,2019
48375,7852,67.9,433,2019
48377,11015,2.68,931,2019
48379,2743,1426.88,158,2019
48381,19782,275.21999999999997,830,2019
48383,1051,11.28,85,2019
48385,7111,0.0,501,2019
48387,2253,607.91,158,2019
48389,15818,1537.9,688,2019
48391,9208,2652.68,659,2019
48393,450,54.36,61,2019
48395,3024,1385.66,333,2019
48397,2974,30.57,239,2019
48399,2143,276.94,182,2019
48401,5522,1446.18,694,2019
48403,4338,176.29,166,2019
48405,1594,177.06,141,2019
48407,3441,240.45,250,2019
48409,38340,5253.01,1297,2019
48411,11895,46.72,312,2019
48413,1817,63.76,135,2019
48415,1508,99.37,183,2019
48417,1391,40.61,132,2019
48419,5104,575.02,157,2019
48421,613,168.87,87,2019
48423,20901,2902.44,1094,2019
48425,6018,5.9799999999999995,534,2019
48427,62788,949.94,856,2019
48429,1206,17.08,87,2019
48431,912,0.6900000000000001,85,2019
48433,849,27.48,106,2019
48435,3395,0.0,225,2019
48437,2770,228.17,127,2019
48439,170706,1749.01,8756,2019
48441,50079,1587.21,1074,2019
48443,9312,0.8,470,2019
48445,1133,217.54,101,2019
48447,3890,1363.19,169,2019
48449,2461,788.3000000000001,152,2019
48451,31537,130.07999999999998,739,2019
48453,344485,10179.46,12748,2019
48455,1745,357.81,189,2019
48457,7804,241.65,599,2019
48459,3754,633.97,186,2019
48461,923,9.33,151,2019
48463,39106,1496.35,1023,2019
48465,20739,0.78,943,2019
48467,8078,2793.06,371,2019
48469,20841,8432.210000000001,557,2019
48471,9904,831.28,582,2019
48473,23169,14437.12,807,2019
48475,1298,2.71,198,2019
48477,13217,3654.96,646,2019
48479,29091,147.36,814,2019
48481,6998,4010.92,512,2019
48483,845,39.349999999999994,95,2019
48485,7632,133.2,798,2019
48487,1113,136.68,123,2019
48489,12444,3119.39,519,2019
48491,134563,4077.17,6354,2019
48493,11610,2866.14,570,2019
48495,619,0.0,128,2019
48497,12148,26.23,754,2019
48499,6366,2429.6,333,2019
48501,1002,82.87,92,2019
48503,3712,155.34,196,2019
48505,14326,136.96,296,2019
48507,2360,240.79,204,2019
49001,6104,370.76,327,2019
49003,43077,4072.83,912,2019
49005,24363,5423.83,959,2019
49007,2634,17.65,210,2019
49009,2021,219.3,168,2019
49011,106563,6207.95,1203,2019
49013,2329,179.13,262,2019
49015,3881,34.96,459,2019
49017,13726,481.47,1013,2019
49019,20665,1996.82,1363,2019
49021,8129,277.17,580,2019
49023,4451,111.85,284,2019
49025,7773,64.83,939,2019
49027,2139,226.47,386,2019
49029,7608,913.92,149,2019
49031,1307,130.31,138,2019
49033,5628,991.38,186,2019
49035,150706,4575.3,3833,2019
49037,10802,28.76,1800,2019
49039,7748,532.06,348,2019
49041,2344,195.85,363,2019
49043,23326,1640.27,946,2019
49045,6915,94.18,622,2019
49047,10273,2107.1800000000003,683,2019
49049,73020,8150.73,2972,2019
49051,10860,2365.64,588,2019
49053,74787,1713.37,2509,2019
49055,5170,994.22,631,2019
49057,19538,1646.98,691,2019
50001,74935,25755.72,2797,2019
50003,30233,4017.78,1253,2019
50005,11626,1127.0,990,2019
50007,175893,24000.82,5925,2019
50009,18462,542.89,570,2019
50011,53153,11269.98,1496,2019
50013,16919,4049.55,759,2019
50015,25193,5519.67,1449,2019
50017,23989,3377.14,1502,2019
50019,23958,3140.04,918,2019
50021,95785,12636.49,3024,2019
50023,53455,8180.45,4079,2019
50025,70473,11493.05,1941,2019
50027,115284,23836.46,3329,2019
51001,94380,3006.69,961,2019
51003,85195,19738.42,2089,2019
51005,3019,216.98,304,2019
51007,5063,1497.79,223,2019
51009,16134,2924.08,594,2019
51011,14357,1657.8,223,2019
51013,31851,0.0,1256,2019
51015,32912,9651.21,1204,2019
51017,8277,983.27,417,2019
51019,27764,6114.19,689,2019
51021,1787,474.44,151,2019
51023,22682,2574.0,505,2019
51025,6580,1599.79,273,2019
51027,5798,452.91,268,2019
51029,9347,2027.17,544,2019
51031,5406,1563.38,252,2019
51033,13607,1468.78,534,2019
51035,4777,996.64,320,2019
51036,4847,1591.37,203,2019
51037,5538,1508.63,232,2019
51041,51212,97.94,1067,2019
51043,33838,5672.09,490,2019
51045,4871,1397.99,348,2019
51047,18415,8222.41,838,2019
51049,4274,664.58,255,2019
51051,3897,195.07,271,2019
51053,3790,344.99,253,2019
51057,6898,1676.04,229,2019
51059,292972,8915.14,7784,2019
51061,45161,20505.38,1598,2019
51063,7069,1727.1,487,2019
51065,13753,3401.2200000000003,452,2019
51067,8643,1464.2,374,2019
51069,27288,8201.44,650,2019
51071,18894,1509.14,555,2019
51073,27925,1970.13,639,2019
51075,3766,524.25,316,2019
51077,10242,2086.93,584,2019
51079,9454,830.52,283,2019
51081,2621,470.89,183,2019
51083,16730,2688.01,506,2019
51085,12900,1373.35,731,2019
51087,33117,4152.85,952,2019
51089,3539,396.7,193,2019
51091,14073,3040.51,470,2019
51093,7797,1808.41,312,2019
51095,46708,1041.91,682,2019
51097,5826,1138.33,247,2019
51099,7547,1146.7,403,2019
51101,5063,1118.78,207,2019
51103,7093,429.05,254,2019
51105,5084,1590.03,301,2019
51107,83097,19607.45,2226,2019
51109,11229,1953.29,571,2019
51111,4572,2217.4300000000003,231,2019
51113,10946,1581.76,894,2019
51115,5572,272.90000000000003,128,2019
51117,16417,2519.33,497,2019
51119,4480,359.29,203,2019
51121,59405,11179.23,1339,2019
51125,27850,4038.49,943,2019
51127,5339,1681.68,329,2019
51131,65034,13636.62,694,2019
51133,4637,716.3100000000001,250,2019
51135,5212,738.02,344,2019
51137,7713,2123.37,441,2019
51139,13393,2691.85,818,2019
51141,4827,807.77,395,2019
51143,8944,2507.47,395,2019
51145,15131,1958.41,294,2019
51147,28206,2543.87,636,2019
51149,4246,421.3,247,2019
51153,98232,13406.39,2132,2019
51155,11188,2702.86,290,2019
51157,12578,6430.56,757,2019
51159,8532,2083.44,257,2019
51161,10046,990.81,545,2019
51163,17444,5521.89,751,2019
51165,70021,22356.89,1459,2019
51167,4140,1117.21,288,2019
51169,4491,1080.33,274,2019
51171,15251,4364.68,854,2019
51173,10228,1254.35,581,2019
51175,3270,910.71,270,2019
51177,22714,1882.03,728,2019
51179,25796,1144.49,607,2019
51181,12851,311.96,242,2019
51183,8531,1742.5700000000002,383,2019
51185,12355,3262.2000000000003,438,2019
51187,22394,2244.73,796,2019
51191,6395,1214.64,561,2019
51193,12656,3679.28,402,2019
51195,4433,106.87,430,2019
51197,3796,1143.24,277,2019
51199,25036,62.7,661,2019
51510,36735,0.0,583,2019
51520,1486,1.93,69,2019
51530,988,62.11,52,2019
51540,39027,3.4299999999999997,438,2019
51550,14241,640.72,719,2019
51570,1223,0.0,52,2019
51580,402,12.93,29,2019
51590,1659,95.02,76,2019
51595,689,30.84,45,2019
51600,8226,0.0,157,2019
51610,3014,0.0,82,2019
51620,1041,233.92,37,2019
51630,5157,10.42,199,2019
51640,334,1.81,24,2019
51650,26565,15.22,599,2019
51660,9886,34.66,318,2019
51670,1003,0.0,46,2019
51678,871,0.0,63,2019
51680,11989,210.31,256,2019
51683,5011,0.0,80,2019
51685,554,0.8,21,2019
51690,656,0.0,28,2019
51700,21409,805.3199999999999,600,2019
51710,38825,0.0,432,2019
51720,1049,0.0,75,2019
51730,728,21.41,79,2019
51735,4256,0.0,78,2019
51740,15184,89.75999999999999,128,2019
51750,15996,1150.65,107,2019
51760,38663,0.6000000000000001,961,2019
51770,11063,4.84,310,2019
51775,1208,0.22,87,2019
51790,6453,3465.9600000000005,135,2019
51800,10061,1071.74,470,2019
51810,136467,8905.949999999999,1823,2019
51820,4158,102.98,99,2019
51830,15215,0.0,239,2019
51840,1510,112.78,110,2019
53001,14575,1117.27,425,2019
53003,12839,973.78,584,2019
53005,24424,2358.21,884,2019
53007,69983,5621.13,1758,2019
53009,176678,25838.86,2847,2019
53011,148063,29031.379999999997,1837,2019
53013,3150,199.83,195,2019
53015,29986,6288.08,727,2019
53017,20303,2586.42,736,2019
53019,8110,21.37,258,2019
53021,12046,650.24,425,2019
53023,2889,169.29,203,2019
53025,46145,2454.06,993,2019
53027,42499,3975.36,1177,2019
53029,75778,7998.53,1213,2019
53031,69915,2950.93,2196,2019
53033,579926,14522.33,10758,2019
53035,89590,3020.04,1701,2019
53037,64508,4402.2699999999995,2479,2019
53039,45795,2304.43,1321,2019
53041,26671,5657.49,1401,2019
53043,18461,1575.88,484,2019
53045,50450,8092.44,811,2019
53047,46978,2311.42,1821,2019
53049,29449,1372.46,657,2019
53051,10629,711.1600000000001,548,2019
53053,137818,4287.1,3740,2019
53055,38253,12444.11,1115,2019
53057,149853,45576.88,2326,2019
53059,23971,2747.1499999999996,1550,2019
53061,132685,15184.76,3973,2019
53063,68186,4336.92,2237,2019
53065,12768,2582.43,576,2019
53067,151890,12134.17,2518,2019
53069,14907,2843.43,123,2019
53071,55802,8156.85,905,2019
53073,83023,10035.94,3660,2019
53075,35087,2563.83,1427,2019
53077,71404,6734.95,1771,2019
54001,1449,286.23,92,2019
54003,7016,2181.03,411,2019
54005,43,1.9,12,2019
54007,656,114.51,125,2019
54009,352,33.34,40,2019
54011,7908,2289.31,292,2019
54013,189,4.29,19,2019
54015,310,0.35,25,2019
54017,991,263.87,38,2019
54019,11080,379.79,472,2019
54021,467,191.21,55,2019
54023,11191,2705.62,331,2019
54025,3843,385.91,251,2019
54027,5660,2013.16,288,2019
54029,665,286.71999999999997,99,2019
54031,12460,5956.96,406,2019
54033,2687,127.42,224,2019
54035,881,121.27,107,2019
54037,51810,16914.52,725,2019
54039,17706,78.33000000000001,482,2019
54041,3702,668.64,97,2019
54043,161,1.97,22,2019
54045,96,0.92,23,2019
54047,320,5.549999999999999,34,2019
54049,9990,1214.4700000000005,142,2019
54051,329,51.78,48,2019
54053,8485,2603.88,204,2019
54055,4665,329.78999999999996,225,2019
54057,3773,1321.09,73,2019
54059,136,2.28,13,2019
54061,23781,1251.19,832,2019
54063,1692,451.09,122,2019
54065,2228,235.65,196,2019
54067,1597,51.99,128,2019
54069,4779,33.3,332,2019
54071,8745,1779.28,483,2019
54073,1864,419.02,47,2019
54075,12928,4356.25,577,2019
54077,20418,3936.08,394,2019
54079,5081,272.67,153,2019
54081,6533,248.48,358,2019
54083,15725,7399.78,553,2019
54085,7781,568.85,85,2019
54087,532,74.57,43,2019
54089,6301,1084.07,197,2019
54091,2163,418.47,64,2019
54093,14505,600.62,746,2019
54095,91,23.9,36,2019
54097,2209,224.8,109,2019
54099,2373,76.91,95,2019
54101,448,0.15,72,2019
54103,2169,14.15,45,2019
54105,126,3.35,14,2019
54107,16761,1144.78,261,2019
54109,152,0.0,22,2019
55001,12654,2067.83,795,2019
55003,22870,1128.88,1355,2019
55005,13146,2372.82,639,2019
55007,36203,4072.6,2004,2019
55009,40081,2882.34,1200,2019
55011,8205,1392.5,433,2019
55013,25119,1859.8,1171,2019
55015,21699,5556.639999999999,527,2019
55017,16786,2580.59,676,2019
55019,6095,1912.05,401,2019
55021,27098,9793.56,1412,2019
55023,14678,1229.27,531,2019
55025,313071,62560.69,6201,2019
55027,78476,13610.71,1708,2019
55029,53184,8446.26,2065,2019
55031,18509,536.44,990,2019
55033,20532,8043.700000000001,672,2019
55035,15704,1894.03,710,2019
55037,12784,822.99,534,2019
55039,37417,6885.97,1066,2019
55041,10952,344.86,694,2019
55043,36331,10638.96,1040,2019
55045,7329,2402.26,563,2019
55047,19478,1377.03,544,2019
55049,35258,20702.27,1115,2019
55051,12965,191.12,664,2019
55053,7910,582.57,549,2019
55055,36713,11689.08,1299,2019
55057,16418,625.21,954,2019
55059,14394,2900.36,1001,2019
55061,14309,3034.6,428,2019
55063,26416,8186.849999999999,763,2019
55065,6828,2839.42,403,2019
55067,6755,574.13,406,2019
55069,15943,1822.07,739,2019
55071,31301,9778.0,852,2019
55073,46904,8353.43,1593,2019
55075,23659,1269.21,789,2019
55077,5277,998.8,548,2019
55078,1873,0.26,122,2019
55079,152914,1764.98,1868,2019
55081,12102,5446.15,720,2019
55083,13244,1053.49,662,2019
55085,21380,327.32,1441,2019
55087,27140,3553.32,859,2019
55089,69293,13988.8,1152,2019
55091,3621,977.73,206,2019
55093,7710,2632.53,578,2019
55095,27172,4272.39,1070,2019
55097,39333,10613.36,1344,2019
55099,12337,909.27,671,2019
55101,27959,4274.11,869,2019
55103,7671,2178.26,397,2019
55105,22365,6987.36,961,2019
55107,9449,1866.57,497,2019
55109,17131,4992.21,1123,2019
55111,49348,16183.08,2007,2019
55113,11796,920.46,752,2019
55115,8088,2209.59,548,2019
55117,34486,9126.71,877,2019
55119,10202,3386.72,529,2019
55121,9418,1848.85,435,2019
55123,25353,4681.35,790,2019
55125,32153,90.97,1512,2019
55127,16390,2947.63,966,2019
55129,12413,1289.51,607,2019
55131,25057,5593.75,774,2019
55133,60044,5778.54,2110,2019
55135,13169,3159.2,670,2019
55137,11332,2135.05,655,2019
55139,31754,5758.33,994,2019
55141,10726,2911.39,762,2019
56001,31549,160.95000000000002,1097,2019
56003,2469,278.17,316,2019
56005,4044,112.31,226,2019
56007,10866,1042.66,647,2019
56009,5642,26.29,256,2019
56011,5918,41.75,349,2019
56013,37892,2424.22,1097,2019
56015,2820,139.81,216,2019
56017,1306,39.8,100,2019
56019,6760,57.03,333,2019
56021,23220,147.01,605,2019
56023,2784,131.45,316,2019
56025,13450,415.99,448,2019
56027,834,8.0,108,2019
56029,42185,657.27,3271,2019
56031,2287,49.12,197,2019
56033,10891,1959.9,482,2019
56035,8664,261.56,550,2019
56037,6477,91.89,452,2019
56039,57555,1348.68,3608,2019
56041,2748,543.0,242,2019
56043,5424,507.11,200,2019
56045,1701,5.050000000000001,163,2019
01001,11810,1749.15,498,2020
01003,80611,5055.62,2924,2020
01005,14572,1352.39,253,2020
01007,5414,89.06,472,2020
01009,2329,353.91,423,2020
01011,4907,838.13,147,2020
01013,875,110.76,136,2020
01015,21548,1943.2,482,2020
01017,4730,720.37,254,2020
01019,2145,314.77,404,2020
01021,2249,591.33,163,2020
01023,2306,60.370000000000005,140,2020
01025,588,92.64,80,2020
01027,1183,41.71,143,2020
01029,2105,108.19,275,2020
01031,1255,189.41,229,2020
01033,10739,5495.92,389,2020
01035,804,183.53,120,2020
01037,884,34.26,150,2020
01039,2795,267.46000000000004,257,2020
01041,590,126.64,74,2020
01043,3353,1050.04,374,2020
01045,5211,258.7,208,2020
01047,963,134.1,136,2020
01049,2988,433.55,614,2020
01051,9937,1064.04,993,2020
01053,1068,109.68,144,2020
01055,2826,685.35,294,2020
01057,523,58.22,47,2020
01059,2163,438.73,198,2020
01061,11926,3218.6,93,2020
01063,2505,188.45,153,2020
01065,8261,1928.42,344,2020
01067,1262,124.87,122,2020
01069,17822,1573.39,376,2020
01071,6152,1565.61,698,2020
01073,72319,446.16,2411,2020
01075,645,52.44,65,2020
01077,16576,3965.84,655,2020
01079,5711,1170.34,476,2020
01081,33590,5037.89,1435,2020
01083,20411,7461.25,955,2020
01085,1422,486.76,205,2020
01087,6302,474.12,338,2020
01089,66847,9320.15,3174,2020
01091,6167,4181.46,111,2020
01093,1818,509.79,144,2020
01095,9423,726.94,730,2020
01097,44748,997.53,1631,2020
01099,1142,127.69,164,2020
01101,14321,1074.44,788,2020
01103,16793,4769.1900000000005,697,2020
01105,5268,759.7800000000001,301,2020
01107,1021,218.06,111,2020
01109,2275,143.42,361,2020
01111,2257,952.84,101,2020
01113,718,38.03,131,2020
01115,2372,265.73,668,2020
01117,31133,7096.29,1329,2020
01119,2558,956.32,336,2020
01121,2692,359.12,239,2020
01123,4800,203.82,1716,2020
01125,41676,6827.56,1100,2020
01127,1398,214.74,171,2020
01129,827,233.53,146,2020
01131,357,36.0,71,2020
01133,4603,113.56,451,2020
04001,32029,692.52,1646,2020
04003,513902,2061.88,6530,2020
04005,196800,485.13000000000005,6714,2020
04007,19856,16.439999999999998,1563,2020
04009,27409,2108.61,965,2020
04011,6508,457.99,372,2020
04012,18391,4729.11,752,2020
04013,695205,36152.51,13448,2020
04015,38339,34.64,2333,2020
04017,65294,2664.96,1350,2020
04019,987367,7218.92,13767,2020
04021,103837,23069.76,2681,2020
04023,358841,24249.18,3140,2020
04025,193042,7394.49,5349,2020
04027,48696,6848.76,1385,2020
05001,4444,366.57,209,2020
05003,557,54.5,152,2020
05005,16127,1704.32,1335,2020
05007,38071,12310.06,3224,2020
05009,1086,503.17,192,2020
05011,565,122.77,69,2020
05013,514,2.79,84,2020
05015,5843,269.34000000000003,349,2020
05017,1273,172.32999999999998,127,2020
05019,1141,452.88000000000005,193,2020
05021,4395,3079.45,193,2020
05023,3192,338.81,323,2020
05025,674,2.28,57,2020
05027,9766,519.96,396,2020
05029,7187,2546.26,382,2020
05031,13162,1489.61,796,2020
05033,13883,7311.48,450,2020
05035,5995,1048.63,354,2020
05037,1093,219.65,130,2020
05039,786,120.72,81,2020
05041,5341,1639.6,258,2020
05043,1176,71.36,292,2020
05045,41085,12193.02,1203,2020
05047,5188,980.58,468,2020
05049,2542,704.0500000000001,128,2020
05051,19922,3713.51,956,2020
05053,672,30.06,124,2020
05055,3329,614.08,375,2020
05057,1957,177.57999999999998,143,2020
05059,1668,259.63,369,2020
05061,832,129.18,80,2020
05063,4278,235.03,215,2020
05065,3133,1352.0700000000002,184,2020
05067,300,60.92,65,2020
05069,11668,588.45,344,2020
05071,3502,725.35,427,2020
05073,821,201.69,71,2020
05075,839,261.56,207,2020
05077,1626,548.04,74,2020
05079,530,80.92,95,2020
05081,1278,195.01,136,2020
05083,3720,162.67,326,2020
05085,4675,1542.3300000000002,267,2020
05087,2667,467.27,450,2020
05089,8429,2610.72,665,2020
05091,2458,411.74,287,2020
05093,2250,656.48,161,2020
05095,1491,325.40999999999997,134,2020
05097,2036,154.35000000000002,477,2020
05099,426,4.07,74,2020
05101,3917,674.61,530,2020
05103,1380,9.76,107,2020
05105,2179,616.48,297,2020
05107,1213,83.09,185,2020
05109,628,39.7,113,2020
05111,2622,745.55,194,2020
05113,2477,734.43,310,2020
05115,19734,4263.469999999999,909,2020
05117,2404,631.41,174,2020
05119,61735,1964.86,2171,2020
05121,1559,428.95,128,2020
05123,870,151.09,172,2020
05125,23487,419.73,815,2020
05127,16000,2513.4,184,2020
05129,1179,163.56,183,2020
05131,16973,7047.670000000001,441,2020
05133,569,99.51,111,2020
05135,3259,369.76,181,2020
05137,4570,1189.02,245,2020
05139,1188,7.51,168,2020
05141,2021,314.5,219,2020
05143,47126,7937.26,3243,2020
05145,23163,11962.85,380,2020
05147,670,308.74,72,2020
05149,6861,1299.51,404,2020
06001,416968,4483.21,10536,2020
06003,23125,387.81,1626,2020
06005,12015,25.050000000000004,608,2020
06007,93115,18334.21,3701,2020
06009,18932,0.63,958,2020
06011,47657,18508.07,942,2020
06013,401857,9158.86,11706,2020
06015,33353,4452.47,1747,2020
06017,57564,0.78,5332,2020
06019,88247,4631.01,4112,2020
06021,47958,2576.66,946,2020
06023,261425,20847.2,9478,2020
06025,75323,23903.93,3599,2020
06027,89964,8125.26,5385,2020
06029,104295,4735.92,4562,2020
06031,10905,2128.1,280,2020
06033,36298,1780.85,1400,2020
06035,24148,3516.7700000000004,1650,2020
06037,1093710,5042.83,41209,2020
06039,24402,1344.43,1458,2020
06041,419833,1461.03,12090,2020
06043,23869,0.0,2609,2020
06045,129952,5785.0,4881,2020
06047,62372,8419.73,1342,2020
06049,40055,7479.67,1245,2020
06051,57958,1690.4599999999998,3810,2020
06053,340144,7419.2,8006,2020
06055,76132,2199.4,3228,2020
06057,96061,91.53,3506,2020
06059,761637,932.2,13745,2020
06061,102851,6778.66,4253,2020
06063,55849,2114.0699999999997,2656,2020
06065,366672,6502.320000000001,19699,2020
06067,413108,30291.44,5656,2020
06069,62012,4683.9800000000005,2690,2020
06071,205611,1074.13,15356,2020
06073,1001597,7475.59,40704,2020
06075,374898,0.64,3808,2020
06077,99758,24855.46,1788,2020
06079,405332,2736.4500000000003,8579,2020
06081,395740,3044.6499999999996,12295,2020
06083,320519,5818.3099999999995,8341,2020
06085,591897,4617.54,16335,2020
06087,348378,17079.05,8329,2020
06089,76486,2376.34,3482,2020
06091,19382,652.65,1057,2020
06093,73834,7740.58,4663,2020
06095,115849,18125.31,3022,2020
06097,312351,42084.509999999995,11856,2020
06099,94700,33104.43,1248,2020
06101,15143,5960.01,484,2020
06103,43747,4246.35,1522,2020
06105,10018,4.39,2030,2020
06107,66241,9745.02,3846,2020
06109,47184,1.5,2523,2020
06111,328704,9496.21,10757,2020
06113,249673,126317.66,4278,2020
06115,36028,7717.69,1080,2020
08001,131602,1441.17,1974,2020
08003,8904,74.36,372,2020
08005,189623,1004.55,2665,2020
08007,25829,552.47,937,2020
08009,7484,275.77,300,2020
08011,17212,2118.9100000000003,355,2020
08013,382823,8760.800000000001,8236,2020
08014,44312,746.5,517,2020
08015,22046,2717.1099999999997,1124,2020
08017,1810,40.41,103,2020
08019,12843,0.0,986,2020
08021,4107,208.68,354,2020
08023,3578,109.12,204,2020
08025,4451,18.61,150,2020
08027,8795,53.09,384,2020
08029,13598,1681.35,699,2020
08031,141886,460.28,2368,2020
08033,4912,111.68,350,2020
08035,132196,51.0,3401,2020
08037,29516,3841.26,1117,2020
08039,5865,59.959999999999994,537,2020
08041,237126,428.52,5106,2020
08043,24377,590.97,717,2020
08045,15282,2436.45,749,2020
08047,5269,0.0,452,2020
08049,15343,7.59,1392,2020
08051,21797,2255.6,2190,2020
08053,4531,15.28,411,2020
08055,11229,69.11000000000001,492,2020
08057,17043,91.65,695,2020
08059,372080,49.81,6385,2020
08061,11693,122.57,183,2020
08063,5337,914.61,222,2020
08065,2347,0.0,333,2020
08067,43825,2052.05,1073,2020
08069,323744,4115.41,7587,2020
08071,12580,31.28,841,2020
08073,4412,100.93,269,2020
08075,17815,2269.22,488,2020
08077,92702,12401.83,2194,2020
08079,3607,4.779999999999999,425,2020
08081,7169,222.23,526,2020
08083,26028,1489.39,975,2020
08085,33510,6223.05,852,2020
08087,19773,1210.93,391,2020
08089,14918,298.31,643,2020
08091,14728,651.84,524,2020
08093,21336,0.6,1384,2020
08095,2254,405.84,73,2020
08097,27211,891.26,1029,2020
08099,17411,6337.44,262,2020
08101,85630,110.74,1306,2020
08103,5249,258.93,255,2020
08105,8892,577.0600000000001,464,2020
08107,14666,552.05,1040,2020
08109,7783,70.41,569,2020
08111,3610,0.03,413,2020
08113,21498,503.44,681,2020
08115,3566,343.67,154,2020
08117,19734,2.09,1523,2020
08119,37357,2.44,845,2020
08121,11124,156.5,171,2020
08123,86484,6023.08,3130,2020
08125,8468,479.97,229,2020
09001,318089,11129.83,6938,2020
09003,178538,22735.68,5499,2020
09005,215306,21073.27,4356,2020
09007,99927,6793.16,2662,2020
09009,425007,15993.329999999998,7090,2020
09011,166604,19117.67,4501,2020
09013,104093,10169.58,3118,2020
09015,51746,6013.74,1872,2020
10001,159805,13168.76,1776,2020
10003,198736,22612.53,3803,2020
10005,214144,11853.13,3368,2020
11001,279175,1218.76,4345,2020
12001,378754,19913.18,8332,2020
12003,2870,82.8,236,2020
12005,35696,33.12,1009,2020
12007,3198,176.26000000000002,249,2020
12009,318975,17069.04,4617,2020
12011,112158,628.53,5219,2020
12013,1463,328.01,188,2020
12015,113013,3475.16,1988,2020
12017,42066,4619.000000000001,1562,2020
12019,63314,618.08,1498,2020
12021,213895,3727.14,5390,2020
12023,16932,2931.11,755,2020
12027,7153,2002.44,431,2020
12029,8359,1598.81,392,2020
12031,143612,868.8000000000001,3654,2020
12033,53903,997.25,1554,2020
12035,16964,1000.04,792,2020
12037,33602,0.95,1357,2020
12039,5900,92.66,633,2020
12041,6523,1429.42,343,2020
12043,32882,5076.5,428,2020
12045,6640,37.05,430,2020
12047,2179,82.47,315,2020
12049,3532,1459.6999999999998,301,2020
12051,18865,7363.610000000001,581,2020
12053,72887,10795.92,1894,2020
12055,23747,2727.52,1752,2020
12057,179332,18177.33,6288,2020
12059,1061,46.83,173,2020
12061,80290,6604.41,2357,2020
12063,3578,617.27,465,2020
12065,24399,14737.17,619,2020
12067,3490,418.39,229,2020
12069,114243,28814.93,2499,2020
12071,270544,2479.62,5541,2020
12073,110811,8397.42,3453,2020
12075,36501,3832.39,1196,2020
12077,4229,231.18,1231,2020
12079,7604,889.1400000000001,347,2020
12081,149289,8634.35,3088,2020
12083,94952,12750.98,2932,2020
12085,30394,3582.1699999999996,1708,2020
12086,248244,25873.63,10526,2020
12087,124470,113.12,2835,2020
12089,13786,65.11,893,2020
12091,35784,1186.7,1406,2020
12093,19719,4139.26,1014,2020
12095,310118,34228.34,6588,2020
12097,75437,17964.22,2709,2020
12099,233318,19037.51,5289,2020
12101,68991,12527.47,2647,2020
12103,329206,575.89,4561,2020
12105,159400,15871.19,4785,2020
12107,16777,1310.04,958,2020
12109,117977,11413.14,2886,2020
12111,39650,5860.42,1568,2020
12113,36153,736.72,1226,2020
12115,336323,4567.31,4810,2020
12117,89128,2101.94,2648,2020
12119,33129,1989.7,1184,2020
12121,8012,850.78,454,2020
12123,4205,21.41,342,2020
12125,1842,204.05,133,2020
12127,132871,1955.55,3963,2020
12129,130987,256.28000000000003,1516,2020
12131,9422,102.63,1155,2020
12133,6205,846.49,280,2020
13001,763,38.31,99,2020
13003,204,17.55,29,2020
13005,180,51.2,35,2020
13007,3613,433.56,173,2020
13009,698,30.72,146,2020
13011,1535,447.74,74,2020
13013,11698,808.14,251,2020
13015,32219,7960.369999999999,723,2020
13017,309,24.18,39,2020
13019,1169,122.18,73,2020
13021,57695,5072.8,584,2020
13023,687,201.94,59,2020
13025,352,25.84,86,2020
13027,13713,5077.84,358,2020
13029,4566,11.3,293,2020
13031,24186,7324.98,668,2020
13033,4986,983.21,159,2020
13035,5558,246.02,133,2020
13037,784,88.60000000000001,40,2020
13039,17984,89.43,747,2020
13043,619,159.24,82,2020
13045,17234,1237.18,714,2020
13047,2818,619.7,774,2020
13049,5031,8.06,303,2020
13051,65560,641.9,1612,2020
13053,1026,37.53,111,2020
13055,8532,4113.18,268,2020
13057,18417,458.49,1027,2020
13059,80767,4489.52,1606,2020
13061,2838,153.37,80,2020
13063,17453,699.6,492,2020
13065,963,2.78,97,2020
13067,102652,9691.67,2464,2020
13069,1290,95.02,84,2020
13071,1202,122.46,142,2020
13073,12153,580.0600000000001,571,2020
13075,1214,94.66,132,2020
13077,19849,4800.72,661,2020
13079,1526,85.91,105,2020
13081,1303,275.74,118,2020
13083,2951,206.84,397,2020
13085,9143,138.71,454,2020
13087,10224,4250.35,455,2020
13089,233471,3148.93,3545,2020
13091,550,46.08,42,2020
13093,9379,3175.3999999999996,106,2020
13095,5486,343.8,214,2020
13097,5617,137.49,453,2020
13099,3218,886.75,114,2020
13101,295,8.59,36,2020
13103,1377,188.68,160,2020
13105,1166,147.35,83,2020
13107,1379,74.75,138,2020
13109,583,24.67,81,2020
13111,19771,3520.18,688,2020
13113,16251,2376.64,619,2020
13115,13910,2673.26,562,2020
13117,27318,1819.87,994,2020
13119,1653,588.88,155,2020
13121,173612,22160.029999999995,4088,2020
13123,4384,96.46,516,2020
13125,394,52.32,40,2020
13127,98739,2667.15,1445,2020
13129,3308,1331.19,236,2020
13131,1169,87.78,179,2020
13133,9479,1431.86,313,2020
13135,65987,3314.8,2617,2020
13137,1566,262.39,261,2020
13139,17657,692.26,761,2020
13141,338,20.79,51,2020
13143,498,137.15,79,2020
13145,4729,317.31,561,2020
13147,2532,313.39,143,2020
13149,780,129.6,81,2020
13151,10580,2719.4,471,2020
13153,5263,579.7199999999999,244,2020
13155,507,30.49,65,2020
13157,4696,925.65,312,2020
13159,5074,1006.41,140,2020
13161,1915,1183.64,49,2020
13163,498,97.01,76,2020
13165,1354,406.15,66,2020
13167,136,32.67,28,2020
13169,17363,10279.89,257,2020
13171,3951,837.95,149,2020
13173,310,20.48,35,2020
13175,4942,840.41,168,2020
13177,2633,446.86,238,2020
13179,3949,15.660000000000002,237,2020
13181,669,30.12,69,2020
13183,728,129.12,65,2020
13185,13934,793.4599999999999,438,2020
13187,2383,276.78,483,2020
13189,1426,149.9,96,2020
13191,28285,97.71,612,2020
13193,3574,2571.61,149,2020
13195,3012,880.5600000000001,186,2020
13197,915,118.65,70,2020
13199,1354,242.53,131,2020
13201,3179,1643.34,143,2020
13205,1251,457.98,107,2020
13207,8349,494.41,214,2020
13209,1118,335.76000000000005,59,2020
13211,5474,2793.73,286,2020
13213,10828,1363.08,780,2020
13215,29526,2882.8,482,2020
13217,6728,1763.28,386,2020
13219,19908,8396.11,668,2020
13221,5874,2812.05,370,2020
13223,5433,167.42000000000002,453,2020
13225,863,321.38,113,2020
13227,4222,129.17000000000002,313,2020
13229,345,55.98,101,2020
13231,511,151.18,94,2020
13233,3521,203.96,113,2020
13235,440,60.26,49,2020
13237,1836,117.71,144,2020
13239,511,32.25,43,2020
13241,10477,582.49,831,2020
13243,301,59.379999999999995,56,2020
13245,25712,2823.93,536,2020
13247,10882,5928.32,300,2020
13249,7407,1696.86,77,2020
13251,1343,332.07,121,2020
13253,1234,282.26,137,2020
13255,5196,178.0,168,2020
13257,1017,34.98,152,2020
13259,6156,572.76,157,2020
13261,4839,831.5500000000001,151,2020
13263,1135,30.8,173,2020
13265,502,72.0,27,2020
13267,1441,410.16,96,2020
13269,1186,66.93,124,2020
13271,619,76.18,94,2020
13273,376,63.75,53,2020
13275,9756,4491.47,327,2020
13277,1295,305.71999999999997,211,2020
13279,258,15.23,68,2020
13281,8504,575.74,385,2020
13283,172,7.68,42,2020
13285,6975,2288.99,244,2020
13287,255,37.84,66,2020
13289,1463,126.57,93,2020
13291,4977,279.48,528,2020
13293,1130,129.42000000000002,54,2020
13295,3544,525.07,791,2020
13297,11884,3428.92,471,2020
13299,959,8.61,138,2020
13301,223,59.040000000000006,32,2020
13303,699,44.61,45,2020
13305,795,33.52,164,2020
13307,223,37.14,32,2020
13309,931,10.93,128,2020
13311,3443,218.55,472,2020
13313,8656,2007.77,351,2020
13315,60,13.57,12,2020
13317,599,146.5,50,2020
13319,1077,28.01,88,2020
13321,436,100.87,89,2020
16001,193102,5851.3099999999995,3247,2020
16003,14196,1519.63,493,2020
16005,12808,511.17,1903,2020
16007,6040,461.08,315,2020
16009,7277,445.72,350,2020
16011,4452,716.99,373,2020
16013,25164,3138.75,1255,2020
16015,14348,137.26,823,2020
16017,23407,274.22,1080,2020
16019,13772,1117.24,784,2020
16021,19938,2674.99,674,2020
16023,2172,80.05,307,2020
16025,7133,2043.98,293,2020
16027,71509,22200.61,1377,2020
16029,3006,123.44,332,2020
16031,17533,1528.48,935,2020
16033,1456,41.650000000000006,138,2020
16035,6690,285.82,541,2020
16037,8166,106.71,1095,2020
16039,18272,7532.839999999999,728,2020
16041,974,81.17999999999999,137,2020
16043,10363,392.62,835,2020
16045,18139,2856.4700000000003,302,2020
16047,9714,1439.57,346,2020
16049,10465,691.65,968,2020
16051,31937,3001.32,562,2020
16053,2533,189.86,181,2020
16055,12475,231.32,1023,2020
16057,63670,5300.48,1829,2020
16059,11463,2102.2799999999997,654,2020
16061,1991,220.62,101,2020
16063,499,82.24000000000001,87,2020
16065,5896,851.5699999999999,274,2020
16067,2953,484.36,146,2020
16069,28149,1216.41,563,2020
16071,3441,213.71,194,2020
16073,21498,2581.9300000000003,903,2020
16075,6868,1557.83,222,2020
16077,4827,541.77,287,2020
16079,5094,48.64,415,2020
16081,5413,717.5600000000001,366,2020
16083,26191,5563.81,922,2020
16085,15867,244.79,1013,2020
16087,2319,210.63,163,2020
17001,9499,1834.91,292,2020
17003,9461,5943.639999999999,251,2020
17005,3580,916.56,187,2020
17007,8840,2608.72,833,2020
17009,3662,1514.84,101,2020
17011,32321,5160.74,414,2020
17013,5419,1735.94,103,2020
17015,10210,2121.17,312,2020
17017,2826,660.15,184,2020
17019,101351,13744.57,2761,2020
17021,4524,1059.44,284,2020
17023,8806,4182.2,253,2020
17025,382,99.34,54,2020
17027,23908,5520.64,261,2020
17029,49086,5206.29,1239,2020
17031,841331,18841.36,19286,2020
17033,3106,1948.53,70,2020
17035,2207,530.58,152,2020
17037,20631,5955.01,1139,2020
17039,8687,1959.14,290,2020
17041,2277,680.12,158,2020
17043,349384,11080.17,6244,2020
17045,4384,1596.95,135,2020
17047,3955,3044.15,63,2020
17049,1072,172.73000000000002,162,2020
17051,4236,664.82,177,2020
17053,1570,621.66,144,2020
17055,4424,311.78000000000003,322,2020
17057,26722,14438.65,528,2020
17059,1757,799.25,110,2020
17061,976,492.79,90,2020
17063,20315,2658.87,1035,2020
17065,1096,413.87,61,2020
17067,3344,739.72,207,2020
17069,1484,429.14,138,2020
17071,2109,920.99,100,2020
17073,6935,1107.3,269,2020
17075,6795,1486.82,456,2020
17077,52666,7450.04,2174,2020
17079,1568,1027.55,72,2020
17081,8080,1968.74,273,2020
17083,5329,1323.09,317,2020
17085,6272,1870.03,486,2020
17087,8561,2716.26,981,2020
17089,137511,28808.34,3949,2020
17091,36978,6025.64,1056,2020
17093,43101,6795.62,1065,2020
17095,9087,725.83,269,2020
17097,250259,32280.06,5510,2020
17099,47446,22382.42,1064,2020
17101,2133,499.09,87,2020
17103,21556,6056.8,702,2020
17105,2185,837.95,260,2020
17107,2281,1116.59,195,2020
17109,4867,1016.5,231,2020
17111,100449,16494.989999999998,2499,2020
17113,59276,12533.32,2302,2020
17115,5025,679.37,396,2020
17117,2421,1120.81,210,2020
17119,40919,3238.43,1545,2020
17121,3075,1106.74,174,2020
17123,3297,428.36,152,2020
17125,24011,5504.8,694,2020
17127,4749,1233.21,445,2020
17129,31234,13033.07,263,2020
17131,2140,294.45,103,2020
17133,6746,738.64,351,2020
17135,2592,742.8399999999999,205,2020
17137,10505,4434.71,274,2020
17139,5017,376.66,128,2020
17141,11064,3093.23,923,2020
17143,47588,9223.49,882,2020
17145,1390,613.53,131,2020
17147,12098,2663.0499999999997,382,2020
17149,8322,2398.23,246,2020
17151,3795,695.25,475,2020
17153,5300,2370.46,318,2020
17155,19711,13902.3,186,2020
17157,4652,3296.76,236,2020
17159,1050,173.06,66,2020
17161,24810,4164.11,625,2020
17163,26048,1090.22,883,2020
17165,16631,5337.17,499,2020
17167,34842,6639.25,1404,2020
17169,1269,404.24,108,2020
17171,1229,664.76,80,2020
17173,2711,358.63,205,2020
17175,1212,778.4300000000001,70,2020
17177,4621,1283.38,386,2020
17179,23102,2629.48,542,2020
17181,14135,3359.06,1047,2020
17183,19205,4047.82,714,2020
17185,1686,415.06,70,2020
17187,1983,917.05,127,2020
17189,801,161.58,117,2020
17191,1356,745.58,80,2020
17193,8702,1643.25,145,2020
17195,5982,562.11,350,2020
17197,130575,24175.43,4814,2020
17199,24316,6250.31,780,2020
17201,47988,6957.62,2920,2020
17203,20650,10796.09,568,2020
18001,1729,1207.5600000000002,68,2020
18003,56544,13916.12,1722,2020
18005,2031,260.18,322,2020
18007,3062,701.04,71,2020
18009,2907,969.26,81,2020
18011,56204,10887.08,744,2020
18013,28356,873.5600000000001,910,2020
18015,1172,364.31,120,2020
18017,762,80.25,94,2020
18019,11291,700.78,483,2020
18021,2173,1315.1,152,2020
18023,2272,507.66,112,2020
18025,3647,722.83,220,2020
18027,1233,281.18,115,2020
18029,7144,2654.12,219,2020
18031,5010,1286.01,119,2020
18033,3318,762.46,273,2020
18035,11232,998.87,509,2020
18037,11801,3258.57,229,2020
18039,103421,15003.91,1233,2020
18041,6052,526.41,96,2020
18043,9432,693.26,307,2020
18045,1828,524.32,165,2020
18047,2841,568.6,250,2020
18049,1241,245.83,111,2020
18051,37691,13161.69,486,2020
18053,7235,2154.44,343,2020
18055,46638,17671.42,505,2020
18057,74034,6145.83,1844,2020
18059,14258,4586.25,494,2020
18061,14973,3652.51,304,2020
18063,25146,1736.64,916,2020
18065,7693,840.68,492,2020
18067,1441,252.34,151,2020
18069,4317,1498.37,257,2020
18071,14300,1237.65,477,2020
18073,2599,611.65,340,2020
18075,1249,600.94,67,2020
18077,2435,331.09999999999997,337,2020
18079,2598,272.0,177,2020
18081,40506,4058.46,743,2020
18083,4793,676.0,142,2020
18085,21008,1699.33,446,2020
18087,22188,4848.42,526,2020
18089,59856,2999.33,3229,2020
18091,32278,5318.99,865,2020
18093,9642,2092.74,344,2020
18095,31339,4426.99,835,2020
18097,203467,14608.35,3588,2020
18099,3712,679.22,206,2020
18101,2878,500.36,96,2020
18103,2689,481.73,186,2020
18105,103882,19526.47,2944,2020
18107,8079,4348.87,445,2020
18109,16925,2611.03,619,2020
18111,22137,11114.72,576,2020
18113,14573,3326.98,422,2020
18115,635,201.88,43,2020
18117,2638,259.84999999999997,173,2020
18119,4782,207.49,279,2020
18121,3475,422.85,329,2020
18123,4258,231.2,412,2020
18125,4601,1115.02,152,2020
18127,64810,2877.3999999999996,2071,2020
18129,7035,236.42,175,2020
18131,1813,396.02,150,2020
18133,24815,4869.29,482,2020
18135,652,247.24,70,2020
18137,3534,954.6,253,2020
18139,212,65.42999999999999,36,2020
18141,61028,2945.17,1417,2020
18143,1242,168.56,191,2020
18145,1333,302.81,169,2020
18147,8982,3331.81,177,2020
18149,6167,1239.4599999999998,234,2020
18151,7061,1134.05,441,2020
18153,12266,3324.79,200,2020
18155,284,42.09,74,2020
18157,133862,12323.84,1968,2020
18159,439,267.2,66,2020
18161,9223,1298.23,211,2020
18163,43676,2794.56,704,2020
18165,2998,504.44,109,2020
18167,30613,6170.12,455,2020
18169,5455,806.39,325,2020
18171,847,123.69,123,2020
18173,21761,6428.06,392,2020
18175,4755,1348.11,182,2020
18177,13829,3220.0499999999997,561,2020
18179,3105,1584.27,92,2020
18181,2998,488.24,206,2020
18183,14411,1569.78,278,2020
19001,344,152.96,110,2020
19003,104,51.65,21,2020
19005,5943,950.72,307,2020
19007,2053,561.04,102,2020
19009,134,68.31,11,2020
19011,2376,641.74,150,2020
19013,29320,2679.69,728,2020
19015,11003,2286.2,533,2020
19017,10503,4227.15,336,2020
19019,6837,2333.15,205,2020
19021,4793,144.29999999999998,104,2020
19023,3755,479.12,122,2020
19025,380,58.51,47,2020
19027,1937,260.38,133,2020
19029,557,130.52,71,2020
19031,2237,579.09,206,2020
19033,4472,748.29,291,2020
19035,618,152.48,41,2020
19037,406,242.8,76,2020
19039,324,45.73,48,2020
19041,2434,139.24,73,2020
19043,1820,205.38,246,2020
19045,2499,614.57,171,2020
19047,301,89.67,37,2020
19049,9579,3230.24,467,2020
19051,760,194.57,49,2020
19053,2976,1113.56,254,2020
19055,1000,196.29,129,2020
19057,7009,5112.929999999999,160,2020
19059,4332,1448.54,182,2020
19061,17439,1863.3,406,2020
19063,678,121.08,33,2020
19065,1116,244.35,192,2020
19067,822,180.21,148,2020
19069,608,179.57999999999998,63,2020
19071,2865,744.84,264,2020
19073,8469,3706.13,155,2020
19075,1097,365.03,81,2020
19077,2362,390.15,119,2020
19079,1776,405.45,146,2020
19081,1025,239.58,76,2020
19083,2085,1075.82,129,2020
19085,4040,1392.0,179,2020
19087,1134,461.59,105,2020
19089,831,453.5,97,2020
19091,103,41.47,29,2020
19093,256,64.06,39,2020
19095,2276,844.15,144,2020
19097,8654,308.53000000000003,193,2020
19099,6938,2163.6800000000003,347,2020
19101,9088,2519.39,266,2020
19103,104614,13157.97,2911,2020
19105,1029,285.89,103,2020
19107,891,773.86,34,2020
19109,1563,893.1,120,2020
19111,4040,512.46,178,2020
19113,26476,3543.34,1049,2020
19115,11406,5982.87,141,2020
19117,5134,1813.75,123,2020
19119,869,360.38,77,2020
19121,7523,2168.17,481,2020
19123,1126,445.72,84,2020
19125,6023,1311.4399999999998,213,2020
19127,5324,1351.19,105,2020
19129,1403,536.93,151,2020
19131,281,103.91,64,2020
19133,1484,269.01,126,2020
19135,493,70.34,62,2020
19137,5917,3939.55,75,2020
19139,9529,935.17,402,2020
19141,452,123.27,42,2020
19143,336,84.49,49,2020
19145,283,111.38,36,2020
19147,975,88.57,39,2020
19149,915,231.26,226,2020
19151,505,120.39,55,2020
19153,82055,10576.39,2064,2020
19155,13192,4420.52,686,2020
19157,2778,626.58,160,2020
19159,547,342.44,52,2020
19161,980,172.79,79,2020
19163,16795,896.25,759,2020
19165,712,206.51,25,2020
19167,3787,1586.0,247,2020
19169,54678,9443.67,1377,2020
19171,3365,882.6800000000001,92,2020
19173,323,151.82,44,2020
19175,586,99.54,37,2020
19177,4925,1031.7,147,2020
19179,1453,432.18,94,2020
19181,3669,1390.45,262,2020
19183,2432,998.86,191,2020
19185,338,117.86,38,2020
19187,1383,200.04,148,2020
19189,685,82.26,56,2020
19191,7291,1166.61,319,2020
19193,7439,913.24,340,2020
19195,611,133.20000000000002,73,2020
19197,985,154.27,79,2020
20001,2851,1791.43,170,2020
20003,1690,514.78,120,2020
20005,8651,1391.24,194,2020
20007,1790,219.08,195,2020
20009,15140,747.92,331,2020
20011,1321,446.73,172,2020
20013,6473,1545.73,335,2020
20015,8259,245.3,621,2020
20017,2837,222.46,312,2020
20019,1089,223.26,130,2020
20021,2515,766.22,200,2020
20023,3306,575.87,257,2020
20025,926,105.84,66,2020
20027,862,138.01,100,2020
20029,426,106.1,97,2020
20031,2886,357.39,160,2020
20033,2073,60.6,65,2020
20035,6476,327.87,324,2020
20037,7484,1029.23,310,2020
20039,447,41.08,75,2020
20041,1548,85.65,160,2020
20043,1854,670.07,137,2020
20045,151602,41834.03,2129,2020
20047,544,80.61,68,2020
20049,570,69.41,73,2020
20051,7930,512.51,350,2020
20053,6935,284.91,308,2020
20055,4554,490.77,219,2020
20057,8134,377.86,240,2020
20059,5073,1724.09,233,2020
20061,2466,57.27,213,2020
20063,1199,101.17,152,2020
20065,529,46.2,54,2020
20067,1052,124.54,52,2020
20069,417,88.66,72,2020
20071,768,109.25,48,2020
20073,459,57.37,88,2020
20075,1903,112.93,60,2020
20077,1928,145.82,153,2020
20079,26364,971.45,294,2020
20081,428,86.46,60,2020
20083,1019,76.78,75,2020
20085,8449,7229.950000000001,122,2020
20087,47968,10955.45,450,2020
20089,1406,106.73,99,2020
20091,161089,19959.58,2915,2020
20093,1301,79.49,60,2020
20095,3385,46.91,255,2020
20097,1836,149.82,99,2020
20099,1928,992.54,141,2020
20101,478,72.97,58,2020
20103,25966,7659.500000000001,520,2020
20105,1162,82.71,116,2020
20107,9019,3700.14,133,2020
20109,1933,436.63,188,2020
20111,4153,386.41,271,2020
20113,19700,5133.46,369,2020
20115,8300,1816.61,283,2020
20117,1972,448.62,109,2020
20119,825,58.32,73,2020
20121,17126,6182.64,353,2020
20123,3590,350.77,114,2020
20125,907,184.22,130,2020
20127,1740,83.63000000000001,101,2020
20129,12209,224.96,322,2020
20131,2000,507.15,106,2020
20133,3791,818.32,76,2020
20135,999,147.91,46,2020
20137,1071,93.49,80,2020
20139,13021,1796.02,332,2020
20141,260,70.15,40,2020
20143,1766,677.83,52,2020
20145,619,155.57,85,2020
20147,686,91.26,69,2020
20149,18360,4461.78,292,2020
20151,4572,533.7,197,2020
20153,944,399.75999999999993,48,2020
20155,12664,974.99,596,2020
20157,1015,262.90999999999997,78,2020
20159,670,85.91,101,2020
20161,25482,3319.91,932,2020
20163,1101,57.45,82,2020
20165,1392,218.41,99,2020
20167,14460,181.27,375,2020
20169,4303,561.1800000000001,327,2020
20171,5949,177.17000000000002,146,2020
20173,50237,1730.69,1587,2020
20175,929,38.91,79,2020
20177,44144,11737.59,929,2020
20179,530,80.03,37,2020
20181,1157,168.41,132,2020
20183,649,176.62,66,2020
20185,30084,530.7,321,2020
20187,2023,698.22,115,2020
20189,705,107.49,79,2020
20191,17001,619.5,598,2020
20193,559,121.53,130,2020
20195,1789,134.61,165,2020
20197,5789,460.6,257,2020
20199,349,42.74,53,2020
20201,1180,104.56,40,2020
20203,626,159.73,52,2020
20205,704,118.19,66,2020
20207,1329,229.98,56,2020
20209,10198,812.94,357,2020
21001,1611,594.88,107,2020
21003,5149,900.0400000000001,177,2020
21005,2694,1048.5,195,2020
21007,1807,513.96,127,2020
21009,9649,3615.62,253,2020
21011,1214,132.53,122,2020
21013,1131,41.55,156,2020
21015,18590,8693.67,1414,2020
21017,1028,434.82,89,2020
21019,935,132.48,131,2020
21021,1809,533.56,201,2020
21023,264,46.69,28,2020
21025,221,1.91,32,2020
21027,2233,345.65000000000003,340,2020
21029,7810,918.16,641,2020
21031,237,26.41,52,2020
21033,384,109.31,66,2020
21035,10412,2781.7200000000003,550,2020
21037,11266,227.33,686,2020
21039,522,156.71,31,2020
21041,779,130.2,118,2020
21043,789,39.0,179,2020
21045,2743,1260.24,181,2020
21047,8687,5063.93,791,2020
21049,1040,390.27,181,2020
21051,400,36.52,31,2020
21053,366,109.41,73,2020
21055,648,70.13,38,2020
21057,217,65.62,35,2020
21059,4877,603.7900000000001,229,2020
21061,7538,155.76,419,2020
21063,390,31.25,36,2020
21065,990,126.23,156,2020
21067,79142,13477.33,1677,2020
21069,420,76.09,79,2020
21071,390,2.9499999999999997,76,2020
21073,18868,7247.21,465,2020
21075,7749,4615.28,234,2020
21077,465,64.47,49,2020
21079,6215,2460.96,279,2020
21081,1380,184.68,129,2020
21083,2011,925.88,130,2020
21085,1065,248.68,91,2020
21087,566,175.66,56,2020
21089,647,124.58,131,2020
21091,630,132.89,74,2020
21093,8064,1059.74,440,2020
21095,557,5.76,89,2020
21097,979,189.86,96,2020
21099,7420,4365.85,269,2020
21101,16600,5971.4400000000005,269,2020
21103,1318,305.05,198,2020
21105,1345,487.98,78,2020
21107,16561,9188.15,505,2020
21109,855,78.44,182,2020
21111,196659,35269.93,2823,2020
21113,13313,5571.5599999999995,418,2020
21115,349,52.3,64,2020
21117,12796,1877.75,996,2020
21119,127,15.46,32,2020
21121,423,70.39,113,2020
21123,3344,1149.8,142,2020
21125,3184,235.68,395,2020
21127,760,83.39000000000001,62,2020
21129,542,61.49000000000001,150,2020
21131,280,1.1,25,2020
21133,825,26.76,285,2020
21135,329,26.82,104,2020
21137,12578,5301.18,180,2020
21139,1665,65.53,107,2020
21141,15549,7557.5,199,2020
21143,7383,1209.16,370,2020
21145,2624,493.5,472,2020
21147,2271,29.29,306,2020
21149,522,195.91,44,2020
21151,23620,6292.05,1264,2020
21153,402,154.04999999999998,33,2020
21155,741,186.52,51,2020
21157,17087,2451.4700000000003,274,2020
21159,219,29.92,55,2020
21161,263,67.32000000000001,51,2020
21163,1865,571.49,187,2020
21165,2717,582.8,237,2020
21167,5265,4502.49,152,2020
21169,2134,888.58,63,2020
21171,527,232.11,56,2020
21173,228,62.17,57,2020
21175,450,138.22,46,2020
21177,4647,1464.12,121,2020
21179,4870,1429.84,219,2020
21181,1331,260.27,48,2020
21183,1061,135.57,86,2020
21185,16322,7726.15,308,2020
21187,896,196.99,106,2020
21189,323,60.16,22,2020
21191,1069,379.79,94,2020
21193,529,34.9,29,2020
21195,1412,29.409999999999997,280,2020
21197,2549,121.42,454,2020
21199,21174,5461.360000000001,573,2020
21201,912,52.629999999999995,28,2020
21203,1602,606.08,331,2020
21205,5632,1259.1199999999997,258,2020
21207,2457,182.24,142,2020
21209,4841,1527.06,385,2020
21211,6743,1822.54,246,2020
21213,1036,562.0,78,2020
21215,11769,1992.56,89,2020
21217,1332,140.37,74,2020
21219,9176,5106.53,146,2020
21221,6954,859.52,493,2020
21223,1079,473.07,59,2020
21225,1666,676.87,45,2020
21227,10479,6149.4400000000005,424,2020
21229,466,144.02,49,2020
21231,2815,1291.77,141,2020
21233,307,106.43,32,2020
21235,1331,61.01,234,2020
21237,2188,47.25,364,2020
21239,2575,951.07,211,2020
22001,5040,2253.31,263,2020
22003,1373,160.62,134,2020
22005,3745,221.64,312,2020
22007,2772,71.7,87,2020
22009,1785,757.49,76,2020
22011,1382,414.01,241,2020
22013,754,45.07,102,2020
22015,13411,3153.61,486,2020
22017,15377,1583.26,813,2020
22019,21146,7653.36,984,2020
22021,448,63.97,59,2020
22023,30957,4253.07,655,2020
22025,3161,690.17,190,2020
22027,4915,2071.47,131,2020
22029,7417,1649.29,337,2020
22031,2459,714.77,173,2020
22033,128138,7329.61,2533,2020
22035,944,260.31,41,2020
22037,3770,346.86,151,2020
22039,1350,454.18,124,2020
22041,618,278.52,56,2020
22043,3488,82.91,408,2020
22045,4105,714.78,198,2020
22047,20358,1410.11,281,2020
22049,1692,128.03,76,2020
22051,40524,37.2,942,2020
22053,9107,4491.25,381,2020
22055,34570,1385.7,829,2020
22057,18911,3118.0,310,2020
22059,7236,134.3,153,2020
22061,2555,38.510000000000005,206,2020
22063,9398,882.7300000000001,658,2020
22065,2129,739.28,177,2020
22067,2687,1122.56,109,2020
22069,5138,1177.54,402,2020
22071,95879,39.74000000000001,1478,2020
22073,15698,4510.099999999999,816,2020
22075,18025,538.93,381,2020
22077,3361,885.85,132,2020
22079,19351,3030.2999999999997,749,2020
22081,3807,3175.6099999999997,60,2020
22083,3177,1212.99,157,2020
22085,1194,14.4,98,2020
22087,4717,267.06,181,2020
22089,3987,69.48,175,2020
22091,1642,397.78,97,2020
22093,693,111.26,84,2020
22095,4205,35.89,209,2020
22097,8610,2011.58,264,2020
22099,12492,3203.9500000000003,437,2020
22101,5666,410.52,205,2020
22103,78925,1193.61,2297,2020
22105,24121,2332.15,1008,2020
22107,790,250.52,50,2020
22109,12211,1183.99,332,2020
22111,6093,136.59,247,2020
22113,8161,3451.76,524,2020
22115,13374,1795.8,803,2020
22117,6227,1009.67,675,2020
22119,1096,39.81,132,2020
22121,3312,1478.47,143,2020
22123,1491,472.43999999999994,49,2020
22125,5655,545.95,482,2020
22127,1210,85.65,124,2020
23001,32102,1993.74,1057,2020
23003,37694,4929.84,2977,2020
23005,316493,25776.21,5964,2020
23007,25461,1184.17,1882,2020
23009,157402,6524.93,5114,2020
23011,94605,8236.64,2747,2020
23013,42624,3367.85,1384,2020
23015,98413,8322.38,1954,2020
23017,43116,2829.11,2550,2020
23019,86505,7091.71,3583,2020
23021,29139,873.11,1830,2020
23023,36809,1087.83,1247,2020
23025,21314,1918.96,1645,2020
23027,49332,3625.94,1734,2020
23029,51833,1993.8,2128,2020
23031,174954,16533.66,4388,2020
24001,34273,3919.18,1448,2020
24003,286252,11102.64,6046,2020
24005,309011,36724.33,8575,2020
24009,113919,9560.89,1458,2020
24011,24806,5605.0199999999995,1265,2020
24013,74917,22173.68,2345,2020
24015,53048,13082.51,1546,2020
24017,26365,2322.58,1620,2020
24019,78353,19712.160000000003,1744,2020
24021,150494,36011.29,4901,2020
24023,111288,18495.58,2881,2020
24025,154480,40115.6,2647,2020
24027,320925,54390.48,5539,2020
24029,29671,8977.68,796,2020
24031,604676,47231.39,11974,2020
24033,240952,26720.01,5729,2020
24035,110199,40755.88,1772,2020
24037,70984,13386.45,1554,2020
24039,31752,2114.64,539,2020
24041,84653,28563.04,1359,2020
24043,58169,13141.06,2064,2020
24045,20549,3379.95,980,2020
24047,112223,8859.800000000001,2543,2020
24510,99738,6.1899999999999995,2181,2020
25001,515535,1620.1900000000005,8352,2020
25003,181211,28485.53,5071,2020
25005,175162,17871.47,3624,2020
25007,36044,550.19,1213,2020
25009,486161,19791.53,8011,2020
25011,124089,19634.32,5264,2020
25013,60429,4255.77,2768,2020
25015,354291,77536.77,6234,2020
25017,683109,30449.76,17969,2020
25019,62855,745.53,943,2020
25021,213659,14202.95,5793,2020
25023,225762,18288.28,5234,2020
25025,204459,0.07,3014,2020
25027,305600,14856.66,10984,2020
26001,15847,1491.83,626,2020
26003,25686,1921.13,1775,2020
26005,68755,19177.83,1883,2020
26007,14140,757.25,501,2020
26009,19752,748.75,795,2020
26011,15685,3747.9,529,2020
26013,8733,145.87,577,2020
26015,75892,13088.01,1752,2020
26017,25972,5021.64,652,2020
26019,24530,154.22,810,2020
26021,97775,14892.25,2139,2020
26023,7308,2402.54,281,2020
26025,47128,6267.61,1210,2020
26027,12906,2441.25,516,2020
26029,10246,206.17,663,2020
26031,7312,275.8,924,2020
26033,61485,4483.26,1572,2020
26035,3394,382.45,354,2020
26037,35370,10977.61,793,2020
26039,24308,53.59,686,2020
26041,19951,608.85,559,2020
26043,1998,123.14,266,2020
26045,26646,5636.03,918,2020
26047,18684,900.79,1852,2020
26049,50481,4115.34,1232,2020
26051,4536,431.78,310,2020
26053,9702,332.02000000000004,989,2020
26055,46606,1920.29,1562,2020
26057,21151,2834.01,459,2020
26059,41685,10500.06,738,2020
26061,13666,407.87,982,2020
26063,8946,1288.94,511,2020
26065,126216,16932.82,3025,2020
26067,19061,5036.61,607,2020
26069,70392,1615.18,804,2020
26071,2577,108.69,256,2020
26073,48641,5060.93,1399,2020
26075,50815,14189.12,1550,2020
26077,106228,13096.28,2820,2020
26079,7941,46.25,407,2020
26081,181565,10946.35,4224,2020
26083,18820,8.09,601,2020
26085,4621,98.29,332,2020
26087,40096,7241.41,1106,2020
26089,39856,1078.14,1501,2020
26091,26979,4918.99,846,2020
26093,93169,6175.68,3849,2020
26095,3963,58.629999999999995,330,2020
26097,14680,342.89,980,2020
26099,144545,10593.68,2263,2020
26101,30327,825.2,674,2020
26103,59444,444.37,3002,2020
26105,13531,847.28,663,2020
26107,16777,1843.6,445,2020
26109,5315,1472.9399999999998,422,2020
26111,41379,3084.99,944,2020
26113,4481,502.73,270,2020
26115,38434,4074.54,1100,2020
26117,9728,1501.87,549,2020
26119,4751,345.75,346,2020
26121,70564,1346.86,1018,2020
26123,9631,658.3199999999999,679,2020
26125,270869,8321.48,6075,2020
26127,7387,980.02,578,2020
26129,9241,705.51,320,2020
26131,13136,1077.76,1064,2020
26133,11606,2351.69,249,2020
26135,8837,296.66,422,2020
26137,13575,329.98,467,2020
26139,147308,23041.2,2223,2020
26141,5606,358.36,402,2020
26143,12179,2273.29,534,2020
26145,48397,6483.93,1091,2020
26147,61424,3572.14,1000,2020
26149,14513,2340.0299999999997,516,2020
26151,6018,1907.28,451,2020
26153,12935,248.06,650,2020
26155,9838,1825.39,464,2020
26157,11180,3603.82,662,2020
26159,30119,6119.97,820,2020
26161,469047,57310.42,7123,2020
26163,133744,2836.16,3720,2020
26165,3501,324.35,368,2020
27001,10199,584.57,607,2020
27003,62349,7493.080000000001,2958,2020
27005,15936,6004.780000000001,633,2020
27007,10681,305.0,719,2020
27009,15561,4023.83,392,2020
27011,6121,1277.43,237,2020
27013,8464,1820.74,625,2020
27015,6099,953.73,293,2020
27017,13897,1204.78,926,2020
27019,54197,20439.3,1576,2020
27021,23073,493.78,1300,2020
27023,2333,444.9,313,2020
27025,16346,5739.11,1316,2020
27027,26661,13655.4,1068,2020
27029,4207,378.71,436,2020
27031,26786,17.86,2065,2020
27033,7514,1833.3,376,2020
27035,14570,886.15,1430,2020
27037,129595,28442.16,6004,2020
27039,3658,1305.46,315,2020
27041,13452,1948.21,698,2020
27043,2620,813.45,172,2020
27045,11017,3956.68,650,2020
27047,4608,1234.9,332,2020
27049,31303,4365.91,1424,2020
27051,16154,9154.92,221,2020
27053,447787,18784.6,9792,2020
27055,15380,2404.67,663,2020
27057,16530,1054.67,677,2020
27059,6727,1547.6,506,2020
27061,15706,620.82,1111,2020
27063,3033,1007.2,293,2020
27065,4516,1319.3,327,2020
27067,9850,1954.24,687,2020
27069,2967,405.23,181,2020
27071,2813,41.27,324,2020
27073,5298,1734.91,268,2020
27075,36932,52.68,3021,2020
27077,1595,70.83,196,2020
27079,9973,2133.57,393,2020
27081,2285,752.35,160,2020
27083,18636,3480.58,451,2020
27085,5353,2145.0,407,2020
27087,840,219.55,120,2020
27089,8638,3321.2699999999995,204,2020
27091,2256,583.82,241,2020
27093,16796,4156.700000000001,662,2020
27095,4097,601.19,490,2020
27097,6034,1456.87,413,2020
27099,5943,1590.76,314,2020
27101,2654,1364.71,220,2020
27103,3683,764.63,377,2020
27105,2366,1218.71,195,2020
27107,1241,488.74,187,2020
27109,65495,11427.41,1663,2020
27111,24510,2690.15,1082,2020
27113,2822,845.47,175,2020
27115,12895,2256.69,906,2020
27117,7003,1905.87,302,2020
27119,12428,2673.47,644,2020
27121,3273,950.02,335,2020
27123,184130,3412.3,4556,2020
27125,1834,509.12,119,2020
27127,3240,784.75,224,2020
27129,3855,941.73,372,2020
27131,29168,3310.9700000000003,1235,2020
27133,5707,3955.59,298,2020
27135,1125,126.89,192,2020
27137,200680,9843.83,6768,2020
27139,56617,11166.32,1559,2020
27141,45792,11250.0,1396,2020
27143,4548,1348.29,325,2020
27145,41265,12330.13,2518,2020
27147,15480,7443.31,407,2020
27149,3268,558.14,197,2020
27151,4429,895.18,260,2020
27153,22772,4418.25,647,2020
27155,1612,651.58,105,2020
27157,10531,6012.110000000001,473,2020
27159,1582,273.77,178,2020
27161,4963,929.66,276,2020
27163,123137,21975.53,3805,2020
27165,7941,4209.31,279,2020
27167,2988,786.26,207,2020
27169,13696,1299.41,1024,2020
27171,18137,2683.99,1170,2020
27173,8457,1174.64,300,2020
28001,13218,1872.32,573,2020
28003,505,226.66,57,2020
28005,173,28.72,106,2020
28007,218,41.38999999999999,117,2020
28009,311,73.17,97,2020
28011,497,151.64,173,2020
28013,261,44.379999999999995,57,2020
28015,377,88.55000000000001,89,2020
28017,795,374.85,158,2020
28019,1502,293.71999999999997,271,2020
28021,350,13.23,87,2020
28023,208,24.540000000000003,88,2020
28025,1269,389.31,234,2020
28027,1260,379.23,100,2020
28029,158,19.51,50,2020
28031,574,280.91,70,2020
28033,10999,3512.19,377,2020
28035,6061,946.91,822,2020
28037,1886,237.53,222,2020
28039,1521,69.66,192,2020
28041,275,29.3,116,2020
28043,2935,602.09,280,2020
28045,12721,541.32,445,2020
28047,38689,48.46,1230,2020
28049,11779,298.13,360,2020
28051,727,49.03,70,2020
28053,1137,279.96,44,2020
28055,35,15.41,12,2020
28057,1431,189.46,109,2020
28059,92307,551.49,2387,2020
28061,451,51.77,163,2020
28063,534,93.18,62,2020
28065,2039,1009.05,24,2020
28067,2132,394.79,972,2020
28069,376,63.739999999999995,36,2020
28071,33022,6152.69,545,2020
28073,7785,182.52,508,2020
28075,3224,466.19,241,2020
28077,154,23.89,86,2020
28079,181,38.71,161,2020
28081,3667,736.11,195,2020
28083,457,190.58,75,2020
28085,804,159.68,386,2020
28087,24263,2148.3,355,2020
28089,18451,2297.56,472,2020
28091,417,69.84,376,2020
28093,7082,903.43,340,2020
28095,1438,375.24,196,2020
28097,366,45.6,93,2020
28099,104,27.499999999999996,22,2020
28101,623,219.22,152,2020
28103,12812,3229.46,269,2020
28105,22296,4958.28,1132,2020
28107,8453,2159.27,217,2020
28109,4088,1403.42,539,2020
28111,874,39.45,521,2020
28113,1124,52.28,132,2020
28115,466,113.54,106,2020
28117,441,53.35,49,2020
28119,1262,1021.13,66,2020
28121,4101,60.11,439,2020
28123,1127,230.66000000000005,181,2020
28125,186,74.25,39,2020
28127,2762,616.49,155,2020
28129,229,37.6,124,2020
28131,1038,19.18,332,2020
28133,422,349.03999999999996,31,2020
28135,1497,905.79,172,2020
28137,1213,489.87,94,2020
28139,51,9.35,18,2020
28141,8960,849.19,222,2020
28143,5070,2037.9,107,2020
28145,480,173.26999999999998,96,2020
28147,227,40.67,53,2020
28149,3659,528.33,219,2020
28151,1400,336.45000000000005,133,2020
28153,252,27.959999999999997,127,2020
28155,263,20.69,75,2020
28157,647,129.92000000000002,67,2020
28159,981,56.41,200,2020
28161,1508,475.79,152,2020
28163,1395,327.21999999999997,81,2020
29001,10822,2546.13,227,2020
29003,1146,516.38,86,2020
29005,616,166.92,93,2020
29007,454,209.87,60,2020
29009,3214,379.05,248,2020
29011,4947,4171.08,288,2020
29013,2627,892.14,138,2020
29015,5337,1655.84,172,2020
29017,14584,4282.88,117,2020
29019,165802,41055.72,2522,2020
29021,20501,1651.74,333,2020
29023,3114,1378.32,230,2020
29025,1190,256.15000000000003,52,2020
29027,11635,4207.4,433,2020
29029,6091,165.88,497,2020
29031,26949,6193.41,449,2020
29033,2034,545.12,37,2020
29035,3260,201.96,189,2020
29037,15625,9723.84,273,2020
29039,15417,7104.22,175,2020
29041,2601,2164.97,58,2020
29043,7142,2005.5,328,2020
29045,5153,1216.21,74,2020
29047,34902,6643.53,844,2020
29049,2780,1321.38,122,2020
29051,18456,1811.74,317,2020
29053,5940,1519.01,141,2020
29055,1224,230.9,283,2020
29057,6112,2838.65,199,2020
29059,2132,404.0,168,2020
29061,1910,1144.38,50,2020
29063,1066,568.15,91,2020
29065,2212,290.65999999999997,123,2020
29067,1008,319.82,113,2020
29069,8314,1425.2,168,2020
29071,26226,5040.9800000000005,1220,2020
29073,712,45.64,69,2020
29075,179,71.72,20,2020
29077,46092,11053.8,1089,2020
29079,353,128.09,26,2020
29081,1559,988.24,86,2020
29083,14146,2278.4700000000003,210,2020
29085,1048,315.84999999999997,137,2020
29087,24189,199.1,219,2020
29089,2089,1029.01,91,2020
29091,6271,808.01,275,2020
29093,8997,1208.61,249,2020
29095,76008,7634.639999999999,1828,2020
29097,10814,684.12,348,2020
29099,43927,7169.49,1539,2020
29101,17945,2963.64,460,2020
29103,600,416.04,19,2020
29105,1076,189.98,208,2020
29107,2099,555.83,135,2020
29109,2187,1303.4,199,2020
29111,1262,423.06,87,2020
29113,40628,20360.6,588,2020
29115,3048,773.87,109,2020
29117,1347,248.56,67,2020
29119,1268,460.34,268,2020
29121,5702,321.14,145,2020
29123,2420,825.22,163,2020
29125,906,234.64,84,2020
29127,8013,219.33,230,2020
29129,167,86.82,29,2020
29131,2768,352.04,94,2020
29133,5140,978.2,131,2020
29135,987,362.8,69,2020
29137,1303,138.66,87,2020
29139,2252,533.91,212,2020
29141,1245,441.82,97,2020
29143,3682,1776.49,211,2020
29145,10826,3548.37,309,2020
29147,763,216.73,53,2020
29149,4235,1749.01,139,2020
29151,477,178.08,82,2020
29153,944,133.4,97,2020
29155,4422,2212.23,179,2020
29157,9783,3247.9500000000003,211,2020
29159,2102,958.54,146,2020
29161,34920,16195.66,529,2020
29163,10142,4179.58,156,2020
29165,29006,3887.45,525,2020
29167,5501,1106.09,239,2020
29169,3316,836.48,189,2020
29171,2339,535.33,50,2020
29173,1220,165.72,107,2020
29175,2258,349.07,104,2020
29177,2507,185.92,60,2020
29179,3939,745.96,259,2020
29181,4070,2520.58,150,2020
29183,119790,20618.03,2389,2020
29185,8384,4056.64,214,2020
29186,6185,1655.7199999999998,271,2020
29187,7125,1103.33,413,2020
29189,181581,2910.48,5624,2020
29195,7095,3059.43,138,2020
29197,261,164.96,31,2020
29199,572,395.14,22,2020
29201,4459,2247.43,143,2020
29203,4155,456.07,396,2020
29205,244,24.9,30,2020
29207,13433,3382.94,272,2020
29209,4661,374.16,239,2020
29211,81,15.03,15,2020
29213,8707,471.8,457,2020
29215,3908,811.43,249,2020
29217,6818,3413.26,172,2020
29219,4829,1011.19,408,2020
29221,1081,82.99,216,2020
29223,4080,500.16,176,2020
29225,2146,519.25,158,2020
29227,553,54.71,19,2020
29229,230,42.85,39,2020
29510,72431,0.75,1480,2020
30001,19154,1803.47,882,2020
30003,1854,204.25,193,2020
30005,629,26.35,69,2020
30007,8955,345.41,273,2020
30009,15692,3490.92,1064,2020
30011,2684,74.75,251,2020
30013,26272,447.92,537,2020
30015,1338,40.64,132,2020
30017,2765,93.65,110,2020
30019,1052,70.38,68,2020
30021,1611,55.05,169,2020
30023,33453,1298.6,532,2020
30025,1676,16.46,126,2020
30027,10561,251.66,524,2020
30029,83884,20706.49,3166,2020
30031,123703,14062.93,3293,2020
30033,943,7.54,81,2020
30035,5369,256.43,614,2020
30037,2000,86.67,125,2020
30039,4593,89.51,434,2020
30041,1061,210.84,86,2020
30043,21153,657.69,396,2020
30045,1600,183.0,211,2020
30047,49663,10484.28,2244,2020
30049,72399,2499.98,1416,2020
30051,625,82.56,43,2020
30053,11921,34.7,819,2020
30055,1201,50.95,161,2020
30057,17822,1039.78,847,2020
30059,2404,159.11,283,2020
30061,6141,83.95,370,2020
30063,116907,7381.56,3189,2020
30065,3866,99.02,179,2020
30067,17884,506.52,941,2020
30069,1433,43.38,92,2020
30071,21221,331.89,608,2020
30073,987,177.97,92,2020
30075,1720,1.5599999999999998,124,2020
30077,15117,1775.16,557,2020
30079,632,14.330000000000002,49,2020
30081,30189,7914.88,1017,2020
30083,1961,388.07,118,2020
30085,1379,141.66,129,2020
30087,1438,31.44,124,2020
30089,6441,1112.04,475,2020
30091,9692,411.85,219,2020
30093,5951,164.39,329,2020
30095,5645,229.17,333,2020
30097,3833,150.09,282,2020
30099,5959,127.1,230,2020
30101,1599,177.12,149,2020
30103,549,46.59,56,2020
30105,9447,706.45,558,2020
30107,2630,440.46,209,2020
30109,1260,84.72,87,2020
30111,23489,884.8299999999999,954,2020
31001,706,123.76,99,2020
31003,2326,592.54,157,2020
31005,133,2.73,27,2020
31007,4947,522.4499999999999,281,2020
31009,255,0.0,38,2020
31011,858,90.51,107,2020
31013,1029,275.67,79,2020
31015,582,58.81,64,2020
31017,1898,34.5,194,2020
31019,12168,290.51,467,2020
31021,2395,681.96,118,2020
31023,2117,594.14,95,2020
31025,12818,588.12,435,2020
31027,2862,837.42,213,2020
31029,673,20.6,43,2020
31031,7176,3.9,526,2020
31033,1529,91.57,131,2020
31035,2963,152.4,93,2020
31037,500,74.50999999999999,57,2020
31039,1239,281.6,133,2020
31041,1054,150.29,121,2020
31043,3970,693.65,152,2020
31045,9257,153.2,498,2020
31047,1419,119.88,230,2020
31049,860,107.46,113,2020
31051,4099,459.28,224,2020
31053,9427,365.77,274,2020
31055,47924,2123.1400000000003,2333,2020
31057,1919,126.58,73,2020
31059,1736,308.26,78,2020
31061,310,36.52,37,2020
31063,688,84.95,82,2020
31065,353,23.64,35,2020
31067,1889,159.72,171,2020
31069,3202,160.99,164,2020
31071,539,31.02,63,2020
31073,473,27.17,35,2020
31075,377,0.0,63,2020
31077,305,29.35,30,2020
31079,9301,1152.11,551,2020
31081,1822,166.05,187,2020
31083,2546,75.28999999999999,93,2020
31085,183,38.55,23,2020
31087,653,21.51,30,2020
31089,961,95.18,152,2020
31091,463,0.0,37,2020
31093,681,135.03,58,2020
31095,627,70.25999999999999,101,2020
31097,583,95.26,62,2020
31099,1385,335.6,88,2020
31101,7349,146.16,394,2020
31103,1701,45.76,137,2020
31105,4046,177.64,173,2020
31107,5751,724.38,342,2020
31109,106123,10447.37,2160,2020
31111,10711,880.78,778,2020
31113,190,20.1,29,2020
31115,631,1.15,80,2020
31117,121,9.18,18,2020
31119,9147,461.18,215,2020
31121,1285,207.03,64,2020
31123,1766,125.36,142,2020
31125,793,74.4,44,2020
31127,2408,172.51,144,2020
31129,698,180.7,67,2020
31131,6623,427.62,168,2020
31133,1975,314.34,137,2020
31135,239,48.2,29,2020
31137,1267,113.43,48,2020
31139,1388,224.5,138,2020
31141,831,104.15,83,2020
31143,265,96.48,34,2020
31145,260,18.89,39,2020
31147,1763,254.1,209,2020
31149,1715,3.74,146,2020
31151,524,113.08,83,2020
31153,37104,819.77,1189,2020
31155,7463,1797.04,326,2020
31157,12609,452.54,775,2020
31159,7862,444.85,277,2020
31161,3855,30.58,171,2020
31163,472,31.95,57,2020
31165,5581,63.650000000000006,540,2020
31167,2917,183.35,96,2020
31169,352,57.99,56,2020
31171,852,0.2,85,2020
31173,372,88.72,43,2020
31175,216,16.84,30,2020
31177,6782,649.47,326,2020
31179,5805,1155.9,162,2020
31181,576,69.46000000000001,63,2020
31183,211,5.46,39,2020
31185,1960,293.56,126,2020
32001,13340,709.4,399,2020
32003,185173,3720.33,7291,2020
32005,16780,345.39,628,2020
32007,19634,462.87,1085,2020
32009,6707,139.21,307,2020
32011,1245,21.38,175,2020
32013,3036,20.57,388,2020
32015,2905,52.77,449,2020
32017,6552,61.88,837,2020
32019,10974,898.0500000000002,378,2020
32021,1801,18.94,129,2020
32023,27170,1283.74,1354,2020
32027,2434,81.52,146,2020
32029,5708,408.12,165,2020
32031,96776,4269.1900000000005,3364,2020
32033,12328,99.0,1312,2020
32510,19032,1561.31,364,2020
33001,29461,791.35,1137,2020
33003,96036,3287.92,2616,2020
33005,100815,20554.789999999997,2925,2020
33007,51140,3605.85,2108,2020
33009,77396,9633.45,4638,2020
33011,91652,6611.89,4224,2020
33013,85878,11628.38,3367,2020
33015,167236,6810.46,4072,2020
33017,106143,5139.75,1619,2020
33019,37791,3595.61,1856,2020
34001,207375,655.09,1907,2020
34003,205249,2418.09,3461,2020
34005,150198,12385.84,3976,2020
34007,67624,1406.08,1583,2020
34009,593894,21591.97,2898,2020
34011,24335,2332.66,858,2020
34013,58366,92.99,2074,2020
34015,79271,5995.23,1811,2020
34017,50801,853.52,972,2020
34019,125899,22884.47,2643,2020
34021,143954,12959.3,3114,2020
34023,113116,5617.780000000001,3637,2020
34025,207651,14867.87,3661,2020
34027,149839,9056.57,5184,2020
34029,242721,3083.58,3848,2020
34031,77868,685.19,1759,2020
34033,22118,3185.99,747,2020
34035,178969,16503.97,3880,2020
34037,91284,12878.87,2976,2020
34039,46523,14.18,1535,2020
34041,58258,6489.19,1999,2020
35001,307279,22265.64,7254,2020
35003,9283,7.6,725,2020
35005,16748,400.36,815,2020
35006,4788,90.8,570,2020
35007,30967,1652.66,736,2020
35009,9675,623.8,320,2020
35011,4973,625.42,231,2020
35013,73204,8803.5,2940,2020
35015,20512,3251.15,1580,2020
35017,31066,530.44,1337,2020
35019,7526,4.17,374,2020
35021,3362,8.6,198,2020
35023,18479,68.96000000000001,951,2020
35025,7886,22.16,343,2020
35027,9945,263.4,1264,2020
35028,124538,695.89,1010,2020
35029,5675,138.71,959,2020
35031,1352,0.97,284,2020
35033,11545,588.08,427,2020
35035,40602,912.33,4632,2020
35037,5651,101.5,337,2020
35039,23875,2196.92,1128,2020
35041,19970,709.9699999999999,333,2020
35043,75089,6149.95,2094,2020
35045,12214,736.96,444,2020
35047,34047,2941.58,947,2020
35049,101090,4874.81,3118,2020
35051,37800,2114.56,694,2020
35053,85922,7384.55,1610,2020
35055,30818,670.5,1392,2020
35057,15639,262.4,735,2020
35059,5006,267.6,535,2020
35061,21685,4938.47,544,2020
36001,155283,9996.13,3615,2020
36003,26138,5348.42,1062,2020
36005,51856,532.34,1579,2020
36007,104917,7742.42,2132,2020
36009,38029,8259.77,1983,2020
36011,62474,8372.6,2047,2020
36013,74127,12528.73,2131,2020
36015,78855,8099.14,1305,2020
36017,28388,5342.52,1346,2020
36019,16330,1455.9799999999998,1090,2020
36021,100411,34186.72,2383,2020
36023,38986,5384.3,1631,2020
36025,35121,9541.43,1728,2020
36027,191824,30436.74,5287,2020
36029,235621,13309.39,5031,2020
36031,83188,7092.53,3572,2020
36033,44604,2614.85,1936,2020
36035,13157,778.21,610,2020
36037,50228,6399.54,1083,2020
36039,26447,2649.49,1863,2020
36041,24926,23.790000000000003,1489,2020
36043,44899,18848.589999999997,1171,2020
36045,58234,9993.68,2289,2020
36047,308026,16.060000000000002,3021,2020
36049,8936,1383.2,686,2020
36051,69289,22319.95,1452,2020
36053,37239,10030.74,1465,2020
36055,348243,40076.4,5925,2020
36057,31611,12300.24,1024,2020
36059,204875,585.31,5558,2020
36061,371270,0.0,2698,2020
36063,51001,8290.34,1384,2020
36065,40380,8135.19,1739,2020
36067,185878,22747.26,4927,2020
36069,79669,22630.95,2158,2020
36071,171775,27828.12,4674,2020
36073,36036,12277.31,817,2020
36075,93957,17433.31,2531,2020
36077,41696,8716.13,1807,2020
36079,38875,808.7199999999999,2035,2020
36081,193005,46.52,3277,2020
36083,76513,17395.97,2355,2020
36085,114662,2610.56,2359,2020
36087,52123,84.72,2291,2020
36089,67143,7894.45,2731,2020
36091,86346,10126.4,3219,2020
36093,17400,1457.24,1011,2020
36095,18525,2936.44,863,2020
36097,44547,10170.77,1104,2020
36099,127292,20208.46,1868,2020
36101,22817,3240.01,1663,2020
36103,496252,20467.46,10392,2020
36105,79323,6323.54,1634,2020
36107,57253,13257.999999999998,1168,2020
36109,562617,86761.33,7244,2020
36111,178730,25199.78,6760,2020
36113,19755,310.89,1601,2020
36115,36107,13062.56,1312,2020
36117,77964,31151.04,1652,2020
36119,304355,6382.87,7979,2020
36121,25190,5314.32,817,2020
36123,38131,9921.79,1034,2020
37001,27642,3895.14,1323,2020
37003,2690,193.32,270,2020
37005,4798,766.34,443,2020
37007,13434,2213.97,985,2020
37009,9694,953.44,870,2020
37011,22881,1761.3,1244,2020
37013,14248,922.11,477,2020
37015,2581,487.88,158,2020
37017,18938,1011.16,410,2020
37019,45742,408.04,2194,2020
37021,170536,11793.69,6414,2020
37023,7539,458.77,814,2020
37025,17510,2608.8399999999997,850,2020
37027,6719,897.62,712,2020
37029,7266,2598.9100000000003,159,2020
37031,43374,1137.4299999999998,1508,2020
37033,2238,386.4,241,2020
37035,11423,2940.99,596,2020
37037,90309,2224.32,2793,2020
37039,2352,243.66,379,2020
37041,6377,747.38,98,2020
37043,3505,196.92,230,2020
37045,21464,7278.040000000001,327,2020
37047,2692,234.51,443,2020
37049,28183,223.74,1154,2020
37051,15321,871.58,835,2020
37053,11274,280.75,681,2020
37055,156244,4322.12,2352,2020
37057,7597,461.87,1466,2020
37059,1648,389.29,168,2020
37061,767,111.12,149,2020
37063,170434,25546.87,5465,2020
37065,3453,964.49,183,2020
37067,113539,6664.93,1899,2020
37069,11000,1939.98,360,2020
37071,18595,1736.75,702,2020
37073,16856,819.8000000000001,173,2020
37075,5389,110.20000000000002,478,2020
37077,9179,1946.71,419,2020
37079,802,151.92000000000002,56,2020
37081,104885,13057.59,2776,2020
37083,5342,295.38,218,2020
37085,4545,384.28,546,2020
37087,45531,2888.5,2055,2020
37089,87264,13304.38,1964,2020
37091,5356,67.28,52,2020
37093,9270,125.27,404,2020
37095,21273,1662.12,504,2020
37097,6649,803.6899999999999,779,2020
37099,17031,259.66,1403,2020
37101,34272,3136.71,1356,2020
37103,2440,335.14,264,2020
37105,2938,198.67,223,2020
37107,2646,721.36,120,2020
37109,5626,689.49,303,2020
37111,11107,796.86,758,2020
37113,13756,410.3,1415,2020
37115,12241,1548.06,1629,2020
37117,2894,1341.9499999999998,170,2020
37119,186841,23117.71,4600,2020
37121,6663,460.17,549,2020
37123,3311,133.55,439,2020
37125,30403,659.88,1298,2020
37127,5174,1158.09,368,2020
37129,66348,38.91,2496,2020
37131,1422,126.61,120,2020
37133,7974,65.3,624,2020
37135,211714,28589.4,5542,2020
37137,19203,1786.87,270,2020
37139,1214,247.14,111,2020
37141,17469,115.65,1270,2020
37143,665,243.63,67,2020
37145,7064,2485.25,297,2020
37147,11411,3387.24,454,2020
37149,16247,1761.7400000000002,623,2020
37151,4946,581.33,934,2020
37153,4048,479.92,378,2020
37155,3474,341.85,368,2020
37157,32439,4412.94,674,2020
37159,10594,895.67,502,2020
37161,5248,451.82,585,2020
37163,6695,1880.01,357,2020
37165,7879,880.14,396,2020
37167,5943,1346.71,441,2020
37169,3966,427.15,319,2020
37171,7187,1261.64,485,2020
37173,9441,434.0700000000001,1375,2020
37175,64948,12469.1,2024,2020
37177,3765,960.33,184,2020
37179,21075,4286.33,944,2020
37181,2535,156.43,257,2020
37183,423926,56903.45,10433,2020
37185,3595,472.84,201,2020
37187,8874,959.86,253,2020
37189,68593,6422.4,2159,2020
37191,7061,793.79,361,2020
37193,9378,1501.78,731,2020
37195,6290,515.19,203,2020
37197,1794,551.63,150,2020
37199,15109,2280.21,1144,2020
38001,1609,230.2,178,2020
38003,7096,1707.49,546,2020
38005,3800,609.62,177,2020
38007,9157,62.78,590,2020
38009,5406,1576.16,315,2020
38011,4329,276.95,278,2020
38013,3189,372.86,133,2020
38015,31309,978.17,1180,2020
38017,27562,4557.95,1128,2020
38019,1332,449.01,103,2020
38021,1422,383.76,129,2020
38023,2364,192.48,148,2020
38025,2124,87.72,142,2020
38027,1155,474.86999999999995,67,2020
38029,1909,122.12,132,2020
38031,1933,512.7,109,2020
38033,1741,191.02,135,2020
38035,23710,3041.13,620,2020
38037,3528,121.07,142,2020
38039,1947,709.98,143,2020
38041,2722,96.31,129,2020
38043,10804,794.3,474,2020
38045,1732,598.41,116,2020
38047,1138,94.69,71,2020
38049,4060,360.91,206,2020
38051,1125,167.01999999999998,92,2020
38053,9146,845.9599999999999,736,2020
38055,4762,245.24,331,2020
38057,5837,264.25,317,2020
38059,11556,716.01,717,2020
38061,6976,290.83,308,2020
38063,1248,250.58,110,2020
38065,2025,68.04,128,2020
38067,1404,348.14,123,2020
38069,1393,283.19,93,2020
38071,1708,227.38,126,2020
38073,2729,1103.84,229,2020
38075,1355,209.26,71,2020
38077,6199,1338.14,424,2020
38079,1295,261.74,71,2020
38081,2558,962.11,148,2020
38083,2942,262.87,158,2020
38085,1280,23.49,119,2020
38087,3040,201.1,179,2020
38089,7408,310.46,306,2020
38091,7829,834.65,82,2020
38093,23509,1934.91,760,2020
38095,761,130.75,66,2020
38097,1642,386.01,110,2020
38099,851,148.75,60,2020
38101,14809,1093.27,333,2020
38103,1167,409.42,98,2020
38105,9441,657.28,434,2020
39001,10613,1144.88,705,2020
39003,27419,6304.450000000001,689,2020
39005,15090,3580.1,928,2020
39007,22456,2286.6,2852,2020
39009,77560,8364.58,2901,2020
39011,3927,1456.8,210,2020
39013,5965,846.22,322,2020
39015,5669,906.77,350,2020
39017,81037,16365.44,3159,2020
39019,3055,547.49,288,2020
39021,9140,1738.3300000000002,457,2020
39023,50120,13319.8,805,2020
39025,93960,21820.18,2258,2020
39027,20784,4240.46,530,2020
39029,13733,2028.13,560,2020
39031,11885,1849.51,553,2020
39033,2452,721.9,230,2020
39035,356022,3893.25,6888,2020
39037,9556,2770.54,399,2020
39039,3370,1977.18,174,2020
39041,134729,16510.63,2518,2020
39043,63452,4563.38,1207,2020
39045,29740,3017.67,1285,2020
39047,2214,802.31,233,2020
39049,419783,72813.34,6689,2020
39051,6960,1966.88,333,2020
39053,3065,495.43999999999994,216,2020
39055,108461,15061.1,2243,2020
39057,49763,12425.77,1866,2020
39059,6647,966.92,415,2020
39061,155923,38912.880000000005,7188,2020
39063,26546,4402.0,678,2020
39065,10013,5239.55,248,2020
39067,20018,4246.79,431,2020
39069,2716,569.14,177,2020
39071,14591,2628.91,463,2020
39073,27451,2217.0,1124,2020
39075,23775,8861.2,931,2020
39077,6987,852.77,568,2020
39079,1906,227.62,256,2020
39081,17521,1132.16,339,2020
39083,29619,9896.51,961,2020
39085,157743,11935.04,2315,2020
39087,5836,604.4200000000001,374,2020
39089,79827,28755.13,1736,2020
39091,20236,5637.610000000001,576,2020
39093,141700,26251.24,2342,2020
39095,219128,9193.56,2739,2020
39097,7623,3349.87,582,2020
39099,43131,17996.09,1122,2020
39101,30714,8714.59,376,2020
39103,60644,18058.14,1961,2020
39105,2086,755.2400000000001,139,2020
39107,5920,2151.56,213,2020
39109,20992,7987.93,667,2020
39111,1671,403.15,108,2020
39113,73776,8741.01,2399,2020
39115,4354,582.96,250,2020
39117,9603,2332.58,682,2020
39119,21508,4945.83,900,2020
39121,9337,2519.66,172,2020
39123,70252,13643.05,1135,2020
39125,2325,755.16,123,2020
39127,18461,2810.43,344,2020
39129,18103,5914.33,533,2020
39131,1363,250.43,159,2020
39133,78079,12315.8,2806,2020
39135,13870,2289.3799999999997,505,2020
39137,3679,564.28,143,2020
39139,40652,11386.58,1048,2020
39141,13854,3006.07,419,2020
39143,29858,6034.889999999999,954,2020
39145,5924,367.79,670,2020
39147,5932,1764.28,339,2020
39149,3811,417.94,305,2020
39151,95247,14250.49,2210,2020
39153,215992,21898.6,7430,2020
39155,63886,5654.61,902,2020
39157,12358,3962.43,582,2020
39159,21346,7512.8,517,2020
39161,386,85.19,70,2020
39163,9646,898.8,456,2020
39165,46188,13900.1,1972,2020
39167,18814,2385.42,519,2020
39169,101952,13407.18,1725,2020
39171,4410,986.64,287,2020
39173,22836,2991.67,1064,2020
39175,26959,18872.03,348,2020
40001,917,358.35,120,2020
40003,12506,245.2,297,2020
40005,662,69.52000000000001,125,2020
40007,1225,115.5,119,2020
40009,1126,36.74,175,2020
40011,1664,106.84,190,2020
40013,3216,497.89,245,2020
40015,3316,215.53,298,2020
40017,16838,2002.4,503,2020
40019,6055,26.92,420,2020
40021,7172,1297.39,496,2020
40023,6051,4455.94,110,2020
40025,13808,439.45,558,2020
40027,42034,1874.84,2077,2020
40029,194,27.2,43,2020
40031,14060,58.47,778,2020
40033,2379,138.73,160,2020
40035,428,211.56,111,2020
40037,4321,59.27,368,2020
40039,3860,197.86,271,2020
40041,4276,630.84,302,2020
40043,633,81.01,80,2020
40045,638,66.58,64,2020
40047,10227,3416.23,258,2020
40049,1553,29.1,123,2020
40051,2366,88.26,203,2020
40053,677,181.36,126,2020
40055,436,6.92,82,2020
40057,360,51.78,36,2020
40059,1153,161.81,114,2020
40061,224,48.06,42,2020
40063,482,17.39,51,2020
40065,2889,444.07,198,2020
40067,1543,13.9,77,2020
40069,15623,472.05,184,2020
40071,1190,164.4,184,2020
40073,853,202.26,151,2020
40075,573,120.11,98,2020
40077,932,105.88,162,2020
40079,2716,354.25,395,2020
40081,1822,41.78,799,2020
40083,5794,69.25,347,2020
40085,777,21.11,237,2020
40087,2234,211.82,242,2020
40089,10754,410.97,580,2020
40091,1929,625.0300000000001,194,2020
40093,922,125.66,146,2020
40095,1360,22.87,177,2020
40097,3656,482.02,387,2020
40099,1550,5.550000000000001,204,2020
40101,1146,271.41,317,2020
40103,3554,131.85,359,2020
40105,492,196.66,48,2020
40107,377,36.22,92,2020
40109,81097,424.75,2536,2020
40111,2015,248.64,190,2020
40113,8001,561.59,887,2020
40115,694,150.19,118,2020
40117,2014,10.39,192,2020
40119,59248,818.6,1348,2020
40121,1612,122.38,253,2020
40123,500,34.79,90,2020
40125,1408,13.3,238,2020
40127,955,67.08,161,2020
40129,777,5.16,148,2020
40131,5434,786.49,790,2020
40133,616,28.67,128,2020
40135,8163,1789.18,336,2020
40137,1689,16.84,141,2020
40139,2376,177.78,210,2020
40141,8108,594.5400000000001,237,2020
40143,65307,5615.5599999999995,2873,2020
40145,3319,525.05,361,2020
40147,6834,948.55,351,2020
40149,2012,124.12,116,2020
40151,1092,39.68,82,2020
40153,3553,62.53,472,2020
41001,16680,1677.07,1171,2020
41003,306370,105015.31,5289,2020
41005,91132,15718.68,4174,2020
41007,70832,4254.7699999999995,2350,2020
41009,92909,19678.3,1516,2020
41011,57550,2111.94,1583,2020
41013,22340,3103.2799999999997,1130,2020
41015,27159,2061.19,1230,2020
41017,171203,1096.79,4329,2020
41019,31266,3236.05,2494,2020
41021,7902,319.45,387,2020
41023,16083,301.89,1046,2020
41025,95165,10497.31,2194,2020
41027,17350,399.95,1392,2020
41029,143664,22135.22,4555,2020
41031,16409,686.9200000000001,1118,2020
41033,39263,2848.12,1380,2020
41035,74133,6724.16,2514,2020
41037,46488,3584.6600000000003,1782,2020
41039,355055,76518.1,9337,2020
41041,96239,1007.17,2101,2020
41043,73959,23313.01,2928,2020
41045,14237,1123.8,1171,2020
41047,97916,32264.46,2571,2020
41049,10520,1853.99,463,2020
41051,380646,35546.47,7416,2020
41053,85415,32855.91,2017,2020
41055,8984,805.95,446,2020
41057,88424,4376.53,2058,2020
41059,29965,2784.01,1301,2020
41061,81125,20212.35,2460,2020
41063,19579,1535.15,1443,2020
41065,25468,1186.0,1879,2020
41067,280717,35655.729999999996,4418,2020
41069,6249,88.26,538,2020
41071,22197,10348.81,1077,2020
42001,36239,10741.8,1094,2020
42003,284320,17182.99,8846,2020
42005,24288,3412.59,1088,2020
42007,30420,5264.44,1383,2020
42009,21397,3553.28,563,2020
42011,141231,25736.41,3211,2020
42013,28765,2307.86,725,2020
42015,13817,1772.96,518,2020
42017,211069,27622.44,5545,2020
42019,100793,9388.96,2589,2020
42021,23576,3400.04,1103,2020
42023,4534,293.22,232,2020
42025,25695,5444.5,1089,2020
42027,232052,50753.37,4991,2020
42029,372822,89741.22,5919,2020
42031,22426,2956.3,1080,2020
42033,22844,1219.45,878,2020
42035,31642,4128.38,852,2020
42037,14097,1368.94,593,2020
42039,50717,9391.03,1113,2020
42041,145019,25260.06,2851,2020
42043,74048,5691.57,1842,2020
42045,203387,5805.29,3326,2020
42047,15899,603.77,529,2020
42049,81881,4293.96,2068,2020
42051,32572,1762.47,1323,2020
42053,11337,1468.15,497,2020
42055,63448,14916.97,1269,2020
42057,7747,1244.89,444,2020
42059,5061,1028.35,255,2020
42061,87320,19565.7,1963,2020
42063,66309,11961.87,1357,2020
42065,7467,1561.12,433,2020
42067,36600,12106.82,509,2020
42069,25923,3389.77,1247,2020
42071,255953,57759.04,3855,2020
42073,28985,10649.29,897,2020
42075,84654,15680.26,1367,2020
42077,80565,16145.49,2138,2020
42079,141490,23013.35,3536,2020
42081,65520,9620.79,1156,2020
42083,14814,783.26,692,2020
42085,48179,5103.63,1422,2020
42087,8516,1500.68,448,2020
42089,75402,5693.74,2652,2020
42091,415030,51814.810000000005,7345,2020
42093,15157,5326.589999999999,391,2020
42095,112265,20437.18,3152,2020
42097,12386,3096.55,571,2020
42099,23654,7800.74,936,2020
42101,278132,2856.24,4718,2020
42103,32087,1544.44,1389,2020
42105,5252,650.13,509,2020
42107,52014,7580.57,1156,2020
42109,7327,2499.4700000000003,328,2020
42111,25184,4700.38,1054,2020
42113,8753,546.45,461,2020
42115,44312,12854.78,860,2020
42117,42301,9734.11,973,2020
42119,11451,2104.52,469,2020
42121,9102,1413.65,629,2020
42123,18767,834.6,886,2020
42125,42810,4708.03,1843,2020
42127,35438,3992.19,996,2020
42129,65451,6436.29,2790,2020
42131,11082,1465.59,471,2020
42133,128485,13396.02,3012,2020
44001,35326,1574.34,765,2020
44003,29289,410.46,1075,2020
44005,53290,4880.22,1383,2020
44007,77371,6984.379999999999,2549,2020
44009,156108,3712.93,3484,2020
45001,16180,2593.16,240,2020
45003,48928,1155.91,921,2020
45005,2816,985.01,128,2020
45007,49027,19707.39,843,2020
45009,911,99.05,72,2020
45011,3856,102.78,261,2020
45013,145476,751.4300000000001,2597,2020
45015,43364,123.28,1718,2020
45017,3055,540.84,278,2020
45019,268997,3721.62,4473,2020
45021,10192,4256.52,197,2020
45023,2050,347.62,170,2020
45025,7290,1216.23,323,2020
45027,33788,4682.78,329,2020
45029,49480,5469.349999999999,665,2020
45031,5480,523.25,210,2020
45033,1209,50.56,111,2020
45035,17616,277.37,578,2020
45037,5311,2853.24,210,2020
45039,1700,79.09,149,2020
45041,7655,1718.19,349,2020
45043,78595,873.7,947,2020
45045,121947,6342.65,2309,2020
45047,9321,394.51,303,2020
45049,2976,65.42,114,2020
45051,47343,677.58,2059,2020
45053,94317,372.64,675,2020
45055,18869,1155.24,288,2020
45057,3079,277.19,302,2020
45059,3745,1526.74,263,2020
45061,3076,1067.83,210,2020
45063,72772,2114.62,1206,2020
45065,4292,211.49,223,2020
45067,1253,76.21000000000001,100,2020
45069,1512,159.07,70,2020
45071,8788,928.57,339,2020
45073,18867,1515.88,1176,2020
45075,27683,18534.73,579,2020
45077,22127,2738.62,1404,2020
45079,56142,1280.01,1909,2020
45081,6212,1352.88,140,2020
45083,18866,4868.38,743,2020
45085,2553,379.5,273,2020
45087,2106,520.19,125,2020
45089,6867,3362.29,186,2020
45091,27494,5324.7300000000005,1030,2020
46003,971,445.05,143,2020
46005,3866,2000.05,160,2020
46007,1567,13.08,57,2020
46009,2140,614.17,146,2020
46011,7636,1983.64,580,2020
46013,9419,2780.0299999999997,691,2020
46015,952,185.33,134,2020
46017,253,45.88,29,2020
46019,3851,63.53,336,2020
46021,264,12.86,29,2020
46023,5562,2032.1,541,2020
46025,193,58.12,71,2020
46027,7401,3727.36,171,2020
46029,2083,439.7,378,2020
46031,683,44.96,94,2020
46033,13587,30.93,1461,2020
46035,3758,1366.41,267,2020
46037,2044,114.7,141,2020
46039,844,278.71,155,2020
46041,169,21.1,30,2020
46043,6451,1305.11,292,2020
46045,1138,304.35,169,2020
46047,5045,184.21,423,2020
46049,804,311.75,135,2020
46051,856,261.32,144,2020
46053,1334,60.46,133,2020
46055,530,57.37,85,2020
46057,290,88.39,82,2020
46059,998,333.69,156,2020
46061,557,248.12,77,2020
46063,2935,35.07,350,2020
46065,7953,333.5,248,2020
46067,1133,404.85,120,2020
46069,2259,540.56,136,2020
46071,4502,12.33,364,2020
46073,190,58.96,28,2020
46075,688,29.71,172,2020
46077,575,163.97,60,2020
46079,1357,234.76,114,2020
46081,7707,52.4,684,2020
46083,8061,1805.28,315,2020
46085,1652,99.18,275,2020
46087,1020,410.48,128,2020
46089,869,51.67,118,2020
46091,2702,335.57,189,2020
46093,3722,69.95,305,2020
46095,445,9.96,91,2020
46097,338,145.84,42,2020
46099,16340,5203.84,800,2020
46101,2089,759.46,106,2020
46102,224,4.42,49,2020
46103,21575,303.92,1690,2020
46105,1580,200.06,157,2020
46107,327,50.09,44,2020
46109,6851,1714.2,326,2020
46111,2169,978.18,132,2020
46115,1085,357.49,112,2020
46117,4669,109.63,295,2020
46119,921,133.73,57,2020
46121,711,9.89,83,2020
46123,516,119.47,74,2020
46125,625,195.08,65,2020
46127,2176,118.28,115,2020
46129,325,65.76,77,2020
46135,9943,602.46,324,2020
46137,217,26.320000000000004,56,2020
47001,24911,4705.95,889,2020
47003,6509,1664.04,225,2020
47005,3791,554.63,161,2020
47007,9938,3861.27,278,2020
47009,77067,21001.05,1966,2020
47011,11698,4077.87,585,2020
47013,12493,4752.77,469,2020
47015,1401,360.84,281,2020
47017,609,146.04,87,2020
47019,23654,2208.02,995,2020
47021,3487,598.81,469,2020
47023,871,101.27,137,2020
47025,2536,519.42,170,2020
47027,1086,149.09,71,2020
47029,9738,335.84000000000003,486,2020
47031,5676,2154.48,731,2020
47033,1589,682.1,259,2020
47035,17476,872.69,641,2020
47037,154603,25677.51,3930,2020
47039,630,86.69,121,2020
47041,5445,350.94,256,2020
47043,4552,684.61,410,2020
47045,11420,6649.03,317,2020
47047,13372,3615.39,314,2020
47049,1030,208.48,210,2020
47051,6821,664.52,804,2020
47053,13870,7142.2699999999995,784,2020
47055,1137,714.1,169,2020
47057,6817,3080.5,262,2020
47059,6403,3834.74,541,2020
47061,1853,431.88,375,2020
47063,2849,579.9100000000001,211,2020
47065,120600,4640.77,4029,2020
47067,486,113.8,35,2020
47069,509,73.55,92,2020
47071,7961,1386.34,233,2020
47073,29324,12367.55,443,2020
47075,6087,303.62,193,2020
47077,762,94.61,143,2020
47079,25072,8352.48,260,2020
47081,2018,666.1800000000001,231,2020
47083,862,85.78,81,2020
47085,24867,9751.61,283,2020
47087,714,166.66,135,2020
47089,3942,1228.29,360,2020
47091,3591,1349.62,249,2020
47093,144467,24225.31,2992,2020
47095,52122,23039.8,663,2020
47097,5246,2237.44,208,2020
47099,1310,367.81,291,2020
47101,1873,184.36,151,2020
47103,8289,3452.6,193,2020
47105,5944,1791.51,443,2020
47107,4409,957.04,346,2020
47109,1122,153.5,117,2020
47111,373,109.49,74,2020
47113,4765,1098.6,448,2020
47115,9473,1441.54,644,2020
47117,1856,529.9599999999999,249,2020
47119,3026,729.68,665,2020
47121,8267,3260.1800000000003,203,2020
47123,7797,1913.95,596,2020
47125,32479,6426.710000000001,1034,2020
47127,1141,283.0,52,2020
47129,3040,314.07,571,2020
47131,5022,1457.02,499,2020
47133,877,170.37,161,2020
47135,13532,2658.22,161,2020
47137,2211,523.4,187,2020
47139,8192,2277.55,661,2020
47141,13973,864.56,484,2020
47143,5119,1134.39,256,2020
47145,31369,9007.46,564,2020
47147,4523,1680.53,429,2020
47149,46250,8873.6,1473,2020
47151,1876,54.28,291,2020
47153,3521,1152.54,230,2020
47155,33014,5664.4800000000005,2498,2020
47157,142523,34520.45,2465,2020
47159,2043,621.24,159,2020
47161,15714,5387.07,414,2020
47163,65368,9384.71,1374,2020
47165,29701,2133.46,859,2020
47167,2503,263.24,114,2020
47169,194,96.79,43,2020
47171,4027,209.38,721,2020
47173,6252,625.8,194,2020
47175,2192,135.66,259,2020
47177,6478,2353.23,280,2020
47179,25097,3154.83,1007,2020
47181,860,162.53,73,2020
47183,1555,538.1600000000001,85,2020
47185,2803,1129.08,292,2020
47187,71407,15388.84,1706,2020
47189,17465,4533.56,915,2020
48001,5653,1250.95,615,2020
48003,1122,0.0,92,2020
48005,33790,1066.58,851,2020
48007,74772,1850.02,1191,2020
48009,5600,279.34,366,2020
48011,941,83.97,108,2020
48013,6428,1753.89,665,2020
48015,13441,5972.68,610,2020
48017,1481,77.17,117,2020
48019,13872,0.87,1314,2020
48021,55414,15264.71,2732,2020
48023,2534,325.52,180,2020
48025,15405,2581.55,411,2020
48027,46526,9940.38,2080,2020
48029,220769,5072.01,13368,2020
48031,29954,6.000000000000001,1597,2020
48033,282,1.42,43,2020
48035,7679,59.46,613,2020
48037,13925,4302.91,546,2020
48039,152649,19409.73,3378,2020
48041,132628,26610.99,2694,2020
48043,56839,0.0,2583,2020
48045,3709,97.84,439,2020
48047,7033,456.93,331,2020
48049,2559,14.41,314,2020
48051,16625,6828.47,611,2020
48053,46638,1.87,1590,2020
48055,11409,5083.05,646,2020
48057,20542,1161.32,537,2020
48059,2606,90.11,356,2020
48061,271180,38331.54,4751,2020
48063,1928,218.97,81,2020
48065,1229,173.91,166,2020
48067,2002,221.63,292,2020
48069,525,154.12,69,2020
48071,70345,24947.75,1213,2020
48073,4808,639.49,444,2020
48075,1038,41.63,112,2020
48077,4422,100.04,489,2020
48079,629,202.41,52,2020
48081,1958,27.06,94,2020
48083,3036,70.36,199,2020
48085,118624,2845.48,6352,2020
48087,748,61.83,87,2020
48089,16827,11683.13,833,2020
48091,58650,63.15999999999999,3721,2020
48093,6001,125.73,472,2020
48095,1233,84.08,150,2020
48097,4375,245.66000000000005,636,2020
48099,22356,34.5,576,2020
48101,4277,28.54,472,2020
48103,1002,0.0,64,2020
48105,2791,0.0,319,2020
48107,4501,1414.96,294,2020
48109,11390,164.19000000000003,437,2020
48111,3628,311.71,361,2020
48113,188201,14092.08,10005,2020
48115,684,136.05,104,2020
48117,709,119.07,128,2020
48119,1958,626.92,145,2020
48121,124432,5893.98,11416,2020
48123,10090,5738.7,304,2020
48125,451,9.26,81,2020
48127,1621,27.25,194,2020
48129,1365,27.31,166,2020
48131,8262,239.52,407,2020
48133,1515,54.47,208,2020
48135,1981,0.1,356,2020
48137,11780,0.0,553,2020
48139,23052,1973.23,1193,2020
48141,58782,501.77,2768,2020
48143,3940,57.47,628,2020
48145,4680,1886.07,261,2020
48147,2924,553.1,401,2020
48149,7881,3375.15,1065,2020
48151,1581,262.79,134,2020
48153,908,173.39,121,2020
48155,1160,60.43,162,2020
48157,187583,18605.24,4696,2020
48159,4119,1067.29,206,2020
48161,7895,882.11,409,2020
48163,2351,604.55,302,2020
48165,845,107.15,192,2020
48167,210206,9319.52,3447,2020
48169,1690,34.3,217,2020
48171,13254,99.41,1146,2020
48173,891,18.42,78,2020
48175,7469,1653.72,438,2020
48177,17621,3336.36,517,2020
48179,1745,46.84,154,2020
48181,55061,10189.12,1509,2020
48183,3048,221.17,379,2020
48185,11933,4307.69,601,2020
48187,42845,1328.42,1285,2020
48189,1799,205.98,132,2020
48191,614,43.7,83,2020
48193,10083,100.21,302,2020
48195,1329,122.49,88,2020
48197,1846,84.95,228,2020
48199,5095,333.24,832,2020
48201,450402,43064.86,15630,2020
48203,5939,465.14,566,2020
48205,2083,24.64,126,2020
48207,2395,300.5,120,2020
48209,59034,1066.41,3840,2020
48211,2874,0.39,260,2020
48213,8163,1662.76,640,2020
48215,407516,97557.5,3932,2020
48217,5126,375.01,535,2020
48219,838,173.31,107,2020
48221,6743,38.87,455,2020
48223,1777,516.95,238,2020
48225,3499,1756.98,377,2020
48227,1785,33.21,229,2020
48229,6685,1089.45,462,2020
48231,7114,1167.0700000000002,452,2020
48233,1786,18.97,112,2020
48235,5284,10.48,212,2020
48237,1619,20.75,252,2020
48239,17186,5585.26,831,2020
48241,7517,94.54,646,2020
48243,54114,49.37,1115,2020
48245,57165,16896.1,934,2020
48247,3339,90.69,324,2020
48249,11972,5471.09,692,2020
48251,34658,355.37,1403,2020
48253,4178,293.23,342,2020
48255,8208,2321.09,360,2020
48257,4921,2772.29,489,2020
48259,74783,83.26,2223,2020
48261,6309,296.6,388,2020
48263,276,18.41,84,2020
48265,36960,12.71,2375,2020
48267,19517,1.67,581,2020
48269,212,0.0,45,2020
48271,14768,84.11,382,2020
48273,27037,8915.68,1328,2020
48275,1476,206.75,102,2020
48277,3303,890.4,330,2020
48279,1379,175.37,152,2020
48281,6160,9.8,366,2020
48283,3229,309.95,306,2020
48285,4468,1890.68,808,2020
48287,8049,2694.67,721,2020
48289,4328,1706.93,465,2020
48291,14658,2188.54,533,2020
48293,1950,520.15,242,2020
48295,470,8.73,57,2020
48297,9195,738.8000000000001,705,2020
48299,13315,1.84,798,2020
48301,832,0.0,68,2020
48303,67243,1253.72,2200,2020
48305,1920,526.02,186,2020
48307,3139,55.14,292,2020
48309,41775,2111.54,2024,2020
48311,38033,12148.5,589,2020
48313,5832,2715.18,193,2020
48315,3167,168.98,311,2020
48317,1025,56.18,88,2020
48319,3376,17.45,412,2020
48321,24567,7050.78,781,2020
48323,1957,42.35,138,2020
48325,8123,392.93,747,2020
48327,3021,98.82,303,2020
48329,27645,184.41,755,2020
48331,19572,10254.18,893,2020
48333,3639,32.36,247,2020
48335,1577,49.02,187,2020
48337,6722,42.43,354,2020
48339,70539,659.0600000000001,3843,2020
48341,1029,162.55,132,2020
48343,5933,815.8,139,2020
48345,686,18.07,67,2020
48347,21704,3105.52,1196,2020
48349,3927,755.62,386,2020
48351,1684,112.06000000000002,180,2020
48353,2496,75.28,332,2020
48355,145607,9609.99,2615,2020
48357,1150,200.3,90,2020
48359,705,91.09,136,2020
48361,3521,100.37,316,2020
48363,9782,17.93,572,2020
48365,1278,360.62,140,2020
48367,9071,37.15,1182,2020
48369,826,139.82,69,2020
48371,5314,48.92999999999999,570,2020
48373,15712,456.55,710,2020
48375,13605,120.62,566,2020
48377,7405,1.91,729,2020
48379,1375,724.98,147,2020
48381,19785,177.82,738,2020
48383,1000,1.01,81,2020
48385,5214,0.01,446,2020
48387,1338,342.39,162,2020
48389,18058,2251.3799999999997,542,2020
48391,9174,2575.41,643,2020
48393,329,13.31,53,2020
48395,7014,3264.29,515,2020
48397,3946,70.58,294,2020
48399,3981,205.71,209,2020
48401,7027,2023.59,730,2020
48403,2800,21.9,184,2020
48405,2487,78.82000000000001,177,2020
48407,5497,243.27,491,2020
48409,29989,3477.58,1146,2020
48411,16684,116.04,447,2020
48413,1355,43.63,159,2020
48415,1517,75.99,205,2020
48417,1220,90.6,168,2020
48419,6439,437.41,245,2020
48421,628,108.43,87,2020
48423,18615,2039.79,1619,2020
48425,12234,3.8,521,2020
48427,50535,464.16,834,2020
48429,2893,27.55,209,2020
48431,600,0.32,74,2020
48433,1018,33.85,88,2020
48435,2324,0.0,240,2020
48437,539,90.17,90,2020
48439,232211,3422.1400000000003,11361,2020
48441,24605,893.6,1122,2020
48443,1546,0.0,228,2020
48445,588,115.12,81,2020
48447,3111,395.15,231,2020
48449,2447,701.38,244,2020
48451,36428,192.82,1101,2020
48453,445631,15835.26,16628,2020
48455,3483,582.5400000000001,286,2020
48457,3840,126.26,667,2020
48459,3482,543.17,226,2020
48461,1489,8.38,118,2020
48463,22286,1807.21,1035,2020
48465,13228,2.6000000000000005,936,2020
48467,3163,900.99,424,2020
48469,27501,11697.24,683,2020
48471,10283,917.28,870,2020
48473,39285,24568.37,901,2020
48475,2389,5.25,185,2020
48477,13239,5157.96,808,2020
48479,28651,67.56,820,2020
48481,8220,5748.11,500,2020
48483,1156,29.0,168,2020
48485,13451,636.54,1165,2020
48487,1277,154.79,196,2020
48489,6639,2458.98,493,2020
48491,234494,10119.03,10390,2020
48493,13153,3301.1000000000004,874,2020
48495,1154,1.12,79,2020
48497,13510,61.81,1277,2020
48499,10187,3404.06,597,2020
48501,937,26.19,64,2020
48503,3053,179.98,200,2020
48505,13837,737.2199999999999,227,2020
48507,2117,276.61,237,2020
49001,6075,253.11,315,2020
49003,43984,4724.01,872,2020
49005,30673,4034.9,1544,2020
49007,4155,350.98,287,2020
49009,2763,57.16,274,2020
49011,109939,6974.21,1832,2020
49013,5385,498.36,457,2020
49015,4796,221.51,591,2020
49017,18951,1156.0600000000002,1100,2020
49019,23898,1788.7800000000002,1303,2020
49021,14202,294.45,854,2020
49023,8011,641.62,515,2020
49025,9198,46.82,1275,2020
49027,4484,440.68,535,2020
49029,9622,1038.17,222,2020
49031,1521,158.92,188,2020
49033,4421,997.75,214,2020
49035,205968,4402.900000000001,6537,2020
49037,9010,33.43,1874,2020
49039,7161,322.27,482,2020
49041,2406,127.86,348,2020
49043,27258,1701.76,1579,2020
49045,8624,246.91,811,2020
49047,17527,4068.6,836,2020
49049,140108,19407.89,4429,2020
49051,15870,2784.81,961,2020
49053,69004,1932.01,2824,2020
49055,4823,1185.11,484,2020
49057,27541,2503.94,1248,2020
50001,110244,33772.96,4150,2020
50003,45083,7632.81,1841,2020
50005,19153,1898.01,1470,2020
50007,246794,30259.53,7229,2020
50009,18845,353.57,723,2020
50011,44403,6784.84,1607,2020
50013,15395,3847.77,853,2020
50015,31565,7517.03,1964,2020
50017,38423,4740.3,2074,2020
50019,31269,5414.87,1077,2020
50021,113508,18358.76,3883,2020
50023,95695,13185.1,5643,2020
50025,85623,9507.4,3081,2020
50027,185478,37500.2,5293,2020
51001,98004,3880.58,1147,2020
51003,129416,34978.07,3305,2020
51005,3656,314.25,383,2020
51007,3380,987.49,184,2020
51009,21109,3536.03,629,2020
51011,10229,2066.96,334,2020
51013,78500,0.0,2077,2020
51015,58050,19893.88,1888,2020
51017,7619,602.5500000000001,352,2020
51019,31883,6810.69,1067,2020
51021,3087,713.73,216,2020
51023,40440,5446.39,939,2020
51025,3256,736.08,229,2020
51027,8588,813.15,205,2020
51029,11477,2919.05,692,2020
51031,8302,2019.02,478,2020
51033,8622,933.71,541,2020
51035,5867,1609.09,549,2020
51036,9709,3886.730000000001,256,2020
51037,4598,1118.46,294,2020
51041,66657,387.33,2144,2020
51043,38718,5916.86,779,2020
51045,6765,1702.78,806,2020
51047,28496,13596.36,1207,2020
51049,6343,1176.68,363,2020
51051,3134,131.4,182,2020
51053,2832,289.01,256,2020
51057,6684,2033.09,255,2020
51059,490083,15698.48,13020,2020
51061,72369,28647.51,2592,2020
51063,7875,2140.04,563,2020
51065,29138,8226.49,499,2020
51067,13901,2257.95,640,2020
51069,38593,9945.23,785,2020
51071,15936,1172.35,685,2020
51073,37817,2038.65,769,2020
51075,7999,1475.77,446,2020
51077,11581,3005.6099999999997,627,2020
51079,7300,524.24,404,2020
51081,1958,364.74,172,2020
51083,15787,2732.23,466,2020
51085,20107,1447.94,1066,2020
51087,69621,2582.14,1399,2020
51089,4020,383.05,309,2020
51091,14394,2885.55,661,2020
51093,9478,1538.69,405,2020
51095,55436,1606.85,998,2020
51097,4542,1299.18,283,2020
51099,8675,1428.86,409,2020
51101,7826,2258.91,283,2020
51103,7543,711.74,409,2020
51105,7003,2683.63,392,2020
51107,139770,27766.47,4863,2020
51109,15364,3290.12,865,2020
51111,4809,2036.01,279,2020
51113,16713,3681.38,1290,2020
51115,9394,321.89,267,2020
51117,21336,4941.56,728,2020
51119,4590,466.19,252,2020
51121,107327,19871.71,2437,2020
51125,31151,4087.78,1173,2020
51127,6748,2482.14,328,2020
51131,66134,12549.9,833,2020
51133,7779,1265.91,380,2020
51135,3624,569.11,301,2020
51137,9077,2158.73,695,2020
51139,25366,4072.89,1105,2020
51141,5533,957.7,426,2020
51143,17083,4968.94,930,2020
51145,16906,4513.56,645,2020
51147,31292,3849.03,707,2020
51149,4469,774.37,289,2020
51153,179022,16417.75,3959,2020
51155,17896,4662.49,457,2020
51157,19308,9675.71,891,2020
51159,9268,2023.36,241,2020
51161,29257,2051.39,1229,2020
51163,17820,4966.88,974,2020
51165,94331,29275.72,2024,2020
51167,2683,919.1,216,2020
51169,3154,413.33,369,2020
51171,27509,7006.27,1088,2020
51173,11821,1148.11,706,2020
51175,2504,403.93,207,2020
51177,37012,1676.63,1300,2020
51179,34214,1419.74,1088,2020
51181,9973,206.54,288,2020
51183,6991,1242.23,447,2020
51185,11152,2523.69,399,2020
51187,20120,1642.03,1169,2020
51191,9324,2162.85,936,2020
51193,12952,4031.26,518,2020
51195,5751,88.58,676,2020
51197,9104,2643.95,607,2020
51199,26262,499.18,848,2020
51510,57073,0.0,898,2020
51520,1724,18.159999999999997,110,2020
51530,1021,50.1,33,2020
51540,45711,2.92,564,2020
51550,21703,1128.36,1155,2020
51570,1097,0.0,56,2020
51580,507,7.33,40,2020
51590,1737,125.05,137,2020
51595,625,13.78,39,2020
51600,12051,0.0,278,2020
51610,3892,0.0,126,2020
51620,1028,272.37,26,2020
51630,5988,7.05,290,2020
51640,339,6.74,37,2020
51650,21427,8.61,631,2020
51660,22512,17.4,328,2020
51670,2620,0.0,46,2020
51678,1651,26.97,102,2020
51680,12606,444.21,344,2020
51683,5986,1.78,126,2020
51685,1219,0.6000000000000001,81,2020
51690,3831,0.0,52,2020
51700,22952,351.5199999999999,719,2020
51710,49856,0.0,680,2020
51720,961,0.0,93,2020
51730,769,24.28,134,2020
51735,6641,0.0,117,2020
51740,9083,21.72,145,2020
51750,66115,4633.93,165,2020
51760,63537,0.21,1546,2020
51770,33440,108.89,495,2020
51775,4728,8.0,183,2020
51790,9799,4996.530000000001,194,2020
51800,14219,1570.36,616,2020
51810,152914,11817.13,2484,2020
51820,8597,369.25,149,2020
51830,21510,0.55,258,2020
51840,2774,203.57,156,2020
53001,7233,445.6,413,2020
53003,12575,788.92,463,2020
53005,50479,5267.65,1214,2020
53007,68578,3961.57,2474,2020
53009,155847,28953.31,3052,2020
53011,173525,34511.659999999996,2982,2020
53013,2943,454.92,266,2020
53015,51043,17999.45,909,2020
53017,15101,2587.74,723,2020
53019,8966,24.61,299,2020
53021,15533,761.1700000000001,574,2020
53023,2357,114.11,198,2020
53025,31011,2811.61,1126,2020
53027,41531,4168.14,1345,2020
53029,82483,7201.61,1770,2020
53031,104239,3203.0299999999997,2646,2020
53033,888075,21683.58,17393,2020
53035,135678,6560.21,3073,2020
53037,54545,4626.8,2862,2020
53039,46484,1706.59,1326,2020
53041,30746,6385.0599999999995,1675,2020
53043,16575,2369.09,545,2020
53045,77683,17112.079999999998,1460,2020
53047,44728,2556.22,2479,2020
53049,33106,1726.52,879,2020
53051,14090,891.1999999999999,757,2020
53053,183645,10106.33,5981,2020
53055,53886,15546.21,1479,2020
53057,179938,53468.09,3007,2020
53059,30176,8012.860000000001,1735,2020
53061,196530,14533.93,5541,2020
53063,95072,9657.48,3529,2020
53065,21452,3431.48,932,2020
53067,176508,18559.75,3801,2020
53069,10625,2861.8399999999997,169,2020
53071,87254,13521.25,1307,2020
53073,103134,16337.2,5161,2020
53075,47184,3451.73,1428,2020
53077,59498,4101.78,2157,2020
54001,4099,646.11,126,2020
54003,13357,5821.16,553,2020
54005,224,2.89,34,2020
54007,956,125.99,259,2020
54009,718,157.0,115,2020
54011,7062,1718.35,409,2020
54013,15,0.36,9,2020
54015,163,1.05,63,2020
54017,1507,350.57,47,2020
54019,8749,112.76,581,2020
54021,1897,1010.25,138,2020
54023,10278,2055.89,343,2020
54025,7393,1660.32,495,2020
54027,5553,1422.41,383,2020
54029,585,151.64,145,2020
54031,13312,5682.98,633,2020
54033,5534,142.64,287,2020
54035,1282,147.74,128,2020
54037,54915,17382.670000000002,769,2020
54039,23427,151.17000000000002,625,2020
54041,2694,741.5500000000001,267,2020
54043,49,4.46,36,2020
54045,142,0.3,53,2020
54047,247,0.0,41,2020
54049,10440,1301.77,271,2020
54051,2396,56.940000000000005,88,2020
54053,6131,1789.7900000000002,211,2020
54055,5810,399.0,277,2020
54057,5405,1414.96,166,2020
54059,187,1.76,42,2020
54061,35156,1194.21,1449,2020
54063,2784,690.94,209,2020
54065,5975,567.77,316,2020
54067,2731,55.55,265,2020
54069,2759,90.13,312,2020
54071,10493,1638.7,640,2020
54073,2998,661.47,67,2020
54075,19479,7630.44,783,2020
54077,31505,5434.3,813,2020
54079,6110,198.93,294,2020
54081,14547,363.43,457,2020
54083,16866,6565.36,776,2020
54085,5733,625.4300000000001,95,2020
54087,649,290.01,58,2020
54089,13202,3898.06,233,2020
54091,3365,315.41,116,2020
54093,21016,1301.21,1065,2020
54095,777,76.2,62,2020
54097,1421,163.70999999999998,140,2020
54099,2468,140.70000000000002,157,2020
54101,668,7.81,128,2020
54103,1949,16.04,51,2020
54105,59,2.19,11,2020
54107,27241,3081.0,326,2020
54109,240,28.040000000000003,41,2020
55001,20219,2255.65,1046,2020
55003,20250,847.27,736,2020
55005,12974,1808.14,651,2020
55007,34751,4533.4400000000005,1708,2020
55009,72649,3455.6,1264,2020
55011,5110,599.07,320,2020
55013,22570,711.63,1088,2020
55015,31650,9354.56,654,2020
55017,23435,3178.47,801,2020
55019,1695,593.73,198,2020
55021,46734,18214.98,1224,2020
55023,12885,1102.84,425,2020
55025,600306,117733.68,9468,2020
55027,79552,13697.0,1374,2020
55029,54889,8488.89,1891,2020
55031,24873,656.63,1129,2020
55033,31413,9634.26,659,2020
55035,13667,1018.21,899,2020
55037,26697,1472.52,329,2020
55039,51537,7453.53,1309,2020
55041,11451,694.07,382,2020
55043,26858,5812.08,783,2020
55045,12920,3216.18,578,2020
55047,33658,3388.21,618,2020
55049,36600,22108.34,1260,2020
55051,9834,101.21,340,2020
55053,4333,302.76,674,2020
55055,74381,17734.56,1654,2020
55057,15386,108.14,825,2020
55059,19149,3134.69,1216,2020
55061,11744,2344.8,416,2020
55063,30026,7814.65,921,2020
55065,5111,1549.15,279,2020
55067,9139,317.81,352,2020
55069,10111,2023.83,568,2020
55071,47532,10539.66,971,2020
55073,46321,6762.139999999999,1229,2020
55075,21435,515.05,570,2020
55077,4009,716.21,458,2020
55078,577,0.84,59,2020
55079,255967,3617.95,3984,2020
55081,7859,4658.02,415,2020
55083,15903,877.33,544,2020
55085,16707,227.76,881,2020
55087,33388,2853.99,1059,2020
55089,105015,26671.35,1518,2020
55091,1753,285.52,179,2020
55093,6005,828.7,661,2020
55095,22483,1419.48,1086,2020
55097,63003,12669.57,1871,2020
55099,6918,201.68,383,2020
55101,38067,4859.24,1126,2020
55103,13128,3724.67,448,2020
55105,29790,6746.16,1069,2020
55107,4000,953.19,310,2020
55109,20264,5229.5,1105,2020
55111,57271,16029.2,2760,2020
55113,7284,211.11,662,2020
55115,7404,1301.24,377,2020
55117,45407,7762.91,923,2020
55119,7294,3130.84,300,2020
55121,14996,2323.74,420,2020
55123,31988,6749.67,846,2020
55125,30533,238.55,1307,2020
55127,23882,3736.98,1224,2020
55129,12133,545.8000000000001,494,2020
55131,32326,5084.47,1035,2020
55133,110533,10343.95,4119,2020
55135,10857,1396.41,425,2020
55137,7442,836.4,525,2020
55139,53830,5762.33,1025,2020
55141,12577,2927.15,679,2020
56001,46704,257.28999999999996,1766,2020
56003,3564,195.26,424,2020
56005,8146,1417.3,207,2020
56007,14210,2371.0899999999997,1061,2020
56009,4896,12.410000000000002,246,2020
56011,8471,81.24,471,2020
56013,59671,3307.4,1599,2020
56015,5253,167.58,313,2020
56017,1455,53.36,124,2020
56019,9948,137.34,482,2020
56021,33589,336.28000000000003,910,2020
56023,5858,284.37,554,2020
56025,12006,215.39,516,2020
56027,1421,18.99,129,2020
56029,36129,1736.75,2874,2020
56031,3574,40.32,288,2020
56033,14163,3013.07,730,2020
56035,12053,349.06,745,2020
56037,7813,31.34,715,2020
56039,47772,826.6,3840,2020
56041,3892,374.18,282,2020
56043,5195,320.92,243,2020
56045,4792,57.21,241,2020
01001,6322,1148.11,389,2021
01003,97424,4716.75,3246,2021
01005,11864,1579.55,221,2021
01007,7462,72.32000000000001,740,2021
01009,2392,396.39,584,2021
01011,5677,1080.91,204,2021
01013,655,69.66,130,2021
01015,19227,1580.98,633,2021
01017,2771,624.0,314,2021
01019,3166,396.16,470,2021
01021,2798,365.44,232,2021
01023,3691,57.43,154,2021
01025,793,37.24,136,2021
01027,2483,178.09,305,2021
01029,1705,78.14,305,2021
01031,741,124.46,184,2021
01033,15380,7226.08,517,2021
01035,1151,224.26,142,2021
01037,718,17.45,106,2021
01039,3836,206.31,420,2021
01041,461,100.16,65,2021
01043,3177,679.9399999999999,476,2021
01045,2696,254.83,217,2021
01047,1211,270.49,157,2021
01049,4100,704.07,703,2021
01051,9066,1039.79,552,2021
01053,1567,166.13,260,2021
01055,2825,390.02,359,2021
01057,197,26.41,52,2021
01059,933,106.04,181,2021
01061,12748,2870.3,113,2021
01063,4336,610.1800000000001,258,2021
01065,10581,3552.84,446,2021
01067,1425,279.74,145,2021
01069,15659,1332.32,447,2021
01071,12303,3479.03,1456,2021
01073,94895,981.8,2710,2021
01075,424,38.65,79,2021
01077,29030,4632.45,882,2021
01079,8134,1873.01,558,2021
01081,38653,5409.36,1744,2021
01083,34580,11895.92,1037,2021
01085,2294,865.76,226,2021
01087,6897,471.78,397,2021
01089,63844,7780.48,3032,2021
01091,3736,1415.65,265,2021
01093,1325,341.03,207,2021
01095,13196,2047.91,587,2021
01097,92089,943.03,1902,2021
01099,744,58.47,125,2021
01101,17701,1613.81,1085,2021
01103,19942,5541.03,758,2021
01105,6038,1071.24,317,2021
01107,1859,455.88,116,2021
01109,2632,164.81,305,2021
01111,2285,881.6,153,2021
01113,1538,262.84,210,2021
01115,2784,392.7,695,2021
01117,48324,8497.91,1490,2021
01119,3221,1054.62,595,2021
01121,2559,468.69,343,2021
01123,2764,161.79,952,2021
01125,40635,8798.3,1375,2021
01127,1934,370.59,207,2021
01129,1063,185.94,202,2021
01131,1179,263.96,118,2021
01133,3530,200.22,541,2021
04001,25815,701.36,1814,2021
04003,674275,3826.07,7559,2021
04005,183955,526.25,8400,2021
04007,28198,42.41,1798,2021
04009,22112,1584.25,1082,2021
04011,5445,684.56,497,2021
04012,15855,2862.04,741,2021
04013,732555,51642.54,15830,2021
04015,33385,21.94,2603,2021
04017,45281,2244.7799999999997,1839,2021
04019,1074607,11960.13,18114,2021
04021,109091,18806.55,3356,2021
04023,546953,29225.88,4221,2021
04025,175828,7921.45,5504,2021
04027,30411,4727.38,1309,2021
05001,3927,755.0600000000001,172,2021
05003,899,143.9,195,2021
05005,18853,2279.24,732,2021
05007,46960,11841.0,3837,2021
05009,2043,950.34,284,2021
05011,438,95.29,64,2021
05013,450,36.39,93,2021
05015,8562,474.74,626,2021
05017,1270,204.03,129,2021
05019,2057,601.54,273,2021
05021,1104,522.79,171,2021
05023,4400,525.8000000000001,473,2021
05025,517,47.04,64,2021
05027,5974,416.7,355,2021
05029,4413,1430.75,423,2021
05031,9353,1389.38,739,2021
05033,18028,11601.38,658,2021
05035,7346,1453.9,328,2021
05037,547,89.15,96,2021
05039,445,94.34,76,2021
05041,3932,832.29,156,2021
05043,1747,254.58,235,2021
05045,30582,9246.54,1290,2021
05047,3563,576.86,415,2021
05049,3610,1174.13,163,2021
05051,24290,3140.75,1305,2021
05053,714,62.66,111,2021
05055,3622,589.6,295,2021
05057,3167,491.54,317,2021
05059,1521,167.39,289,2021
05061,532,66.72,104,2021
05063,2454,335.45,194,2021
05065,3211,1377.93,218,2021
05067,951,226.76,121,2021
05069,14620,521.13,305,2021
05071,3586,868.95,401,2021
05073,582,159.96,103,2021
05075,1575,486.9,195,2021
05077,777,179.88000000000002,75,2021
05079,626,178.49,69,2021
05081,1153,160.29,125,2021
05083,2505,302.96,338,2021
05085,3983,1354.15,371,2021
05087,2556,449.5,707,2021
05089,4147,1368.72,349,2021
05091,2581,525.6,445,2021
05093,2184,624.01,246,2021
05095,1796,329.4,153,2021
05097,1578,158.1,527,2021
05099,1284,244.54,170,2021
05101,4158,660.41,775,2021
05103,1175,3.810000000000001,118,2021
05105,2020,666.69,256,2021
05107,1442,245.45,193,2021
05109,813,42.09,175,2021
05111,1412,561.65,148,2021
05113,2207,220.96,457,2021
05115,13950,2555.02,828,2021
05117,1828,499.36,169,2021
05119,62987,1640.24,2520,2021
05121,4077,1693.86,218,2021
05123,947,248.32,200,2021
05125,26829,600.56,838,2021
05127,14519,1886.68,269,2021
05129,1742,251.66,313,2021
05131,8396,3138.01,478,2021
05133,1202,207.44,181,2021
05135,6745,721.11,214,2021
05137,4759,1157.7900000000002,523,2021
05139,1549,9.19,194,2021
05141,1243,112.6,266,2021
05143,70945,9113.66,3662,2021
05145,37345,16418.51,492,2021
05147,641,314.78999999999996,74,2021
05149,8145,1690.62,445,2021
06001,448453,7818.360000000001,11852,2021
06003,14477,479.16,1358,2021
06005,15629,78.35000000000001,684,2021
06007,95584,18618.38,4625,2021
06009,17064,0.15,1096,2021
06011,33355,9607.65,1372,2021
06013,419371,9578.53,11697,2021
06015,38065,4393.900000000001,2758,2021
06017,63907,6.67,5550,2021
06019,90088,3762.84,5297,2021
06021,45513,2857.6,1243,2021
06023,257552,18811.45,11716,2021
06025,72144,27528.41,3102,2021
06027,95721,6536.09,5192,2021
06029,120888,5047.09,5228,2021
06031,17631,6245.88,385,2021
06033,37575,1063.68,1788,2021
06035,23858,4057.06,1320,2021
06037,1383911,5621.5,42756,2021
06039,46873,2819.89,2119,2021
06041,482390,1669.76,14659,2021
06043,42283,0.0,4722,2021
06045,133516,10590.9,5506,2021
06047,62350,8705.14,1512,2021
06049,20477,3403.51,965,2021
06051,85001,2223.0,4854,2021
06053,401492,7823.04,11351,2021
06055,79860,1656.51,4455,2021
06057,105754,80.99,3494,2021
06059,893389,1012.66,13563,2021
06061,139017,7366.5,5224,2021
06063,50993,3093.9,2392,2021
06065,353618,8957.61,20259,2021
06067,416476,32373.16,6051,2021
06069,67737,3958.85,3089,2021
06071,255630,1384.42,14860,2021
06073,1183776,8416.86,39057,2021
06075,376926,0.14,3829,2021
06077,111235,27207.78,2159,2021
06079,419173,2118.62,9808,2021
06081,404306,2778.94,13014,2021
06083,356158,6558.86,9751,2021
06085,685826,4949.24,18599,2021
06087,397219,18602.07,9493,2021
06089,92471,2560.77,3596,2021
06091,21690,758.8000000000001,1247,2021
06093,69942,7335.01,4366,2021
06095,116532,21448.22,3504,2021
06097,332023,56053.44,14182,2021
06099,82294,18094.93,1603,2021
06101,23950,11065.86,836,2021
06103,51626,5602.56,1858,2021
06105,10260,4.27,1812,2021
06107,61587,7200.76,4097,2021
06109,57639,21.95,3367,2021
06111,340538,7737.08,9725,2021
06113,231485,108182.65,4631,2021
06115,34136,6840.07,1269,2021
08001,143635,2135.2,2282,2021
08003,10567,66.56,524,2021
08005,201176,1428.59,3136,2021
08007,23388,1225.31,933,2021
08009,8180,113.95,324,2021
08011,20641,1540.83,517,2021
08013,399907,10714.7,9706,2021
08014,31979,1033.16,513,2021
08015,28496,2656.44,1587,2021
08017,4036,218.11,210,2021
08019,15640,0.0,1285,2021
08021,3745,148.89,496,2021
08023,2754,49.34,231,2021
08025,7032,112.15,185,2021
08027,6860,77.56,441,2021
08029,16543,1715.25,761,2021
08031,136613,302.21,2762,2021
08033,7303,187.98,340,2021
08035,128287,53.09,3496,2021
08037,26754,3491.0499999999997,1459,2021
08039,5347,92.61,466,2021
08041,244120,371.07,5563,2021
08043,17895,606.24,928,2021
08045,22710,3211.1299999999997,1048,2021
08047,7536,0.0,716,2021
08049,20112,34.370000000000005,1980,2021
08051,24491,1724.15,2850,2021
08053,4918,47.89,477,2021
08055,15782,12.64,680,2021
08057,20312,79.98,720,2021
08059,379131,65.64,7409,2021
08061,8790,182.55,252,2021
08063,9664,2002.4,323,2021
08065,5667,0.0,634,2021
08067,50647,3428.49,1636,2021
08069,309527,3343.99,8925,2021
08071,8049,133.23,918,2021
08073,7013,374.5,458,2021
08075,16858,2059.25,457,2021
08077,94012,10881.5,2523,2021
08079,2444,1.42,445,2021
08081,15008,1665.4499999999998,727,2021
08083,58783,4939.92,1639,2021
08085,33789,4096.14,1127,2021
08087,16872,1033.13,470,2021
08089,15191,334.31,796,2021
08091,16601,888.6500000000001,679,2021
08093,17097,0.8800000000000001,1664,2021
08095,5993,1432.09,146,2021
08097,30449,550.13,1262,2021
08099,22345,5769.74,386,2021
08101,100144,137.73,1787,2021
08103,8054,338.71,456,2021
08105,11874,738.69,562,2021
08107,18701,1446.35,1255,2021
08109,9498,46.44,792,2021
08111,4167,0.0,572,2021
08113,15120,573.93,752,2021
08115,4497,621.41,179,2021
08117,20574,8.809999999999999,2030,2021
08119,30795,4.970000000000001,942,2021
08121,16245,211.16,262,2021
08123,99515,5426.81,3939,2021
08125,11501,1275.37,337,2021
09001,347934,16140.78,6930,2021
09003,205360,31220.48,6081,2021
09005,204949,18851.19,4644,2021
09007,81953,4676.47,2759,2021
09009,417582,12825.43,6978,2021
09011,170329,19108.33,5319,2021
09013,90450,9968.27,2965,2021
09015,42216,5698.4,1957,2021
10001,231693,17667.85,1984,2021
10003,213818,27514.23,4819,2021
10005,252363,13046.17,4452,2021
11001,319491,600.32,4826,2021
12001,364522,21127.95,8669,2021
12003,1957,67.01,272,2021
12005,38075,149.75,1419,2021
12007,4242,269.4,307,2021
12009,327303,19833.92,6500,2021
12011,135942,1056.67,7131,2021
12013,2204,438.12,290,2021
12015,119130,3492.0899999999997,2698,2021
12017,47565,4677.9400000000005,1974,2021
12019,52282,708.41,1425,2021
12021,223989,3493.81,6627,2021
12023,14496,3440.97,929,2021
12027,6334,1114.51,821,2021
12029,10961,634.89,332,2021
12031,175241,1408.95,4670,2021
12033,54372,755.5600000000001,2276,2021
12035,23541,1645.37,1064,2021
12037,49863,0.37,1671,2021
12039,10617,223.43,1109,2021
12041,6830,1792.42,466,2021
12043,26106,6101.84,383,2021
12045,7565,26.98,844,2021
12047,3567,209.81,320,2021
12049,5436,2363.67,654,2021
12051,20113,8555.96,820,2021
12053,72209,10847.8,2068,2021
12055,29866,3673.9,2031,2021
12057,192952,22087.97,8045,2021
12059,1835,182.67,232,2021
12061,95633,9399.38,2251,2021
12063,7559,1175.78,1041,2021
12065,27449,13302.35,843,2021
12067,3083,692.8100000000001,213,2021
12069,114622,26457.74,3083,2021
12071,300285,4026.26,6605,2021
12073,133863,9216.09,4339,2021
12075,37721,3884.81,1311,2021
12077,6703,274.57,2302,2021
12079,8629,1009.35,455,2021
12081,161128,6693.03,4033,2021
12083,117897,16824.989999999998,3908,2021
12085,35366,4489.51,1877,2021
12086,295718,28027.18,12376,2021
12087,179916,107.11,3596,2021
12089,24271,123.31,2139,2021
12091,28695,213.63,1952,2021
12093,19245,4619.91,806,2021
12095,353688,37507.32,8189,2021
12097,82464,15717.15,2686,2021
12099,268853,19058.49,6546,2021
12101,85339,10766.91,3068,2021
12103,453822,413.99,5367,2021
12105,157978,19608.57,4863,2021
12107,19661,1851.49,1233,2021
12109,127946,14257.8,3305,2021
12111,45753,5848.15,1602,2021
12113,45775,2527.7200000000003,1882,2021
12115,324391,6682.93,6410,2021
12117,90863,2039.25,3139,2021
12119,37979,1799.5800000000002,1304,2021
12121,11398,497.64,576,2021
12123,7215,79.82000000000001,569,2021
12125,1136,118.29,134,2021
12127,113085,2343.64,4833,2021
12129,137179,412.67,1791,2021
12131,22332,848.1,1711,2021
12133,4650,372.03,532,2021
13001,816,63.989999999999995,90,2021
13003,323,35.45,46,2021
13005,483,77.64,58,2021
13007,4641,709.85,251,2021
13009,2779,121.06,258,2021
13011,8987,1888.59,120,2021
13013,16165,852.35,272,2021
13015,37774,10099.32,871,2021
13017,873,125.24,90,2021
13019,10437,3577.57,206,2021
13021,52321,6191.51,703,2021
13023,577,122.88,76,2021
13025,752,47.7,164,2021
13027,18200,6244.16,363,2021
13029,8886,19.12,478,2021
13031,26682,4173.31,773,2021
13033,9928,3320.8199999999997,261,2021
13035,9010,846.87,277,2021
13037,1032,193.49,96,2021
13039,29411,217.03,1283,2021
13043,756,177.95000000000002,161,2021
13045,15610,1315.63,688,2021
13047,3051,506.64,495,2021
13049,6363,16.21,453,2021
13051,94338,830.8300000000002,2359,2021
13053,851,23.59,105,2021
13055,7192,2604.21,326,2021
13057,24201,665.55,1202,2021
13059,84242,4056.44,1955,2021
13061,1050,195.4,89,2021
13063,20465,939.16,546,2021
13065,3857,23.12,152,2021
13067,143153,11416.580000000002,3041,2021
13069,3047,175.22,157,2021
13071,1384,105.6,169,2021
13073,9986,414.89,793,2021
13075,3464,241.42,234,2021
13077,15275,1371.44,737,2021
13079,1410,72.59,83,2021
13081,2127,767.5600000000001,135,2021
13083,3065,154.23,491,2021
13085,9787,115.9,412,2021
13087,6846,2271.07,439,2021
13089,245707,3840.61,4076,2021
13091,1178,103.47,77,2021
13093,7401,2915.11,125,2021
13095,6479,562.19,431,2021
13097,8209,103.53,456,2021
13099,3865,948.44,204,2021
13101,1356,88.27,110,2021
13103,1424,25.31,219,2021
13105,1108,167.8,104,2021
13107,1842,157.95,188,2021
13109,667,12.98,46,2021
13111,19920,3916.59,751,2021
13113,15108,2090.82,751,2021
13115,16052,2996.39,698,2021
13117,24433,1408.54,1053,2021
13119,1997,261.41,189,2021
13121,153164,6125.139999999999,4900,2021
13123,5014,142.0,720,2021
13125,152,20.700000000000003,19,2021
13127,117977,3377.02,1690,2021
13129,9040,3670.2,427,2021
13131,3601,396.02,250,2021
13133,9065,917.87,443,2021
13135,70924,3259.08,2852,2021
13137,2544,283.86,346,2021
13139,20072,964.48,889,2021
13141,1129,80.78,97,2021
13143,944,304.10999999999996,137,2021
13145,5910,583.08,740,2021
13147,2152,385.06,170,2021
13149,573,92.29,77,2021
13151,15940,3392.43,608,2021
13153,6791,614.8,302,2021
13155,1056,202.08,105,2021
13157,4301,982.91,315,2021
13159,6509,765.5799999999999,210,2021
13161,2429,1298.92,120,2021
13163,751,147.53,85,2021
13165,1999,447.62,94,2021
13167,369,96.56,39,2021
13169,21265,13730.06,355,2021
13171,4744,2129.14,150,2021
13173,626,47.59,65,2021
13175,15612,1921.35,268,2021
13177,3055,479.28,294,2021
13179,7255,78.78,350,2021
13181,959,69.92,87,2021
13183,1025,105.38,129,2021
13185,20370,1874.14,672,2021
13187,3306,284.46999999999997,672,2021
13189,1385,56.75,125,2021
13191,43253,158.1,647,2021
13193,5472,3501.99,199,2021
13195,2610,807.92,167,2021
13197,809,224.85,80,2021
13199,1218,251.58,125,2021
13201,3078,1241.21,145,2021
13205,1230,554.59,91,2021
13207,7577,151.23000000000002,221,2021
13209,1183,107.57,58,2021
13211,7913,4843.51,349,2021
13213,13221,2198.55,555,2021
13215,29783,2679.1,555,2021
13217,9172,2620.45,461,2021
13219,19571,7108.1,951,2021
13221,5839,2113.1,581,2021
13223,7939,429.01,525,2021
13225,1645,838.92,135,2021
13227,4581,88.65,263,2021
13229,308,33.230000000000004,45,2021
13231,373,62.68,80,2021
13233,1607,494.95,159,2021
13235,770,90.43,64,2021
13237,1718,110.87,193,2021
13239,935,111.33,52,2021
13241,11102,1062.5,855,2021
13243,531,110.83,77,2021
13245,29023,2876.57,697,2021
13247,16255,7066.63,719,2021
13249,4708,921.34,65,2021
13251,1258,252.0,143,2021
13253,2060,336.15999999999997,263,2021
13255,1846,183.24,182,2021
13257,2492,141.88,251,2021
13259,5153,563.25,175,2021
13261,6586,1818.27,170,2021
13263,857,57.91,265,2021
13265,727,161.31,69,2021
13267,1890,676.65,137,2021
13269,2009,115.25,161,2021
13271,693,268.03000000000003,66,2021
13273,372,59.08,48,2021
13275,12822,5068.929999999999,442,2021
13277,4587,863.16,392,2021
13279,436,70.84,73,2021
13281,9469,845.45,544,2021
13283,358,5.69,51,2021
13285,8787,2277.18,358,2021
13287,670,131.41,130,2021
13289,970,239.33,117,2021
13291,6771,335.45,648,2021
13293,3669,85.50999999999999,86,2021
13295,4499,814.58,950,2021
13297,11352,3648.42,370,2021
13299,1931,49.54,246,2021
13301,379,107.81,46,2021
13303,1225,99.24,117,2021
13305,864,12.28,133,2021
13307,478,62.809999999999995,54,2021
13309,644,29.869999999999997,90,2021
13311,5798,302.2,619,2021
13313,9276,2471.47,460,2021
13315,275,57.71,35,2021
13317,909,230.7,73,2021
13319,1458,103.73,115,2021
13321,1085,287.14000000000004,118,2021
16001,207458,12978.31,4473,2021
16003,11235,1904.64,349,2021
16005,16167,810.4,1902,2021
16007,5898,285.59000000000003,438,2021
16009,6855,340.62,305,2021
16011,4035,556.04,465,2021
16013,24949,2806.46,1482,2021
16015,16955,182.43,1009,2021
16017,26151,303.08,1621,2021
16019,12897,742.94,897,2021
16021,18053,2579.79,616,2021
16023,2114,53.16,295,2021
16025,10629,2207.5399999999995,362,2021
16027,86541,24490.27,2021,2021
16029,1989,231.68,368,2021
16031,26682,2405.83,1166,2021
16033,1315,3.69,200,2021
16035,4019,346.62,365,2021
16037,8853,198.79,918,2021
16039,22917,5714.47,1203,2021
16041,1152,134.97,208,2021
16043,15074,454.67,1099,2021
16045,25110,3592.85,378,2021
16047,8516,1125.64,379,2021
16049,10996,639.8000000000001,1029,2021
16051,28286,3024.24,646,2021
16053,3662,245.08,245,2021
16055,18309,286.34,1604,2021
16057,55445,5237.18,1652,2021
16059,10035,1483.47,766,2021
16061,1908,306.5,118,2021
16063,533,48.89,110,2021
16065,6558,999.66,392,2021
16067,5145,824.03,245,2021
16069,18343,598.23,489,2021
16071,3812,281.15,311,2021
16073,30753,3810.38,1560,2021
16075,7692,2353.27,339,2021
16077,9394,1091.5700000000002,407,2021
16079,4123,0.0,422,2021
16081,9571,1416.37,566,2021
16083,43397,8421.91,1193,2021
16085,15536,283.23,1185,2021
16087,3817,289.53000000000003,292,2021
17001,9901,1628.78,295,2021
17003,6603,3285.84,327,2021
17005,4557,1605.36,202,2021
17007,6382,1680.95,782,2021
17009,1644,462.99,58,2021
17011,34759,4686.04,469,2021
17013,5099,1461.43,102,2021
17015,17663,2175.53,429,2021
17017,2449,761.23,204,2021
17019,113106,14168.23,4219,2021
17021,3738,873.93,231,2021
17023,11133,4485.76,361,2021
17025,806,200.58,101,2021
17027,28713,6135.5,289,2021
17029,41771,3103.27,1176,2021
17031,976938,16311.44,21373,2021
17033,3050,1352.52,133,2021
17035,5329,1403.98,239,2021
17037,19894,5774.8,1148,2021
17039,8796,1916.06,256,2021
17041,2577,820.83,200,2021
17043,374411,14073.56,7423,2021
17045,5718,2130.91,173,2021
17047,3946,2390.3,141,2021
17049,3241,228.62,288,2021
17051,3509,671.52,316,2021
17053,2643,862.03,204,2021
17055,3562,242.04,374,2021
17057,18267,8919.77,488,2021
17059,2145,649.87,289,2021
17061,1168,600.41,112,2021
17063,17070,2837.34,1735,2021
17065,1390,651.03,70,2021
17067,3476,860.52,238,2021
17069,1673,417.74,221,2021
17071,3585,1009.03,129,2021
17073,9496,2109.33,429,2021
17075,6048,879.62,374,2021
17077,58484,8145.01,2417,2021
17079,4789,2601.89,130,2021
17081,6201,1322.96,345,2021
17083,4281,1137.49,276,2021
17085,8314,2658.76,657,2021
17087,17126,5045.030000000001,1508,2021
17089,138226,24621.51,4352,2021
17091,44688,3672.25,1494,2021
17093,49431,6748.81,1134,2021
17095,14584,1399.14,355,2021
17097,245952,26681.66,5718,2021
17099,46370,20089.63,1261,2021
17101,3184,977.45,186,2021
17103,23849,6619.860000000001,1002,2021
17105,3514,1230.53,324,2021
17107,3568,1243.74,236,2021
17109,4464,1058.53,192,2021
17111,93997,12970.929999999998,2702,2021
17113,66333,13857.21,2739,2021
17115,7096,914.91,541,2021
17117,2323,877.99,273,2021
17119,58263,4437.51,1557,2021
17121,4321,1942.31,269,2021
17123,9300,813.91,218,2021
17125,16191,3319.09,530,2021
17127,10005,1663.71,618,2021
17129,26459,10026.24,336,2021
17131,2887,742.39,163,2021
17133,12906,1857.16,507,2021
17135,3118,738.57,166,2021
17137,5248,760.1999999999999,241,2021
17139,6276,549.94,173,2021
17141,10471,3543.1600000000003,1188,2021
17143,33016,6900.32,997,2021
17145,1668,460.63,139,2021
17147,12434,2179.06,602,2021
17149,3310,1236.51,238,2021
17151,5351,714.18,721,2021
17153,6248,2208.31,595,2021
17155,21635,14913.920000000002,214,2021
17157,3386,1731.13,277,2021
17159,541,54.25,65,2021
17161,25539,2894.69,925,2021
17163,30346,2076.81,969,2021
17165,15514,4705.94,506,2021
17167,24415,4030.3,1362,2021
17169,2215,928.9,142,2021
17171,827,292.14,75,2021
17173,2588,908.87,228,2021
17175,1283,663.56,86,2021
17177,4939,1556.44,353,2021
17179,38274,4339.25,659,2021
17181,18842,4259.1,1516,2021
17183,12148,2322.63,1223,2021
17185,1393,208.41,93,2021
17187,1628,761.4,102,2021
17189,1113,155.87,126,2021
17191,1028,479.12,131,2021
17193,9170,1692.48,262,2021
17195,12087,611.63,510,2021
17197,133302,22839.3,5797,2021
17199,28233,8273.94,865,2021
17201,43542,6065.92,2955,2021
17203,21439,8807.51,526,2021
18001,2120,1385.24,95,2021
18003,54641,12014.52,1937,2021
18005,4989,846.54,508,2021
18007,2763,639.72,102,2021
18009,2488,627.15,52,2021
18011,46818,8777.79,923,2021
18013,30413,1235.37,985,2021
18015,2235,727.82,199,2021
18017,926,238.6,155,2021
18019,14496,749.8100000000001,660,2021
18021,3672,1779.79,204,2021
18023,1688,524.18,154,2021
18025,2836,605.0600000000001,257,2021
18027,1403,444.67,172,2021
18029,5204,1802.31,258,2021
18031,4771,1382.35,155,2021
18033,3744,1206.97,216,2021
18035,13082,1342.09,518,2021
18037,6601,1727.24,236,2021
18039,85514,10746.63,1440,2021
18041,9076,748.3299999999999,146,2021
18043,10783,1139.54,376,2021
18045,1760,420.69,212,2021
18047,4804,985.36,346,2021
18049,1172,353.11,122,2021
18051,39555,12727.34,654,2021
18053,4230,1182.3300000000002,340,2021
18055,51053,24104.95,778,2021
18057,91522,9702.94,2194,2021
18059,17177,6843.94,578,2021
18061,15821,4490.16,402,2021
18063,44578,3417.25,1101,2021
18065,8621,1015.12,646,2021
18067,1057,357.99,184,2021
18069,7798,3303.6099999999997,340,2021
18071,13593,1724.15,527,2021
18073,5485,2227.71,669,2021
18075,1989,870.39,113,2021
18077,3766,609.99,912,2021
18079,2311,302.96,348,2021
18081,37091,4549.15,875,2021
18083,4421,730.99,209,2021
18085,25704,2191.86,516,2021
18087,16610,2025.6,602,2021
18089,59386,2977.99,2813,2021
18091,35850,3944.01,949,2021
18093,12406,3553.04,458,2021
18095,23599,2798.14,832,2021
18097,221325,15620.47,4258,2021
18099,2764,494.74,299,2021
18101,2559,245.55,130,2021
18103,4065,685.7,259,2021
18105,133147,26533.24,3693,2021
18107,6763,4418.66,389,2021
18109,18041,2781.7000000000003,933,2021
18111,22424,9096.34,734,2021
18113,21141,4764.92,581,2021
18115,207,93.39,38,2021
18117,4265,663.38,464,2021
18119,6462,829.42,360,2021
18121,4710,800.75,482,2021
18123,4543,595.88,439,2021
18125,4201,1179.41,177,2021
18127,106134,4252.650000000001,2455,2021
18129,10192,1452.18,548,2021
18131,2829,643.54,182,2021
18133,38531,10732.83,805,2021
18135,689,253.15,115,2021
18137,2946,562.15,368,2021
18139,531,176.06,92,2021
18141,64639,4143.13,1617,2021
18143,1783,519.62,205,2021
18145,1073,330.18,199,2021
18147,9837,3588.84,232,2021
18149,3451,1033.21,228,2021
18151,8954,1994.83,565,2021
18153,13268,4084.54,250,2021
18155,867,239.16,181,2021
18157,136155,9760.03,2332,2021
18159,468,210.77,96,2021
18161,12209,1300.52,296,2021
18163,47954,1961.8,947,2021
18165,4772,771.2,190,2021
18167,30407,7564.6,689,2021
18169,4310,740.62,288,2021
18171,1414,232.04,238,2021
18173,25492,9334.13,525,2021
18175,6004,1650.42,179,2021
18177,15835,2937.54,832,2021
18179,5058,2377.2200000000003,130,2021
18181,2652,486.52,278,2021
18183,9671,1265.61,268,2021
19001,605,278.14,131,2021
19003,146,54.56,22,2021
19005,7170,763.02,401,2021
19007,2576,1019.59,96,2021
19009,346,156.79,30,2021
19011,3989,1339.66,256,2021
19013,25266,1949.75,759,2021
19015,10887,2194.91,542,2021
19017,9147,3731.06,282,2021
19019,7359,3260.81,252,2021
19021,7472,728.73,82,2021
19023,2554,673.28,155,2021
19025,386,140.35,44,2021
19027,4640,397.3,134,2021
19029,1215,329.66,215,2021
19031,2207,592.1,223,2021
19033,6191,1136.19,363,2021
19035,552,156.69,48,2021
19037,849,398.6,128,2021
19039,1117,238.7,96,2021
19041,2504,260.94,79,2021
19043,2790,224.15,282,2021
19045,5974,1160.68,295,2021
19047,223,47.24,33,2021
19049,11686,4243.39,660,2021
19051,567,139.09,55,2021
19053,1515,283.09999999999997,132,2021
19055,2665,325.77,194,2021
19057,2307,634.62,193,2021
19059,5088,1604.59,247,2021
19061,24246,3076.2200000000003,691,2021
19063,753,143.91,59,2021
19065,886,177.38,158,2021
19067,880,194.91,127,2021
19069,790,164.84,98,2021
19071,2563,367.38,293,2021
19073,5572,3402.3,105,2021
19075,1003,292.89000000000004,101,2021
19077,1495,354.55,102,2021
19079,2198,354.62,134,2021
19081,539,84.82,48,2021
19083,3368,1591.11,171,2021
19085,6994,1506.53,272,2021
19087,1335,364.86,95,2021
19089,1706,952.49,132,2021
19091,238,49.21,20,2021
19093,542,127.5,55,2021
19095,2722,1263.99,237,2021
19097,9096,442.8,321,2021
19099,7684,2062.7799999999997,478,2021
19101,5996,1398.85,205,2021
19103,95117,14911.06,2832,2021
19105,1118,417.12,167,2021
19107,870,608.29,84,2021
19109,1043,454.89,92,2021
19111,3860,677.63,205,2021
19113,31733,5110.09,1349,2021
19115,10341,5233.79,217,2021
19117,3701,1349.4499999999998,84,2021
19119,831,363.87,69,2021
19121,6224,1827.83,417,2021
19123,3161,184.33,121,2021
19125,7274,862.17,258,2021
19127,5062,943.12,185,2021
19129,1785,766.3,147,2021
19131,2039,1018.5,117,2021
19133,1925,487.91,207,2021
19135,626,49.84,40,2021
19137,525,211.7,65,2021
19139,8880,776.96,442,2021
19141,311,88.88,41,2021
19143,242,64.83,41,2021
19145,540,129.85,52,2021
19147,856,119.71,49,2021
19149,928,154.4,149,2021
19151,1087,182.68,44,2021
19153,83428,8889.26,2644,2021
19155,18322,4935.71,790,2021
19157,2926,373.96,236,2021
19159,1074,616.57,90,2021
19161,2125,410.84,128,2021
19163,25698,1339.38,1096,2021
19165,571,113.03,36,2021
19167,2452,694.38,180,2021
19169,75475,14266.7,1467,2021
19171,1948,394.21,138,2021
19173,614,291.76,52,2021
19175,597,157.86,51,2021
19177,4279,649.61,195,2021
19179,1257,555.72,141,2021
19181,2435,605.37,338,2021
19183,4645,1568.94,231,2021
19185,166,76.21,29,2021
19187,1916,197.82,158,2021
19189,1281,354.17,63,2021
19191,8055,1123.15,390,2021
19193,12346,1060.66,493,2021
19195,1018,309.42,141,2021
19197,751,162.12,69,2021
20001,2329,1332.93,165,2021
20003,3464,1128.22,149,2021
20005,11728,1169.82,222,2021
20007,1499,112.96,247,2021
20009,32292,621.33,487,2021
20011,1212,404.46,105,2021
20013,4566,1140.0,200,2021
20015,9985,393.83,718,2021
20017,6963,354.21,512,2021
20019,2842,497.6,205,2021
20021,4955,2305.68,347,2021
20023,3172,406.03,260,2021
20025,4551,559.0,194,2021
20027,574,53.66,109,2021
20029,1670,503.97,223,2021
20031,3625,881.01,289,2021
20033,1915,38.190000000000005,80,2021
20035,7186,338.02,495,2021
20037,6188,1322.56,329,2021
20039,722,74.28,122,2021
20041,1080,82.92,238,2021
20043,1046,382.4,96,2021
20045,128057,40073.17,2337,2021
20047,1520,333.38,119,2021
20049,853,149.47,94,2021
20051,7610,390.09,416,2021
20053,6754,283.99,346,2021
20055,6195,667.89,332,2021
20057,11189,1262.58,443,2021
20059,3628,1289.53,259,2021
20061,2619,26.1,351,2021
20063,2669,256.53000000000003,241,2021
20065,783,67.53999999999999,33,2021
20067,1553,80.04,47,2021
20069,2444,292.64,106,2021
20071,1023,331.44,83,2021
20073,1168,102.64,161,2021
20075,2194,246.22,122,2021
20077,2749,298.1,193,2021
20079,26499,839.75,480,2021
20081,1725,357.73,71,2021
20083,808,61.68,58,2021
20085,8479,6030.08,229,2021
20087,27533,7438.55,559,2021
20089,2118,50.55,104,2021
20091,147596,15790.48,3584,2021
20093,1332,436.4,83,2021
20095,4232,101.68,172,2021
20097,5414,422.13,170,2021
20099,4695,1827.8,241,2021
20101,1164,201.5,89,2021
20103,26421,6860.6900000000005,655,2021
20105,1547,92.25,198,2021
20107,16431,2047.08,215,2021
20109,3196,902.45,308,2021
20111,6251,524.7,380,2021
20113,17578,4043.34,406,2021
20115,8069,1026.7,402,2021
20117,1183,161.66,134,2021
20119,3585,477.55,206,2021
20121,13745,5539.24,464,2021
20123,2541,211.29,99,2021
20125,1569,332.38,167,2021
20127,1770,73.05,137,2021
20129,12666,219.69,324,2021
20131,2233,737.18,146,2021
20133,4094,792.5,128,2021
20135,1052,183.47,78,2021
20137,955,103.07,96,2021
20139,11457,1535.0,312,2021
20141,421,62.28,63,2021
20143,1611,535.16,111,2021
20145,1128,191.37,106,2021
20147,1164,111.41,104,2021
20149,15440,2727.7100000000005,484,2021
20151,3345,454.54,186,2021
20153,1100,248.28,56,2021
20155,20451,3115.23,844,2021
20157,2807,212.57,79,2021
20159,1071,204.37,132,2021
20161,26304,2521.67,1355,2021
20163,1755,76.24,110,2021
20165,1709,249.74,108,2021
20167,10576,181.13,394,2021
20169,4910,419.57,510,2021
20171,10076,459.06,232,2021
20173,50098,1303.47,2016,2021
20175,2028,220.32,132,2021
20177,41640,10143.37,1028,2021
20179,806,233.0,93,2021
20181,2093,231.39,181,2021
20183,688,198.43,78,2021
20185,39851,450.4,486,2021
20187,1976,205.65,69,2021
20189,1614,258.33000000000004,69,2021
20191,12650,914.96,559,2021
20193,1401,184.83,166,2021
20195,1796,118.42,203,2021
20197,5980,554.51,361,2021
20199,859,122.06,77,2021
20201,1027,136.60000000000002,97,2021
20203,921,229.09,61,2021
20205,1488,341.5,111,2021
20207,1946,139.56,113,2021
20209,12387,812.1600000000001,488,2021
21001,1098,444.94,98,2021
21003,5858,1201.96,215,2021
21005,3368,1335.16,204,2021
21007,1803,518.67,198,2021
21009,9656,3813.9,337,2021
21011,1118,111.87,203,2021
21013,1464,14.26,213,2021
21015,24820,9343.66,1166,2021
21017,1919,956.58,143,2021
21019,1121,142.94,180,2021
21021,2235,836.92,208,2021
21023,377,103.57,60,2021
21025,201,0.8700000000000001,40,2021
21027,2806,264.99,367,2021
21029,10466,1197.89,719,2021
21031,1539,173.03,49,2021
21033,541,163.05,102,2021
21035,9261,1278.18,439,2021
21037,12450,189.16,757,2021
21039,390,89.39,54,2021
21041,1114,123.67,236,2021
21043,1986,466.9899999999999,327,2021
21045,2752,939.47,246,2021
21047,10786,5217.44,778,2021
21049,2790,1212.49,311,2021
21051,1164,90.9,117,2021
21053,685,123.85,66,2021
21055,763,125.42,96,2021
21057,474,186.46,33,2021
21059,3887,850.0,413,2021
21061,10692,114.55,395,2021
21063,390,56.21,50,2021
21065,550,46.35,75,2021
21067,90120,19508.87,2038,2021
21069,416,110.65,87,2021
21071,797,29.12,94,2021
21073,24043,3168.76,549,2021
21075,2767,1448.91,222,2021
21077,1361,199.93,104,2021
21079,6020,2754.21,389,2021
21081,1598,307.61,183,2021
21083,5115,2222.68,218,2021
21085,1354,206.67,139,2021
21087,624,174.29,70,2021
21089,571,151.61,119,2021
21091,723,101.39,51,2021
21093,4218,782.22,517,2021
21095,1101,18.66,176,2021
21097,548,254.15,96,2021
21099,8079,4581.45,281,2021
21101,24173,7563.0,388,2021
21103,1472,395.95,268,2021
21105,950,440.89,88,2021
21107,13870,6587.32,523,2021
21109,1616,266.05,180,2021
21111,182026,38488.22,3675,2021
21113,14364,5554.46,443,2021
21115,778,66.89,75,2021
21117,17075,2812.69,1125,2021
21119,497,15.1,56,2021
21121,949,187.98,123,2021
21123,3012,1304.66,246,2021
21125,9958,3134.6800000000003,366,2021
21127,308,61.99,47,2021
21129,513,35.36,199,2021
21131,483,9.2,148,2021
21133,1041,44.43000000000001,322,2021
21135,735,111.46,234,2021
21137,2866,930.13,327,2021
21139,2321,92.34,132,2021
21141,21764,10061.66,187,2021
21143,9185,1793.36,582,2021
21145,5356,1313.72,569,2021
21147,5783,155.53,588,2021
21149,236,109.2,31,2021
21151,16587,3949.12,1215,2021
21153,186,66.02,23,2021
21155,794,205.94,99,2021
21157,12965,2289.1600000000003,395,2021
21159,426,32.96,38,2021
21161,557,174.19,70,2021
21163,1605,330.35,300,2021
21165,1604,340.11,288,2021
21167,7011,6015.64,221,2021
21169,1633,642.75,69,2021
21171,378,154.76,48,2021
21173,553,162.63,98,2021
21175,409,63.59,88,2021
21177,4523,1313.65,175,2021
21179,7093,1674.04,267,2021
21181,1104,281.14,62,2021
21183,1273,234.0,108,2021
21185,16411,7466.410000000001,405,2021
21187,1762,749.6700000000001,136,2021
21189,374,36.05,63,2021
21191,737,277.28999999999996,82,2021
21193,300,1.21,111,2021
21195,1517,28.06,232,2021
21197,5371,179.85,591,2021
21199,24074,5710.1,780,2021
21201,622,88.86000000000001,37,2021
21203,1548,553.64,327,2021
21205,7400,1492.8099999999995,350,2021
21207,2434,353.13,221,2021
21209,4346,1245.52,409,2021
21211,9206,3966.49,442,2021
21213,1819,858.14,141,2021
21215,22739,3935.0900000000006,120,2021
21217,1477,179.24,131,2021
21219,11895,6199.14,177,2021
21221,10006,394.86,892,2021
21223,1005,338.48,196,2021
21225,1757,679.98,85,2021
21227,13172,5265.110000000001,539,2021
21229,841,301.41,106,2021
21231,1951,995.2,158,2021
21233,359,98.14,66,2021
21235,1934,169.56,290,2021
21237,4537,74.96,488,2021
21239,3360,1206.96,288,2021
22001,10934,5337.05,346,2021
22003,1279,217.43,173,2021
22005,5485,366.45,401,2021
22007,4547,178.42,134,2021
22009,2177,794.26,152,2021
22011,1730,413.42,274,2021
22013,750,35.03,165,2021
22015,12137,2871.74,507,2021
22017,19874,1765.2800000000002,909,2021
22019,27640,8497.4,1266,2021
22021,539,108.05,53,2021
22023,69579,13784.33,979,2021
22025,1430,315.35,116,2021
22027,7491,3115.9,166,2021
22029,4775,1191.33,234,2021
22031,3856,1203.97,183,2021
22033,137372,9496.14,2647,2021
22035,744,194.68,29,2021
22037,5019,229.9,184,2021
22039,1701,398.94,222,2021
22041,666,218.94,57,2021
22043,3197,49.68,333,2021
22045,4806,692.83,243,2021
22047,19490,1679.77,291,2021
22049,847,20.61,74,2021
22051,60121,50.5,1215,2021
22053,16194,9954.15,608,2021
22055,35837,2223.69,958,2021
22057,19597,994.78,459,2021
22059,4518,84.88,120,2021
22061,5193,147.71,309,2021
22063,9295,923.67,600,2021
22065,3028,1121.06,244,2021
22067,1882,800.6,83,2021
22069,3508,459.63,438,2021
22071,86444,25.52,1750,2021
22073,22479,7142.9,896,2021
22075,13402,237.35,445,2021
22077,2711,888.14,153,2021
22079,22948,2525.66,915,2021
22081,3158,2733.34,85,2021
22083,5438,3306.56,104,2021
22085,1823,58.66,178,2021
22087,3720,198.25,207,2021
22089,3722,86.35000000000001,238,2021
22091,520,143.82,83,2021
22093,1854,991.31,113,2021
22095,2008,34.39,187,2021
22097,7733,1622.81,357,2021
22099,16202,4050.03,460,2021
22101,7063,838.86,275,2021
22103,85634,728.0,2080,2021
22105,26664,1771.61,841,2021
22107,1206,291.7,84,2021
22109,11970,612.97,473,2021
22111,4500,74.01,220,2021
22113,15548,6039.9800000000005,551,2021
22115,5432,358.02,545,2021
22117,3377,482.32,287,2021
22119,1640,109.4,181,2021
22121,3092,457.84,200,2021
22123,791,248.18999999999997,54,2021
22125,8770,769.4599999999999,366,2021
22127,1161,16.94,109,2021
23001,26303,1394.14,1295,2021
23003,45977,4033.81,2876,2021
23005,359389,27910.98,7576,2021
23007,32260,1876.35,1823,2021
23009,191993,4841.25,6783,2021
23011,86715,5874.8,2948,2021
23013,71907,5390.349999999999,2351,2021
23015,135571,8075.98,2597,2021
23017,46339,3466.36,3028,2021
23019,105633,8245.28,4310,2021
23021,57313,765.02,3676,2021
23023,43940,906.53,1891,2021
23025,35716,2567.21,2458,2021
23027,51167,4015.77,1963,2021
23029,73524,2710.87,3142,2021
23031,217732,21013.49,5810,2021
24001,48718,6298.31,2144,2021
24003,278131,9715.9,7199,2021
24005,307902,34217.83,8142,2021
24009,101591,7000.91,1861,2021
24011,23818,6164.54,1307,2021
24013,59890,15665.66,2717,2021
24015,64673,14485.01,1701,2021
24017,31414,3759.32,1875,2021
24019,100195,27313.06,2247,2021
24021,165566,46002.07,6074,2021
24023,98085,16171.93,3309,2021
24025,121037,25899.52,2604,2021
24027,323309,63070.689999999995,5830,2021
24029,37045,13044.11,1025,2021
24031,670178,52330.14,13030,2021
24033,223397,21860.77,5780,2021
24035,100243,34702.54,1977,2021
24037,70836,13069.34,1761,2021
24039,19962,995.17,756,2021
24041,68406,22169.18,1477,2021
24043,72895,18374.98,2616,2021
24045,22702,2770.46,1284,2021
24047,109236,6414.86,2885,2021
24510,110801,2.77,2216,2021
25001,546694,2025.58,9156,2021
25003,180341,28690.13,6384,2021
25005,187500,15144.13,4545,2021
25007,51790,809.14,2165,2021
25009,558637,26402.3,8708,2021
25011,106462,16752.49,5735,2021
25013,95037,11794.47,2932,2021
25015,373471,85146.94,6060,2021
25017,740836,30904.29,18746,2021
25019,46934,381.44,1370,2021
25021,222730,12273.61,6392,2021
25023,226733,18272.53,5992,2021
25025,222161,0.14,3743,2021
25027,326940,18124.31,10700,2021
26001,17986,1925.75,665,2021
26003,28743,1661.89,2252,2021
26005,66120,14513.22,2022,2021
26007,9223,194.28,430,2021
26009,22056,802.85,1104,2021
26011,13047,1309.1,544,2021
26013,7066,78.03,504,2021
26015,60714,8948.92,1706,2021
26017,31884,2889.88,848,2021
26019,33277,252.91,1237,2021
26021,109397,15474.93,2527,2021
26023,4149,1113.53,282,2021
26025,53548,11483.8,1858,2021
26027,15768,2056.98,621,2021
26029,18749,385.79,1133,2021
26031,14564,559.79,1268,2021
26033,82272,8213.13,2136,2021
26035,4765,395.47,507,2021
26037,38057,12742.6,1130,2021
26039,33545,52.27,1027,2021
26041,19726,837.01,835,2021
26043,3191,54.12,277,2021
26045,21332,5622.0,1100,2021
26047,31373,1354.47,1999,2021
26049,79696,8674.69,1612,2021
26051,3933,381.96,326,2021
26053,11030,443.14,913,2021
26055,51736,2556.1400000000003,1907,2021
26057,22960,3765.31,662,2021
26059,23563,5865.27,639,2021
26061,16005,329.77,1138,2021
26063,11674,1324.1,532,2021
26065,103007,12847.18,3532,2021
26067,9464,2622.34,607,2021
26069,120938,1184.55,991,2021
26071,4361,257.99,375,2021
26073,45256,6305.59,1670,2021
26075,55958,18129.63,1936,2021
26077,105384,13600.24,3209,2021
26079,10794,69.89999999999999,666,2021
26081,201292,10908.12,4979,2021
26083,23760,61.379999999999995,1106,2021
26085,5762,112.76,337,2021
26087,40470,6564.36,1069,2021
26089,56322,1762.13,2404,2021
26091,19328,4462.94,825,2021
26093,100547,6888.92,4030,2021
26095,5272,81.54,434,2021
26097,23102,413.04,1436,2021
26099,115180,7517.67,2450,2021
26101,33956,1369.28,965,2021
26103,53257,251.3,3332,2021
26105,22406,1494.49,933,2021
26107,22434,3517.6800000000003,673,2021
26109,7472,2240.45,470,2021
26111,36690,2241.79,1098,2021
26113,3315,325.25,257,2021
26115,50581,3979.97,1355,2021
26117,8066,1253.78,592,2021
26119,5226,675.64,331,2021
26121,111210,1918.37,1470,2021
26123,9876,1153.03,699,2021
26125,259950,5257.78,6872,2021
26127,8263,1212.13,898,2021
26129,11086,712.26,487,2021
26131,9187,877.01,1106,2021
26133,11738,2228.8199999999997,412,2021
26135,7241,269.3,472,2021
26137,14238,262.42,565,2021
26139,161144,19967.98,2741,2021
26141,7550,760.51,513,2021
26143,18248,4951.219999999999,687,2021
26145,47583,6053.18,1318,2021
26147,49510,3195.12,1050,2021
26149,15511,3063.23,627,2021
26151,4833,1228.32,391,2021
26153,16141,253.24,761,2021
26155,6816,1105.34,422,2021
26157,14829,3366.9700000000003,690,2021
26159,33347,5969.46,980,2021
26161,453710,47868.45,8130,2021
26163,179868,3972.49,3687,2021
26165,14265,683.55,581,2021
27001,15181,1589.81,1000,2021
27003,70518,9336.96,3439,2021
27005,25776,3630.77,1232,2021
27007,13786,707.1,1168,2021
27009,15507,5209.089999999999,464,2021
27011,6550,1690.54,480,2021
27013,9004,1538.1,638,2021
27015,3994,624.3100000000001,314,2021
27017,12011,1966.24,1071,2021
27019,48079,14878.81,1718,2021
27021,30390,1094.88,1629,2021
27023,3530,948.61,381,2021
27025,16832,5148.45,1364,2021
27027,28292,11829.7,1135,2021
27029,7725,877.0799999999999,576,2021
27031,26503,96.24,2493,2021
27033,11807,3905.08,598,2021
27035,19309,1220.25,1695,2021
27037,121372,21507.94,6122,2021
27039,2253,881.73,242,2021
27041,11520,1727.09,667,2021
27043,2324,687.47,269,2021
27045,8944,3269.83,780,2021
27047,9062,2145.85,534,2021
27049,45648,5190.9,1635,2021
27051,15789,8581.92,364,2021
27053,487079,14712.43,11609,2021
27055,16005,1740.22,1100,2021
27057,21912,1923.09,888,2021
27059,5860,1201.23,528,2021
27061,14382,225.32,1249,2021
27063,3734,1228.22,441,2021
27065,2339,342.29,365,2021
27067,8969,1254.73,688,2021
27069,4261,673.94,234,2021
27071,7856,356.07,496,2021
27073,8409,2182.09,447,2021
27075,33424,112.77,2800,2021
27077,2683,148.22,244,2021
27079,11577,2561.99,968,2021
27081,2888,659.89,164,2021
27083,13073,1692.93,424,2021
27085,5414,2025.84,396,2021
27087,2306,448.01,229,2021
27089,12380,2558.19,489,2021
27091,2188,680.46,280,2021
27093,9164,2121.86,557,2021
27095,4820,739.51,539,2021
27097,9130,2749.55,705,2021
27099,7627,2408.11,378,2021
27101,3999,1725.76,283,2021
27103,5014,991.96,530,2021
27105,3539,1046.8,347,2021
27107,3282,930.48,260,2021
27109,58923,8489.95,1893,2021
27111,29622,4121.79,1264,2021
27113,5653,2035.21,355,2021
27115,15329,3313.0299999999997,1195,2021
27117,7364,1258.98,279,2021
27119,28282,9662.72,1055,2021
27121,3110,661.75,383,2021
27123,201835,3158.92,4840,2021
27125,3119,708.4399999999999,181,2021
27127,4222,900.72,335,2021
27129,8569,2064.45,437,2021
27131,43118,5141.36,2209,2021
27133,5393,3544.81,397,2021
27135,2873,330.15,295,2021
27137,228853,10252.2,7757,2021
27139,53023,8887.18,2021,2021
27141,42202,11663.22,1467,2021
27143,4931,978.35,359,2021
27145,38745,11271.35,2419,2021
27147,15116,6846.17,435,2021
27149,4607,799.55,292,2021
27151,3128,748.01,380,2021
27153,23927,5214.68,671,2021
27155,2469,580.26,209,2021
27157,14626,7240.41,658,2021
27159,1522,174.67000000000002,205,2021
27161,3132,507.98,203,2021
27163,137660,22050.71,4102,2021
27165,5776,3194.7999999999997,262,2021
27167,3146,570.0,223,2021
27169,17933,2035.27,1593,2021
27171,17140,2299.86,1458,2021
27173,6884,3551.49,325,2021
28001,10688,2040.21,460,2021
28003,1142,354.62,130,2021
28005,196,31.6,71,2021
28007,578,92.47,128,2021
28009,223,54.42,81,2021
28011,1177,391.45,194,2021
28013,495,112.66,46,2021
28015,542,173.96,113,2021
28017,1432,292.3,170,2021
28019,1260,445.49999999999994,252,2021
28021,428,62.44,88,2021
28023,342,22.63,109,2021
28025,810,205.51,197,2021
28027,1752,315.13,93,2021
28029,444,52.209999999999994,75,2021
28031,799,328.2,92,2021
28033,9209,2044.96,524,2021
28035,9710,1034.54,779,2021
28037,1080,104.99,121,2021
28039,1001,28.57,144,2021
28041,181,7.88,114,2021
28043,2017,383.74,292,2021
28045,16226,315.4,675,2021
28047,39509,141.18,1407,2021
28049,15181,368.51,673,2021
28051,4974,230.63,200,2021
28053,3081,898.95,137,2021
28055,331,199.81,44,2021
28057,859,122.51,123,2021
28059,90593,497.72,2340,2021
28061,723,124.09,349,2021
28063,456,144.65,57,2021
28065,1156,497.74,54,2021
28067,2328,320.0,596,2021
28069,1925,143.34,124,2021
28071,33265,3015.99,603,2021
28073,5891,375.89,519,2021
28075,2679,378.0100000000001,308,2021
28077,100,16.34,55,2021
28079,696,189.36,110,2021
28081,3819,651.1,270,2021
28083,902,301.38,102,2021
28085,725,129.0,198,2021
28087,14321,927.87,345,2021
28089,14693,1666.0600000000002,740,2021
28091,3013,427.34,323,2021
28093,4675,719.66,284,2021
28095,1980,527.24,239,2021
28097,254,40.05,100,2021
28099,222,42.99,54,2021
28101,540,198.22,242,2021
28103,8819,2087.02,373,2021
28105,15663,3985.24,1145,2021
28107,6454,1877.95,227,2021
28109,4609,1219.6899999999998,555,2021
28111,842,84.02,318,2021
28113,972,105.47,102,2021
28115,1002,433.04,109,2021
28117,844,124.41,83,2021
28119,4556,3507.4700000000003,110,2021
28121,4310,77.41,491,2021
28123,1079,151.20000000000002,159,2021
28125,351,87.91,102,2021
28127,2528,562.81,218,2021
28129,326,69.68,164,2021
28131,1304,58.45,287,2021
28133,2096,1707.92,113,2021
28135,1711,1188.95,223,2021
28137,1609,841.6499999999999,103,2021
28139,1098,190.63,187,2021
28141,7963,628.07,209,2021
28143,2264,835.62,86,2021
28145,1438,427.87,96,2021
28147,530,158.45,161,2021
28149,4183,1078.85,339,2021
28151,4185,1657.16,153,2021
28153,350,44.120000000000005,211,2021
28155,226,33.57,67,2021
28157,1216,282.18,133,2021
28159,936,31.15,313,2021
28161,848,211.46,160,2021
28163,2981,1866.91,214,2021
29001,9796,2572.11,236,2021
29003,718,310.14,74,2021
29005,1985,457.49,258,2021
29007,855,244.54,115,2021
29009,6719,997.65,498,2021
29011,7728,6640.29,400,2021
29013,3226,1389.09,199,2021
29015,7172,2421.47,233,2021
29017,17267,5449.74,144,2021
29019,158368,38493.02,2856,2021
29021,18113,1750.06,363,2021
29023,4028,1569.24,276,2021
29025,750,299.21999999999997,74,2021
29027,13816,5798.75,513,2021
29029,6265,169.84,422,2021
29031,31691,6931.51,734,2021
29033,2174,657.63,55,2021
29035,4358,199.45,340,2021
29037,16400,9039.92,452,2021
29039,11234,6300.25,163,2021
29041,3100,2281.17,128,2021
29043,6840,1496.63,460,2021
29045,4666,606.55,88,2021
29047,32976,5771.66,1047,2021
29049,3034,1262.85,157,2021
29051,15808,2051.63,416,2021
29053,5394,1380.86,205,2021
29055,7841,4927.53,344,2021
29057,5625,3127.7,287,2021
29059,1669,374.56,151,2021
29061,2264,1275.34,116,2021
29063,977,505.01,174,2021
29065,1710,143.12,131,2021
29067,882,251.86,112,2021
29069,13198,2993.78,260,2021
29071,22272,3890.12,1351,2021
29073,1215,111.85,83,2021
29075,343,135.02,36,2021
29077,35086,7636.77,1298,2021
29079,350,76.44,44,2021
29081,1809,1096.7,155,2021
29083,7111,1542.89,355,2021
29085,1904,568.97,539,2021
29087,22872,751.58,347,2021
29089,1670,725.43,97,2021
29091,4937,632.65,238,2021
29093,12512,1244.67,318,2021
29095,85663,11679.03,2245,2021
29097,16137,726.34,518,2021
29099,45842,8737.720000000001,1869,2021
29101,15502,2004.98,499,2021
29103,427,246.92,35,2021
29105,1217,258.39,210,2021
29107,1970,428.9,202,2021
29109,1564,818.91,205,2021
29111,3491,1294.03,91,2021
29113,26041,14515.7,659,2021
29115,2662,649.26,132,2021
29117,2010,396.8,118,2021
29119,3143,358.43,507,2021
29121,5595,728.47,130,2021
29123,4047,647.9,271,2021
29125,740,248.35,82,2021
29127,4690,147.21,205,2021
29129,403,191.82,22,2021
29131,3212,497.75,146,2021
29133,4075,1062.36,186,2021
29135,1035,586.87,88,2021
29137,1219,157.52,95,2021
29139,1688,373.9,266,2021
29141,1065,316.59,123,2021
29143,1362,415.92,156,2021
29145,10798,3464.6099999999997,566,2021
29147,1825,896.7,88,2021
29149,3446,1187.16,131,2021
29151,639,225.24,99,2021
29153,670,92.46,117,2021
29155,3254,1538.3,182,2021
29157,6499,1808.82,264,2021
29159,2957,1622.51,225,2021
29161,32504,16304.51,557,2021
29163,8909,3651.22,132,2021
29165,29180,3776.12,734,2021
29167,4727,723.67,250,2021
29169,3334,750.97,343,2021
29171,3289,1323.68,146,2021
29173,730,119.85,118,2021
29175,1371,287.46,122,2021
29177,3608,292.33,226,2021
29179,2624,315.96000000000004,256,2021
29181,2141,1508.68,80,2021
29183,117011,15128.97,2399,2021
29185,9771,4828.12,280,2021
29186,3939,837.89,309,2021
29187,7096,1205.69,476,2021
29189,202023,2148.35,6529,2021
29195,8292,3703.03,157,2021
29197,509,146.89,45,2021
29199,843,526.34,51,2021
29201,2770,1020.75,169,2021
29203,7283,672.52,645,2021
29205,1401,414.96,61,2021
29207,13516,3731.86,413,2021
29209,4874,663.42,386,2021
29211,546,261.29,24,2021
29213,9928,809.97,637,2021
29215,7147,2717.17,454,2021
29217,9924,3870.48,308,2021
29219,4332,641.1,427,2021
29221,1779,262.64000000000004,323,2021
29223,6607,764.35,272,2021
29225,1258,318.74,153,2021
29227,533,47.1,19,2021
29229,599,239.11,91,2021
29510,75952,2.48,1741,2021
30001,23758,2642.77,978,2021
30003,3614,583.9,328,2021
30005,2847,274.39,287,2021
30007,7768,591.0899999999999,359,2021
30009,18997,2578.27,1240,2021
30011,1435,40.48,227,2021
30013,34920,362.62,926,2021
30015,3857,246.99,313,2021
30017,3904,52.73,270,2021
30019,1442,202.49,79,2021
30021,1495,39.2,196,2021
30023,29157,890.46,476,2021
30025,1202,68.32000000000001,123,2021
30027,11639,425.98,633,2021
30029,82185,18691.74,3528,2021
30031,120910,15731.53,4169,2021
30033,1465,36.96,137,2021
30035,13406,14.68,1545,2021
30037,2014,18.58,194,2021
30039,4278,132.99,409,2021
30041,1890,56.11,121,2021
30043,23347,1526.19,545,2021
30045,1365,121.81,158,2021
30047,39228,9069.69,1615,2021
30049,70550,2119.36,1522,2021
30051,2602,218.14,126,2021
30053,9628,49.8,794,2021
30055,1134,36.86,168,2021
30057,19239,1621.71,1299,2021
30059,2082,143.47,217,2021
30061,6784,106.72,454,2021
30063,139094,9078.77,3268,2021
30065,3489,47.72,166,2021
30067,19763,475.24,1376,2021
30069,1935,66.38,128,2021
30071,25786,364.58,872,2021
30073,928,144.64,104,2021
30075,1290,12.31,148,2021
30077,13295,1220.13,582,2021
30079,679,37.42,121,2021
30081,46993,10161.81,1300,2021
30083,2431,233.41,241,2021
30085,1538,120.53,190,2021
30087,1134,46.6,214,2021
30089,8576,1111.78,567,2021
30091,10660,270.09000000000003,208,2021
30093,5872,152.64,381,2021
30095,5313,218.86,419,2021
30097,6515,344.59999999999997,406,2021
30099,7474,217.9,447,2021
30101,2145,140.99,175,2021
30103,705,60.56,97,2021
30105,11370,832.08,581,2021
30107,5763,1250.36,276,2021
30109,1196,41.47,148,2021
30111,32287,1100.31,1415,2021
31001,2319,365.55,262,2021
31003,2739,568.72,213,2021
31005,387,8.040000000000001,57,2021
31007,1765,150.08,220,2021
31009,385,1.7999999999999998,59,2021
31011,721,89.63,97,2021
31013,652,102.9,120,2021
31015,1124,125.12,82,2021
31017,1068,14.27,114,2021
31019,11019,351.74,508,2021
31021,2721,434.25,128,2021
31023,1712,617.42,92,2021
31025,9310,538.83,417,2021
31027,2717,423.23,221,2021
31029,942,47.53,71,2021
31031,9687,31.12,576,2021
31033,1680,83.55,215,2021
31035,5948,308.49,173,2021
31037,1210,330.8,159,2021
31039,2082,637.46,107,2021
31041,3773,1313.6,149,2021
31043,5002,495.59,165,2021
31045,7846,109.43,496,2021
31047,1452,102.37,258,2021
31049,1093,130.57,154,2021
31051,6459,703.0,265,2021
31053,9707,550.23,294,2021
31055,51790,1546.24,2079,2021
31057,1474,69.47,92,2021
31059,1863,467.17,131,2021
31061,621,63.4,71,2021
31063,631,61.04,60,2021
31065,377,87.57,61,2021
31067,2930,268.92,234,2021
31069,6666,152.37,301,2021
31071,465,20.75,52,2021
31073,288,7.58,21,2021
31075,786,0.0,90,2021
31077,310,8.91,33,2021
31079,9686,882.17,605,2021
31081,1791,228.81,197,2021
31083,3169,110.97,138,2021
31085,324,33.559999999999995,39,2021
31087,410,6.24,37,2021
31089,629,67.85,101,2021
31091,362,0.0,34,2021
31093,806,91.07,95,2021
31095,835,76.76,109,2021
31097,1460,190.51,116,2021
31099,2243,523.25,163,2021
31101,12100,410.97,557,2021
31103,961,28.08,74,2021
31105,6198,320.31,270,2021
31107,7843,475.84,374,2021
31109,106012,10054.19,2879,2021
31111,15497,945.02,885,2021
31113,297,22.51,46,2021
31115,987,13.37,79,2021
31117,290,10.34,33,2021
31119,10534,481.24,256,2021
31121,1380,248.11,100,2021
31123,1265,112.04,184,2021
31125,890,68.77,85,2021
31127,3043,511.8,190,2021
31129,1438,417.23,86,2021
31131,6808,547.57,218,2021
31133,1826,350.15,149,2021
31135,436,140.31,58,2021
31137,1013,67.39,67,2021
31139,2913,471.5,202,2021
31141,3089,224.57,126,2021
31143,711,311.13,86,2021
31145,707,57.53,62,2021
31147,2510,289.36,177,2021
31149,1920,48.13,137,2021
31151,1427,412.08,129,2021
31153,33120,722.8100000000001,997,2021
31155,5905,1516.01,329,2021
31157,14647,637.33,867,2021
31159,7826,861.24,363,2021
31161,2015,19.34,216,2021
31163,728,48.31,63,2021
31165,6954,49.8,682,2021
31167,4001,304.38,142,2021
31169,655,183.08,94,2021
31171,1108,3.64,100,2021
31173,415,166.25,58,2021
31175,566,42.49,54,2021
31177,8309,784.7,305,2021
31179,5205,1032.47,174,2021
31181,805,114.13,80,2021
31183,971,32.0,124,2021
31185,5074,838.9000000000001,172,2021
32001,15088,584.5,471,2021
32003,253825,5564.61,8555,2021
32005,12872,475.83,955,2021
32007,32203,867.05,1726,2021
32009,5986,83.48,306,2021
32011,1017,0.21,330,2021
32013,3790,58.59,541,2021
32015,1616,11.98,332,2021
32017,13441,252.53,2176,2021
32019,9538,615.22,562,2021
32021,2439,60.440000000000005,259,2021
32023,23468,372.66,1689,2021
32027,1751,72.84,194,2021
32029,4286,359.18,181,2021
32031,130721,8145.69,3805,2021
32033,9094,45.05,1561,2021
32510,21643,2235.08,462,2021
33001,35981,1100.32,1643,2021
33003,83635,2468.86,3346,2021
33005,115641,14965.77,4007,2021
33007,69674,3853.29,5502,2021
33009,104150,13649.87,5844,2021
33011,121882,9364.26,5578,2021
33013,91487,11688.13,4842,2021
33015,197871,6039.990000000001,4342,2021
33017,116057,6000.78,2007,2021
33019,35168,7963.27,2411,2021
34001,299034,1934.65,2665,2021
34003,212031,2697.89,3883,2021
34005,184991,20342.68,4617,2021
34007,65539,716.0600000000001,2172,2021
34009,770669,18309.81,3538,2021
34011,31142,2908.23,1122,2021
34013,61184,13.420000000000002,1923,2021
34015,79547,3854.28,2458,2021
34017,59535,1554.66,1131,2021
34019,127919,22284.52,2732,2021
34021,152731,14762.07,3033,2021
34023,105107,3618.49,3918,2021
34025,252600,21218.94,3743,2021
34027,127574,8111.53,4352,2021
34029,258574,2745.94,4887,2021
34031,70858,557.39,1622,2021
34033,27900,6490.98,1174,2021
34035,154926,13409.7,3193,2021
34037,74333,8641.460000000001,3135,2021
34039,65836,3.3000000000000003,1576,2021
34041,50174,5245.9,1981,2021
35001,291046,20545.11,8093,2021
35003,14597,8.59,934,2021
35005,26846,261.75,1204,2021
35006,13244,365.2,799,2021
35007,22685,685.43,1254,2021
35009,8491,387.45,427,2021
35011,8847,482.61,373,2021
35013,76619,8718.67,2781,2021
35015,43494,11470.03,2657,2021
35017,32958,367.9500000000001,2046,2021
35019,6654,2.16,495,2021
35021,1572,33.31999999999999,218,2021
35023,21786,126.75,1374,2021
35025,7930,62.84,508,2021
35027,14401,235.78,1399,2021
35028,93174,626.8000000000001,962,2021
35029,6000,98.83,715,2021
35031,4130,18.78,499,2021
35033,6709,291.04,450,2021
35035,34048,624.4,3249,2021
35037,3793,47.4,476,2021
35039,19556,1947.91,1523,2021
35041,15381,663.06,435,2021
35043,78381,5902.04,2809,2021
35045,17014,1240.41,1151,2021
35047,21862,1438.9499999999998,1122,2021
35049,115619,4066.83,3730,2021
35051,40364,2242.57,1048,2021
35053,126166,13253.07,2247,2021
35055,35382,640.9399999999999,2155,2021
35057,12331,233.02,1015,2021
35059,6321,209.42,814,2021
35061,20571,4429.96,614,2021
36001,162932,12167.03,3788,2021
36003,21271,4192.51,920,2021
36005,63088,1057.1699999999998,1792,2021
36007,92701,5841.57,2185,2021
36009,36995,7967.42,2558,2021
36011,52104,6501.43,2175,2021
36013,73067,11602.66,2312,2021
36015,64006,5627.900000000001,1103,2021
36017,25670,4478.0,1238,2021
36019,20512,2171.83,1313,2021
36021,91754,28514.32,2819,2021
36023,26339,4013.33,1444,2021
36025,40105,11239.2,1734,2021
36027,199300,27417.22,6349,2021
36029,284207,18697.26,6341,2021
36031,76968,6271.7,4469,2021
36033,39995,2399.03,2436,2021
36035,11254,838.62,600,2021
36037,51219,6272.64,1323,2021
36039,33089,4793.400000000001,2139,2021
36041,24613,37.04,1618,2021
36043,38448,15148.14,1304,2021
36045,62428,12618.52,2542,2021
36047,429325,26.36,3675,2021
36049,11497,1700.9,772,2021
36051,67316,16980.329999999998,1728,2021
36053,40431,11557.48,1574,2021
36055,342845,46989.06,7091,2021
36057,27561,10033.94,1105,2021
36059,245301,598.4499999999999,4806,2021
36061,520460,0.0,2974,2021
36063,58014,8976.56,2073,2021
36065,54187,10884.49,2361,2021
36067,157963,16576.56,5172,2021
36069,81969,23436.44,2837,2021
36071,173302,31010.25,5040,2021
36073,38299,11835.4,1094,2021
36075,90895,16579.33,2278,2021
36077,32629,7490.91,1658,2021
36079,39194,1834.44,2229,2021
36081,204609,9.84,3830,2021
36083,67527,14050.75,2369,2021
36085,132472,4872.650000000001,2270,2021
36087,62869,105.84,2413,2021
36089,74396,8617.99,3827,2021
36091,129613,12168.8,3525,2021
36093,19508,810.65,1069,2021
36095,14418,3567.34,1122,2021
36097,36216,8692.54,1264,2021
36099,173035,30210.06,2171,2021
36101,30351,5793.75,1527,2021
36103,483178,23990.63,9949,2021
36105,76425,7053.05,1836,2021
36107,45849,10472.36,1276,2021
36109,452609,69104.62,7850,2021
36111,155077,27874.01,6527,2021
36113,29834,353.01,2328,2021
36115,33319,12013.38,1717,2021
36117,67615,26161.06,1770,2021
36119,317023,13291.84,8407,2021
36121,27492,7608.749999999999,898,2021
36123,34972,10011.86,1178,2021
37001,35428,3149.99,1417,2021
37003,6414,537.31,390,2021
37005,9326,1700.54,589,2021
37007,14594,2896.2,1414,2021
37009,14394,2147.84,1006,2021
37011,25693,1381.83,1258,2021
37013,20432,1850.86,928,2021
37015,2035,379.99,180,2021
37017,15254,670.64,424,2021
37019,61935,1099.02,3060,2021
37021,205433,12750.63,7455,2021
37023,9319,937.43,1100,2021
37025,28282,5550.85,1414,2021
37027,9119,1297.57,811,2021
37029,4630,1122.78,259,2021
37031,60228,1354.64,1783,2021
37033,4334,730.08,317,2021
37035,14714,3835.69,730,2021
37037,94770,3532.2999999999997,3398,2021
37039,5982,967.59,554,2021
37041,10892,3501.95,208,2021
37043,5699,573.75,520,2021
37045,24569,8638.27,406,2021
37047,4579,416.41,541,2021
37049,43121,1084.23,1334,2021
37051,25714,2131.85,1059,2021
37053,20079,1353.96,1176,2021
37055,229811,4893.74,3197,2021
37057,7855,621.55,892,2021
37059,2285,302.95,238,2021
37061,2550,474.76,272,2021
37063,183610,16840.76,5516,2021
37065,7822,1927.58,275,2021
37067,117924,5537.78,2146,2021
37069,8690,1815.35,513,2021
37071,24959,1997.74,977,2021
37073,14074,852.0,252,2021
37075,9285,149.43,624,2021
37077,13245,1761.84,460,2021
37079,2126,476.03,127,2021
37081,132788,13972.35,3067,2021
37083,4807,443.28,341,2021
37085,10037,867.09,800,2021
37087,47019,2984.73,2446,2021
37089,80454,10672.3,2278,2021
37091,675,51.94,66,2021
37093,9000,152.82,314,2021
37095,30690,2587.99,842,2021
37097,8301,1088.07,975,2021
37099,21079,488.51,1976,2021
37101,33295,3927.6,1345,2021
37103,5635,911.64,389,2021
37105,3093,410.05,292,2021
37107,5302,1886.9,288,2021
37109,4304,480.12,265,2021
37111,14077,870.73,939,2021
37113,23338,1391.09,2240,2021
37115,13904,2021.03,1303,2021
37117,3084,1480.03,261,2021
37119,185569,16753.28,4745,2021
37121,7888,626.14,630,2021
37123,6558,426.81,587,2021
37125,35008,1219.7,1057,2021
37127,4698,591.54,432,2021
37129,89824,48.96,2631,2021
37131,1564,262.69,144,2021
37133,19991,389.69,1078,2021
37135,270215,46148.18,5673,2021
37137,26494,1768.72,582,2021
37139,3653,604.82,252,2021
37141,18575,319.64,1481,2021
37143,1895,513.4,190,2021
37145,6009,2394.9,325,2021
37147,20497,4737.15,861,2021
37149,24531,3776.96,767,2021
37151,6980,1388.78,961,2021
37153,5449,329.92,688,2021
37155,7364,773.03,562,2021
37157,32108,4438.14,861,2021
37159,17476,2030.77,772,2021
37161,13294,1709.8,818,2021
37163,6022,2020.19,444,2021
37165,11410,2517.56,487,2021
37167,11216,2168.69,570,2021
37169,5876,800.67,478,2021
37171,9691,1909.41,654,2021
37173,15207,1593.71,1996,2021
37175,65083,11649.9,2280,2021
37177,8544,2601.2200000000003,363,2021
37179,28674,5642.0,1219,2021
37181,2429,146.32999999999998,246,2021
37183,504261,53328.6,10199,2021
37185,4497,481.11,179,2021
37187,8647,1789.43,410,2021
37189,89286,12246.46,2687,2021
37191,6484,668.36,434,2021
37193,12769,2575.12,934,2021
37195,8557,906.59,712,2021
37197,2682,715.61,234,2021
37199,21630,5345.62,1246,2021
38001,2151,133.86,180,2021
38003,12013,2648.67,664,2021
38005,5267,748.76,218,2021
38007,15011,387.53,845,2021
38009,8599,1926.38,371,2021
38011,6976,206.36,259,2021
38013,7937,657.12,243,2021
38015,35177,1030.85,1230,2021
38017,34319,6118.6,1122,2021
38019,2211,440.11,148,2021
38021,3941,777.56,175,2021
38023,2673,205.32,194,2021
38025,2322,116.62,211,2021
38027,1089,287.15,67,2021
38029,5070,477.38,317,2021
38031,1779,465.75,139,2021
38033,2672,49.54,214,2021
38035,46314,9959.98,1252,2021
38037,1589,38.43,89,2021
38039,1689,543.47,159,2021
38041,1378,115.53,106,2021
38043,33133,2658.69,801,2021
38045,3274,974.9,157,2021
38047,1510,77.43,106,2021
38049,7111,735.27,254,2021
38051,3485,414.82,196,2021
38053,10265,372.31,835,2021
38055,10324,529.71,410,2021
38057,9769,440.28,314,2021
38059,12433,324.33,612,2021
38061,8033,472.7000000000001,363,2021
38063,2887,1093.8,172,2021
38065,2137,148.43,121,2021
38067,3402,813.11,204,2021
38069,1576,301.17,140,2021
38071,2055,302.12,129,2021
38073,6117,2441.63,297,2021
38075,1196,101.95,105,2021
38077,5577,593.17,326,2021
38079,3599,687.0600000000001,163,2021
38081,5438,1716.03,151,2021
38083,9094,405.22,207,2021
38085,1550,88.59,105,2021
38087,4311,236.79,256,2021
38089,9441,541.8,490,2021
38091,8732,896.43,151,2021
38093,37891,2842.94,1065,2021
38095,1809,258.62,93,2021
38097,2660,794.0,224,2021
38099,1616,203.28,113,2021
38101,16461,1815.93,427,2021
38103,1650,275.32,191,2021
38105,9981,490.77,517,2021
39001,12680,1712.91,1038,2021
39003,27368,6313.96,759,2021
39005,14739,2667.25,1254,2021
39007,28121,3601.01,3138,2021
39009,76260,7862.54,3389,2021
39011,4104,2049.75,330,2021
39013,8254,1771.47,457,2021
39015,7871,1077.21,537,2021
39017,85614,23308.89,4459,2021
39019,3048,331.8,245,2021
39021,9112,1625.45,635,2021
39023,46222,12043.57,1000,2021
39025,90014,17168.59,2803,2021
39027,29049,6221.53,756,2021
39029,9356,1134.31,486,2021
39031,20785,4187.4,604,2021
39033,3049,1148.32,355,2021
39035,381315,3654.42,7027,2021
39037,8206,2484.61,462,2021
39039,3294,1317.58,195,2021
39041,150115,16739.72,2631,2021
39043,77144,5868.1,1453,2021
39045,35278,3160.8399999999997,1159,2021
39047,2964,1250.18,332,2021
39049,392851,56060.14,6854,2021
39051,4686,976.96,377,2021
39053,2325,515.0600000000001,223,2021
39055,85258,11543.69,2283,2021
39057,58004,13811.24,2097,2021
39059,6768,1035.93,450,2021
39061,165251,37243.61,7870,2021
39063,17329,3317.86,780,2021
39065,9037,4325.37,322,2021
39067,17128,5909.76,470,2021
39069,2751,392.48,244,2021
39071,13721,2908.51,527,2021
39073,20798,1039.56,1595,2021
39075,26858,9653.4,899,2021
39077,4202,883.01,433,2021
39079,2117,224.14,322,2021
39081,17883,1346.24,297,2021
39083,37314,11329.88,949,2021
39085,127160,9591.76,2299,2021
39087,7509,1463.83,402,2021
39089,67704,20244.9,1706,2021
39091,22588,7429.41,579,2021
39093,129899,18906.17,2126,2021
39095,456190,13019.17,3970,2021
39097,7818,3619.22,612,2021
39099,45527,20249.57,1176,2021
39101,33186,11556.34,529,2021
39103,75723,24166.1,2001,2021
39105,2244,637.4,226,2021
39107,5062,2015.23,235,2021
39109,23201,9070.74,758,2021
39111,1632,315.53,178,2021
39113,95309,7472.31,2712,2021
39115,5918,862.3699999999999,293,2021
39117,8555,2375.1,712,2021
39119,25236,6658.6900000000005,953,2021
39121,3387,951.88,165,2021
39123,146433,15353.4,1420,2021
39125,2195,759.4399999999999,144,2021
39127,20072,2938.26,436,2021
39129,18139,6203.28,595,2021
39131,1272,229.5,228,2021
39133,68131,10872.35,3246,2021
39135,21234,6675.98,674,2021
39137,4481,840.76,159,2021
39139,43956,13297.75,1342,2021
39141,7705,2190.36,886,2021
39143,38807,10202.97,1308,2021
39145,13395,551.04,956,2021
39147,9718,2398.02,387,2021
39149,1894,312.36,472,2021
39151,85959,11701.1,2315,2021
39153,198651,16642.61,7263,2021
39155,53866,4513.09,904,2021
39157,17506,3486.1,563,2021
39159,26675,9019.53,586,2021
39161,1905,306.57,171,2021
39163,13042,1408.23,749,2021
39165,39192,12736.39,2039,2021
39167,20003,2024.6,518,2021
39169,96464,13637.16,1780,2021
39171,4438,1023.39,342,2021
39173,21047,2080.23,1174,2021
39175,27963,16668.39,571,2021
40001,3432,1756.59,273,2021
40003,11757,221.17,261,2021
40005,1281,446.99,266,2021
40007,1622,177.38,216,2021
40009,1636,82.45,352,2021
40011,1676,272.98,247,2021
40013,7415,1010.26,526,2021
40015,2183,194.94,327,2021
40017,13639,1673.32,666,2021
40019,11534,57.69,450,2021
40021,8833,1356.32,692,2021
40023,4034,3056.79,142,2021
40025,12956,512.23,692,2021
40027,55301,2333.94,1971,2021
40029,1415,190.64,94,2021
40031,17577,52.0,1021,2021
40033,1344,122.39,163,2021
40035,1031,261.52,166,2021
40037,3796,170.01999999999998,408,2021
40039,4189,256.75,473,2021
40041,4292,667.67,514,2021
40043,881,70.4,142,2021
40045,894,31.29,162,2021
40047,12021,5346.820000000001,412,2021
40049,730,34.9,157,2021
40051,2490,57.54,226,2021
40053,788,159.98,127,2021
40055,570,53.71,109,2021
40057,683,109.48,79,2021
40059,990,103.47,149,2021
40061,274,86.32,94,2021
40063,819,238.37,122,2021
40065,4460,771.12,371,2021
40067,1059,26.92,120,2021
40069,12559,1295.87,243,2021
40071,2128,158.47,261,2021
40073,1382,265.79,205,2021
40075,907,55.75,107,2021
40077,843,95.43,145,2021
40079,2705,596.36,558,2021
40081,3670,31.81,478,2021
40083,7379,116.74,383,2021
40085,1275,64.94,310,2021
40087,2444,369.55,314,2021
40089,13403,569.79,922,2021
40091,1687,118.14,236,2021
40093,1339,160.4,200,2021
40095,1442,16.64,127,2021
40097,2950,433.61,303,2021
40099,1631,13.52,334,2021
40101,1651,312.62,338,2021
40103,2979,88.4,484,2021
40105,381,141.45,97,2021
40107,284,48.400000000000006,77,2021
40109,84072,328.95,2601,2021
40111,2312,238.0,230,2021
40113,10471,662.4499999999999,1095,2021
40115,1000,248.36,196,2021
40117,2483,30.61,233,2021
40119,64725,751.2299999999999,1772,2021
40121,2223,163.97,229,2021
40123,989,75.16000000000001,220,2021
40125,1418,20.06,275,2021
40127,702,175.39,140,2021
40129,1236,18.77,208,2021
40131,7253,900.81,831,2021
40133,885,24.28,136,2021
40135,7819,1982.3,464,2021
40137,1519,39.36,218,2021
40139,2040,186.05,287,2021
40141,6148,447.64,239,2021
40143,63192,4620.13,3638,2021
40145,4304,650.49,376,2021
40147,4879,729.43,400,2021
40149,3677,184.13,233,2021
40151,1366,48.56,194,2021
40153,7098,110.8,670,2021
41001,16056,1462.51,1194,2021
41003,301324,92957.74,6275,2021
41005,108562,16607.82,5018,2021
41007,79720,4483.8099999999995,2763,2021
41009,80846,14272.18,2797,2021
41011,65219,1202.9,1924,2021
41013,25120,4461.97,1280,2021
41015,33385,2186.17,1900,2021
41017,202460,1227.31,4915,2021
41019,31517,3146.67,3034,2021
41021,8453,505.59,411,2021
41023,14004,307.76,1221,2021
41025,138410,8623.119999999999,3311,2021
41027,23524,543.95,1921,2021
41029,159924,21987.58,4566,2021
41031,23383,823.83,1316,2021
41033,57540,4306.09,2055,2021
41035,91567,5172.66,2612,2021
41037,37176,2937.55,1482,2021
41039,391965,73554.8,12243,2021
41041,128481,1405.04,3321,2021
41043,77194,23245.31,3783,2021
41045,14587,850.55,1459,2021
41047,127159,41639.79,2870,2021
41049,10071,1471.26,648,2021
41051,421190,39335.09,9140,2021
41053,95125,41935.25,2143,2021
41055,13229,1284.5,602,2021
41057,103709,6352.45,3152,2021
41059,47051,4778.32,1714,2021
41061,74588,17212.74,2289,2021
41063,22358,2338.36,1709,2021
41065,33572,1714.21,2294,2021
41067,291518,34729.78,5272,2021
41069,8156,111.44,708,2021
41071,18921,7275.23,1184,2021
42001,35952,13123.05,1261,2021
42003,294697,19592.69,9902,2021
42005,26558,3552.23,1397,2021
42007,30084,6210.71,1372,2021
42009,29161,5344.03,1206,2021
42011,138830,32239.1,3494,2021
42013,29481,3391.6800000000003,824,2021
42015,9738,1442.68,561,2021
42017,220788,30259.63,5800,2021
42019,98384,8261.31,2720,2021
42021,17986,2484.42,851,2021
42023,6715,538.69,356,2021
42025,27598,6013.879999999999,1178,2021
42027,199350,42916.77,4625,2021
42029,387962,100626.64,6901,2021
42031,23754,3701.85,1104,2021
42033,21481,1222.53,1002,2021
42035,32123,4570.16,983,2021
42037,10057,1063.5,717,2021
42039,81291,12931.92,1854,2021
42041,131345,25837.91,3182,2021
42043,71338,6510.79,2291,2021
42045,183466,6233.860000000001,3348,2021
42047,19177,870.16,630,2021
42049,111394,3878.29,2223,2021
42051,31067,1881.33,1331,2021
42053,14165,2290.3,522,2021
42055,67744,17340.0,1636,2021
42057,18398,3886.14,624,2021
42059,3943,769.54,311,2021
42061,75625,13313.51,2125,2021
42063,57624,10699.86,1287,2021
42065,6763,1697.08,544,2021
42067,25313,7703.39,521,2021
42069,39610,7790.44,1613,2021
42071,227552,56365.810000000005,4632,2021
42073,31809,11426.31,1061,2021
42075,66876,9337.72,1295,2021
42077,77585,16125.63,2210,2021
42079,110148,25666.42,2899,2021
42081,58101,9946.84,1227,2021
42083,30816,1441.15,1001,2021
42085,52423,6399.66,1607,2021
42087,21149,4753.55,536,2021
42089,83014,4946.2,2856,2021
42091,420909,56307.51,7536,2021
42093,15197,5355.5,500,2021
42095,113596,26164.3,3474,2021
42097,11613,2684.32,577,2021
42099,20576,7071.179999999999,1128,2021
42101,310770,1854.59,5149,2021
42103,31471,838.05,1537,2021
42105,9485,1157.34,588,2021
42107,47473,4872.95,1240,2021
42109,9288,3090.08,385,2021
42111,20862,3493.1,1305,2021
42113,6388,496.85,378,2021
42115,43598,14125.98,903,2021
42117,46932,12768.02,1025,2021
42119,14903,2534.2000000000003,639,2021
42121,7512,1235.18,682,2021
42123,16961,852.5,992,2021
42125,41444,4790.03,2112,2021
42127,25918,3545.27,1164,2021
42129,62411,5748.11,3284,2021
42131,15031,2090.62,526,2021
42133,122225,14536.2,2895,2021
44001,35416,1826.58,794,2021
44003,43211,747.1800000000001,1111,2021
44005,66533,3866.56,1591,2021
44007,94124,5856.68,3042,2021
44009,154662,4326.85,3698,2021
45001,16625,3276.09,427,2021
45003,62567,1999.13,1181,2021
45005,2116,921.08,141,2021
45007,57990,20533.94,1196,2021
45009,2414,219.36,173,2021
45011,4462,209.8,456,2021
45013,177482,1169.87,3367,2021
45015,36520,167.68,1756,2021
45017,4149,713.95,371,2021
45019,320295,3153.21,5408,2021
45021,11001,4611.030000000001,272,2021
45023,2109,235.36,272,2021
45025,6853,841.3100000000001,451,2021
45027,37030,5066.08,380,2021
45029,56580,6143.900000000001,839,2021
45031,7390,565.55,251,2021
45033,2063,321.99,191,2021
45035,26106,531.95,739,2021
45037,3551,930.23,243,2021
45039,2468,95.18,242,2021
45041,6241,1315.85,530,2021
45043,131353,1341.71,1474,2021
45045,128437,5780.7300000000005,2832,2021
45047,10692,952.39,430,2021
45049,3827,103.67,208,2021
45051,71995,790.02,2532,2021
45053,110315,336.33,658,2021
45055,18257,1121.54,426,2021
45057,5484,1315.1899999999998,373,2021
45059,7843,4592.32,378,2021
45061,2873,566.24,221,2021
45063,62124,1251.78,1495,2021
45065,3964,235.83,229,2021
45067,1846,56.48,113,2021
45069,1878,131.92,107,2021
45071,10948,918.1,593,2021
45073,22240,1744.78,1515,2021
45075,25813,13954.58,747,2021
45077,36930,3757.63,1806,2021
45079,75865,2000.97,2897,2021
45081,4370,823.59,181,2021
45083,28956,5013.19,1004,2021
45085,4750,978.63,397,2021
45087,1960,607.02,175,2021
45089,8704,3173.57,228,2021
45091,42397,7945.25,1307,2021
46003,1504,607.09,155,2021
46005,2956,1955.49,247,2021
46007,4961,58.83,78,2021
46009,722,178.78,93,2021
46011,9098,1785.49,609,2021
46013,9504,2316.5299999999997,377,2021
46015,1197,261.23,169,2021
46017,137,11.52,33,2021
46019,2772,48.29,255,2021
46021,592,79.43,68,2021
46023,5389,1277.14,387,2021
46025,315,70.09,59,2021
46027,7622,2936.7799999999997,310,2021
46029,3023,409.33,343,2021
46031,470,32.2,94,2021
46033,15886,17.02,1937,2021
46035,1613,370.64,220,2021
46037,2506,330.15,180,2021
46039,803,113.39,145,2021
46041,288,36.99,31,2021
46043,6706,1512.11,208,2021
46045,1242,393.75,101,2021
46047,3120,29.540000000000003,474,2021
46049,516,172.61,83,2021
46051,354,129.92,96,2021
46053,1192,46.82,167,2021
46055,397,17.720000000000002,73,2021
46057,584,147.10000000000002,73,2021
46059,1023,332.89,135,2021
46061,741,322.71,103,2021
46063,3295,70.94,364,2021
46065,8539,214.31,283,2021
46067,1025,370.25,121,2021
46069,479,82.92,70,2021
46071,4853,23.86,432,2021
46073,78,21.34,13,2021
46075,881,47.66,144,2021
46077,1009,233.09,84,2021
46079,2519,554.2,141,2021
46081,9726,50.88,783,2021
46083,8123,1573.19,373,2021
46085,1848,94.64,273,2021
46087,1341,543.41,158,2021
46089,1919,258.36,149,2021
46091,1787,216.22,145,2021
46093,3576,37.74,316,2021
46095,322,6.46,37,2021
46097,478,212.44,43,2021
46099,20646,6413.66,965,2021
46101,1502,477.52,110,2021
46102,564,26.68,92,2021
46103,24654,177.89,1994,2021
46105,766,38.14,114,2021
46107,613,77.59,56,2021
46109,6081,1632.55,347,2021
46111,2362,1129.52,105,2021
46115,507,125.15,84,2021
46117,3597,109.66,241,2021
46119,2551,567.86,148,2021
46121,808,22.06,57,2021
46123,411,64.9,83,2021
46125,526,160.11,72,2021
46127,3112,300.35,231,2021
46129,1080,157.96,145,2021
46135,12471,452.16,306,2021
46137,230,17.27,43,2021
47001,29429,4436.4400000000005,1069,2021
47003,6741,1957.08,321,2021
47005,5276,1176.74,199,2021
47007,9308,3250.96,293,2021
47009,115745,37140.1,2438,2021
47011,16382,4782.17,687,2021
47013,13191,3897.17,452,2021
47015,1541,414.88,227,2021
47017,1274,82.76,118,2021
47019,23839,2794.59,1619,2021
47021,5891,525.32,571,2021
47023,844,156.17000000000002,131,2021
47025,1415,109.82,167,2021
47027,1026,116.39,93,2021
47029,6981,383.16,635,2021
47031,9960,2978.29,1165,2021
47033,1498,574.33,305,2021
47035,9525,939.25,735,2021
47037,181878,22476.31,4269,2021
47039,774,216.03,117,2021
47041,4357,244.36,258,2021
47043,3136,342.14,426,2021
47045,5311,2500.52,375,2021
47047,12171,4107.36,378,2021
47049,2405,264.19,236,2021
47051,18079,2642.09,948,2021
47053,19806,7373.219999999999,791,2021
47055,1856,991.21,226,2021
47057,15102,8689.58,286,2021
47059,8390,3974.54,698,2021
47061,3714,657.42,487,2021
47063,3945,681.29,318,2021
47065,149089,4187.5,4995,2021
47067,586,65.22,99,2021
47069,768,218.82,76,2021
47071,10051,2033.97,339,2021
47073,28404,12813.55,573,2021
47075,4938,534.7800000000001,181,2021
47077,2369,473.8,218,2021
47079,27772,7318.34,308,2021
47081,4019,1279.44,237,2021
47083,5715,1929.04,79,2021
47085,33981,11046.31,494,2021
47087,1042,215.25,126,2021
47089,5757,1387.5800000000002,380,2021
47091,5270,1703.66,509,2021
47093,193394,31441.44,3603,2021
47095,18607,7651.12,657,2021
47097,7862,4417.2699999999995,144,2021
47099,2110,633.37,210,2021
47101,2415,241.4,165,2021
47103,9415,3597.0,266,2021
47105,7406,2242.49,484,2021
47107,1958,228.32,278,2021
47109,1350,216.37,114,2021
47111,689,233.23,149,2021
47113,5921,680.5400000000001,449,2021
47115,10027,935.45,727,2021
47117,3706,710.39,278,2021
47119,7242,2129.52,685,2021
47121,5710,1875.49,173,2021
47123,6014,1238.83,577,2021
47125,46830,9090.07,1451,2021
47127,1682,407.94,106,2021
47129,3155,632.28,489,2021
47131,4688,890.28,456,2021
47133,890,155.61,134,2021
47135,11754,1997.26,190,2021
47137,1779,327.55,141,2021
47139,5162,1148.93,659,2021
47141,19368,1143.42,622,2021
47143,3260,827.38,284,2021
47145,24778,6789.099999999999,621,2021
47147,3629,1361.6,402,2021
47149,55730,10282.88,1859,2021
47151,7813,2352.7999999999997,338,2021
47153,4490,1726.38,306,2021
47155,48967,5927.2300000000005,3619,2021
47157,142967,37889.54,2622,2021
47159,2450,910.62,128,2021
47161,21063,7135.69,588,2021
47163,64483,8632.4,1924,2021
47165,56600,6030.88,1017,2021
47167,3878,920.51,158,2021
47169,555,282.52,61,2021
47171,4501,128.72,869,2021
47173,7067,619.78,258,2021
47175,1537,43.94,218,2021
47177,5280,1782.81,264,2021
47179,30139,3946.44,1361,2021
47181,1219,289.38,114,2021
47183,6674,2746.74,137,2021
47185,2802,939.31,359,2021
47187,65764,12442.15,1875,2021
47189,19074,4832.93,1176,2021
48001,6871,1754.8,969,2021
48003,871,0.0,130,2021
48005,32530,956.47,1077,2021
48007,75494,1638.01,1425,2021
48009,5246,259.96999999999997,383,2021
48011,1174,194.56,206,2021
48013,5203,976.82,682,2021
48015,18122,7966.52,753,2021
48017,1453,175.02,179,2021
48019,25819,5.13,1496,2021
48021,55029,16224.2,2979,2021
48023,865,123.26,131,2021
48025,15536,3685.05,394,2021
48027,47341,7382.900000000001,2688,2021
48029,276249,5582.93,14454,2021
48031,32136,26.540000000000003,1885,2021
48033,456,13.73,62,2021
48035,10049,113.97,628,2021
48037,13757,3840.98,644,2021
48039,169977,21303.22,3928,2021
48041,101840,19423.12,3265,2021
48043,89696,0.06,4964,2021
48045,5988,65.7,513,2021
48047,7630,767.46,358,2021
48049,3033,29.790000000000003,413,2021
48051,15686,9401.81,754,2021
48053,50603,39.03,2846,2021
48055,12300,4274.11,832,2021
48057,30114,3387.7200000000003,939,2021
48059,2116,36.04,366,2021
48061,467408,54741.04,6942,2021
48063,2569,396.45,117,2021
48065,1195,243.93,206,2021
48067,2407,274.91999999999996,393,2021
48069,805,259.07,71,2021
48071,117149,44756.84,1580,2021
48073,4281,766.51,534,2021
48075,762,20.61,153,2021
48077,6120,215.43,623,2021
48079,920,373.59,97,2021
48081,1626,37.16,151,2021
48083,4409,73.65,301,2021
48085,119456,2316.8,5696,2021
48087,441,53.58,93,2021
48089,24214,17036.100000000002,928,2021
48091,61983,247.17,3757,2021
48093,3522,26.95,356,2021
48095,2096,94.5,190,2021
48097,4808,191.82,759,2021
48099,19154,69.57,870,2021
48101,1204,96.83,202,2021
48103,425,0.0,54,2021
48105,3592,0.06,419,2021
48107,13438,3126.07,617,2021
48109,12736,30.35,785,2021
48111,5545,355.85,657,2021
48113,186107,10725.93,9848,2021
48115,712,248.42,174,2021
48117,1019,134.09,115,2021
48119,2127,508.88,129,2021
48121,122282,4041.15,8664,2021
48123,9008,4452.96,414,2021
48125,962,32.35,146,2021
48127,1604,20.889999999999997,184,2021
48129,741,60.58,134,2021
48131,6938,212.92,345,2021
48133,1774,71.71000000000001,327,2021
48135,2438,0.13,560,2021
48137,14761,0.0,867,2021
48139,26076,2962.91,1765,2021
48141,61122,815.68,2943,2021
48143,4854,24.67,779,2021
48145,3089,960.81,362,2021
48147,5606,1063.17,723,2021
48149,5760,2353.91,1264,2021
48151,1385,231.52,192,2021
48153,773,102.32,157,2021
48155,976,56.63,315,2021
48157,201856,19568.47,5416,2021
48159,3846,956.96,237,2021
48161,6921,600.02,514,2021
48163,2896,560.97,326,2021
48165,536,54.93,114,2021
48167,426453,23069.31,4205,2021
48169,1943,79.72,203,2021
48171,12892,94.3,1208,2021
48173,949,45.02,143,2021
48175,8146,1644.82,483,2021
48177,16964,3112.51,748,2021
48179,1989,113.2,183,2021
48181,59530,12957.71,1650,2021
48183,3579,143.13,464,2021
48185,6335,2772.7799999999997,598,2021
48187,35107,981.83,1545,2021
48189,4553,403.54,277,2021
48191,542,68.86,118,2021
48193,13136,210.21,441,2021
48195,1198,195.86,144,2021
48197,1282,50.440000000000005,228,2021
48199,9043,339.2,945,2021
48201,467592,48351.7,14770,2021
48203,6753,838.98,640,2021
48205,1852,26.41,193,2021
48207,1317,299.97,101,2021
48209,68159,747.39,4042,2021
48211,611,10.1,99,2021
48213,11480,2433.24,739,2021
48215,512738,112191.54,4118,2021
48217,6699,731.72,705,2021
48219,1525,320.09,197,2021
48221,5638,34.55,487,2021
48223,2620,664.96,306,2021
48225,4586,1534.63,532,2021
48227,1838,65.37,205,2021
48229,6487,1322.59,539,2021
48231,8099,699.61,656,2021
48233,1985,23.42,157,2021
48235,4826,5.91,169,2021
48237,2594,40.03,379,2021
48239,12353,4381.33,835,2021
48241,21531,246.64,872,2021
48243,62484,77.53,1432,2021
48245,103839,23448.14,1172,2021
48247,6912,130.20000000000002,504,2021
48249,10292,4071.59,724,2021
48251,37265,833.52,1329,2021
48253,5411,401.79,775,2021
48255,9692,787.5500000000001,297,2021
48257,5122,2565.52,561,2021
48259,78601,143.03,2076,2021
48261,21793,2423.22,655,2021
48263,891,30.48,175,2021
48265,48043,36.46,2003,2021
48267,32774,34.53,675,2021
48269,562,4.22,129,2021
48271,20540,119.69,571,2021
48273,40302,14416.85,1648,2021
48275,1493,132.83,130,2021
48277,2079,667.08,350,2021
48279,2356,741.25,166,2021
48281,5736,4.470000000000001,387,2021
48283,2587,188.11,341,2021
48285,4436,1994.58,562,2021
48287,6446,2534.27,588,2021
48289,5726,2378.05,404,2021
48291,16092,3527.94,783,2021
48293,4067,1015.76,419,2021
48295,414,13.18,68,2021
48297,8209,688.55,675,2021
48299,12040,6.51,964,2021
48301,279,0.0,36,2021
48303,82193,2586.83,2848,2021
48305,2038,683.81,140,2021
48307,1726,23.35,271,2021
48309,55037,2987.14,2318,2021
48311,40567,6332.28,453,2021
48313,3821,1914.51,235,2021
48315,4247,68.33,383,2021
48317,980,231.79,140,2021
48319,4456,12.63,462,2021
48321,34511,10298.01,978,2021
48323,3751,160.45,239,2021
48325,11959,767.0100000000001,914,2021
48327,3476,106.43,321,2021
48329,21193,102.85,731,2021
48331,14330,7491.14,1220,2021
48333,7024,16.009999999999998,455,2021
48335,3506,125.15,269,2021
48337,3690,7.780000000000001,331,2021
48339,89907,601.55,4471,2021
48341,1027,80.86999999999999,109,2021
48343,5656,641.2199999999999,197,2021
48345,540,15.2,78,2021
48347,16959,2396.86,1334,2021
48349,3905,540.93,476,2021
48351,2431,107.96,298,2021
48353,3518,114.27,375,2021
48355,183766,8602.14,2966,2021
48357,693,177.72,72,2021
48359,1344,103.1,226,2021
48361,11311,1138.04,384,2021
48363,10644,17.23,641,2021
48365,2833,928.96,232,2021
48367,11348,32.4,1378,2021
48369,1134,243.71,111,2021
48371,4784,42.98,780,2021
48373,18961,477.29,793,2021
48375,9268,187.59,680,2021
48377,12476,4.15,1100,2021
48379,2414,1277.0700000000002,216,2021
48381,20712,264.06,985,2021
48383,824,26.65,101,2021
48385,10677,0.0,504,2021
48387,2392,441.13,173,2021
48389,15379,1271.1,420,2021
48391,9433,2954.87,955,2021
48393,415,13.62,53,2021
48395,4557,1656.36,696,2021
48397,5692,83.87,432,2021
48399,2969,192.21,263,2021
48401,5374,1530.29,983,2021
48403,5059,137.05,312,2021
48405,3122,383.66,283,2021
48407,6095,339.87,563,2021
48409,35556,4640.88,1375,2021
48411,12527,71.99,388,2021
48413,1406,8.08,202,2021
48415,1875,211.91,355,2021
48417,1089,22.9,230,2021
48419,6088,467.67,228,2021
48421,591,96.79,94,2021
48423,20419,1992.57,1668,2021
48425,9644,34.28999999999999,539,2021
48427,65762,572.29,942,2021
48429,1706,22.81,218,2021
48431,1185,9.11,104,2021
48433,1011,25.59,120,2021
48435,3029,0.18,293,2021
48437,786,130.96,115,2021
48439,238708,3639.13,11433,2021
48441,29834,1359.16,1291,2021
48443,5080,0.0,451,2021
48445,848,136.28,146,2021
48447,1373,131.52,166,2021
48449,2657,848.6,244,2021
48451,33061,171.98000000000002,1026,2021
48453,479713,18324.69,17088,2021
48455,4628,681.2299999999999,377,2021
48457,7513,298.84999999999997,733,2021
48459,4656,845.9300000000001,259,2021
48461,905,2.0,203,2021
48463,39616,2306.76,1339,2021
48465,29100,14.45,1194,2021
48467,4941,1468.78,486,2021
48469,26054,12215.21,1010,2021
48471,12734,1117.92,971,2021
48473,32793,20661.77,961,2021
48475,1262,2.6,158,2021
48477,17833,6073.41,1013,2021
48479,18029,17.57,996,2021
48481,6991,4852.43,570,2021
48483,632,15.38,145,2021
48485,15661,529.77,1359,2021
48487,1305,142.54,245,2021
48489,16731,4254.87,737,2021
48491,201694,5873.16,10972,2021
48493,9604,3387.39,1095,2021
48495,385,0.8,80,2021
48497,18788,34.67,1321,2021
48499,11494,4106.360000000001,588,2021
48501,1028,40.24,69,2021
48503,1860,169.46,276,2021
48505,8521,38.17,351,2021
48507,1704,193.57,189,2021
49001,7859,470.5,445,2021
49003,59254,6927.59,1410,2021
49005,36822,5464.63,1637,2021
49007,5183,852.3399999999999,378,2021
49009,2449,49.89,261,2021
49011,126091,4943.87,2431,2021
49013,4475,238.65,542,2021
49015,6344,674.06,857,2021
49017,18410,1472.56,1828,2021
49019,33869,3370.93,1754,2021
49021,14128,542.79,1040,2021
49023,5768,816.25,561,2021
49025,11469,79.56,1449,2021
49027,4835,365.9,823,2021
49029,14363,1942.54,287,2021
49031,1628,168.22,231,2021
49033,4769,931.2,275,2021
49035,245234,4683.13,6578,2021
49037,14271,52.11,2463,2021
49039,6607,267.14,548,2021
49041,3414,283.12,712,2021
49043,38187,1775.06,1606,2021
49045,8342,159.56,717,2021
49047,18374,4281.4400000000005,1029,2021
49049,130358,26209.91,4772,2021
49051,17993,3920.02,1056,2021
49053,85168,2317.0299999999997,3627,2021
49055,7483,1586.92,802,2021
49057,26985,1691.47,1343,2021
50001,130431,41722.84,4600,2021
50003,52656,9932.99,2423,2021
50005,22214,2141.94,2192,2021
50007,264569,38000.17,7850,2021
50009,29549,662.35,1229,2021
50011,57847,11377.63,1850,2021
50013,19189,5271.68,1021,2021
50015,33516,8003.99,2032,2021
50017,46910,6008.33,2414,2021
50019,31892,3803.33,1399,2021
50021,150252,25911.86,4508,2021
50023,101612,16784.01,5003,2021
50025,96893,15118.07,3469,2021
50027,172027,33470.630000000005,5595,2021
51001,139307,4768.7699999999995,1440,2021
51003,142373,36457.0,4108,2021
51005,2313,301.24,257,2021
51007,3986,1148.8,147,2021
51009,25784,4628.650000000001,761,2021
51011,5193,1119.64,292,2021
51013,69898,0.0,2056,2021
51015,72799,22185.04,1978,2021
51017,11071,2395.96,440,2021
51019,33568,6047.34,1084,2021
51021,1528,257.1,277,2021
51023,50594,7859.68,1092,2021
51025,1454,193.3,134,2021
51027,4900,474.97,94,2021
51029,8085,2397.46,604,2021
51031,3639,659.0,325,2021
51033,17159,3711.67,585,2021
51035,3577,755.39,438,2021
51036,8928,3355.9300000000003,292,2021
51037,3712,1291.32,132,2021
51041,78501,315.63,2362,2021
51043,40752,7667.2,807,2021
51045,5001,1536.09,490,2021
51047,38357,16160.08,1500,2021
51049,5734,594.47,280,2021
51051,3225,106.06,164,2021
51053,2916,332.88,230,2021
51057,8963,2905.6200000000003,242,2021
51059,554687,16662.25,13570,2021
51061,86600,38131.62,2316,2021
51063,8065,1827.55,558,2021
51065,19337,5102.11,556,2021
51067,9710,1341.18,505,2021
51069,36734,8815.76,1066,2021
51071,30211,2589.51,1134,2021
51073,59827,4194.0199999999995,989,2021
51075,7059,1009.02,605,2021
51077,8746,2735.33,693,2021
51079,7542,715.27,439,2021
51081,617,72.99,145,2021
51083,14770,2839.65,286,2021
51085,31568,1437.06,1109,2021
51087,71181,4490.79,1532,2021
51089,4159,211.24,229,2021
51091,12051,2672.21,466,2021
51093,10681,1970.48,401,2021
51095,63715,1393.26,1124,2021
51097,4283,845.25,214,2021
51099,7829,1168.59,359,2021
51101,4264,942.0,187,2021
51103,6017,310.32,434,2021
51105,3897,1505.84,344,2021
51107,154157,31965.06,5477,2021
51109,11361,2493.15,820,2021
51111,2163,1135.72,134,2021
51113,25530,5710.849999999999,1348,2021
51115,10253,651.11,220,2021
51117,22928,9389.36,577,2021
51119,5140,746.01,210,2021
51121,98034,19025.26,2586,2021
51125,20682,3186.58,1093,2021
51127,6128,2200.8399999999997,323,2021
51131,66753,12294.36,902,2021
51133,7771,968.23,367,2021
51135,3492,221.55,224,2021
51137,9647,1577.5800000000002,557,2021
51139,22954,3394.01,1200,2021
51141,11037,1687.52,408,2021
51143,5983,1649.19,392,2021
51145,14588,3684.49,589,2021
51147,43532,3341.6,647,2021
51149,4939,575.7900000000001,296,2021
51153,192216,18357.22,4390,2021
51155,15817,3609.61,558,2021
51157,19156,8803.63,950,2021
51159,7707,1767.75,223,2021
51161,28267,1738.9,1010,2021
51163,19470,5574.46,992,2021
51165,99021,33764.63,2082,2021
51167,1910,535.38,189,2021
51169,2995,297.54,487,2021
51171,29680,7775.33,1221,2021
51173,11569,885.18,746,2021
51175,1490,248.61,176,2021
51177,29134,1080.99,1188,2021
51179,32232,588.6,1075,2021
51181,11463,304.41,189,2021
51183,9340,1548.5100000000002,560,2021
51185,7912,1757.07,250,2021
51187,22669,1814.53,1267,2021
51191,6400,1299.62,965,2021
51193,12059,3709.59,545,2021
51195,2959,38.4,488,2021
51197,9301,2813.89,522,2021
51199,36534,737.87,952,2021
51510,63224,0.0,893,2021
51520,1561,13.1,116,2021
51530,1134,69.3,56,2021
51540,30822,8.950000000000001,611,2021
51550,19161,915.82,1336,2021
51570,2256,0.0,79,2021
51580,470,0.02,23,2021
51590,2350,125.4,98,2021
51595,544,20.92,49,2021
51600,13032,0.0,304,2021
51610,1998,0.0,144,2021
51620,578,140.96,31,2021
51630,7348,4.62,398,2021
51640,606,9.48,49,2021
51650,36770,0.54,681,2021
51660,30899,184.79,492,2021
51670,6658,0.0,77,2021
51678,1343,34.25,96,2021
51680,15665,343.85,385,2021
51683,7167,1.31,139,2021
51685,929,1.6,39,2021
51690,7011,0.0,69,2021
51700,32772,478.65,724,2021
51710,51917,0.0,851,2021
51720,434,0.0,63,2021
51730,1233,50.99,137,2021
51735,4701,0.0,113,2021
51740,15496,0.0,178,2021
51750,37800,3172.95,190,2021
51760,61157,3.21,1603,2021
51770,31220,614.82,614,2021
51775,4290,4.45,191,2021
51790,10642,5371.070000000001,237,2021
51800,29937,1212.28,877,2021
51810,143384,8547.16,2640,2021
51820,5833,266.24,148,2021
51830,17709,1.93,328,2021
51840,5361,271.46,218,2021
53001,11835,832.8,586,2021
53003,10554,780.78,450,2021
53005,64934,7399.25,1802,2021
53007,98451,6601.9,3713,2021
53009,176923,33786.68,4831,2021
53011,192442,42206.06,3296,2021
53013,4065,399.04,374,2021
53015,39701,6051.26,994,2021
53017,17681,1312.45,940,2021
53019,6577,10.79,352,2021
53021,19158,896.95,774,2021
53023,1770,120.69,253,2021
53025,36665,2296.59,1527,2021
53027,64141,7124.16,2196,2021
53029,97394,7647.01,2080,2021
53031,135900,5450.18,4162,2021
53033,1003753,25142.51,21015,2021
53035,139023,8338.64,3392,2021
53037,65023,6335.21,3411,2021
53039,45265,1545.59,1811,2021
53041,38200,8659.07,2168,2021
53043,14450,1608.98,646,2021
53045,83004,12045.2,1876,2021
53047,68858,2881.81,2805,2021
53049,38216,1879.94,1192,2021
53051,16318,760.52,741,2021
53053,201645,8945.800000000001,7491,2021
53055,82625,20567.85,2443,2021
53057,190365,53720.24,3735,2021
53059,36168,5521.32,2248,2021
53061,241673,14103.58,6282,2021
53063,108531,9444.49,3820,2021
53065,16763,1746.63,844,2021
53067,210455,17277.920000000002,4007,2021
53069,12385,2328.12,307,2021
53071,90723,13226.1,1375,2021
53073,130981,19805.77,5866,2021
53075,31765,2610.2200000000003,1197,2021
53077,67227,4939.74,2434,2021
54001,3543,611.8100000000001,150,2021
54003,14107,4413.139999999999,742,2021
54005,90,1.16,40,2021
54007,1919,166.89,325,2021
54009,1951,109.87,120,2021
54011,7453,1957.66,474,2021
54013,180,16.71,27,2021
54015,269,3.53,53,2021
54017,1441,466.5499999999999,78,2021
54019,16457,410.06,1053,2021
54021,1492,709.4499999999999,173,2021
54023,12234,1846.02,452,2021
54025,9664,1680.04,687,2021
54027,5083,1357.51,566,2021
54029,1171,224.1,168,2021
54031,11264,4752.46,568,2021
54033,9679,279.44,286,2021
54035,2469,584.53,174,2021
54037,43116,10433.04,913,2021
54039,22279,334.13000000000005,1224,2021
54041,2545,286.96,332,2021
54043,247,5.33,47,2021
54045,236,1.87,62,2021
54047,461,0.0,41,2021
54049,16094,1802.71,362,2021
54051,2206,55.71,135,2021
54053,6111,1996.84,256,2021
54055,6035,568.38,420,2021
54057,7744,1654.07,202,2021
54059,123,0.0,38,2021
54061,50244,4689.89,1657,2021
54063,3591,921.91,275,2021
54065,5082,402.9,440,2021
54067,3858,172.32,383,2021
54069,3694,84.9,489,2021
54071,13696,2342.1,731,2021
54073,2986,1140.14,97,2021
54075,17129,4135.86,1051,2021
54077,24855,5246.38,775,2021
54079,5670,239.09,299,2021
54081,16100,659.34,629,2021
54083,19384,6620.78,1440,2021
54085,3795,183.28,96,2021
54087,164,25.39,69,2021
54089,17833,4793.38,393,2021
54091,2820,69.61,130,2021
54093,26318,1164.68,1783,2021
54095,722,48.63,58,2021
54097,1328,113.98,196,2021
54099,1784,87.8,207,2021
54101,335,0.76,96,2021
54103,2085,15.010000000000002,82,2021
54105,160,40.14,42,2021
54107,28519,2566.39,410,2021
54109,463,9.01,75,2021
55001,16956,1180.74,856,2021
55003,28877,1180.0,951,2021
55005,8809,1188.69,793,2021
55007,38062,3841.9,1965,2021
55009,78699,4898.26,1836,2021
55011,6330,416.56,420,2021
55013,28722,1431.11,1607,2021
55015,26130,7086.25,765,2021
55017,23087,2926.85,737,2021
55019,2952,1306.91,542,2021
55021,42064,10073.59,1942,2021
55023,6718,1289.96,525,2021
55025,618846,122780.26,10813,2021
55027,104750,11679.07,1762,2021
55029,59878,6902.46,2424,2021
55031,35232,1157.99,1680,2021
55033,21369,6260.29,716,2021
55035,13370,818.06,963,2021
55037,24099,1898.85,276,2021
55039,66383,11425.28,1674,2021
55041,19960,1601.15,526,2021
55043,37698,7390.72,1102,2021
55045,9274,2296.13,612,2021
55047,32306,3351.9,689,2021
55049,40229,22043.44,1524,2021
55051,9759,158.26,621,2021
55053,7599,471.98,950,2021
55055,68797,21086.74,1712,2021
55057,15127,429.56,812,2021
55059,23334,3218.99,1425,2021
55061,14248,2091.33,509,2021
55063,35535,6885.43,1299,2021
55065,7658,1704.29,350,2021
55067,11145,1241.8,620,2021
55069,12586,1888.58,831,2021
55071,49761,9065.94,1195,2021
55073,67879,11036.36,1677,2021
55075,32939,517.08,685,2021
55077,5369,821.5500000000001,500,2021
55078,631,0.0,76,2021
55079,235538,3179.63,3878,2021
55081,10423,5119.72,797,2021
55083,16015,1235.82,697,2021
55085,25283,407.78,1496,2021
55087,44984,5543.82,1348,2021
55089,87489,18920.79,1468,2021
55091,1702,311.38,281,2021
55093,8002,1494.99,694,2021
55095,41049,4994.81,1445,2021
55097,77532,12283.41,2321,2021
55099,8029,417.11,490,2021
55101,35212,5442.65,1480,2021
55103,12810,3562.48,593,2021
55105,34303,6800.71,1394,2021
55107,5602,1187.58,408,2021
55109,21482,8039.65,1165,2021
55111,78841,19219.63,7083,2021
55113,10952,263.92,916,2021
55115,5582,1260.84,484,2021
55117,56664,10726.71,1312,2021
55119,8509,3739.01,309,2021
55121,18654,2470.6,561,2021
55123,28799,6872.54,1048,2021
55125,35341,425.97,1739,2021
55127,18792,3468.11,1462,2021
55129,11144,447.35,682,2021
55131,32864,4877.74,1360,2021
55133,123918,11335.84,4144,2021
55135,13242,1777.41,565,2021
55137,6908,645.76,598,2021
55139,49259,3476.19,1151,2021
55141,12327,2313.24,874,2021
56001,41696,276.09999999999997,1852,2021
56003,2978,268.5,448,2021
56005,8328,1136.4299999999998,307,2021
56007,17100,1820.07,1229,2021
56009,4433,11.920000000000002,289,2021
56011,8478,71.1,534,2021
56013,45676,2246.64,1674,2021
56015,6113,383.9500000000001,440,2021
56017,1907,61.72,131,2021
56019,9927,163.0,652,2021
56021,31832,344.62,956,2021
56023,7186,350.0,567,2021
56025,9569,157.36,658,2021
56027,997,2.12,130,2021
56029,49856,1682.17,3579,2021
56031,3778,66.75,300,2021
56033,9376,1808.94,601,2021
56035,13390,645.67,902,2021
56037,8094,53.61,688,2021
56039,65693,1134.82,5060,2021
56041,4337,425.12,381,2021
56043,5153,341.51,235,2021
56045,5501,69.21000000000001,360,2021
01001,4917,862.69,321,2022
01003,137282,6006.68,3385,2022
01005,14616,1618.87,243,2022
01007,6914,282.40000000000003,754,2022
01009,4852,758.03,801,2022
01011,5980,1397.49,226,2022
01013,1077,157.77,152,2022
01015,16939,1001.27,695,2022
01017,4652,923.23,236,2022
01019,3006,388.75,445,2022
01021,2949,170.48000000000002,226,2022
01023,3031,119.48,238,2022
01025,933,11.03,246,2022
01027,2403,243.59,272,2022
01029,3646,91.91,420,2022
01031,5091,608.23,211,2022
01033,16347,7034.33,676,2022
01035,2930,251.56,165,2022
01037,780,37.15,187,2022
01039,6594,467.57,840,2022
01041,780,229.75,81,2022
01043,4201,1031.24,577,2022
01045,5635,196.02,272,2022
01047,2116,689.0600000000001,244,2022
01049,6310,907.72,886,2022
01051,8588,1164.46,579,2022
01053,1873,171.13000000000002,302,2022
01055,4141,343.68,362,2022
01057,695,77.76,100,2022
01059,1527,227.89,168,2022
01061,12531,2746.58,104,2022
01063,4215,622.05,320,2022
01065,12652,4549.89,545,2022
01067,1496,290.66,161,2022
01069,11947,763.61,463,2022
01071,9490,2520.98,1130,2022
01073,96068,744.5,3148,2022
01075,461,23.19,77,2022
01077,32951,6122.76,925,2022
01079,13759,2525.2999999999997,673,2022
01081,56795,7110.349999999999,1765,2022
01083,36312,13356.2,1017,2022
01085,2813,896.7,252,2022
01087,7651,532.04,427,2022
01089,69154,6044.28,3170,2022
01091,2804,490.3,298,2022
01093,2887,633.96,246,2022
01095,17491,2557.11,704,2022
01097,109298,1613.35,2364,2022
01099,1719,201.15,160,2022
01101,19882,1678.96,979,2022
01103,22466,7144.07,743,2022
01105,7064,1209.12,383,2022
01107,4559,722.6899999999999,210,2022
01109,3545,175.52,549,2022
01111,2782,1044.33,166,2022
01113,3258,359.09999999999997,300,2022
01115,4000,479.83,468,2022
01117,35178,8702.81,1504,2022
01119,4371,1193.55,688,2022
01121,2746,447.82,401,2022
01123,2607,175.6,563,2022
01125,48350,8101.08,1909,2022
01127,3679,1047.2,300,2022
01129,970,161.0,231,2022
01131,1701,285.01,205,2022
01133,4259,238.16,588,2022
04001,32547,1288.52,2276,2022
04003,786807,4322.51,8857,2022
04005,180285,556.67,9648,2022
04007,39448,37.62,2118,2022
04009,37382,2396.57,1613,2022
04011,16193,2923.4,477,2022
04012,14205,3321.18,685,2022
04013,819139,32842.94,19026,2022
04015,36968,99.84,2968,2022
04017,48084,1461.43,1987,2022
04019,1262885,8275.29,21119,2022
04021,112213,15372.91,4647,2022
04023,716934,13799.11,4995,2022
04025,207694,9702.11,6003,2022
04027,35173,5493.63,2508,2022
05001,6316,1475.33,315,2022
05003,2533,477.17,250,2022
05005,17435,2519.55,809,2022
05007,57188,14359.75,3744,2022
05009,2564,1210.77,243,2022
05011,1022,131.5,81,2022
05013,392,30.1,59,2022
05015,10546,511.66,771,2022
05017,938,171.99,66,2022
05019,3651,981.34,246,2022
05021,491,240.21,111,2022
05023,4579,626.1600000000001,493,2022
05025,377,15.82,62,2022
05027,6170,766.76,287,2022
05029,5088,1195.16,434,2022
05031,15899,2027.32,858,2022
05033,13002,7629.69,600,2022
05035,10837,2202.53,330,2022
05037,1671,286.39,142,2022
05039,828,221.24999999999997,112,2022
05041,3571,562.6899999999999,132,2022
05043,4609,420.64,170,2022
05045,29652,10222.75,1325,2022
05047,3095,821.08,509,2022
05049,5567,1185.5,250,2022
05051,32636,1377.88,1334,2022
05053,1262,31.28,104,2022
05055,4453,1242.55,306,2022
05057,4731,776.52,456,2022
05059,2350,328.59000000000003,326,2022
05061,1258,160.61,137,2022
05063,1104,240.84,182,2022
05065,4608,1559.64,266,2022
05067,1084,328.4,126,2022
05069,14335,500.72,227,2022
05071,3398,910.41,426,2022
05073,625,159.22,56,2022
05075,1283,386.45,258,2022
05077,1281,263.23,97,2022
05079,447,53.16,60,2022
05081,2196,223.68,140,2022
05083,3251,382.92,315,2022
05085,5331,2062.76,351,2022
05087,2761,525.36,645,2022
05089,4666,2467.38,439,2022
05091,3326,556.64,394,2022
05093,3500,877.2900000000001,237,2022
05095,2105,704.6899999999999,176,2022
05097,1801,208.74,483,2022
05099,1004,171.8,161,2022
05101,3651,581.72,829,2022
05103,846,7.5,154,2022
05105,1487,457.4500000000001,251,2022
05107,1608,128.99,201,2022
05109,1527,108.15,188,2022
05111,2711,785.35,248,2022
05113,1849,224.24,505,2022
05115,15051,3259.27,835,2022
05117,4028,1425.69,218,2022
05119,75787,2328.86,2630,2022
05121,2771,633.03,174,2022
05123,990,281.93,222,2022
05125,25770,592.49,1150,2022
05127,3231,667.0,200,2022
05129,2520,430.16,463,2022
05131,16893,7407.74,615,2022
05133,778,84.21000000000001,130,2022
05135,6283,281.32,221,2022
05137,4247,835.37,490,2022
05139,3685,13.87,367,2022
05141,1634,241.63,319,2022
05143,80707,12992.78,3265,2022
05145,43456,20077.94,486,2022
05147,1469,1001.61,94,2022
05149,8985,1553.87,345,2022
06001,494667,6992.34,11301,2022
06003,20128,318.84999999999997,1834,2022
06005,12569,854.46,891,2022
06007,107079,16987.97,4415,2022
06009,18664,0.0,1119,2022
06011,32274,7611.55,1197,2022
06013,446906,7185.28,12840,2022
06015,38176,3636.07,3129,2022
06017,87090,3.65,7587,2022
06019,92751,3567.93,5908,2022
06021,38832,2965.79,812,2022
06023,264262,16310.64,11571,2022
06025,92847,36022.950000000004,2986,2022
06027,95257,5112.98,7849,2022
06029,145435,7674.51,7223,2022
06031,11265,3645.519999999999,348,2022
06033,48563,1067.83,2272,2022
06035,34612,6105.81,1945,2022
06037,1367543,4858.91,45897,2022
06039,28852,2645.84,1939,2022
06041,531207,2267.76,14828,2022
06043,53153,0.0,8612,2022
06045,135671,8657.09,5675,2022
06047,72789,9404.87,1984,2022
06049,21370,3211.42,1835,2022
06051,119158,3208.6800000000003,5971,2022
06053,445839,7305.1,13013,2022
06055,79363,1861.94,3968,2022
06057,111759,50.190000000000005,3908,2022
06059,996668,2543.42,15463,2022
06061,144811,12689.9,5754,2022
06063,64956,4404.9,2515,2022
06065,374395,7900.26,23475,2022
06067,414342,38671.59,6416,2022
06069,71287,2359.0,3412,2022
06071,285555,1310.92,16803,2022
06073,1375520,6368.39,44250,2022
06075,368614,0.28,3777,2022
06077,108252,27346.26,2223,2022
06079,444098,2459.26,10077,2022
06081,446516,3567.89,13108,2022
06083,427681,5641.22,9647,2022
06085,741095,5581.47,18070,2022
06087,428754,18061.49,9353,2022
06089,85527,2458.05,4247,2022
06091,26111,649.21,1394,2022
06093,69225,5817.58,5918,2022
06095,126307,23120.27,4102,2022
06097,345531,56800.14,14055,2022
06099,88394,22773.44,1871,2022
06101,18448,7222.85,806,2022
06103,46698,5528.8,1740,2022
06105,13812,26.02,2859,2022
06107,75541,7132.5199999999995,5303,2022
06109,78319,38.07,4024,2022
06111,312956,6734.98,10903,2022
06113,257745,123857.24,4378,2022
06115,18801,3520.14,1132,2022
08001,138452,2222.99,2470,2022
08003,9814,78.65,516,2022
08005,209178,1199.58,2972,2022
08007,17268,646.86,985,2022
08009,12410,275.8,735,2022
08011,22402,1338.64,399,2022
08013,405232,11748.080000000002,10535,2022
08014,36562,1133.52,506,2022
08015,35583,3218.59,1754,2022
08017,5896,621.07,224,2022
08019,20157,0.0,1594,2022
08021,5708,192.63,584,2022
08023,3518,55.85,276,2022
08025,7724,40.8,122,2022
08027,11100,134.64,604,2022
08029,17146,1713.02,830,2022
08031,148254,282.8,3313,2022
08033,6723,291.89,453,2022
08035,131162,6.010000000000001,3177,2022
08037,27508,2933.55,1763,2022
08039,5948,145.8,472,2022
08041,253724,565.63,5354,2022
08043,25464,1264.09,1029,2022
08045,22166,2504.11,1277,2022
08047,12526,0.0,691,2022
08049,22752,67.64,2248,2022
08051,34011,2363.77,3496,2022
08053,4345,30.35,572,2022
08055,10478,2.35,683,2022
08057,21060,280.71,845,2022
08059,395408,82.88,7436,2022
08061,9813,113.19,226,2022
08063,6598,1167.15,404,2022
08065,6433,0.0,668,2022
08067,57492,3558.5499999999997,1651,2022
08069,412540,4491.13,9862,2022
08071,10452,38.55,855,2022
08073,11127,378.85,417,2022
08075,16201,1753.14,498,2022
08077,130825,13834.66,3182,2022
08079,3725,29.39,603,2022
08081,12667,984.5,826,2022
08083,62329,4030.98,1693,2022
08085,35596,3764.45,1143,2022
08087,21587,1195.54,494,2022
08089,18422,2741.51,744,2022
08091,22076,1010.05,785,2022
08093,22131,4.75,2134,2022
08095,2332,712.6899999999999,155,2022
08097,28501,470.09,1189,2022
08099,19889,5478.400000000001,414,2022
08101,117597,138.69,1658,2022
08103,4407,338.89,476,2022
08105,18837,614.74,673,2022
08107,21179,1305.89,1442,2022
08109,9054,117.19,934,2022
08111,3256,0.12,528,2022
08113,17137,949.6,929,2022
08115,6155,400.48,233,2022
08117,28135,2.12,2454,2022
08119,40316,34.5,1277,2022
08121,15947,212.41,244,2022
08123,87402,4868.0,3350,2022
08125,14374,845.1800000000001,360,2022
09001,351291,16003.4,6869,2022
09003,209034,27288.72,6045,2022
09005,182991,15854.95,4089,2022
09007,75382,5081.0199999999995,2744,2022
09009,434971,15575.1,6868,2022
09011,150979,17723.92,6720,2022
09013,96096,9131.3,3142,2022
09015,38209,4363.47,1916,2022
10001,219332,12143.89,2224,2022
10003,232901,36080.85,4823,2022
10005,258223,10161.05,4193,2022
11001,341822,498.15,4552,2022
12001,453756,28566.44,8758,2022
12003,3569,65.23,331,2022
12005,34432,130.9,1656,2022
12007,4879,219.29,323,2022
12009,353822,14480.500000000002,7119,2022
12011,134897,764.38,6661,2022
12013,1335,176.48,295,2022
12015,124804,3856.77,2826,2022
12017,51255,4902.710000000001,2430,2022
12019,46710,521.19,1563,2022
12021,249206,4792.65,6639,2022
12023,18461,5558.6,885,2022
12027,5509,1673.88,993,2022
12029,3511,227.45,354,2022
12031,199438,1284.87,4902,2022
12033,58443,343.43,2649,2022
12035,22798,965.51,1167,2022
12037,61136,0.43,1749,2022
12039,8348,201.32,981,2022
12041,6163,1726.62,507,2022
12043,19673,2476.42,531,2022
12045,8559,66.19,599,2022
12047,2880,239.4,337,2022
12049,3489,1639.25,463,2022
12051,21033,8558.359999999999,881,2022
12053,67219,9496.71,2280,2022
12055,37278,4711.17,2190,2022
12057,185797,15118.33,8181,2022
12059,1647,155.04,262,2022
12061,93521,10300.66,2781,2022
12063,8115,1721.39,809,2022
12065,18666,7562.53,769,2022
12067,4365,696.27,309,2022
12069,127885,28031.37,5070,2022
12071,293918,3044.7799999999997,6511,2022
12073,208957,18479.72,4393,2022
12075,45888,5806.900000000001,1556,2022
12077,6207,337.5,1851,2022
12079,5191,688.75,407,2022
12081,172319,7249.21,4051,2022
12083,164807,22544.26,4452,2022
12085,47811,6176.680000000001,3110,2022
12086,339721,34908.46,12108,2022
12087,181217,141.28,3772,2022
12089,32099,134.76,1831,2022
12091,27509,237.13,2062,2022
12093,19018,4118.13,891,2022
12095,420597,43553.12,9558,2022
12097,95245,17924.75,3558,2022
12099,363767,26688.57,8460,2022
12101,118761,13041.55,3529,2022
12103,492735,899.41,5651,2022
12105,152575,13947.86,5030,2022
12107,21508,1584.98,1503,2022
12109,141909,17564.43,3115,2022
12111,46346,10897.96,1833,2022
12113,43421,1971.14,2106,2022
12115,352691,5896.12,6203,2022
12117,85931,2590.38,3488,2022
12119,41612,2413.15,1879,2022
12121,9541,451.91,652,2022
12123,7132,101.75,545,2022
12125,1144,108.94,141,2022
12127,108675,1442.75,5559,2022
12129,165325,302.51,2043,2022
12131,19809,1471.99,1557,2022
12133,6786,626.4300000000001,408,2022
13001,913,47.95,119,2022
13003,336,10.23,50,2022
13005,821,68.59,46,2022
13007,3831,487.11,252,2022
13009,3721,221.68,463,2022
13011,5875,1255.5300000000002,124,2022
13013,12974,463.08,294,2022
13015,36724,9555.5,1050,2022
13017,624,38.44,55,2022
13019,9797,3726.56,190,2022
13021,42291,5404.599999999999,690,2022
13023,933,209.9,91,2022
13025,1613,131.69,195,2022
13027,20398,7597.96,281,2022
13029,11815,6.5200000000000005,540,2022
13031,19435,3690.09,696,2022
13033,8212,2043.54,291,2022
13035,4168,458.02,186,2022
13037,742,156.55,71,2022
13039,24610,146.15,1155,2022
13043,1018,217.29,143,2022
13045,13239,1312.87,700,2022
13047,4715,1189.51,449,2022
13049,8375,23.96,577,2022
13051,107863,1034.23,2744,2022
13053,1972,21.630000000000003,113,2022
13055,9691,2845.25,433,2022
13057,37574,817.9499999999999,1473,2022
13059,85417,3702.31,2161,2022
13061,1301,49.54,53,2022
13063,18207,698.13,512,2022
13065,5683,3.75,108,2022
13067,149542,14439.28,3075,2022
13069,2470,398.23,171,2022
13071,2035,265.53,329,2022
13073,14687,1039.68,613,2022
13075,2795,322.92,244,2022
13077,18999,1654.02,754,2022
13079,1396,207.93,137,2022
13081,1809,178.89,141,2022
13083,4007,420.41,628,2022
13085,9984,158.3,467,2022
13087,7381,2600.37,384,2022
13089,258265,4223.669999999999,4082,2022
13091,1221,86.65,78,2022
13093,6497,3224.1899999999996,124,2022
13095,6441,533.17,381,2022
13097,8479,105.78,521,2022
13099,4569,1073.71,199,2022
13101,796,68.33,63,2022
13103,2759,168.2,406,2022
13105,1626,141.72,94,2022
13107,2563,183.39,254,2022
13109,1025,175.05,58,2022
13111,18769,3249.46,897,2022
13113,12361,421.08,570,2022
13115,18069,3249.17,1030,2022
13117,28086,1924.32,929,2022
13119,1556,448.74,217,2022
13121,163447,4685.0199999999995,4817,2022
13123,8530,591.22,834,2022
13125,308,37.92,23,2022
13127,133961,2197.32,2041,2022
13129,8716,3749.08,449,2022
13131,3094,425.9,199,2022
13133,7352,802.6600000000001,469,2022
13135,89279,4604.53,2542,2022
13137,4133,327.45,377,2022
13139,22390,1350.18,883,2022
13141,2234,95.45,83,2022
13143,1453,400.26,196,2022
13145,7755,819.76,997,2022
13147,2400,350.59000000000003,155,2022
13149,605,86.46000000000001,82,2022
13151,13577,3306.59,532,2022
13153,8965,545.48,363,2022
13155,1025,409.14,181,2022
13157,5008,1061.13,307,2022
13159,7083,1171.18,219,2022
13161,4935,2566.2700000000004,82,2022
13163,644,75.6,99,2022
13165,1873,537.25,72,2022
13167,723,155.12,86,2022
13169,27545,16304.95,466,2022
13171,3591,886.5,156,2022
13173,712,46.9,90,2022
13175,21959,2167.47,357,2022
13177,3694,507.4,244,2022
13179,12052,199.26,357,2022
13181,1248,40.99,90,2022
13183,1178,64.64999999999999,156,2022
13185,19944,1654.11,729,2022
13187,6931,704.65,616,2022
13189,1036,65.39,102,2022
13191,46508,341.8,906,2022
13193,9076,6209.29,210,2022
13195,4741,1367.42,197,2022
13197,1543,363.64,144,2022
13199,1738,488.45,198,2022
13201,2306,1053.79,135,2022
13205,1031,386.08,86,2022
13207,7950,268.33,284,2022
13209,705,101.96,53,2022
13211,7043,3686.37,319,2022
13213,11269,3013.94,557,2022
13215,42153,5045.12,622,2022
13217,9927,3509.11,401,2022
13219,23082,7514.11,943,2022
13221,8772,2111.52,664,2022
13223,18410,870.15,562,2022
13225,1362,553.92,156,2022
13227,4798,323.43,426,2022
13229,720,65.85000000000001,95,2022
13231,534,184.01,63,2022
13233,2636,757.6,296,2022
13235,1173,208.26,65,2022
13237,4627,368.67,256,2022
13239,1182,51.36,34,2022
13241,10703,833.74,951,2022
13243,399,110.1,67,2022
13245,37507,3062.38,818,2022
13247,17977,8281.44,626,2022
13249,1867,330.98,59,2022
13251,4170,1040.49,204,2022
13253,2099,289.07,142,2022
13255,2133,223.59,215,2022
13257,2580,154.18,315,2022
13259,7325,1298.9599999999998,148,2022
13261,7805,3197.02,215,2022
13263,1961,109.3,634,2022
13265,415,123.77,20,2022
13267,2095,687.84,150,2022
13269,1804,157.44,167,2022
13271,1594,875.01,87,2022
13273,503,98.63,84,2022
13275,7901,1996.94,329,2022
13277,2927,743.0699999999999,1130,2022
13279,414,108.47,78,2022
13281,12343,1103.33,631,2022
13283,376,8.58,63,2022
13285,9314,2022.6,371,2022
13287,497,147.29,107,2022
13289,1569,368.1,189,2022
13291,11097,712.71,917,2022
13293,4893,117.11,136,2022
13295,8111,1303.49,1207,2022
13297,8762,2981.54,341,2022
13299,2682,15.58,256,2022
13301,410,107.67,35,2022
13303,1225,58.08,108,2022
13305,2191,68.24,188,2022
13307,454,40.08,44,2022
13309,748,28.76,84,2022
13311,6805,507.8,704,2022
13313,10875,3909.47,515,2022
13315,610,88.2,51,2022
13317,650,153.03,90,2022
13319,2267,141.92,149,2022
13321,926,286.4,156,2022
16001,218447,9897.04,4629,2022
16003,12872,2402.98,331,2022
16005,18583,1157.48,2011,2022
16007,4816,288.23,426,2022
16009,4011,206.09,280,2022
16011,4767,639.89,463,2022
16013,28700,2305.48,1639,2022
16015,14742,297.02,1046,2022
16017,24406,292.12,1762,2022
16019,14133,633.01,861,2022
16021,16189,1653.48,693,2022
16023,2308,83.03,345,2022
16025,8821,2312.0,320,2022
16027,86969,17110.48,2146,2022
16029,1994,366.24,379,2022
16031,23812,2142.26,1196,2022
16033,1396,29.42,213,2022
16035,3371,144.73,257,2022
16037,6754,195.72,882,2022
16039,21938,4631.28,1184,2022
16041,546,66.79,91,2022
16043,12066,482.08,1012,2022
16045,26250,5285.4,468,2022
16047,13841,1927.61,484,2022
16049,11409,442.45,1238,2022
16051,21185,2663.2,587,2022
16053,4078,324.58000000000004,254,2022
16055,23102,370.79,1908,2022
16057,41040,2830.65,1568,2022
16059,6319,986.49,545,2022
16061,1010,91.82,61,2022
16063,496,62.38,95,2022
16065,6998,1156.41,423,2022
16067,3961,611.6,214,2022
16069,16892,266.36,481,2022
16071,3429,278.19,348,2022
16073,32620,3580.55,1325,2022
16075,8413,3102.38,293,2022
16077,5119,1039.63,409,2022
16079,4585,0.09,536,2022
16081,24782,3693.68,861,2022
16083,35248,7221.85,1346,2022
16085,19461,209.05,1402,2022
16087,3200,210.39,237,2022
17001,9231,1476.72,312,2022
17003,5721,2336.89,363,2022
17005,5890,2492.33,222,2022
17007,6580,1963.15,726,2022
17009,1071,348.5,55,2022
17011,34576,4084.02,421,2022
17013,8640,3493.89,116,2022
17015,16855,2764.51,409,2022
17017,2778,895.83,242,2022
17019,123805,14940.03,3485,2022
17021,3164,601.25,195,2022
17023,10447,4148.84,443,2022
17025,632,193.69,79,2022
17027,28737,6177.46,274,2022
17029,45222,4097.73,1363,2022
17031,1080408,17417.190000000002,19808,2022
17033,3191,1690.34,77,2022
17035,4017,925.54,251,2022
17037,25300,10522.5,1174,2022
17039,14034,2780.24,409,2022
17041,2672,705.41,209,2022
17043,402020,20061.1,6808,2022
17045,4509,1647.89,206,2022
17047,2764,2192.81,63,2022
17049,3611,420.61,321,2022
17051,4271,882.6800000000001,310,2022
17053,2453,765.51,213,2022
17055,4999,264.88,289,2022
17057,15675,6844.610000000001,411,2022
17059,1562,649.91,216,2022
17061,1380,813.21,108,2022
17063,12245,2409.53,1430,2022
17065,1011,361.12,71,2022
17067,3379,868.8,224,2022
17069,1082,179.35,235,2022
17071,2270,736.63,148,2022
17073,6235,1277.68,505,2022
17075,5530,899.42,470,2022
17077,44499,6193.28,2068,2022
17079,6631,3686.0,164,2022
17081,6168,1302.11,359,2022
17083,10787,2442.45,338,2022
17085,7870,2071.44,674,2022
17087,15587,5170.110000000001,1187,2022
17089,174385,34610.39,4516,2022
17091,54370,3988.4,1844,2022
17093,53345,8137.6,1058,2022
17095,17533,1674.0,412,2022
17097,318884,34715.68,6467,2022
17099,54823,21632.78,1308,2022
17101,2311,1085.01,102,2022
17103,18689,5373.02,897,2022
17105,5102,1622.61,352,2022
17107,4217,1281.59,224,2022
17109,5761,1133.69,237,2022
17111,130682,18056.38,3148,2022
17113,58030,11420.11,1955,2022
17115,11500,1250.89,551,2022
17117,2762,1106.04,368,2022
17119,62311,4707.88,1607,2022
17121,4820,1270.09,225,2022
17123,14443,1619.9,274,2022
17125,20578,3287.16,431,2022
17127,9864,1075.33,571,2022
17129,29261,11633.03,279,2022
17131,2511,617.24,152,2022
17133,13671,1820.72,742,2022
17135,2294,740.2,183,2022
17137,3471,667.4399999999999,194,2022
17139,4217,583.36,173,2022
17141,12143,4523.03,1109,2022
17143,31637,5531.150000000001,1171,2022
17145,1204,292.36,108,2022
17147,19693,4854.25,611,2022
17149,3053,973.11,179,2022
17151,3391,497.36,537,2022
17153,5696,2280.42,469,2022
17155,14260,9940.490000000002,227,2022
17157,4022,1856.18,445,2022
17159,714,94.47,53,2022
17161,27128,2638.14,1247,2022
17163,32734,1863.29,1256,2022
17165,17376,4225.679999999999,384,2022
17167,33885,6133.8,1283,2022
17169,1830,872.8800000000001,114,2022
17171,935,350.98,84,2022
17173,2874,949.44,216,2022
17175,1004,528.73,90,2022
17177,4017,1057.64,338,2022
17179,39348,3951.14,762,2022
17181,19619,3950.81,1495,2022
17183,8986,1752.41,1129,2022
17185,1726,247.41,74,2022
17187,2707,1645.37,162,2022
17189,1485,303.26,178,2022
17191,1046,580.33,120,2022
17193,8908,1672.32,164,2022
17195,15946,489.11,454,2022
17197,127924,18478.89,5665,2022
17199,21364,5788.01,1005,2022
17201,54792,8347.43,3282,2022
17203,20626,8428.78,512,2022
18001,2398,1315.22,110,2022
18003,47907,11656.02,1863,2022
18005,5330,672.96,467,2022
18007,914,290.08,87,2022
18009,1984,514.76,69,2022
18011,49545,11257.68,848,2022
18013,33708,1238.8,1174,2022
18015,2257,501.62,154,2022
18017,1359,266.93,145,2022
18019,11044,602.6899999999999,689,2022
18021,3486,1370.56,272,2022
18023,820,226.86,126,2022
18025,3299,508.63000000000005,295,2022
18027,932,223.09,153,2022
18029,6641,2278.67,555,2022
18031,3533,944.65,178,2022
18033,3968,1427.24,275,2022
18035,18760,2250.24,627,2022
18037,6085,2006.52,274,2022
18039,79681,9708.19,1335,2022
18041,5400,269.65999999999997,212,2022
18043,11827,1285.98,413,2022
18045,1089,246.58,177,2022
18047,10468,1700.45,971,2022
18049,1172,454.0,133,2022
18051,29385,9377.48,650,2022
18053,3939,771.22,378,2022
18055,49141,20579.58,660,2022
18057,92145,7742.24,2092,2022
18059,15268,5084.88,605,2022
18061,17872,6655.36,380,2022
18063,52102,5680.53,1247,2022
18065,13451,1132.38,584,2022
18067,3846,706.71,238,2022
18069,10880,3770.88,403,2022
18071,13541,1157.75,450,2022
18073,3487,690.22,375,2022
18075,2223,1001.03,110,2022
18077,3499,519.79,707,2022
18079,2374,261.19,245,2022
18081,43077,4429.96,833,2022
18083,5375,975.61,279,2022
18085,18911,1572.8300000000002,481,2022
18087,18203,2052.94,679,2022
18089,53897,2218.27,2463,2022
18091,33556,4267.4400000000005,1042,2022
18093,15321,4954.75,472,2022
18095,27033,4991.8,805,2022
18097,276196,18562.2,4596,2022
18099,3489,1118.47,298,2022
18101,2479,314.33,129,2022
18103,2046,396.38,251,2022
18105,111267,21651.66,3060,2022
18107,6976,4379.65,466,2022
18109,17424,2362.55,779,2022
18111,24520,8756.51,752,2022
18113,13915,3158.89,521,2022
18115,457,126.21,43,2022
18117,4855,644.7,373,2022
18119,9658,3064.17,347,2022
18121,4800,588.55,433,2022
18123,6048,702.7,501,2022
18125,5673,1101.81,162,2022
18127,115665,4512.84,2408,2022
18129,10987,3153.61,982,2022
18131,1737,408.13999999999993,137,2022
18133,37933,12898.3,665,2022
18135,855,297.47,143,2022
18137,2765,914.58,794,2022
18139,1498,410.13,119,2022
18141,69274,5467.349999999999,1662,2022
18143,1058,187.74,173,2022
18145,1234,326.29,208,2022
18147,9448,3531.94,232,2022
18149,3658,1434.99,212,2022
18151,10242,2805.76,579,2022
18153,13239,4814.63,306,2022
18155,2411,777.55,178,2022
18157,136161,10049.05,2712,2022
18159,1538,724.2900000000001,98,2022
18161,14866,1635.16,322,2022
18163,58837,2985.32,1244,2022
18165,3088,692.84,152,2022
18167,32215,7972.47,715,2022
18169,3894,868.59,265,2022
18171,1430,161.37,231,2022
18173,30036,10594.86,559,2022
18175,9192,1954.14,210,2022
18177,17911,2817.53,914,2022
18179,8737,3896.36,155,2022
18181,2191,483.94,312,2022
18183,8273,817.99,322,2022
19001,502,179.62,113,2022
19003,427,175.26,53,2022
19005,6859,570.08,320,2022
19007,1722,555.59,97,2022
19009,167,75.25,35,2022
19011,4693,1681.9,229,2022
19013,23630,1742.97,837,2022
19015,10274,1582.24,525,2022
19017,8673,3644.7,299,2022
19019,5157,2175.6,213,2022
19021,8895,849.53,187,2022
19023,3711,683.69,142,2022
19025,3125,520.0699999999999,94,2022
19027,4265,573.45,191,2022
19029,1052,272.54,184,2022
19031,2272,495.03,218,2022
19033,6565,1044.64,374,2022
19035,639,103.4,61,2022
19037,1119,392.31,173,2022
19039,2532,868.1899999999999,158,2022
19041,1370,266.69,125,2022
19043,3025,367.18,280,2022
19045,2939,827.28,263,2022
19047,512,60.07,71,2022
19049,13214,4039.82,604,2022
19051,579,183.89,36,2022
19053,6275,2064.99,384,2022
19055,1510,248.34,163,2022
19057,5625,2559.4100000000003,173,2022
19059,5457,1767.58,347,2022
19061,23589,2822.09,645,2022
19063,302,79.96,54,2022
19065,1289,252.45,119,2022
19067,2115,637.18,161,2022
19069,921,166.46,131,2022
19071,2673,854.28,274,2022
19073,4703,2177.11,161,2022
19075,1346,418.56,87,2022
19077,3706,964.93,129,2022
19079,1735,247.59,194,2022
19081,862,205.3,72,2022
19083,2686,711.14,167,2022
19085,6574,1127.62,276,2022
19087,1258,299.69,128,2022
19089,736,453.94,147,2022
19091,192,50.0,44,2022
19093,553,119.28,70,2022
19095,3780,1487.04,264,2022
19097,9440,414.92,266,2022
19099,12350,3989.37,480,2022
19101,5646,1310.64,193,2022
19103,97285,15150.46,2379,2022
19105,1895,375.8,179,2022
19107,991,612.99,74,2022
19109,2956,1325.05,129,2022
19111,3622,390.83,207,2022
19113,43386,6971.95,1519,2022
19115,7853,3624.59,167,2022
19117,3508,794.76,91,2022
19119,1842,821.78,124,2022
19121,5159,1226.93,362,2022
19123,2128,253.86,137,2022
19125,12189,2421.21,329,2022
19127,8426,1282.15,202,2022
19129,1125,385.24,180,2022
19131,2073,797.41,121,2022
19133,3552,908.57,202,2022
19135,811,174.43,85,2022
19137,699,294.56,58,2022
19139,13449,2664.65,655,2022
19141,603,324.34,64,2022
19143,449,253.23,72,2022
19145,465,157.34,46,2022
19147,625,67.53,58,2022
19149,1490,148.49,207,2022
19151,1393,187.77,64,2022
19153,83351,8455.78,2682,2022
19155,10299,4151.53,754,2022
19157,4005,856.14,258,2022
19159,1514,816.91,100,2022
19161,3457,584.22,202,2022
19163,37493,2664.25,1287,2022
19165,970,206.46,52,2022
19167,5012,2278.52,193,2022
19169,84941,14197.03,1582,2022
19171,2897,696.19,143,2022
19173,589,226.16,76,2022
19175,766,91.95,74,2022
19177,2387,483.22,164,2022
19179,901,447.07,111,2022
19181,2220,410.51,361,2022
19183,3806,656.0,216,2022
19185,920,151.73,50,2022
19187,1721,180.97,148,2022
19189,1642,532.42,102,2022
19191,7169,1610.43,708,2022
19193,13385,1639.16,431,2022
19195,1233,334.58,144,2022
19197,1061,247.64,82,2022
20001,4115,2516.69,170,2022
20003,1786,557.14,161,2022
20005,16554,1938.76,212,2022
20007,3642,270.66,349,2022
20009,27302,5756.35,514,2022
20011,1226,339.21999999999997,128,2022
20013,5893,1679.1,300,2022
20015,12225,454.06,700,2022
20017,6099,312.31,539,2022
20019,2405,439.32,186,2022
20021,5509,2317.75,291,2022
20023,1533,95.11,121,2022
20025,2296,261.81,146,2022
20027,804,163.46,131,2022
20029,1120,213.06,135,2022
20031,4875,904.82,278,2022
20033,3871,114.26,138,2022
20035,4245,343.81,348,2022
20037,7149,1560.0,345,2022
20039,383,33.839999999999996,42,2022
20041,860,151.12,270,2022
20043,1899,718.17,97,2022
20045,112603,36345.41,2316,2022
20047,999,126.07,88,2022
20049,1161,122.42,165,2022
20051,6798,382.43,408,2022
20053,7086,279.61,319,2022
20055,6040,737.01,380,2022
20057,13276,1218.94,475,2022
20059,3307,1009.89,227,2022
20061,4531,58.6,341,2022
20063,2261,247.77,289,2022
20065,395,22.979999999999997,37,2022
20067,728,86.28,39,2022
20069,1128,134.96,88,2022
20071,582,135.44,64,2022
20073,1664,217.98,210,2022
20075,1829,261.82,123,2022
20077,1698,182.53,134,2022
20079,30451,690.79,387,2022
20081,641,87.48,48,2022
20083,951,73.23,92,2022
20085,3409,2054.66,168,2022
20087,18372,5076.83,468,2022
20089,1378,50.55,57,2022
20091,152338,15506.97,3397,2022
20093,1116,430.02,75,2022
20095,4695,108.56,129,2022
20097,5940,847.95,276,2022
20099,3783,1442.03,191,2022
20101,473,70.7,46,2022
20103,25605,5468.05,588,2022
20105,1266,93.1,94,2022
20107,15481,6057.9400000000005,224,2022
20109,2616,910.57,308,2022
20111,5934,620.51,447,2022
20113,18228,3945.11,354,2022
20115,4491,540.95,297,2022
20117,528,63.36,108,2022
20119,1873,220.18,143,2022
20121,19651,6309.53,527,2022
20123,2068,138.06,127,2022
20125,1876,321.29,267,2022
20127,1186,69.84,131,2022
20129,9285,236.77,249,2022
20131,768,222.74,126,2022
20133,5047,920.88,118,2022
20135,592,67.62,64,2022
20137,937,62.51,60,2022
20139,12246,1547.2,309,2022
20141,555,67.77,53,2022
20143,1568,206.64,121,2022
20145,740,116.94,100,2022
20147,922,42.66,70,2022
20149,17764,1101.73,515,2022
20151,3010,267.36,141,2022
20153,1192,105.94,35,2022
20155,23898,2986.3,874,2022
20157,1147,235.47,86,2022
20159,1015,154.53,112,2022
20161,37039,2211.96,1395,2022
20163,948,48.98,80,2022
20165,1049,235.88,108,2022
20167,11148,375.75,539,2022
20169,4773,396.19,405,2022
20171,5996,174.94,182,2022
20173,55780,1388.06,1664,2022
20175,2336,128.37,112,2022
20177,47813,12273.58,1062,2022
20179,639,176.53,98,2022
20181,3733,240.05,205,2022
20183,756,105.0,88,2022
20185,33532,541.2,471,2022
20187,373,86.78999999999999,52,2022
20189,1247,160.01,64,2022
20191,15595,2628.62,577,2022
20193,1641,170.38,207,2022
20195,2285,154.59,214,2022
20197,5210,460.99,339,2022
20199,155,24.28,43,2022
20201,389,45.43,80,2022
20203,464,80.54,40,2022
20205,1115,315.46999999999997,101,2022
20207,3130,272.27,107,2022
20209,15485,1400.5400000000002,514,2022
21001,2210,836.87,106,2022
21003,6715,1480.28,243,2022
21005,2725,1159.76,216,2022
21007,2354,748.72,233,2022
21009,14004,3559.93,417,2022
21011,984,120.77,190,2022
21013,4032,40.5,233,2022
21015,29038,11552.73,1023,2022
21017,5466,3500.96,174,2022
21019,1194,184.43,238,2022
21021,2341,983.96,199,2022
21023,223,56.57,73,2022
21025,579,24.69,85,2022
21027,1540,194.85,282,2022
21029,11799,1527.13,732,2022
21031,1354,390.78,70,2022
21033,605,151.62,150,2022
21035,7697,1037.55,552,2022
21037,13889,228.04,785,2022
21039,353,62.66,54,2022
21041,1276,199.85,176,2022
21043,1888,217.26,275,2022
21045,3439,1548.18,249,2022
21047,3465,1065.18,591,2022
21049,3599,1429.88,305,2022
21051,394,29.55,145,2022
21053,402,228.78,54,2022
21055,434,98.46,110,2022
21057,266,82.42,43,2022
21059,3617,778.76,357,2022
21061,17164,147.96,492,2022
21063,509,55.99,82,2022
21065,956,145.43,176,2022
21067,99722,19658.83,2151,2022
21069,264,134.95,88,2022
21071,1306,31.13,83,2022
21073,29977,4754.7699999999995,779,2022
21075,3489,1826.46,234,2022
21077,960,102.13,140,2022
21079,4495,2050.17,356,2022
21081,1872,298.88,181,2022
21083,6103,2684.79,249,2022
21085,1778,293.25,200,2022
21087,168,103.64,40,2022
21089,1308,212.7,171,2022
21091,476,103.68,47,2022
21093,3329,583.02,488,2022
21095,1793,7.710000000000001,171,2022
21097,543,180.44,124,2022
21099,7516,3786.36,316,2022
21101,33152,10956.36,468,2022
21103,2662,540.43,270,2022
21105,1295,383.32,138,2022
21107,14832,6915.34,417,2022
21109,1776,445.82,262,2022
21111,191843,35368.0,4215,2022
21113,12917,4467.29,465,2022
21115,588,83.09,82,2022
21117,16933,2443.16,1102,2022
21119,177,6.43,52,2022
21121,692,166.81,135,2022
21123,2669,1057.93,180,2022
21125,7140,1295.49,589,2022
21127,302,8.9,44,2022
21129,980,78.25,316,2022
21131,164,1.16,69,2022
21133,1445,13.22,176,2022
21135,475,49.99,192,2022
21137,4074,1804.84,220,2022
21139,1572,37.67,122,2022
21141,26700,12252.64,211,2022
21143,8882,923.62,680,2022
21145,14365,3920.79,702,2022
21147,2113,77.37,388,2022
21149,514,209.44,53,2022
21151,30346,7901.96,1278,2022
21153,160,22.15,23,2022
21155,737,228.8,87,2022
21157,14069,2250.33,480,2022
21159,269,23.44,22,2022
21161,631,275.4,114,2022
21163,1475,295.54,307,2022
21165,2469,437.91,438,2022
21167,10353,7256.75,240,2022
21169,2315,971.25,175,2022
21171,1130,463.61,147,2022
21173,456,186.03,80,2022
21175,652,95.17,112,2022
21177,5260,1903.61,222,2022
21179,5318,2248.88,276,2022
21181,549,68.59,49,2022
21183,1345,359.54,158,2022
21185,18720,7513.31,479,2022
21187,1995,775.5699999999999,198,2022
21189,328,50.42,99,2022
21191,754,320.11,89,2022
21193,660,2.66,135,2022
21195,1829,39.5,262,2022
21197,6901,136.0,737,2022
21199,24299,5876.28,846,2022
21201,413,68.32000000000001,37,2022
21203,3004,1387.35,568,2022
21205,6656,1247.5599999999995,440,2022
21207,2666,467.61,224,2022
21209,6453,1898.41,500,2022
21211,11645,4335.8,519,2022
21213,1861,947.66,195,2022
21215,29739,5265.03,177,2022
21217,1410,142.24,117,2022
21219,4451,2306.69,146,2022
21221,9370,324.48,1047,2022
21223,293,100.87,132,2022
21225,1334,392.7,125,2022
21227,17446,4578.9,748,2022
21229,447,144.42,93,2022
21231,2317,1131.89,197,2022
21233,312,101.18,71,2022
21235,1589,96.81,272,2022
21237,5211,308.02,600,2022
21239,5993,2492.8199999999997,273,2022
22001,35170,17658.23,412,2022
22003,1582,340.73,211,2022
22005,6473,302.39,427,2022
22007,4930,271.11,140,2022
22009,1137,602.26,125,2022
22011,1178,253.68,284,2022
22013,993,99.76,138,2022
22015,13278,3072.62,518,2022
22017,19712,2047.45,907,2022
22019,25237,7412.97,1108,2022
22021,263,65.85,55,2022
22023,91640,15487.240000000002,1229,2022
22025,1267,353.12,122,2022
22027,3491,1232.4499999999998,136,2022
22029,3293,820.26,251,2022
22031,2150,784.68,205,2022
22033,124776,6708.52,2931,2022
22035,577,202.94,44,2022
22037,3191,76.04,134,2022
22039,2360,649.45,241,2022
22041,779,259.35,82,2022
22043,2621,45.13,295,2022
22045,5505,1005.36,235,2022
22047,17630,1567.66,417,2022
22049,652,27.67,75,2022
22051,47503,2.16,1211,2022
22053,19198,10249.91,526,2022
22055,35816,3627.2,892,2022
22057,24549,621.5,603,2022
22059,5067,157.89,116,2022
22061,7967,396.8,580,2022
22063,9542,705.3100000000001,609,2022
22065,2420,1056.69,226,2022
22067,1125,511.6,85,2022
22069,2872,467.84,474,2022
22071,110613,14.98,2124,2022
22073,18969,6472.040000000001,631,2022
22075,13392,282.14,398,2022
22077,2051,642.54,205,2022
22079,19980,2376.29,640,2022
22081,3672,3401.65,91,2022
22083,5592,3478.96,139,2022
22085,1411,36.75,190,2022
22087,5547,200.79,209,2022
22089,5623,11.51,273,2022
22091,220,27.1,42,2022
22093,637,78.16,110,2022
22095,1919,16.619999999999997,194,2022
22097,8712,2116.11,674,2022
22099,16926,3266.32,544,2022
22101,10175,1274.15,354,2022
22103,85097,765.05,2406,2022
22105,17115,1614.6500000000003,639,2022
22107,949,267.44,60,2022
22109,16903,1257.91,458,2022
22111,3739,85.98,257,2022
22113,20746,8294.22,612,2022
22115,9094,253.0,595,2022
22117,3740,359.67,280,2022
22119,1239,105.15,164,2022
22121,2484,729.63,151,2022
22123,645,193.12,41,2022
22125,12724,1166.63,393,2022
22127,828,19.89,76,2022
23001,33684,2240.83,1341,2022
23003,70091,8158.95,4892,2022
23005,380008,25664.76,7892,2022
23007,40603,2633.5,2334,2022
23009,214413,6694.64,7649,2022
23011,86346,5954.5199999999995,3254,2022
23013,80952,7131.4800000000005,2647,2022
23015,171001,9657.07,3043,2022
23017,39691,2572.21,3383,2022
23019,136962,11058.81,6747,2022
23021,58398,619.23,4077,2022
23023,45537,1072.03,1870,2022
23025,35620,1767.09,3066,2022
23027,64236,6283.58,2588,2022
23029,79802,3872.96,3557,2022
23031,216257,18842.08,5085,2022
24001,61554,6161.22,2939,2022
24003,250336,8063.1,6704,2022
24005,314381,31174.87,7743,2022
24009,100955,8481.79,2284,2022
24011,31527,6940.18,1878,2022
24013,65039,15053.96,2378,2022
24015,63469,11777.89,1923,2022
24017,36153,7039.84,1678,2022
24019,98131,25230.140000000003,2532,2022
24021,152696,46158.24,5919,2022
24023,100662,17677.14,5796,2022
24025,96862,19861.54,2467,2022
24027,300393,61471.61,5572,2022
24029,43647,17882.24,1186,2022
24031,690792,56067.79,16223,2022
24033,234976,19323.99,5730,2022
24035,76312,28251.18,2254,2022
24037,63869,8166.99,1847,2022
24039,26538,1795.61,962,2022
24041,66368,19954.87,1359,2022
24043,70127,18739.47,2994,2022
24045,32651,4128.75,1679,2022
24047,120659,5962.36,3160,2022
24510,121721,3.86,2179,2022
25001,533273,2608.3700000000003,9894,2022
25003,196203,30004.21,5997,2022
25005,179260,16451.85,4027,2022
25007,57323,1121.51,2387,2022
25009,611340,32380.370000000003,8058,2022
25011,96240,15483.63,4985,2022
25013,101163,7079.67,3243,2022
25015,405935,87104.34,6427,2022
25017,869409,34817.52,18162,2022
25019,49828,586.49,1338,2022
25021,232443,11782.06,6298,2022
25023,236907,18337.53,6544,2022
25025,248587,2.8200000000000003,3760,2022
25027,331080,18195.42,11677,2022
26001,16565,1568.31,572,2022
26003,25013,1273.36,2153,2022
26005,63806,12549.88,1902,2022
26007,8381,205.19,518,2022
26009,22839,810.97,1160,2022
26011,13480,1028.63,478,2022
26013,8238,103.01,509,2022
26015,62909,10318.6,1811,2022
26017,24650,3410.1099999999997,875,2022
26019,36793,273.48,1181,2022
26021,116334,15583.25,2524,2022
26023,5309,1618.72,286,2022
26025,56558,12772.95,1582,2022
26027,14423,1462.99,641,2022
26029,22590,1709.46,1080,2022
26031,19848,353.44,1806,2022
26033,77292,10375.47,2499,2022
26035,3561,344.18,409,2022
26037,39623,16006.53,1138,2022
26039,37206,43.59,1002,2022
26041,16150,540.2,835,2022
26043,4962,76.36,341,2022
26045,18730,4434.82,1146,2022
26047,33561,1577.44,1742,2022
26049,71293,8191.88,1714,2022
26051,3940,381.62,343,2022
26053,14976,2417.4300000000003,1298,2022
26055,59904,4422.29,1881,2022
26057,19834,4741.7300000000005,595,2022
26059,18479,3588.38,636,2022
26061,18782,325.61,1511,2022
26063,15365,1872.27,653,2022
26065,112742,12072.29,3690,2022
26067,11611,2997.27,647,2022
26069,138495,1984.16,1090,2022
26071,6521,149.0,388,2022
26073,60285,9214.25,1614,2022
26075,84618,20613.68,2046,2022
26077,125341,12788.66,3309,2022
26079,12345,58.87,731,2022
26081,216019,12865.54,5244,2022
26083,19387,11.83,1101,2022
26085,6182,73.4,441,2022
26087,51990,7316.29,1306,2022
26089,61442,1583.61,2091,2022
26091,23051,3767.39,925,2022
26093,98426,7566.99,3863,2022
26095,4423,72.84,367,2022
26097,32061,376.0,1688,2022
26099,126551,7216.05,2886,2022
26101,39256,1466.6899999999998,1001,2022
26103,52130,251.3,2517,2022
26105,28792,2604.68,1035,2022
26107,32434,3770.08,710,2022
26109,8067,2331.8799999999997,455,2022
26111,28387,2335.7799999999997,967,2022
26113,3517,766.76,327,2022
26115,79254,5620.07,1508,2022
26117,12242,1901.25,751,2022
26119,3661,172.58,352,2022
26121,107591,1674.04,1487,2022
26123,12957,1592.24,756,2022
26125,272816,7676.44,7142,2022
26127,9544,1648.39,844,2022
26129,16001,2103.12,562,2022
26131,7342,682.39,779,2022
26133,12885,2474.53,397,2022
26135,7458,400.79,355,2022
26137,14100,431.91,622,2022
26139,155554,17945.88,2895,2022
26141,4939,336.19,595,2022
26143,14903,3892.47,662,2022
26145,58391,5683.81,1201,2022
26147,62162,6762.610000000001,1543,2022
26149,15919,3479.35,628,2022
26151,5998,1471.31,525,2022
26153,11399,353.72,787,2022
26155,7682,974.54,517,2022
26157,12882,2315.93,480,2022
26159,39076,5830.34,973,2022
26161,467832,48231.86,7680,2022
26163,187402,3015.86,4051,2022
26165,15225,621.52,510,2022
27001,17781,1293.06,1104,2022
27003,81809,11274.09,3681,2022
27005,25233,3457.01,1204,2022
27007,12179,522.85,1096,2022
27009,14174,4456.6,552,2022
27011,4818,1149.04,302,2022
27013,7781,1345.03,613,2022
27015,5052,918.64,334,2022
27017,14505,2474.3900000000003,1169,2022
27019,66639,21576.6,1677,2022
27021,29752,1076.34,1945,2022
27023,3589,694.18,364,2022
27025,20342,6678.83,1393,2022
27027,25342,8551.51,1662,2022
27029,5062,198.18,462,2022
27031,28481,66.22,2622,2022
27033,8771,2188.95,520,2022
27035,23852,1695.1899999999998,1968,2022
27037,183527,29497.26,6688,2022
27039,2954,1316.98,394,2022
27041,9283,1476.91,758,2022
27043,1921,440.92,182,2022
27045,11036,4117.89,917,2022
27047,6476,1606.42,452,2022
27049,44775,5983.84,1526,2022
27051,15567,8255.58,342,2022
27053,549061,16863.14,11550,2022
27055,13988,1453.55,1096,2022
27057,9381,950.88,902,2022
27059,10361,2897.11,607,2022
27061,13891,207.92,1377,2022
27063,6090,1623.97,601,2022
27065,5731,1189.07,477,2022
27067,6199,872.12,508,2022
27069,5142,975.28,571,2022
27071,8484,529.41,436,2022
27073,9090,3306.2200000000003,388,2022
27075,35975,54.78,3037,2022
27077,5342,492.34,358,2022
27079,12191,2299.39,1149,2022
27081,2299,752.89,199,2022
27083,12060,2138.92,440,2022
27085,3914,1228.87,416,2022
27087,3324,678.84,277,2022
27089,10230,2752.45,521,2022
27091,1318,377.61,210,2022
27093,8598,2132.7200000000003,568,2022
27095,8257,1477.46,680,2022
27097,8621,1819.37,582,2022
27099,8882,2173.87,447,2022
27101,3938,1569.05,304,2022
27103,4965,794.4,362,2022
27105,6754,2616.83,404,2022
27107,6362,1568.34,405,2022
27109,71885,12023.66,2352,2022
27111,27302,4043.35,1591,2022
27113,3005,951.58,300,2022
27115,19863,4356.6,1340,2022
27117,8735,1613.59,362,2022
27119,29317,10936.26,1123,2022
27121,3341,662.1,334,2022
27123,217893,2522.46,4788,2022
27125,1560,462.94,159,2022
27127,2351,864.89,314,2022
27129,7480,1681.94,451,2022
27131,42333,4816.69,2764,2022
27133,7430,4068.87,390,2022
27135,6389,1256.93,476,2022
27137,266433,10684.87,7790,2022
27139,58726,8495.89,2408,2022
27141,41770,12768.25,1452,2022
27143,7495,1630.84,405,2022
27145,51773,14852.37,3239,2022
27147,13335,5732.66,595,2022
27149,4190,804.06,281,2022
27151,2352,364.96,251,2022
27153,8039,1847.14,498,2022
27155,3304,1005.99,235,2022
27157,20395,10670.8,820,2022
27159,1888,239.68,284,2022
27161,7449,1521.89,215,2022
27163,158477,24367.76,4015,2022
27165,3544,1581.6899999999998,231,2022
27167,2027,520.32,259,2022
27169,17307,2292.8,1659,2022
27171,20180,3093.2,2049,2022
27173,7943,1754.03,391,2022
28001,10188,2559.11,571,2022
28003,2125,570.1899999999999,154,2022
28005,332,107.72,69,2022
28007,660,190.07,118,2022
28009,1309,397.44,93,2022
28011,2145,927.36,235,2022
28013,497,173.87,61,2022
28015,636,209.63,203,2022
28017,1134,236.33,131,2022
28019,1529,621.48,224,2022
28021,529,31.56,88,2022
28023,732,64.87,392,2022
28025,1450,223.78000000000003,96,2022
28027,1988,392.98,107,2022
28029,414,38.89,92,2022
28031,468,212.05,73,2022
28033,7251,1213.87,438,2022
28035,16344,1396.87,822,2022
28037,711,55.68000000000001,86,2022
28039,1803,63.34,130,2022
28041,322,8.32,112,2022
28043,2574,465.12,458,2022
28045,24030,680.53,720,2022
28047,44923,117.11,1408,2022
28049,24091,360.73,722,2022
28051,665,153.91,99,2022
28053,1374,503.65,99,2022
28055,1508,1170.32,48,2022
28057,1338,164.01,169,2022
28059,109074,631.9200000000001,2583,2022
28061,790,107.57,403,2022
28063,390,68.27,67,2022
28065,1522,700.23,42,2022
28067,4834,450.57,499,2022
28069,1858,98.1,111,2022
28071,31401,3410.5,735,2022
28073,4263,316.26,519,2022
28075,3248,554.98,363,2022
28077,69,8.58,44,2022
28079,742,133.21,103,2022
28081,3905,663.56,316,2022
28083,462,221.75,74,2022
28085,976,191.0,188,2022
28087,12329,1101.15,356,2022
28089,17140,1969.78,745,2022
28091,2819,20.73,98,2022
28093,4333,573.26,288,2022
28095,2348,549.15,154,2022
28097,245,41.0,71,2022
28099,705,147.07,73,2022
28101,986,308.48,299,2022
28103,9981,2314.85,275,2022
28105,12649,3148.92,1073,2022
28107,5614,1272.49,239,2022
28109,6012,1233.7,626,2022
28111,1575,98.2,284,2022
28113,907,106.49,115,2022
28115,1086,348.44,152,2022
28117,524,158.61,74,2022
28119,1396,1172.43,107,2022
28121,5202,244.26,557,2022
28123,1214,215.87,212,2022
28125,285,84.75,76,2022
28127,1689,517.95,295,2022
28129,414,95.07,218,2022
28131,2435,58.43,288,2022
28133,1389,1137.84,119,2022
28135,1136,549.1,180,2022
28137,2785,1932.75,129,2022
28139,2338,588.13,315,2022
28141,6817,412.77,270,2022
28143,4010,1948.7,96,2022
28145,3020,765.8399999999999,139,2022
28147,149,16.02,40,2022
28149,4658,1870.35,264,2022
28151,1819,492.66,146,2022
28153,992,71.16,494,2022
28155,114,27.09,61,2022
28157,920,153.76,118,2022
28159,1176,45.63,287,2022
28161,1071,255.0,125,2022
28163,1683,1123.13,248,2022
29001,9863,3166.06,210,2022
29003,575,180.3,83,2022
29005,369,117.69,145,2022
29007,692,234.01,123,2022
29009,7838,1164.95,650,2022
29011,16382,12551.46,526,2022
29013,2965,1701.63,187,2022
29015,6541,2641.94,324,2022
29017,16957,5282.410000000001,145,2022
29019,156593,37764.77,2998,2022
29021,25068,5838.36,493,2022
29023,4416,1528.0,337,2022
29025,1357,462.25,95,2022
29027,12579,5334.88,531,2022
29029,6256,136.81,470,2022
29031,30297,5553.74,679,2022
29033,1837,563.93,76,2022
29035,6533,345.09,306,2022
29037,21004,13239.52,527,2022
29039,4709,1331.68,195,2022
29041,3028,2166.6,105,2022
29043,9056,2323.85,552,2022
29045,2886,720.78,76,2022
29047,33572,8475.87,1204,2022
29049,3530,1724.34,238,2022
29051,19472,2494.31,453,2022
29053,2280,680.62,212,2022
29055,5368,2923.95,290,2022
29057,4687,1980.27,243,2022
29059,2787,736.69,226,2022
29061,4696,2678.23,120,2022
29063,1863,524.36,106,2022
29065,3403,455.79,359,2022
29067,1009,350.53,122,2022
29069,9671,2938.19,155,2022
29071,26560,3900.6,1379,2022
29073,1428,198.05,87,2022
29075,561,125.1,29,2022
29077,40029,8038.01,1635,2022
29079,1205,224.76,41,2022
29081,2697,1487.35,265,2022
29083,8237,1475.98,370,2022
29085,849,217.76,196,2022
29087,14714,890.74,321,2022
29089,1097,657.13,131,2022
29091,5654,830.17,244,2022
29093,9759,1242.78,307,2022
29095,91034,12712.44,2729,2022
29097,21870,922.09,602,2022
29099,49753,8564.1,2059,2022
29101,16014,2521.26,572,2022
29103,226,92.11,25,2022
29105,1669,269.27,229,2022
29107,4301,940.04,412,2022
29109,1672,800.53,223,2022
29111,12589,4626.58,199,2022
29113,26781,14829.31,573,2022
29115,4773,1337.59,124,2022
29117,4033,817.6899999999999,148,2022
29119,4416,721.61,510,2022
29121,4586,526.11,172,2022
29123,2349,563.66,243,2022
29125,912,297.39,70,2022
29127,2765,173.73,199,2022
29129,333,178.09,76,2022
29131,2898,344.7,149,2022
29133,4675,1327.71,214,2022
29135,1480,604.12,144,2022
29137,785,132.3,98,2022
29139,2271,520.95,268,2022
29141,1991,538.5,186,2022
29143,2014,809.41,173,2022
29145,10545,3517.23,529,2022
29147,4064,1517.77,133,2022
29149,8436,2211.51,215,2022
29151,1030,362.86,219,2022
29153,468,81.53,145,2022
29155,3104,1326.78,163,2022
29157,5705,931.94,282,2022
29159,2695,1163.66,263,2022
29161,33055,16366.28,585,2022
29163,7961,3142.64,223,2022
29165,30710,5046.9800000000005,824,2022
29167,5695,1184.81,394,2022
29169,3032,761.11,273,2022
29171,965,384.51,58,2022
29173,717,204.64,131,2022
29175,1088,113.76,83,2022
29177,3461,322.96999999999997,190,2022
29179,2640,344.53999999999996,300,2022
29181,2508,1562.3,152,2022
29183,126540,18175.48,2267,2022
29185,4992,1534.35,355,2022
29186,4252,854.47,377,2022
29187,7019,1453.23,523,2022
29189,228567,6859.2,6245,2022
29195,6449,2962.79,207,2022
29197,111,49.41,35,2022
29199,458,202.12,34,2022
29201,3403,1401.23,163,2022
29203,7855,571.79,609,2022
29205,833,286.18,45,2022
29207,9990,3088.1800000000003,284,2022
29209,5579,416.62,396,2022
29211,480,170.14,49,2022
29213,14861,1009.92,818,2022
29215,6565,2399.25,485,2022
29217,7836,2777.8,251,2022
29219,4103,748.69,387,2022
29221,2680,269.48,324,2022
29223,6020,668.75,282,2022
29225,2237,653.3,220,2022
29227,368,38.54,19,2022
29229,1318,534.02,125,2022
29510,96316,1.08,1634,2022
30001,21749,1766.3,1132,2022
30003,3151,165.81,316,2022
30005,4680,228.18,356,2022
30007,4423,345.88,309,2022
30009,20453,3400.6,1089,2022
30011,2803,49.71,354,2022
30013,34528,407.89,749,2022
30015,3312,136.72,236,2022
30017,4391,62.42,271,2022
30019,546,33.92,52,2022
30021,2366,129.34,241,2022
30023,26793,671.73,474,2022
30025,3877,133.33,105,2022
30027,13753,709.58,1050,2022
30029,87561,19763.72,3889,2022
30031,123918,15977.0,3750,2022
30033,669,38.81,110,2022
30035,18299,70.21000000000001,1702,2022
30037,1863,50.029999999999994,202,2022
30039,5478,519.15,471,2022
30041,1841,141.23,169,2022
30043,16950,432.35,496,2022
30045,1835,374.33,241,2022
30047,41711,8766.11,1910,2022
30049,71735,3513.91,1624,2022
30051,2045,197.08,100,2022
30053,9768,42.98,1033,2022
30055,1193,49.13,151,2022
30057,24118,1466.09,1235,2022
30059,3756,318.69,297,2022
30061,5925,88.89999999999999,609,2022
30063,123575,7431.24,3806,2022
30065,3198,46.75,173,2022
30067,16620,436.87,1231,2022
30069,1485,67.42999999999999,111,2022
30071,26112,352.43,1150,2022
30073,1489,97.43,145,2022
30075,1261,2.33,165,2022
30077,13374,1183.3,688,2022
30079,741,39.25,81,2022
30081,35653,6401.2699999999995,1254,2022
30083,2563,334.02,313,2022
30085,2042,91.81,214,2022
30087,1372,31.82,211,2022
30089,8950,852.84,624,2022
30091,10711,210.56,289,2022
30093,9064,106.99,538,2022
30095,6770,253.03,385,2022
30097,9408,140.64,449,2022
30099,12544,278.5,464,2022
30101,1272,108.5,162,2022
30103,753,51.42,70,2022
30105,9433,465.66,573,2022
30107,5763,1877.17,286,2022
30109,1488,90.83,155,2022
30111,32721,1421.9199999999998,1144,2022
31001,1668,334.03,225,2022
31003,2271,391.67,162,2022
31005,476,5.73,36,2022
31007,2900,210.13,331,2022
31009,404,5.99,51,2022
31011,477,77.62,87,2022
31013,980,148.52,122,2022
31015,655,34.38,55,2022
31017,1663,3.41,144,2022
31019,18971,436.77,553,2022
31021,3093,402.49,141,2022
31023,1169,273.78999999999996,94,2022
31025,8829,680.0600000000001,475,2022
31027,1888,433.57,165,2022
31029,667,19.709999999999997,55,2022
31031,11125,27.07,563,2022
31033,1561,82.93,208,2022
31035,2531,264.11,129,2022
31037,544,116.42,66,2022
31039,1297,192.38,96,2022
31041,1863,509.47,165,2022
31043,6438,317.71999999999997,114,2022
31045,8883,72.45,541,2022
31047,1507,100.35,316,2022
31049,1290,98.54,153,2022
31051,5028,973.32,265,2022
31053,8300,242.69,311,2022
31055,55391,1629.48,2098,2022
31057,2925,147.56,116,2022
31059,657,215.56,75,2022
31061,658,61.629999999999995,64,2022
31063,801,83.64999999999999,68,2022
31065,881,139.35,52,2022
31067,3069,145.17,181,2022
31069,5672,210.68,314,2022
31071,980,53.18999999999999,66,2022
31073,530,34.6,40,2022
31075,1181,0.0,88,2022
31077,458,12.07,36,2022
31079,12413,1019.03,602,2022
31081,1852,372.9,190,2022
31083,3644,91.29,97,2022
31085,338,34.26,28,2022
31087,780,5.23,32,2022
31089,906,68.25,113,2022
31091,448,0.0,35,2022
31093,1169,26.16,76,2022
31095,4643,548.31,209,2022
31097,1109,328.42,119,2022
31099,2205,323.37,113,2022
31101,13545,1029.96,541,2022
31103,577,12.39,69,2022
31105,5433,245.38,265,2022
31107,3549,136.19,244,2022
31109,100335,11490.81,3133,2022
31111,20015,1093.67,993,2022
31113,219,8.280000000000001,35,2022
31115,1308,7.140000000000001,92,2022
31117,404,13.260000000000002,33,2022
31119,8884,472.55,219,2022
31121,1559,196.28,87,2022
31123,1869,96.26,163,2022
31125,1077,37.03,59,2022
31127,2331,454.18,228,2022
31129,666,230.33,52,2022
31131,7174,764.92,358,2022
31133,1419,139.99,91,2022
31135,255,93.69,33,2022
31137,2147,98.14,93,2022
31139,1687,456.25,144,2022
31141,4425,223.91,199,2022
31143,724,198.97,99,2022
31145,901,74.56,62,2022
31147,2049,452.41,289,2022
31149,2609,4.72,121,2022
31151,2561,248.99,134,2022
31153,46217,1335.11,1161,2022
31155,4834,820.76,270,2022
31157,25376,690.27,972,2022
31159,8150,571.22,411,2022
31161,3540,26.9,257,2022
31163,672,17.62,48,2022
31165,7170,89.37,645,2022
31167,3396,425.47,134,2022
31169,668,211.53,83,2022
31171,1038,0.0,98,2022
31173,486,96.07,70,2022
31175,534,15.750000000000002,49,2022
31177,9508,1048.14,280,2022
31179,2278,470.53,112,2022
31181,789,65.1,76,2022
31183,1163,30.73,98,2022
31185,6800,846.32,214,2022
32001,12410,708.9,498,2022
32003,321252,9319.91,9606,2022
32005,13774,370.68,1126,2022
32007,31676,1026.11,1675,2022
32009,12845,62.04,1195,2022
32011,660,2.81,210,2022
32013,4185,63.55,712,2022
32015,2980,60.53999999999999,309,2022
32017,12016,360.16,858,2022
32019,9633,871.18,641,2022
32021,5124,148.92000000000002,627,2022
32023,23623,326.12,1911,2022
32027,3060,97.08,318,2022
32029,3914,453.12,214,2022
32031,157670,10649.250000000002,4787,2022
32033,12198,149.12,1975,2022
32510,12211,1039.28,537,2022
33001,33609,803.78,1361,2022
33003,80216,1665.14,3283,2022
33005,102235,14537.73,3601,2022
33007,73130,5732.78,3056,2022
33009,126969,14090.16,6808,2022
33011,125516,8432.57,5193,2022
33013,100351,13826.47,4654,2022
33015,187531,8062.79,4603,2022
33017,113860,7321.45,1891,2022
33019,37617,7012.780000000001,2583,2022
34001,276382,1672.23,2553,2022
34003,191129,2108.49,3545,2022
34005,181573,18839.11,4571,2022
34007,78642,489.19,2219,2022
34009,790174,27380.07,3231,2022
34011,49204,3708.4,1124,2022
34013,77018,4.45,1949,2022
34015,77251,2625.12,2401,2022
34017,47415,823.5899999999999,1115,2022
34019,156800,27637.02,2764,2022
34021,146764,13167.46,3083,2022
34023,110928,4201.38,3749,2022
34025,237720,18954.28,3808,2022
34027,141387,6148.51,5021,2022
34029,234929,2717.54,4376,2022
34031,78267,859.3,1672,2022
34033,21826,3538.19,1000,2022
34035,147881,10742.38,3358,2022
34037,102864,13890.27,2953,2022
34039,61997,6.83,1660,2022
34041,60500,5540.8,1882,2022
35001,324349,21458.85,8807,2022
35003,13907,17.540000000000003,989,2022
35005,22349,262.07,937,2022
35006,11811,374.46,653,2022
35007,19619,806.48,1512,2022
35009,4949,164.29,351,2022
35011,10406,531.64,393,2022
35013,75563,8515.710000000001,3043,2022
35015,42185,8259.68,3184,2022
35017,44614,545.61,2219,2022
35019,10539,3.59,492,2022
35021,1861,15.36,195,2022
35023,27762,182.58,1802,2022
35025,7574,57.99,476,2022
35027,10793,194.52,1126,2022
35028,70459,453.03,866,2022
35029,8678,161.13,837,2022
35031,5623,17.22,572,2022
35033,3883,152.94,423,2022
35035,22192,341.91,2482,2022
35037,5457,73.81,509,2022
35039,19297,2300.15,1362,2022
35041,13863,514.98,411,2022
35043,53043,3666.82,2391,2022
35045,10699,896.69,1091,2022
35047,17806,1675.1799999999998,1015,2022
35049,141826,7256.7,4302,2022
35051,47636,3047.89,1118,2022
35053,141608,17043.14,2465,2022
35055,33877,778.31,1863,2022
35057,14269,314.03000000000003,1042,2022
35059,4983,79.91000000000001,560,2022
35061,16340,2853.53,551,2022
36001,150788,9350.84,3862,2022
36003,27565,4831.4,1149,2022
36005,70354,2687.08,1832,2022
36007,94956,6912.9800000000005,2316,2022
36009,37857,6899.6,2684,2022
36011,45461,6341.69,1960,2022
36013,87171,14330.57,3042,2022
36015,39290,4393.4800000000005,929,2022
36017,27576,4897.64,1273,2022
36019,17432,2318.02,1249,2022
36021,88857,27787.18,2654,2022
36023,24279,3424.11,1395,2022
36025,40092,9050.65,1706,2022
36027,201135,29827.56,5316,2022
36029,277825,18303.78,6054,2022
36031,85482,5659.73,4194,2022
36033,50592,4389.6900000000005,2635,2022
36035,11942,947.67,672,2022
36037,43434,6089.05,1226,2022
36039,36607,4759.4800000000005,1982,2022
36041,28889,36.23,1955,2022
36043,35342,11192.97,1385,2022
36045,56522,9823.55,2608,2022
36047,440812,22.28,3580,2022
36049,11865,1881.08,841,2022
36051,68503,23973.8,1802,2022
36053,42137,11787.17,1589,2022
36055,368488,45579.49,6670,2022
36057,29943,10905.39,1039,2022
36059,264236,862.41,5443,2022
36061,561438,0.0,3054,2022
36063,63608,12128.98,2120,2022
36065,60008,11893.18,2410,2022
36067,146247,16309.45,5036,2022
36069,86488,26200.5,2734,2022
36071,162097,27246.45,4290,2022
36073,34701,11207.28,798,2022
36075,89267,21899.9,2202,2022
36077,49181,11481.61,2015,2022
36079,42243,2606.95,2021,2022
36081,222179,21.64,3911,2022
36083,68252,13385.92,2221,2022
36085,138287,5364.050000000001,2165,2022
36087,87250,69.98,2446,2022
36089,64377,10290.63,3609,2022
36091,130492,12273.48,3324,2022
36093,21374,1637.53,1007,2022
36095,13711,3745.55,883,2022
36097,33654,9465.11,1340,2022
36099,160645,25925.49,2117,2022
36101,25442,4360.88,1575,2022
36103,535425,27027.92,10567,2022
36105,80783,7278.44,1890,2022
36107,49390,10113.82,1330,2022
36109,490897,64489.9,8087,2022
36111,181561,30489.66,6009,2022
36113,30376,367.87,2253,2022
36115,31317,10258.85,1573,2022
36117,80421,32573.51,1785,2022
36119,313502,10783.22,7018,2022
36121,25204,5001.0,940,2022
36123,22793,6204.08,1112,2022
37001,29040,3206.8599999999997,1495,2022
37003,3408,373.04,346,2022
37005,6658,1187.16,434,2022
37007,14784,2894.78,1333,2022
37009,13331,1467.93,1187,2022
37011,28075,2880.83,1652,2022
37013,25391,1995.96,834,2022
37015,2194,288.26,163,2022
37017,15013,1293.66,596,2022
37019,79496,1004.93,3445,2022
37021,229434,16013.71,7504,2022
37023,11119,826.83,1278,2022
37025,27016,5369.68,1155,2022
37027,7846,1243.19,829,2022
37029,4235,1065.03,247,2022
37031,53239,1208.22,1867,2022
37033,6885,708.42,354,2022
37035,17409,5216.45,1048,2022
37037,112673,3944.67,2865,2022
37039,6840,956.78,534,2022
37041,8907,3576.96,172,2022
37043,6955,1039.5,822,2022
37045,31817,10132.42,511,2022
37047,8516,485.98,710,2022
37049,48674,438.26,1200,2022
37051,41568,4671.530000000001,1078,2022
37053,26273,1458.97,1164,2022
37055,278149,6891.26,3467,2022
37057,6105,364.32,1179,2022
37059,3126,772.1999999999999,281,2022
37061,6376,1337.45,500,2022
37063,167795,16929.57,5664,2022
37065,8864,1754.64,400,2022
37067,154405,7525.72,2519,2022
37069,11678,2393.13,639,2022
37071,31054,1885.66,908,2022
37073,13091,629.6,247,2022
37075,6738,86.91000000000001,705,2022
37077,17392,2960.44,545,2022
37079,2677,1022.99,128,2022
37081,140145,13715.48,3502,2022
37083,4906,619.97,365,2022
37085,14523,1602.98,1007,2022
37087,51765,4684.72,2713,2022
37089,94373,12609.39,2363,2022
37091,1175,267.06,105,2022
37093,6917,155.56,245,2022
37095,31698,2500.27,879,2022
37097,9733,1512.2,1101,2022
37099,24202,891.85,1962,2022
37101,32660,5243.56,1639,2022
37103,5075,830.26,348,2022
37105,5258,592.16,424,2022
37107,5201,1659.45,275,2022
37109,3985,385.26,266,2022
37111,13501,858.1500000000001,953,2022
37113,19698,690.88,3498,2022
37115,15401,2347.68,1621,2022
37117,4826,1082.81,397,2022
37119,183154,20000.25,4820,2022
37121,6203,634.62,617,2022
37123,4866,322.34000000000003,654,2022
37125,52368,1527.71,1217,2022
37127,6133,909.06,553,2022
37129,109327,64.64,3105,2022
37131,3063,508.04,190,2022
37133,19815,232.34,1002,2022
37135,256597,48291.1,5237,2022
37137,24863,1866.63,694,2022
37139,5443,291.71,198,2022
37141,15986,721.46,1714,2022
37143,1571,295.48,101,2022
37145,11542,3574.87,352,2022
37147,23741,5234.8,840,2022
37149,27586,4038.35,872,2022
37151,7362,1139.85,949,2022
37153,5371,421.61,660,2022
37155,6557,1472.9999999999998,493,2022
37157,30577,4015.58,960,2022
37159,18531,2536.33,727,2022
37161,13298,1910.59,765,2022
37163,8103,1967.96,634,2022
37165,12191,2521.6,442,2022
37167,12284,1863.94,560,2022
37169,13462,2898.84,730,2022
37171,10871,1951.44,866,2022
37173,21144,3519.14,2236,2022
37175,62348,10262.94,2525,2022
37177,8602,2244.86,360,2022
37179,15231,2386.84,1082,2022
37181,2392,252.28,257,2022
37183,543469,64685.15,10992,2022
37185,6057,756.39,267,2022
37187,10168,1283.4,436,2022
37189,81664,10690.33,2766,2022
37191,9193,995.48,493,2022
37193,13681,2692.19,1023,2022
37195,22702,1226.56,415,2022
37197,5309,2004.6,422,2022
37199,30652,9653.5,1309,2022
38001,2109,153.88,149,2022
38003,12175,2321.46,648,2022
38005,4271,421.37,226,2022
38007,14270,129.81,947,2022
38009,4862,2599.34,289,2022
38011,8047,511.48,348,2022
38013,4085,394.16,185,2022
38015,21000,513.11,952,2022
38017,46243,8948.85,1491,2022
38019,1648,435.32,131,2022
38021,1009,249.73,117,2022
38023,1714,92.24,109,2022
38025,3573,93.84,171,2022
38027,1867,761.83,114,2022
38029,2734,129.74,193,2022
38031,1280,317.88,109,2022
38033,3328,136.45000000000002,193,2022
38035,38470,8991.91,819,2022
38037,1087,29.17,77,2022
38039,2726,803.03,149,2022
38041,1197,87.09,90,2022
38043,13969,1044.22,620,2022
38045,778,340.84,129,2022
38047,2098,204.39,131,2022
38049,5339,524.97,250,2022
38051,1919,257.49,167,2022
38053,9468,676.87,867,2022
38055,7185,430.64,376,2022
38057,6566,246.05,269,2022
38059,7984,161.07,459,2022
38061,9188,334.82,257,2022
38063,2060,636.17,142,2022
38065,2831,124.93,168,2022
38067,2310,467.18,205,2022
38069,2222,169.02,138,2022
38071,2667,467.09,218,2022
38073,2419,738.11,192,2022
38075,1191,100.44,81,2022
38077,4155,608.98,321,2022
38079,998,167.29,92,2022
38081,3079,803.66,133,2022
38083,7153,2116.77,189,2022
38085,1187,105.18,100,2022
38087,5761,337.25,299,2022
38089,12017,774.25,594,2022
38091,8181,635.03,102,2022
38093,26820,2292.2,1079,2022
38095,901,212.88,80,2022
38097,3355,963.02,170,2022
38099,2576,1040.68,174,2022
38101,17089,1802.08,490,2022
38103,4714,1369.5,183,2022
38105,8261,324.87,468,2022
39001,14622,1996.92,1113,2022
39003,20847,4750.660000000001,715,2022
39005,26154,10736.9,1166,2022
39007,26102,2756.4,3435,2022
39009,65617,6044.28,3005,2022
39011,3677,1630.25,271,2022
39013,7472,1499.41,356,2022
39015,5230,1070.18,444,2022
39017,79958,19037.52,4715,2022
39019,3188,418.14,328,2022
39021,9825,1904.04,888,2022
39023,38998,9567.41,1279,2022
39025,95229,18603.05,2411,2022
39027,29508,6268.5599999999995,772,2022
39029,15559,2235.28,662,2022
39031,13243,3159.07,564,2022
39033,4316,1372.78,307,2022
39035,370830,3815.46,7319,2022
39037,8793,2662.89,520,2022
39039,3125,1263.3,247,2022
39041,159181,16473.3,2758,2022
39043,113571,7558.47,1844,2022
39045,44963,3394.14,1398,2022
39047,2077,944.1,242,2022
39049,431806,63697.88,6726,2022
39051,5721,1412.87,533,2022
39053,3084,1094.16,307,2022
39055,96887,13888.3,2161,2022
39057,58098,13308.41,2107,2022
39059,10644,1956.28,450,2022
39061,195683,43851.94,7582,2022
39063,15533,3001.13,728,2022
39065,10938,5168.26,317,2022
39067,8761,2357.2200000000003,356,2022
39069,2975,810.78,393,2022
39071,10539,2156.2200000000003,584,2022
39073,24588,1059.5,1705,2022
39075,23476,8063.42,1133,2022
39077,7480,937.49,439,2022
39079,2856,423.91,513,2022
39081,17347,1730.87,295,2022
39083,32781,9625.17,1081,2022
39085,113493,6695.32,2118,2022
39087,8956,705.88,524,2022
39089,72044,18987.21,2099,2022
39091,28234,8015.51,719,2022
39093,126331,18969.15,2308,2022
39095,673968,21792.87,4422,2022
39097,8545,2481.53,493,2022
39099,42335,17523.84,886,2022
39101,42799,16138.54,521,2022
39103,66474,20956.92,1914,2022
39105,3024,902.21,279,2022
39107,2618,870.89,192,2022
39109,28947,11893.429999999998,827,2022
39111,1650,363.6,141,2022
39113,99505,7543.2,3033,2022
39115,7042,756.4399999999999,294,2022
39117,8723,2466.65,672,2022
39119,28623,7342.37,953,2022
39121,3409,964.85,155,2022
39123,204075,15346.29,1807,2022
39125,4156,771.45,130,2022
39127,23442,3975.91,411,2022
39129,14865,5632.43,653,2022
39131,1208,150.5,464,2022
39133,72222,10339.32,3118,2022
39135,30207,10828.9,806,2022
39137,2650,635.4,137,2022
39139,48374,11984.9,1294,2022
39141,6220,1759.48,672,2022
39143,40302,8502.13,1052,2022
39145,18711,1147.84,873,2022
39147,8226,2691.89,354,2022
39149,3929,744.62,278,2022
39151,109234,17522.83,2747,2022
39153,189889,17384.32,6573,2022
39155,56654,9340.73,941,2022
39157,14083,3942.85,586,2022
39159,44422,18938.25,612,2022
39161,1718,488.22,141,2022
39163,11858,1359.38,679,2022
39165,47008,13703.1,2118,2022
39167,18670,1788.71,604,2022
39169,109592,16748.62,1778,2022
39171,5247,1560.97,406,2022
39173,28256,2968.85,1257,2022
39175,19364,12567.51,450,2022
40001,583,232.85,159,2022
40003,12803,653.73,332,2022
40005,1720,338.69,332,2022
40007,2108,104.45,264,2022
40009,1356,79.8,268,2022
40011,1653,117.82,177,2022
40013,3787,226.42,296,2022
40015,2068,162.4,301,2022
40017,8058,782.87,525,2022
40019,19273,69.39,513,2022
40021,11544,1060.15,687,2022
40023,1744,1167.3,120,2022
40025,11616,461.21,751,2022
40027,42105,997.52,2112,2022
40029,474,38.75,65,2022
40031,23415,57.26,1077,2022
40033,891,208.21,187,2022
40035,932,372.77,146,2022
40037,4244,314.46,507,2022
40039,8392,688.02,556,2022
40041,3473,597.31,473,2022
40043,793,76.39,151,2022
40045,860,42.96,135,2022
40047,8117,1858.18,378,2022
40049,697,18.02,151,2022
40051,1937,42.01,235,2022
40053,1180,512.29,146,2022
40055,835,58.84,99,2022
40057,584,82.24,48,2022
40059,1087,159.19,203,2022
40061,300,87.7,67,2022
40063,5359,686.35,107,2022
40065,2417,445.99,205,2022
40067,484,30.4,63,2022
40069,13185,1078.35,466,2022
40071,2258,192.2,227,2022
40073,915,143.75,127,2022
40075,1175,117.99,116,2022
40077,582,53.15,118,2022
40079,2382,280.99,410,2022
40081,4343,28.24,452,2022
40083,7587,224.49,533,2022
40085,1145,41.61,243,2022
40087,2178,223.36,499,2022
40089,16135,920.12,877,2022
40091,1507,198.07,230,2022
40093,1891,241.6,218,2022
40095,1669,20.58,214,2022
40097,2683,508.61,420,2022
40099,2582,148.94,419,2022
40101,2540,431.72,478,2022
40103,3859,192.49,412,2022
40105,424,134.5,81,2022
40107,493,81.2,107,2022
40109,90004,513.81,3113,2022
40111,1760,202.87,229,2022
40113,12962,2473.0,1990,2022
40115,1042,212.22,224,2022
40117,2675,31.880000000000003,416,2022
40119,62582,715.26,1547,2022
40121,1561,117.66,248,2022
40123,946,216.22,227,2022
40125,4752,34.2,286,2022
40127,1236,133.51,233,2022
40129,877,56.72,125,2022
40131,6356,1025.2,778,2022
40133,639,26.08,156,2022
40135,9177,2220.0,492,2022
40137,1644,50.68,171,2022
40139,3317,437.96,392,2022
40141,2428,309.76,117,2022
40143,74870,9280.43,3455,2022
40145,5065,1173.16,380,2022
40147,4539,682.46,254,2022
40149,2945,121.62,278,2022
40151,3172,151.52,304,2022
40153,6233,78.56,621,2022
41001,21627,1937.72,2048,2022
41003,366338,117082.91,6668,2022
41005,110555,16823.64,5164,2022
41007,97504,4356.83,2985,2022
41009,94262,18563.87,2049,2022
41011,47101,808.57,1652,2022
41013,23386,5050.99,1347,2022
41015,25088,1326.28,2063,2022
41017,225771,1044.95,5314,2022
41019,34774,4179.26,3756,2022
41021,6536,373.35,358,2022
41023,15521,272.19,1199,2022
41025,126820,8596.78,2939,2022
41027,22205,759.07,2047,2022
41029,163258,26965.18,4503,2022
41031,25486,745.16,1618,2022
41033,51776,3006.49,2672,2022
41035,85289,5311.7,2910,2022
41037,43883,3419.57,1767,2022
41039,374559,72598.22,12015,2022
41041,120781,1197.71,3531,2022
41043,62605,18465.75,4209,2022
41045,12444,802.56,1214,2022
41047,143739,47171.92,3006,2022
41049,8655,1847.6,521,2022
41051,448876,39714.32,9651,2022
41053,71685,27769.64,2014,2022
41055,15662,1615.62,708,2022
41057,130870,6256.95,3497,2022
41059,33200,3706.96,1537,2022
41061,75712,14619.08,2052,2022
41063,23255,2641.26,1819,2022
41065,32196,1542.64,2165,2022
41067,306633,48854.83,4972,2022
41069,9701,92.97,835,2022
41071,19948,6799.8,1246,2022
42001,51701,17770.5,1525,2022
42003,312493,23510.99,10066,2022
42005,24003,4335.98,1305,2022
42007,27163,4012.44,1323,2022
42009,28441,6932.42,1288,2022
42011,157131,33243.69,3889,2022
42013,46497,3993.06,1059,2022
42015,8831,1653.33,552,2022
42017,270757,39523.95,5697,2022
42019,103635,7841.93,2584,2022
42021,18092,3156.38,1075,2022
42023,9654,928.9,488,2022
42025,37254,7018.76,1235,2022
42027,218966,48591.31,4685,2022
42029,430491,117637.9,6943,2022
42031,29073,5458.03,1588,2022
42033,20608,995.11,1074,2022
42035,32774,4321.49,942,2022
42037,8417,1412.66,693,2022
42039,43222,7976.539999999999,2196,2022
42041,138465,21983.57,3125,2022
42043,80832,7691.610000000001,2571,2022
42045,225505,9817.56,3288,2022
42047,15608,956.09,1020,2022
42049,123188,6863.9400000000005,2907,2022
42051,29237,2678.4,1731,2022
42053,8958,786.9,802,2022
42055,77430,15828.17,1744,2022
42057,17986,3969.04,657,2022
42059,5043,965.13,462,2022
42061,85195,13923.58,2035,2022
42063,75829,14057.65,1836,2022
42065,9537,2734.44,703,2022
42067,29470,8886.57,501,2022
42069,49400,8156.49,1716,2022
42071,252331,60798.49,4678,2022
42073,28295,9606.67,1161,2022
42075,74126,12222.59,1329,2022
42077,98893,17698.04,2299,2022
42079,119836,26706.94,2747,2022
42081,55985,10052.39,1219,2022
42083,24584,888.98,1446,2022
42085,48789,5410.15,1689,2022
42087,10847,1753.7,423,2022
42089,89888,5975.990000000001,2775,2022
42091,455070,57819.86,7417,2022
42093,15236,5648.66,499,2022
42095,112101,26385.48,2894,2022
42097,18759,4579.36,576,2022
42099,31912,10557.97,980,2022
42101,340270,2235.98,5197,2022
42103,38594,885.9800000000001,1670,2022
42105,9026,872.03,626,2022
42107,61217,5309.49,1353,2022
42109,11533,4047.12,462,2022
42111,24027,2832.84,2080,2022
42113,6312,392.82,376,2022
42115,45218,14516.31,955,2022
42117,51882,12343.73,1134,2022
42119,14390,2340.27,728,2022
42121,6710,963.48,663,2022
42123,14535,728.23,1459,2022
42125,54367,5779.9,1943,2022
42127,25297,3343.42,1219,2022
42129,70200,7131.02,3293,2022
42131,14702,1926.7,453,2022
42133,120820,16810.09,3129,2022
44001,39252,1567.7900000000002,835,2022
44003,40933,367.98,1192,2022
44005,77731,4486.91,1593,2022
44007,96916,5561.73,3366,2022
44009,220127,7276.08,3979,2022
45001,14252,2535.93,340,2022
45003,66340,2748.29,1309,2022
45005,3357,1780.44,158,2022
45007,42302,14312.81,1084,2022
45009,1406,110.23,95,2022
45011,2295,151.35,201,2022
45013,203283,1365.98,3712,2022
45015,28399,147.94,1694,2022
45017,2150,554.84,285,2022
45019,312815,3465.87,5696,2022
45021,11868,4640.43,422,2022
45023,2646,207.77,288,2022
45025,7071,333.87,653,2022
45027,31046,5556.82,431,2022
45029,61135,6545.230000000001,1098,2022
45031,5453,408.59,298,2022
45033,1401,181.9,171,2022
45035,27919,443.82,1070,2022
45037,4148,672.15,281,2022
45039,2143,67.57,255,2022
45041,4536,901.65,487,2022
45043,119705,1610.52,1678,2022
45045,131430,7177.1,3352,2022
45047,8286,650.46,408,2022
45049,6024,180.8,265,2022
45051,75919,1311.43,2569,2022
45053,19800,155.36,794,2022
45055,22216,1116.44,515,2022
45057,5131,816.0,377,2022
45059,5951,2283.66,347,2022
45061,5895,2993.4100000000003,210,2022
45063,66222,4387.1,1588,2022
45065,4684,153.22,354,2022
45067,1320,155.99,104,2022
45069,2350,170.54,116,2022
45071,12188,1188.62,653,2022
45073,19194,1536.85,1723,2022
45075,14736,7098.3,642,2022
45077,38300,4228.1900000000005,2011,2022
45079,75036,2630.57,2962,2022
45081,4650,866.4599999999999,196,2022
45083,32324,4869.21,1108,2022
45085,3966,682.73,379,2022
45087,2257,381.17,264,2022
45089,3757,1389.13,146,2022
45091,44818,8302.86,1439,2022
46003,1380,407.01,124,2022
46005,2000,1144.47,154,2022
46007,1755,15.0,75,2022
46009,572,54.22,66,2022
46011,9520,2377.48,624,2022
46013,12236,3469.55,545,2022
46015,1149,297.62,146,2022
46017,237,13.7,51,2022
46019,3696,72.96000000000001,290,2022
46021,334,65.81,36,2022
46023,3540,460.78,258,2022
46025,443,46.1,72,2022
46027,6122,2239.76,250,2022
46029,3212,290.95,200,2022
46031,754,74.09,98,2022
46033,24105,56.51,1651,2022
46035,1654,644.38,190,2022
46037,2728,264.94,171,2022
46039,1825,240.41,132,2022
46041,617,5.9,66,2022
46043,3452,389.95,103,2022
46045,567,285.21,72,2022
46047,6187,117.71999999999998,403,2022
46049,1077,478.96,232,2022
46051,984,239.63,118,2022
46053,1537,20.45,140,2022
46055,529,13.05,69,2022
46057,908,342.19,63,2022
46059,3961,907.49,336,2022
46061,471,180.42,72,2022
46063,3129,80.05,265,2022
46065,10059,116.51,239,2022
46067,391,90.21,65,2022
46069,960,37.63,49,2022
46071,5493,14.59,413,2022
46073,171,62.0,32,2022
46075,1108,46.72,118,2022
46077,502,132.87,64,2022
46079,1450,273.74,117,2022
46081,9571,23.09,760,2022
46083,8825,1910.8,418,2022
46085,2165,169.44,318,2022
46087,1137,427.37,137,2022
46089,3494,186.62,156,2022
46091,2322,318.63,150,2022
46093,3874,68.34,368,2022
46095,122,3.35,32,2022
46097,372,198.71,60,2022
46099,17960,4624.16,1041,2022
46101,2643,1080.3300000000002,132,2022
46102,495,9.38,109,2022
46103,27061,222.15,1919,2022
46105,848,61.38,96,2022
46107,219,55.0,44,2022
46109,5699,1632.36,452,2022
46111,3532,1927.94,142,2022
46115,1085,432.9,89,2022
46117,6481,119.64,264,2022
46119,1613,291.76,107,2022
46121,300,9.41,59,2022
46123,421,30.93,67,2022
46125,521,209.23,57,2022
46127,3580,161.96,170,2022
46129,807,47.03,86,2022
46135,9277,409.57,282,2022
46137,471,4.77,50,2022
47001,51698,5149.95,1264,2022
47003,5608,1643.46,365,2022
47005,7674,963.61,187,2022
47007,8414,2816.24,201,2022
47009,129313,43945.98,3202,2022
47011,22761,4158.4,655,2022
47013,17407,4594.96,589,2022
47015,3013,1671.43,165,2022
47017,1308,49.46,110,2022
47019,22088,3293.95,1498,2022
47021,7558,899.8000000000001,625,2022
47023,1425,258.85,120,2022
47025,1605,197.2,214,2022
47027,1954,320.97,95,2022
47029,5957,275.6,822,2022
47031,8551,3046.45,755,2022
47033,659,251.03,129,2022
47035,11019,1367.0700000000002,860,2022
47037,209141,21841.77,4806,2022
47039,907,352.71,186,2022
47041,4640,447.66,304,2022
47043,4733,833.4,420,2022
47045,4256,1987.21,300,2022
47047,12383,4761.2699999999995,393,2022
47049,3691,427.59,357,2022
47051,14724,2499.25,1018,2022
47053,13755,7882.299999999999,726,2022
47055,5694,4589.63,200,2022
47057,22447,14104.05,283,2022
47059,15150,4767.41,800,2022
47061,4779,1300.35,602,2022
47063,3294,706.74,312,2022
47065,166335,5765.27,4343,2022
47067,384,49.46,82,2022
47069,2017,519.25,110,2022
47071,6578,1158.36,374,2022
47073,34980,15181.440000000002,636,2022
47075,4850,190.49,140,2022
47077,1696,212.58,218,2022
47079,18545,5515.28,332,2022
47081,1471,383.36,201,2022
47083,9758,3424.41,103,2022
47085,47003,17706.35,660,2022
47087,1165,187.44,182,2022
47089,4549,1504.61,460,2022
47091,5185,1308.32,406,2022
47093,199427,28503.81,4276,2022
47095,11234,4496.45,586,2022
47097,3152,1331.61,121,2022
47099,2337,880.52,219,2022
47101,2703,221.73,282,2022
47103,11567,5193.83,312,2022
47105,9855,2508.85,519,2022
47107,3060,520.12,335,2022
47109,773,128.02,129,2022
47111,803,327.74,173,2022
47113,5555,1040.06,473,2022
47115,10579,1168.3,870,2022
47117,5084,1023.68,302,2022
47119,5057,1017.5,659,2022
47121,10672,3437.26,177,2022
47123,9084,1700.35,596,2022
47125,59064,8164.140000000001,1242,2022
47127,2499,766.02,91,2022
47129,4728,458.54,520,2022
47131,4034,1070.49,507,2022
47133,849,131.24,174,2022
47135,5766,1350.42,217,2022
47137,1477,230.42,163,2022
47139,4121,833.6,614,2022
47141,20820,1269.37,681,2022
47143,4598,780.5,321,2022
47145,28497,8246.81,685,2022
47147,3545,1608.96,428,2022
47149,54345,8819.39,1782,2022
47151,8546,4390.28,524,2022
47153,4271,1236.74,283,2022
47155,45921,6288.91,4335,2022
47157,143609,42629.29,2698,2022
47159,4171,1147.7,193,2022
47161,12415,4896.9,663,2022
47163,56555,8069.570000000001,2005,2022
47165,32435,3422.97,998,2022
47167,2890,688.47,162,2022
47169,440,179.07,64,2022
47171,4063,190.75,921,2022
47173,8466,822.22,290,2022
47175,1995,243.75,322,2022
47177,5853,2306.38,347,2022
47179,27919,3589.98,1400,2022
47181,693,105.56,112,2022
47183,4890,1860.95,206,2022
47185,4071,1601.49,556,2022
47187,58826,11472.55,1898,2022
47189,21100,5172.79,1436,2022
48001,8210,1422.97,814,2022
48003,867,2.1,93,2022
48005,34420,726.01,1211,2022
48007,94191,2313.39,1569,2022
48009,7323,632.79,467,2022
48011,1129,215.0,162,2022
48013,5104,947.04,636,2022
48015,26223,12502.62,759,2022
48017,1476,74.92999999999999,173,2022
48019,29807,31.630000000000003,1497,2022
48021,58783,14923.3,2542,2022
48023,1822,227.37,288,2022
48025,12703,3086.45,275,2022
48027,59239,7204.45,2764,2022
48029,278890,6003.84,14385,2022
48031,29091,9.34,1485,2022
48033,392,22.22,43,2022
48035,9039,63.599999999999994,617,2022
48037,19502,5737.44,568,2022
48039,148793,19676.68,3793,2022
48041,85182,14459.16,2928,2022
48043,103415,0.06,4913,2022
48045,1543,101.98,236,2022
48047,3458,382.08,330,2022
48049,2942,6.08,315,2022
48051,18119,10498.31,648,2022
48053,54896,32.26,4077,2022
48055,8339,2209.4700000000003,708,2022
48057,28539,3040.17,712,2022
48059,3071,66.34,399,2022
48061,504873,54069.48,6777,2022
48063,1978,438.9,122,2022
48065,1725,472.3,202,2022
48067,3674,744.57,359,2022
48069,597,107.74,71,2022
48071,129619,51681.14,1731,2022
48073,4724,1078.48,470,2022
48075,997,23.72,109,2022
48077,11836,186.7,710,2022
48079,1176,394.82,105,2022
48081,1469,18.8,122,2022
48083,3510,49.78,210,2022
48085,96749,1216.57,4658,2022
48087,742,63.23,40,2022
48089,21360,14714.79,856,2022
48091,56326,149.56,3587,2022
48093,2804,105.46,262,2022
48095,1661,61.33,140,2022
48097,4791,319.74,679,2022
48099,13632,21.48,744,2022
48101,1723,57.71,150,2022
48103,377,0.0,51,2022
48105,3887,1.13,358,2022
48107,8962,1890.33,414,2022
48109,17597,95.56,1241,2022
48111,1760,198.42,248,2022
48113,183100,10747.07,8725,2022
48115,565,159.18,106,2022
48117,1010,354.13,103,2022
48119,1693,563.13,206,2022
48121,115332,4698.81,7213,2022
48123,12801,7288.580000000001,274,2022
48125,3639,239.93,165,2022
48127,6790,7.88,252,2022
48129,1369,36.76,150,2022
48131,10876,142.38,349,2022
48133,2747,83.28,285,2022
48135,3251,1.0,392,2022
48137,14244,0.0,821,2022
48139,35217,3099.78,1582,2022
48141,75454,110.41,3107,2022
48143,3128,27.59,709,2022
48145,2122,593.38,288,2022
48147,7168,2401.39,881,2022
48149,6457,2177.84,680,2022
48151,1665,258.20000000000005,167,2022
48153,1524,341.17,159,2022
48155,1269,110.95,226,2022
48157,233619,25675.22,5167,2022
48159,2720,884.17,190,2022
48161,6767,730.1800000000001,487,2022
48163,5970,853.64,1433,2022
48165,649,37.9,99,2022
48167,445158,24068.76,3956,2022
48169,3164,102.51,228,2022
48171,15067,65.66,1185,2022
48173,387,13.93,53,2022
48175,6587,1190.21,371,2022
48177,16356,2845.69,601,2022
48179,3168,191.18,233,2022
48181,74136,16578.670000000002,1747,2022
48183,4117,161.59,518,2022
48185,6757,2628.52,632,2022
48187,34698,1259.93,1560,2022
48189,2208,328.3,177,2022
48191,607,77.22,103,2022
48193,12930,259.88,370,2022
48195,1073,131.37,66,2022
48197,1777,37.85,166,2022
48199,10609,456.76,1223,2022
48201,512916,40613.22,14993,2022
48203,10134,2488.3,654,2022
48205,1791,32.86,141,2022
48207,888,48.88,71,2022
48209,73535,1080.61,4199,2022
48211,1396,47.34,181,2022
48213,21292,7614.77,682,2022
48215,668141,145205.79,5135,2022
48217,6628,333.72,586,2022
48219,1205,267.21,177,2022
48221,5719,81.97999999999999,520,2022
48223,4988,1425.08,507,2022
48225,10050,2289.3,517,2022
48227,1149,19.44,207,2022
48229,8760,1901.91,805,2022
48231,6116,768.9200000000001,683,2022
48233,2279,26.15,164,2022
48235,2924,11.239999999999998,100,2022
48237,2027,29.37,264,2022
48239,11784,3640.46,790,2022
48241,21590,381.57,1147,2022
48243,65414,59.18,1587,2022
48245,111004,18752.129999999997,1335,2022
48247,6387,54.96,408,2022
48249,14489,4433.22,715,2022
48251,38063,367.48,1270,2022
48253,5660,391.94,1162,2022
48255,8950,787.79,247,2022
48257,9432,5328.61,903,2022
48259,76908,46.03,1847,2022
48261,21626,2707.05,626,2022
48263,1220,17.65,141,2022
48265,53650,58.17,1580,2022
48267,41135,12.93,831,2022
48269,677,9.06,117,2022
48271,11500,97.28,389,2022
48273,55039,19303.94,1747,2022
48275,1442,187.01,209,2022
48277,2158,682.57,330,2022
48279,3338,502.65,189,2022
48281,10133,19.76,411,2022
48283,2802,158.79,323,2022
48285,3184,1537.81,439,2022
48287,16849,3783.23,701,2022
48289,11165,5147.95,438,2022
48291,10257,2337.8399999999997,653,2022
48293,5044,1037.61,324,2022
48295,463,22.38,62,2022
48297,8229,934.31,644,2022
48299,13187,71.52999999999999,807,2022
48301,180,0.0,48,2022
48303,72318,3445.66,2111,2022
48305,1317,285.79,153,2022
48307,1905,18.6,202,2022
48309,45866,2217.93,1898,2022
48311,16503,2219.19,441,2022
48313,3507,1599.99,236,2022
48315,4367,172.48000000000002,247,2022
48317,904,240.59,129,2022
48319,3120,14.21,351,2022
48321,34375,8258.26,963,2022
48323,2076,86.9,223,2022
48325,13506,528.77,750,2022
48327,3182,41.1,265,2022
48329,20003,158.79999999999998,624,2022
48331,12542,5584.0,1136,2022
48333,2855,22.15,293,2022
48335,1222,11.92,149,2022
48337,3130,108.62,447,2022
48339,89734,843.51,4397,2022
48341,1212,77.23,126,2022
48343,7860,1184.99,226,2022
48345,675,58.620000000000005,48,2022
48347,13028,1776.46,1197,2022
48349,3963,327.61,421,2022
48351,2108,103.04,369,2022
48353,2177,95.78,309,2022
48355,210966,9932.01,3358,2022
48357,830,124.75,83,2022
48359,1350,116.85,226,2022
48361,9295,712.53,360,2022
48363,10854,16.99,587,2022
48365,2794,647.44,215,2022
48367,10968,38.86,1129,2022
48369,846,180.23,97,2022
48371,7776,34.1,810,2022
48373,9749,343.91,613,2022
48375,6674,194.25,748,2022
48377,31119,8.450000000000001,1248,2022
48379,2277,1046.24,186,2022
48381,19363,268.02,876,2022
48383,550,0.14,37,2022
48385,9402,0.86,356,2022
48387,9187,914.16,155,2022
48389,17267,1325.92,548,2022
48391,10501,4853.68,743,2022
48393,331,24.08,57,2022
48395,2913,1492.07,408,2022
48397,5553,81.48,413,2022
48399,3119,192.73,224,2022
48401,6314,1421.49,1142,2022
48403,3535,60.85,284,2022
48405,2776,183.34,378,2022
48407,3581,142.73,480,2022
48409,54738,7351.77,1705,2022
48411,9920,84.16999999999999,399,2022
48413,788,20.27,133,2022
48415,1992,86.99,299,2022
48417,1660,46.76,227,2022
48419,5218,325.15,199,2022
48421,692,61.31,91,2022
48423,30835,1953.13,1817,2022
48425,10350,34.64,601,2022
48427,73444,531.58,1144,2022
48429,889,6.449999999999999,168,2022
48431,323,0.12,61,2022
48433,781,7.65,109,2022
48435,3723,0.0,447,2022
48437,1140,222.7,101,2022
48439,225958,2760.49,11030,2022
48441,27153,1152.71,1211,2022
48443,3229,0.0,404,2022
48445,1577,216.21,126,2022
48447,1221,50.54,172,2022
48449,4210,1591.3200000000002,253,2022
48451,33885,461.82,1047,2022
48453,452827,14870.76,15951,2022
48455,2565,432.76,265,2022
48457,10604,961.05,962,2022
48459,3342,637.01,214,2022
48461,387,0.38,92,2022
48463,30802,1699.84,1054,2022
48465,20583,0.0,1237,2022
48467,8667,5329.51,700,2022
48469,21938,9551.47,783,2022
48471,9776,594.64,1025,2022
48473,22101,14432.77,880,2022
48475,1118,2.8000000000000003,160,2022
48477,15630,5271.25,753,2022
48479,31346,36.18,1067,2022
48481,7887,5688.13,459,2022
48483,1016,40.28,178,2022
48485,16327,680.12,924,2022
48487,1854,262.39,307,2022
48489,12159,3030.22,695,2022
48491,211771,7409.59,11200,2022
48493,9321,3086.51,953,2022
48495,397,0.04,58,2022
48497,16043,68.89,1698,2022
48499,16908,4209.83,1343,2022
48501,909,75.32,66,2022
48503,1684,174.58,261,2022
48505,13918,154.26999999999998,495,2022
48507,1728,170.61,166,2022
49001,10573,517.08,518,2022
49003,59891,6233.34,1320,2022
49005,48471,8388.81,2244,2022
49007,7582,127.48,486,2022
49009,2572,38.35,295,2022
49011,145573,6488.8099999999995,2205,2022
49013,4597,318.64000000000004,610,2022
49015,5917,78.3,1002,2022
49017,19284,1276.64,1963,2022
49019,34299,4393.36,2240,2022
49021,12388,538.67,1130,2022
49023,6325,495.46,701,2022
49025,11841,200.74,1452,2022
49027,5939,564.32,1079,2022
49029,14104,2001.37,341,2022
49031,2518,203.27,188,2022
49033,5718,1165.1,375,2022
49035,226685,3903.82,6808,2022
49037,17420,95.34,2955,2022
49039,9567,510.59,548,2022
49041,4759,270.74,702,2022
49043,38780,2747.93,1946,2022
49045,9243,171.66,810,2022
49047,16528,3149.4199999999996,1148,2022
49049,149617,20620.2,5079,2022
49051,21350,2748.0699999999997,1304,2022
49053,101110,1538.28,4742,2022
49055,7613,1907.41,946,2022
49057,21651,1432.0,1273,2022
50001,153588,56016.89,4272,2022
50003,61650,11853.95,2609,2022
50005,22858,2951.66,1902,2022
50007,241851,31602.55,7441,2022
50009,30251,379.2,1118,2022
50011,60882,12288.9,1729,2022
50013,19168,5274.33,1014,2022
50015,29950,7197.53,2207,2022
50017,44401,5819.9,2542,2022
50019,27626,2898.63,1097,2022
50021,108422,19383.99,3808,2022
50023,90156,15118.7,4783,2022
50025,100725,15836.21,3779,2022
50027,155430,30489.82,4753,2022
51001,148248,6556.37,2282,2022
51003,160383,33678.8,3451,2022
51005,3319,423.84,383,2022
51007,4455,1232.16,285,2022
51009,27148,4536.68,755,2022
51011,3318,1096.3,216,2022
51013,72253,0.0,1796,2022
51015,65148,20767.36,2002,2022
51017,14891,2917.36,461,2022
51019,48544,12385.72,1234,2022
51021,3153,572.9300000000001,291,2022
51023,50165,6169.570000000001,1180,2022
51025,2632,240.66,197,2022
51027,2934,636.3800000000001,90,2022
51029,7304,2039.59,367,2022
51031,4778,890.39,378,2022
51033,16973,3540.43,548,2022
51035,5118,1157.8,477,2022
51036,6773,2162.66,290,2022
51037,3300,895.02,178,2022
51041,83405,396.96,2300,2022
51043,37092,6365.2300000000005,793,2022
51045,5155,1513.2800000000002,614,2022
51047,22874,6276.85,497,2022
51049,5337,757.65,312,2022
51051,2802,43.97,189,2022
51053,2272,256.66,218,2022
51057,10696,2601.26,285,2022
51059,562618,14377.29,12175,2022
51061,72300,33771.340000000004,2240,2022
51063,9892,1515.39,646,2022
51065,16920,4629.25,440,2022
51067,14476,2238.3799999999997,565,2022
51069,33157,7659.46,1002,2022
51071,32467,3283.01,1498,2022
51073,76706,5756.92,1212,2022
51075,18445,4363.49,753,2022
51077,11481,2955.0299999999997,666,2022
51079,5784,476.82,464,2022
51081,883,138.08,139,2022
51083,26998,7101.06,406,2022
51085,28443,2243.24,1087,2022
51087,94504,4417.23,1752,2022
51089,6583,281.81,344,2022
51091,15755,3802.5,518,2022
51093,9288,2403.0499999999997,381,2022
51095,76747,2371.84,1135,2022
51097,5018,758.0,306,2022
51099,7981,1560.98,330,2022
51101,5014,898.55,309,2022
51103,7710,358.64,592,2022
51105,7779,3296.7,370,2022
51107,178226,38173.12,5511,2022
51109,14443,2234.1,777,2022
51111,2682,744.65,142,2022
51113,27563,5309.36,1357,2022
51115,10189,436.75,263,2022
51117,27531,10027.44,560,2022
51119,9426,1389.54,356,2022
51121,111166,20804.01,2876,2022
51125,17972,3109.57,1154,2022
51127,5713,1446.9499999999998,363,2022
51131,97678,14540.08,1107,2022
51133,7755,1156.14,447,2022
51135,3643,294.13,240,2022
51137,5704,1389.31,558,2022
51139,26602,4361.83,1203,2022
51141,10229,1747.9,421,2022
51143,2517,618.74,303,2022
51145,15318,2727.1800000000003,593,2022
51147,27242,2566.16,651,2022
51149,4230,470.81,358,2022
51153,204275,17676.49,4051,2022
51155,18356,3061.57,558,2022
51157,17865,7387.59,924,2022
51159,7866,1841.32,217,2022
51161,32256,2947.2000000000003,1108,2022
51163,22905,6541.16,1297,2022
51165,100501,30773.82,2144,2022
51167,1770,401.18,201,2022
51169,2606,497.89,391,2022
51171,28192,6728.73,1294,2022
51173,22758,4204.76,865,2022
51175,1485,220.84,234,2022
51177,29498,1575.79,1153,2022
51179,40773,876.78,1008,2022
51181,14617,368.59,239,2022
51183,6930,918.79,509,2022
51185,13151,2841.95,303,2022
51187,25914,1176.0,1245,2022
51191,10324,2078.45,883,2022
51193,16760,5507.95,560,2022
51195,3988,22.57,453,2022
51197,8926,2558.55,502,2022
51199,39114,943.89,943,2022
51510,50860,0.0,747,2022
51520,1804,49.45,116,2022
51530,1366,37.45,56,2022
51540,27498,4.170000000000001,592,2022
51550,21339,1798.04,1720,2022
51570,1260,0.0,72,2022
51580,925,1.92,31,2022
51590,3425,239.24999999999997,113,2022
51595,707,34.120000000000005,46,2022
51600,12186,0.0,245,2022
51610,3891,0.0,130,2022
51620,988,80.55,42,2022
51630,11357,9.14,390,2022
51640,516,6.540000000000001,28,2022
51650,28921,11.17,628,2022
51660,34065,840.37,467,2022
51670,5710,0.0,53,2022
51678,1654,43.8,119,2022
51680,23980,770.5400000000001,508,2022
51683,6814,0.0,149,2022
51685,1355,0.4,42,2022
51690,9240,0.0,69,2022
51700,29971,418.44,671,2022
51710,61152,0.0,789,2022
51720,622,0.0,80,2022
51730,984,40.28,149,2022
51735,2850,0.0,62,2022
51740,13210,0.48,178,2022
51750,42291,2283.0199999999995,170,2022
51760,75906,3.95,1799,2022
51770,33439,474.44000000000005,540,2022
51775,6762,1.4300000000000002,193,2022
51790,10350,4777.510000000001,197,2022
51800,29884,1819.14,923,2022
51810,152873,7913.070000000001,3230,2022
51820,7768,581.85,178,2022
51830,17312,0.0,360,2022
51840,5949,134.72,189,2022
53001,13419,810.08,482,2022
53003,7994,606.78,378,2022
53005,52611,4069.84,1659,2022
53007,104252,7387.860000000001,3836,2022
53009,205823,30484.02,5261,2022
53011,202328,44935.38,3137,2022
53013,4287,397.85,356,2022
53015,42988,6533.62,1091,2022
53017,19136,1507.02,804,2022
53019,9446,66.9,470,2022
53021,18574,814.43,920,2022
53023,1383,48.97,134,2022
53025,45258,3122.11,1741,2022
53027,57547,5410.6,1952,2022
53029,88168,6547.09,2141,2022
53031,155889,5450.67,3528,2022
53033,916355,21065.19,20794,2022
53035,139807,6315.14,3398,2022
53037,73931,6367.32,4524,2022
53039,52237,1619.58,2024,2022
53041,25338,3395.98,2252,2022
53043,20668,1566.46,718,2022
53045,90871,11008.44,1666,2022
53047,73331,2133.27,3620,2022
53049,35225,1356.5,1064,2022
53051,13928,366.49,946,2022
53053,187951,5235.9,7309,2022
53055,87096,24647.76,2252,2022
53057,174236,50041.05,3924,2022
53059,36220,5795.240000000001,2248,2022
53061,265890,25431.95,6520,2022
53063,133466,10160.96,5041,2022
53065,18853,1212.1,916,2022
53067,219517,17635.51,4304,2022
53069,12631,2265.77,157,2022
53071,120638,20067.6,1398,2022
53073,123099,15238.36,6105,2022
53075,42801,3119.9500000000003,1452,2022
53077,65923,5070.22,2661,2022
54001,5171,973.1,149,2022
54003,22935,8069.47,857,2022
54005,193,0.44,122,2022
54007,2117,137.12,212,2022
54009,2451,192.84,155,2022
54011,8847,1597.29,508,2022
54013,866,73.83999999999999,34,2022
54015,178,1.74,36,2022
54017,870,218.53,85,2022
54019,23078,1014.98,1280,2022
54021,329,28.0,109,2022
54023,7560,1399.09,549,2022
54025,8927,1198.31,597,2022
54027,8139,1871.78,533,2022
54029,778,38.56,123,2022
54031,10219,3600.37,564,2022
54033,4073,306.56,287,2022
54035,3679,890.47,212,2022
54037,51086,20242.39,1002,2022
54039,26690,599.3100000000001,1737,2022
54041,2707,289.4,177,2022
54043,534,21.32,78,2022
54045,698,0.67,77,2022
54047,255,0.0,53,2022
54049,12711,1641.63,385,2022
54051,1928,135.32,122,2022
54053,4799,1604.24,262,2022
54055,7782,793.12,393,2022
54057,2891,489.86,313,2022
54059,90,5.71,37,2022
54061,63259,5261.45,2010,2022
54063,3570,970.91,213,2022
54065,5380,387.6,515,2022
54067,3864,43.28,270,2022
54069,3692,56.64,380,2022
54071,14292,3352.54,669,2022
54073,3219,1168.62,68,2022
54075,19247,3545.28,1078,2022
54077,37505,9089.78,1683,2022
54079,6779,283.72,379,2022
54081,18520,643.7400000000001,754,2022
54083,15669,3996.58,1144,2022
54085,4814,510.15,153,2022
54087,813,226.64,104,2022
54089,17170,4680.990000000001,316,2022
54091,4648,158.09,142,2022
54093,24926,1256.32,1536,2022
54095,868,78.66,76,2022
54097,1145,92.42,131,2022
54099,1986,90.03999999999999,149,2022
54101,568,0.85,127,2022
54103,2766,119.75,119,2022
54105,401,58.75,34,2022
54107,32049,3061.3,548,2022
54109,865,18.87,132,2022
55001,18908,1941.35,978,2022
55003,30687,1298.99,1092,2022
55005,10489,1289.7,766,2022
55007,46378,5931.3,2283,2022
55009,85962,4703.150000000001,1788,2022
55011,6052,649.85,436,2022
55013,27104,652.56,1487,2022
55015,27003,6422.21,679,2022
55017,28858,3884.62,848,2022
55019,3593,1269.82,468,2022
55021,41024,7301.78,1963,2022
55023,6124,1024.08,571,2022
55025,677806,114443.86,11413,2022
55027,124500,16679.72,1723,2022
55029,54878,6711.18,2421,2022
55031,27913,881.36,1532,2022
55033,22620,6050.45,840,2022
55035,22564,1101.24,1114,2022
55037,34835,3434.57,349,2022
55039,79802,14405.54,1799,2022
55041,18985,2258.3100000000004,522,2022
55043,40918,9576.04,1065,2022
55045,7573,2177.44,554,2022
55047,38125,5033.27,707,2022
55049,47656,26747.76,1476,2022
55051,10624,145.25,569,2022
55053,7419,522.84,977,2022
55055,69778,23733.43,1647,2022
55057,18781,362.89,906,2022
55059,30068,3281.26,1761,2022
55061,13671,2181.33,423,2022
55063,45003,7481.25,1630,2022
55065,4731,1308.75,285,2022
55067,10207,379.95,478,2022
55069,14773,2991.69,880,2022
55071,63840,10808.38,1258,2022
55073,80574,12917.08,2026,2022
55075,37807,694.2,929,2022
55077,6670,1882.21,492,2022
55078,1446,0.0,114,2022
55079,282159,3485.62,4191,2022
55081,9191,5053.03,598,2022
55083,14035,832.34,824,2022
55085,25866,311.8,1671,2022
55087,59334,6207.02,1649,2022
55089,112480,23192.67,1717,2022
55091,2409,359.13,267,2022
55093,14048,2735.37,709,2022
55095,29141,2255.71,1498,2022
55097,73880,9991.87,2014,2022
55099,11166,457.09,612,2022
55101,45545,7090.719999999999,1645,2022
55103,15980,4436.27,585,2022
55105,30460,6174.26,1302,2022
55107,11426,2641.66,499,2022
55109,30766,12483.19,1277,2022
55111,95428,19451.85,6946,2022
55113,14779,682.79,1072,2022
55115,8450,1509.84,572,2022
55117,59433,7801.400000000001,1262,2022
55119,10278,4728.37,333,2022
55121,14560,1771.99,619,2022
55123,31432,6324.2,1169,2022
55125,35846,325.23,1877,2022
55127,19829,2586.95,1723,2022
55129,13246,494.08,711,2022
55131,35882,5192.91,1447,2022
55133,127422,13605.39,4769,2022
55135,17111,2182.39,672,2022
55137,9559,823.75,544,2022
55139,58734,5483.06,1415,2022
55141,17027,3162.31,807,2022
56001,45347,275.45,2134,2022
56003,3283,305.09000000000003,513,2022
56005,9402,1215.93,285,2022
56007,18341,1036.24,1337,2022
56009,5252,31.61,390,2022
56011,8126,53.63,499,2022
56013,40119,2559.25,1655,2022
56015,4916,221.21,328,2022
56017,2007,71.57,179,2022
56019,10635,194.73,495,2022
56021,28588,227.11,944,2022
56023,7850,352.48,690,2022
56025,8168,72.25,675,2022
56027,1063,23.19,157,2022
56029,38198,1813.15,2785,2022
56031,4456,32.38,364,2022
56033,9841,1436.55,574,2022
56035,16393,540.13,880,2022
56037,8246,73.09,737,2022
56039,73301,956.69,5510,2022
56041,3066,461.98,332,2022
56043,3979,271.85,328,2022
56045,7116,60.9,367,2022
01001,6566,950.79,381,2023
01003,138418,5310.84,3305,2023
01005,14328,1491.6,311,2023
01007,8812,187.31,802,2023
01009,8379,1217.65,1122,2023
01011,5871,1591.0500000000002,326,2023
01013,1115,248.34,141,2023
01015,20480,2453.39,991,2023
01017,4689,850.76,221,2023
01019,3486,587.79,558,2023
01021,9588,553.85,283,2023
01023,1973,61.989999999999995,134,2023
01025,680,84.36,153,2023
01027,3635,258.33,463,2023
01029,5074,188.88,610,2023
01031,1084,182.19,214,2023
01033,15743,7013.23,661,2023
01035,4813,387.99,132,2023
01037,1336,70.84,194,2023
01039,7386,612.67,800,2023
01041,534,101.84,104,2023
01043,4963,906.55,570,2023
01045,9302,628.84,342,2023
01047,2136,338.43,194,2023
01049,5880,759.79,1081,2023
01051,9123,1098.41,617,2023
01053,1780,323.49,363,2023
01055,5812,778.33,402,2023
01057,1340,271.08,124,2023
01059,1075,197.39,162,2023
01061,10183,2339.22,149,2023
01063,4727,699.27,304,2023
01065,14456,5944.53,588,2023
01067,2236,464.56,212,2023
01069,12933,659.6700000000001,553,2023
01071,15702,4242.36,1291,2023
01073,104450,2377.3500000000004,2912,2023
01075,1589,69.66,80,2023
01077,33281,7306.39,903,2023
01079,10689,2132.07,688,2023
01081,71683,9334.01,2112,2023
01083,43099,15421.74,1857,2023
01085,3858,1325.13,258,2023
01087,14976,3666.11,664,2023
01089,86813,6689.14,3203,2023
01091,2666,579.75,351,2023
01093,3175,620.13,187,2023
01095,17147,1997.73,612,2023
01097,117732,2133.71,2351,2023
01099,1223,97.33,173,2023
01101,28949,1882.72,986,2023
01103,23216,8090.27,658,2023
01105,7270,1152.67,303,2023
01107,2014,101.69,102,2023
01109,2877,232.44,500,2023
01111,2848,954.88,301,2023
01113,3653,661.38,296,2023
01115,5489,661.86,534,2023
01117,40998,10602.75,1526,2023
01119,3843,1094.41,580,2023
01121,2139,475.98,318,2023
01123,6422,1348.63,503,2023
01125,49313,9537.12,1693,2023
01127,3258,561.63,204,2023
01129,982,166.71,187,2023
01131,2842,265.09999999999997,154,2023
01133,4565,125.42,593,2023
04001,39198,2297.01,2266,2023
04003,911569,4573.76,11670,2023
04005,201582,1039.58,10893,2023
04007,54222,16.7,2593,2023
04009,36197,2607.49,1473,2023
04011,10098,935.73,526,2023
04012,16447,4102.2699999999995,1246,2023
04013,958366,48213.9,22085,2023
04015,38678,86.8,3712,2023
04017,44310,1392.85,1830,2023
04019,1417804,8149.89,22898,2023
04021,148894,21947.81,5933,2023
04023,787785,12844.65,5404,2023
04025,245613,9952.16,7520,2023
04027,47592,6756.700000000001,2358,2023
05001,7910,2093.61,312,2023
05003,2439,807.15,181,2023
05005,14125,2048.5299999999997,528,2023
05007,80958,21220.33,3810,2023
05009,3832,1133.22,274,2023
05011,992,70.65,85,2023
05013,1732,115.27,215,2023
05015,11619,706.68,855,2023
05017,1328,259.25,104,2023
05019,3201,1019.61,322,2023
05021,631,361.19,131,2023
05023,5298,699.4,587,2023
05025,1068,45.29,94,2023
05027,4976,460.89,364,2023
05029,7263,2701.9500000000003,464,2023
05031,22710,3479.65,1035,2023
05033,17316,11509.9,568,2023
05035,7783,1175.95,368,2023
05037,1376,297.74,171,2023
05039,802,17.91,112,2023
05041,8575,1383.46,190,2023
05043,2231,436.69,160,2023
05045,39509,10638.65,1362,2023
05047,3791,843.31,382,2023
05049,2593,411.79,222,2023
05051,30846,1188.52,1505,2023
05053,7204,248.56,191,2023
05055,4861,424.53,331,2023
05057,4787,542.0,492,2023
05059,2409,212.19,381,2023
05061,1283,163.46,225,2023
05063,1934,198.58,222,2023
05065,3809,1542.69,271,2023
05067,1641,395.59,167,2023
05069,18086,630.84,310,2023
05071,5099,1086.75,522,2023
05073,1294,446.75,116,2023
05075,1429,327.64,291,2023
05077,1464,522.9200000000001,123,2023
05079,1121,288.94,84,2023
05081,1325,165.82,151,2023
05083,3910,806.6899999999999,333,2023
05085,13337,6242.22,481,2023
05087,3519,644.51,858,2023
05089,3319,1330.68,301,2023
05091,2147,232.4,331,2023
05093,2080,610.06,235,2023
05095,1632,420.49,176,2023
05097,2245,163.82,506,2023
05099,1176,196.33,153,2023
05101,6784,1173.93,971,2023
05103,763,5.94,159,2023
05105,2205,625.0300000000001,328,2023
05107,1691,195.71,158,2023
05109,2594,162.52,344,2023
05111,2896,1129.81,232,2023
05113,2029,212.08,394,2023
05115,20123,6334.76,822,2023
05117,4990,1421.2,293,2023
05119,82176,2887.95,2906,2023
05121,2674,486.28,191,2023
05123,1027,308.2,208,2023
05125,30644,607.95,1242,2023
05127,3752,801.5,235,2023
05129,3127,364.38,499,2023
05131,18990,8556.05,670,2023
05133,1789,470.96,199,2023
05135,6252,176.66,211,2023
05137,3139,547.31,634,2023
05139,1207,6.71,203,2023
05141,1293,188.34,242,2023
05143,93340,18174.01,3296,2023
05145,58991,27866.46,617,2023
05147,2354,1435.17,139,2023
05149,9014,1045.32,412,2023
06001,572198,9581.4,11837,2023
06003,18082,161.82,2207,2023
06005,15225,501.48,1057,2023
06007,140260,26008.39,5451,2023
06009,22963,1.2200000000000002,1778,2023
06011,25460,6869.929999999999,1243,2023
06013,435359,11552.31,12707,2023
06015,41150,3289.04,2876,2023
06017,98199,10.89,7745,2023
06019,82118,2671.23,6852,2023
06021,40256,2550.81,947,2023
06023,313864,24287.52,10692,2023
06025,160552,51374.65,4045,2023
06027,113069,7524.41,10802,2023
06029,157192,7670.21,9737,2023
06031,13321,5335.34,627,2023
06033,54616,1415.76,2725,2023
06035,48594,9761.69,1992,2023
06037,1489187,5535.5,50642,2023
06039,42394,2230.5,2233,2023
06041,543999,1376.8100000000002,15279,2023
06043,50881,0.0,5987,2023
06045,129444,9326.71,6303,2023
06047,69455,10391.38,2475,2023
06049,18024,2564.4,1532,2023
06051,117575,2598.8199999999997,7147,2023
06053,424636,9430.1,13392,2023
06055,79818,2426.02,3971,2023
06057,111501,17.08,4179,2023
06059,1043505,2655.71,17620,2023
06061,151794,8251.61,6053,2023
06063,79015,5557.95,3286,2023
06065,506488,8121.56,30060,2023
06067,418927,34934.42,6927,2023
06069,83896,2943.88,4307,2023
06071,437296,3574.86,23060,2023
06073,1647685,11126.22,52281,2023
06075,449783,0.39,4049,2023
06077,160812,43743.24,3247,2023
06079,413473,2706.66,12555,2023
06081,438692,2989.4799999999996,13400,2023
06083,508460,5667.26,9556,2023
06085,788512,7119.5,19063,2023
06087,433631,17228.5,9438,2023
06089,121116,3784.23,5868,2023
06091,24498,523.1,1670,2023
06093,78156,4905.48,6615,2023
06095,141181,24527.25,4248,2023
06097,358853,44500.85,15468,2023
06099,78685,16971.25,2086,2023
06101,23911,5123.11,691,2023
06103,73683,6596.12,2546,2023
06105,18416,0.99,2863,2023
06107,76542,10950.24,6121,2023
06109,63700,16.5,3892,2023
06111,347625,10862.29,11061,2023
06113,264923,114364.86,4434,2023
06115,22398,4189.49,1197,2023
08001,183169,2930.33,2984,2023
08003,10961,215.42,595,2023
08005,228299,807.73,3332,2023
08007,22792,878.96,1001,2023
08009,16624,357.29,562,2023
08011,21373,987.49,1027,2023
08013,462590,10044.79,11125,2023
08014,45971,1148.87,620,2023
08015,34005,2670.7200000000003,1802,2023
08017,3687,215.51,225,2023
08019,19542,0.0,1560,2023
08021,5177,191.7,657,2023
08023,4729,75.75999999999999,269,2023
08025,5975,24.47,118,2023
08027,9821,79.08,557,2023
08029,20459,1764.78,898,2023
08031,152333,332.81,3358,2023
08033,5293,205.26,369,2023
08035,135508,2.3600000000000003,3625,2023
08037,48028,3421.6099999999997,1880,2023
08039,12481,243.85,668,2023
08041,296701,1649.38,6414,2023
08043,27569,2377.6000000000004,1246,2023
08045,22264,1340.3200000000002,1274,2023
08047,9512,0.0,609,2023
08049,32409,122.32,2859,2023
08051,35445,2660.48,3369,2023
08053,5823,49.98,530,2023
08055,7393,28.48,564,2023
08057,28511,588.19,995,2023
08059,448235,53.06,9107,2023
08061,16588,365.73,461,2023
08063,8173,1756.6,445,2023
08065,7950,0.0,621,2023
08067,69524,3514.78,1947,2023
08069,443098,3495.7,11559,2023
08071,10183,52.32,1110,2023
08073,13435,509.34,596,2023
08075,16402,1528.62,603,2023
08077,133035,10834.88,3621,2023
08079,4501,8.8,537,2023
08081,13324,1014.36,896,2023
08083,65197,6000.99,1912,2023
08085,36217,4006.59,1346,2023
08087,16929,1675.6,580,2023
08089,10913,289.34000000000003,1058,2023
08091,22194,725.87,782,2023
08093,34041,4.300000000000001,2118,2023
08095,3346,574.6999999999999,134,2023
08097,25337,180.73,1207,2023
08099,24059,5092.290000000001,465,2023
08101,104063,85.97,1805,2023
08103,10809,911.24,743,2023
08105,13506,629.14,598,2023
08107,27668,1812.62,1850,2023
08109,12357,65.19,946,2023
08111,3960,0.2299999999999999,583,2023
08113,14609,844.8299999999999,852,2023
08115,5089,559.73,228,2023
08117,32364,2.58,2428,2023
08119,31498,3.1,1200,2023
08121,13180,597.91,256,2023
08123,100396,4936.41,3676,2023
08125,14161,809.06,473,2023
09001,364086,13826.34,6322,2023
09003,246065,35944.54,6058,2023
09005,194615,14848.31,4710,2023
09007,86236,7249.7,2927,2023
09009,425389,15977.86,7247,2023
09011,152528,17972.510000000002,5292,2023
09013,96296,9107.67,2825,2023
09015,42404,10354.36,1981,2023
10001,280936,12021.36,2170,2023
10003,238082,29385.69,4967,2023
10005,285816,11432.63,4626,2023
11001,397927,626.5600000000001,4699,2023
12001,534440,38096.91,9325,2023
12003,3180,141.38,369,2023
12005,43078,437.23,1589,2023
12007,6677,538.86,644,2023
12009,383337,9681.75,7121,2023
12011,158257,1238.28,6366,2023
12013,1631,238.63,347,2023
12015,128543,5190.32,2426,2023
12017,59237,6308.2699999999995,3005,2023
12019,54117,894.88,1581,2023
12021,293500,7950.79,9114,2023
12023,18475,4121.63,906,2023
12027,8533,2253.46,1175,2023
12029,6253,169.57999999999998,333,2023
12031,238460,1355.3000000000002,5237,2023
12033,69449,545.82,2095,2023
12035,23565,1155.44,1021,2023
12037,79637,1.88,1918,2023
12039,11147,210.27,998,2023
12041,6186,1505.05,405,2023
12043,15640,2489.93,603,2023
12045,14376,35.27,829,2023
12047,3761,614.62,410,2023
12049,5771,2502.82,706,2023
12051,22845,10558.35,1110,2023
12053,73583,9718.21,2425,2023
12055,39658,4512.51,2530,2023
12057,230464,16539.22,9225,2023
12059,1994,224.37,249,2023
12061,102197,13107.41,2486,2023
12063,7113,994.14,816,2023
12065,18236,5853.16,851,2023
12067,3382,617.12,438,2023
12069,129322,26490.7,3448,2023
12071,242707,2804.7799999999997,6132,2023
12073,176756,13914.81,4205,2023
12075,49473,4490.2,1643,2023
12077,7288,461.15,2389,2023
12079,5729,923.96,474,2023
12081,239488,9598.25,4754,2023
12083,193257,34017.020000000004,5224,2023
12085,60254,6904.21,6018,2023
12086,380863,39448.4,13558,2023
12087,195002,230.28,4175,2023
12089,37907,237.61,1766,2023
12091,41111,377.05,2515,2023
12093,16089,3434.84,1110,2023
12095,513458,50466.76,10711,2023
12097,126760,29982.11,3973,2023
12099,402601,28606.33,8673,2023
12101,126964,11243.27,3851,2023
12103,519234,1907.0,6186,2023
12105,165605,13257.59,6166,2023
12107,31721,2543.11,1693,2023
12109,157466,15488.52,3678,2023
12111,58138,15964.49,2218,2023
12113,55083,1183.32,1947,2023
12115,411691,5647.3,6372,2023
12117,101267,2376.74,3999,2023
12119,63442,3502.71,1847,2023
12121,11543,918.82,808,2023
12123,11364,99.12,645,2023
12125,1493,171.2,156,2023
12127,120354,1531.67,5839,2023
12129,184281,469.17,2160,2023
12131,26313,1161.5,1660,2023
12133,6802,490.65,450,2023
13001,1029,88.94,178,2023
13003,553,106.01,74,2023
13005,615,65.07,76,2023
13007,3465,334.93,245,2023
13009,3245,187.19,430,2023
13011,1531,463.36,96,2023
13013,12785,538.9300000000001,361,2023
13015,42896,10816.25,1359,2023
13017,258,15.26,37,2023
13019,12752,5299.98,259,2023
13021,42303,3418.09,839,2023
13023,1167,204.91,106,2023
13025,986,43.97,149,2023
13027,14943,5923.9,243,2023
13029,19191,36.99,682,2023
13031,14246,3476.18,786,2023
13033,6285,1336.9,322,2023
13035,5925,483.18,223,2023
13037,931,142.42,77,2023
13039,25228,37.14,1008,2023
13043,1482,275.49,140,2023
13045,11862,1456.48,822,2023
13047,6265,1582.22,535,2023
13049,8950,31.06,633,2023
13051,128164,1106.95,3021,2023
13053,2965,77.44000000000001,158,2023
13055,9591,2840.5499999999997,465,2023
13057,38262,848.47,1865,2023
13059,102587,7161.02,2426,2023
13061,2054,229.85,124,2023
13063,17553,691.0500000000001,497,2023
13065,6998,8.84,120,2023
13067,148166,13475.9,3386,2023
13069,4308,275.93,180,2023
13071,2889,867.93,504,2023
13073,17957,744.2900000000001,688,2023
13075,3201,219.9,260,2023
13077,16539,1443.42,1002,2023
13079,1404,177.14,63,2023
13081,2336,226.07,203,2023
13083,3526,308.65,528,2023
13085,11487,272.78,543,2023
13087,9025,2491.6800000000003,339,2023
13089,286452,3737.29,4121,2023
13091,671,65.91,38,2023
13093,5798,2447.38,153,2023
13095,10808,731.5699999999999,221,2023
13097,9777,75.31,400,2023
13099,5105,1356.23,282,2023
13101,696,76.02000000000001,48,2023
13103,1915,138.48999999999998,281,2023
13105,2311,228.28,105,2023
13107,1938,151.17,232,2023
13109,1829,233.17,97,2023
13111,18845,3007.4,1002,2023
13113,23246,848.77,621,2023
13115,15136,2300.47,900,2023
13117,26390,1846.17,1009,2023
13119,2235,419.37,201,2023
13121,210093,9405.78,4960,2023
13123,12548,446.74,959,2023
13125,177,16.61,24,2023
13127,139470,1366.82,2001,2023
13129,10754,4539.92,500,2023
13131,5538,491.43,177,2023
13133,8530,840.6600000000001,714,2023
13135,86170,3131.0800000000004,2912,2023
13137,7462,296.06,432,2023
13139,24986,1523.41,815,2023
13141,1831,48.88,82,2023
13143,1295,294.67,130,2023
13145,8928,1394.77,1205,2023
13147,4598,589.23,183,2023
13149,1363,237.47,147,2023
13151,18631,2796.2099999999996,592,2023
13153,15492,1627.38,467,2023
13155,1378,414.71,179,2023
13157,5081,1331.46,356,2023
13159,7654,2720.7900000000004,253,2023
13161,5368,3029.2899999999995,78,2023
13163,1130,201.94,174,2023
13165,1467,316.34000000000003,92,2023
13167,755,174.47,55,2023
13169,26403,15500.64,506,2023
13171,6781,1090.51,140,2023
13173,615,141.99,45,2023
13175,30142,3030.61,379,2023
13177,3168,804.28,199,2023
13179,11755,61.900000000000006,421,2023
13181,1659,116.05,100,2023
13183,1217,267.09000000000003,183,2023
13185,23506,1115.49,599,2023
13187,9458,886.9699999999999,759,2023
13189,4675,168.97,125,2023
13191,51831,167.64,998,2023
13193,5525,3426.1,209,2023
13195,5543,2001.68,247,2023
13197,1361,368.43,87,2023
13199,2199,593.3,221,2023
13201,850,352.58,95,2023
13205,1290,493.83,66,2023
13207,15154,220.75,344,2023
13209,513,98.99,61,2023
13211,6142,2952.92,382,2023
13213,16327,2846.73,628,2023
13215,55583,6924.85,607,2023
13217,10721,3176.39,518,2023
13219,28841,12273.95,1100,2023
13221,7457,2282.21,845,2023
13223,20482,416.31,668,2023
13225,1767,722.45,158,2023
13227,7124,745.98,474,2023
13229,275,7.42,46,2023
13231,4813,514.96,110,2023
13233,1509,244.4,227,2023
13235,1299,130.98,92,2023
13237,4388,1062.84,285,2023
13239,1774,147.3,65,2023
13241,13715,1154.46,1026,2023
13243,487,142.23999999999998,74,2023
13245,36351,2976.26,688,2023
13247,19173,9563.31,633,2023
13249,3381,516.99,56,2023
13251,2625,494.32,264,2023
13253,1455,161.61,103,2023
13255,5214,349.52,146,2023
13257,6209,297.9,388,2023
13259,6314,657.02,213,2023
13261,16821,6222.17,204,2023
13263,4570,208.96,796,2023
13265,726,109.24,66,2023
13267,1627,461.47,164,2023
13269,1942,192.15,170,2023
13271,853,299.07,182,2023
13273,219,60.76,42,2023
13275,8937,2895.3399999999997,285,2023
13277,4118,536.77,600,2023
13279,632,51.78,90,2023
13281,9975,1116.35,860,2023
13283,477,25.55,52,2023
13285,8320,2277.9599999999996,475,2023
13287,991,141.94,162,2023
13289,2557,444.5,270,2023
13291,12324,589.5600000000001,1250,2023
13293,5431,235.71,107,2023
13295,11319,3557.46,1141,2023
13297,8352,3081.7,423,2023
13299,2860,51.28,370,2023
13301,571,90.88,56,2023
13303,1538,66.64,129,2023
13305,2231,115.82,211,2023
13307,723,49.52,51,2023
13309,977,70.86,91,2023
13311,8464,560.02,746,2023
13313,11091,3855.66,496,2023
13315,541,189.72,42,2023
13317,1223,250.37,101,2023
13319,2632,202.15,158,2023
13321,1042,266.24,162,2023
16001,246350,7494.38,5154,2023
16003,15783,1595.06,556,2023
16005,27714,1552.5800000000002,1961,2023
16007,5923,338.24,507,2023
16009,4101,187.94,342,2023
16011,6340,848.67,532,2023
16013,29833,3557.28,1805,2023
16015,18257,449.75,1351,2023
16017,21278,264.45,1679,2023
16019,14213,828.52,937,2023
16021,18529,1559.94,772,2023
16023,2670,56.76,370,2023
16025,7009,1691.37,341,2023
16027,85109,15695.62,2358,2023
16029,2105,164.48,307,2023
16031,28240,2499.75,1241,2023
16033,1521,8.71,246,2023
16035,4386,189.84,375,2023
16037,11258,183.08,1168,2023
16039,22279,2851.2,1220,2023
16041,4735,616.03,297,2023
16043,15045,400.45,1086,2023
16045,20855,4569.87,491,2023
16047,9317,1035.12,480,2023
16049,9867,462.48,1587,2023
16051,45436,3275.11,722,2023
16053,3054,305.26,269,2023
16055,19241,298.7,1580,2023
16057,37758,3239.53,1480,2023
16059,8697,1507.76,696,2023
16061,1658,176.01,156,2023
16063,1067,139.28,115,2023
16065,10339,1160.29,541,2023
16067,4621,537.9399999999999,248,2023
16069,22477,401.89,614,2023
16071,5922,551.64,370,2023
16073,23952,2562.46,1280,2023
16075,14624,4632.72,582,2023
16077,7684,1227.25,427,2023
16079,5584,5.220000000000001,503,2023
16081,20731,2732.18,882,2023
16083,29133,5449.03,1255,2023
16085,27004,329.84,1714,2023
16087,3097,303.42,346,2023
17001,13582,1904.09,319,2023
17003,9068,3512.73,644,2023
17005,4141,1612.0,222,2023
17007,12377,6062.65,757,2023
17009,1445,382.06,67,2023
17011,29701,3147.3,475,2023
17013,14105,6262.82,168,2023
17015,20223,3966.34,435,2023
17017,3751,1134.16,209,2023
17019,134366,17286.37,3495,2023
17021,3778,661.68,203,2023
17023,2856,656.0600000000001,329,2023
17025,852,227.15,80,2023
17027,28459,6326.400000000001,407,2023
17029,49457,3449.07,1409,2023
17031,1152390,19479.58,19103,2023
17033,1403,417.12,76,2023
17035,1421,412.5,240,2023
17037,20890,8515.08,1167,2023
17039,11794,2084.81,358,2023
17041,1793,684.0500000000001,215,2023
17043,401893,24142.29,6559,2023
17045,1881,616.54,158,2023
17047,1433,1081.63,69,2023
17049,2638,371.78,391,2023
17051,5222,1072.58,395,2023
17053,2831,1527.22,220,2023
17055,7381,413.58,357,2023
17057,13461,5046.41,495,2023
17059,1762,534.94,377,2023
17061,1186,701.95,111,2023
17063,13500,1626.59,1059,2023
17065,1804,504.87,69,2023
17067,3134,728.24,228,2023
17069,1148,198.75,403,2023
17071,1902,817.37,133,2023
17073,8345,1816.66,693,2023
17075,4626,843.92,350,2023
17077,48898,6511.81,2914,2023
17079,5972,4140.54,160,2023
17081,8261,1861.17,401,2023
17083,10924,2606.95,424,2023
17085,9091,2885.3199999999997,684,2023
17087,13359,3302.91,2112,2023
17089,198989,59506.74,4605,2023
17091,53600,4815.74,1877,2023
17093,53343,7698.52,1057,2023
17095,17548,1418.09,641,2023
17097,333972,37841.56,6882,2023
17099,57235,20475.92,1320,2023
17101,1785,665.47,97,2023
17103,22213,5902.79,980,2023
17105,3032,1104.73,381,2023
17107,4188,1229.95,206,2023
17109,4516,1217.65,242,2023
17111,142001,19563.83,2689,2023
17113,61983,13206.07,2223,2023
17115,17850,2156.7799999999997,556,2023
17117,3284,1507.02,601,2023
17119,72911,5217.7,1655,2023
17121,9303,1243.46,276,2023
17123,7525,1297.76,222,2023
17125,22870,2016.52,483,2023
17127,11772,1261.75,766,2023
17129,33245,13123.19,280,2023
17131,2341,531.47,126,2023
17133,13974,2203.37,615,2023
17135,4308,1502.17,253,2023
17137,3377,694.8100000000001,180,2023
17139,2234,248.81,142,2023
17141,19732,5163.88,1197,2023
17143,56963,13532.87,1225,2023
17145,2549,873.77,214,2023
17147,15595,2825.94,530,2023
17149,4208,1192.15,240,2023
17151,6237,1002.63,1716,2023
17153,4971,2007.68,572,2023
17155,16011,11240.320000000002,210,2023
17157,3741,1878.06,416,2023
17159,741,201.89,65,2023
17161,32238,5057.7,1352,2023
17163,33232,3032.08,1085,2023
17165,19713,4902.599999999999,601,2023
17167,45334,6758.75,1253,2023
17169,1563,818.13,115,2023
17171,878,326.6,88,2023
17173,2298,568.04,211,2023
17175,1037,396.45,61,2023
17177,6694,2077.21,491,2023
17179,45634,5856.87,766,2023
17181,18539,4905.41,1829,2023
17183,16909,2197.27,1253,2023
17185,1232,224.84,71,2023
17187,1666,795.78,135,2023
17189,2461,354.85,238,2023
17191,1187,478.71,113,2023
17193,7154,1370.9399999999998,140,2023
17195,15583,861.52,502,2023
17197,133149,17813.9,4963,2023
17199,23024,5413.97,1307,2023
17201,62753,11216.41,3246,2023
17203,19575,8696.57,576,2023
18001,4088,2712.03,110,2023
18003,48637,12512.08,1868,2023
18005,3923,711.9399999999999,484,2023
18007,2124,507.13,117,2023
18009,1442,375.06,70,2023
18011,33787,8675.05,829,2023
18013,33192,1330.2800000000002,1550,2023
18015,1706,363.23,130,2023
18017,1127,416.65,166,2023
18019,15392,1031.29,847,2023
18021,4415,2028.49,303,2023
18023,900,352.3,158,2023
18025,2255,477.75,258,2023
18027,1424,219.26,169,2023
18029,7919,3847.26,359,2023
18031,4473,1302.76,219,2023
18033,7540,3542.1299999999997,333,2023
18035,19451,1760.53,630,2023
18037,2940,697.55,312,2023
18039,88012,12239.34,1563,2023
18041,6924,434.82,210,2023
18043,14293,1766.88,392,2023
18045,1342,340.63,199,2023
18047,16168,2673.74,508,2023
18049,1145,312.95,168,2023
18051,29264,9389.58,574,2023
18053,6308,1278.68,401,2023
18055,55961,25459.83,652,2023
18057,92425,7317.34,2144,2023
18059,26715,8941.14,803,2023
18061,16187,5340.75,360,2023
18063,47979,4578.96,1235,2023
18065,14646,1332.17,523,2023
18067,3409,759.9,214,2023
18069,17502,5377.7,365,2023
18071,19231,1785.89,647,2023
18073,4474,981.58,388,2023
18075,3348,1423.64,121,2023
18077,4157,695.01,1079,2023
18079,4460,394.7,285,2023
18081,43167,5126.49,1019,2023
18083,5974,1150.92,314,2023
18085,20413,1486.17,413,2023
18087,20422,2417.1,702,2023
18089,63914,2614.06,2149,2023
18091,35476,4389.11,1024,2023
18093,11071,3663.87,400,2023
18095,19878,2331.92,707,2023
18097,260955,11765.87,4817,2023
18099,4343,800.44,306,2023
18101,3231,578.17,185,2023
18103,3517,863.8,274,2023
18105,104849,16054.17,3350,2023
18107,9457,6007.2,495,2023
18109,22262,4519.74,724,2023
18111,27647,10448.96,790,2023
18113,18737,3912.74,573,2023
18115,675,214.72,87,2023
18117,3300,384.62,303,2023
18119,7294,1830.81,395,2023
18121,5769,607.14,412,2023
18123,6058,687.26,467,2023
18125,6267,1253.3,195,2023
18127,130217,4675.71,2327,2023
18129,8319,1027.58,483,2023
18131,3398,694.76,133,2023
18133,33860,12704.06,710,2023
18135,765,292.59,148,2023
18137,4611,1082.53,632,2023
18139,1939,444.77,191,2023
18141,60728,4202.53,1856,2023
18143,1754,295.49,162,2023
18145,2043,542.1899999999999,290,2023
18147,9822,3391.02,292,2023
18149,5367,3044.73,298,2023
18151,11226,1885.52,569,2023
18153,15652,5060.679999999999,342,2023
18155,3676,611.7900000000001,244,2023
18157,150514,11432.73,3122,2023
18159,263,112.26,83,2023
18161,15817,1657.93,351,2023
18163,60118,2367.25,855,2023
18165,2306,690.38,201,2023
18167,35499,6922.12,845,2023
18169,7032,1389.04,341,2023
18171,1859,324.21,264,2023
18173,35841,13999.56,551,2023
18175,9717,2337.01,224,2023
18177,20932,3914.99,869,2023
18179,10686,4278.63,207,2023
18181,2120,481.34,299,2023
18183,8978,1246.76,348,2023
19001,598,260.94,107,2023
19003,315,154.03,55,2023
19005,9859,950.03,364,2023
19007,2663,742.16,108,2023
19009,140,79.0,19,2023
19011,2795,932.33,201,2023
19013,28489,1831.97,791,2023
19015,11245,1923.9,680,2023
19017,10667,3669.78,266,2023
19019,4043,1441.56,182,2023
19021,8098,1580.66,195,2023
19023,4916,806.02,139,2023
19025,2874,305.42,114,2023
19027,3313,595.96,167,2023
19029,1311,280.34,195,2023
19031,2167,426.0,191,2023
19033,8877,1830.96,604,2023
19035,1411,426.76,103,2023
19037,754,341.54,137,2023
19039,2863,682.9,113,2023
19041,2306,344.29,139,2023
19043,3247,511.05,312,2023
19045,4284,821.47,258,2023
19047,281,60.23,41,2023
19049,14046,4089.21,653,2023
19051,432,107.71,51,2023
19053,9321,3111.9,362,2023
19055,1963,606.25,162,2023
19057,4343,1277.29,140,2023
19059,4004,1002.18,349,2023
19061,29935,3638.0,954,2023
19063,241,59.53,43,2023
19065,2191,572.81,140,2023
19067,1698,406.95,159,2023
19069,674,204.58,111,2023
19071,3183,955.55,244,2023
19073,4638,2179.71,192,2023
19075,1657,426.56,120,2023
19077,3785,1233.54,170,2023
19079,1959,375.4,183,2023
19081,1962,611.52,120,2023
19083,2467,806.52,159,2023
19085,7178,968.37,228,2023
19087,1400,175.79,118,2023
19089,1450,713.55,150,2023
19091,113,20.34,40,2023
19093,592,129.04000000000002,58,2023
19095,3421,1162.42,219,2023
19097,10247,685.04,410,2023
19099,12192,4580.64,547,2023
19101,5380,1510.99,235,2023
19103,100386,15876.32,2533,2023
19105,2070,398.97,156,2023
19107,488,331.99,46,2023
19109,2595,1131.93,159,2023
19111,3863,570.27,241,2023
19113,50125,7719.22,1456,2023
19115,8154,4578.86,163,2023
19117,2224,245.38,76,2023
19119,1119,599.43,84,2023
19121,7597,1561.01,345,2023
19123,2956,297.06,102,2023
19125,8162,1702.1,256,2023
19127,9804,1506.77,211,2023
19129,1899,702.1999999999999,428,2023
19131,4375,1830.01,132,2023
19133,3072,453.0,166,2023
19135,1181,226.53,73,2023
19137,378,152.97,42,2023
19139,11161,1333.51,689,2023
19141,867,178.43,88,2023
19143,358,164.38,50,2023
19145,847,496.53,46,2023
19147,1288,108.62,91,2023
19149,2983,614.17,298,2023
19151,1067,176.28,37,2023
19153,88909,7909.62,3222,2023
19155,11247,2566.8199999999997,791,2023
19157,2535,578.68,203,2023
19159,4962,2859.41,190,2023
19161,3307,615.42,173,2023
19163,30572,1032.13,1196,2023
19165,1472,275.49,38,2023
19167,4493,1846.03,192,2023
19169,80057,12684.87,1816,2023
19171,2305,525.48,173,2023
19173,214,93.61,25,2023
19175,3201,1833.7,82,2023
19177,1987,403.45,143,2023
19179,1636,464.64,142,2023
19181,3405,1024.82,332,2023
19183,4714,845.12,198,2023
19185,327,129.42,42,2023
19187,1838,323.53,219,2023
19189,2079,755.82,187,2023
19191,9869,2114.81,528,2023
19193,17216,1535.0,541,2023
19195,2099,683.11,226,2023
19197,1367,342.8,100,2023
20001,4318,2533.33,243,2023
20003,1318,447.74,121,2023
20005,9296,1353.45,160,2023
20007,2609,165.68,560,2023
20009,11891,369.59,425,2023
20011,1549,478.86,175,2023
20013,4907,1518.7,233,2023
20015,9464,231.99,726,2023
20017,9414,274.2,685,2023
20019,2238,192.32,198,2023
20021,3643,1263.55,347,2023
20023,2215,294.25,175,2023
20025,2369,61.35,118,2023
20027,1979,316.44,112,2023
20029,8577,1200.08,171,2023
20031,4832,969.32,275,2023
20033,1423,30.18,118,2023
20035,7969,405.12,538,2023
20037,5837,1239.29,355,2023
20039,627,128.45000000000002,71,2023
20041,2361,136.4,393,2023
20043,1119,547.51,75,2023
20045,102904,36556.26,2179,2023
20047,424,51.31,55,2023
20049,1151,199.47,129,2023
20051,9858,257.11,710,2023
20053,9369,456.74,491,2023
20055,6541,880.54,480,2023
20057,5103,466.79,337,2023
20059,2195,586.14,242,2023
20061,5086,151.05,313,2023
20063,3332,345.17,234,2023
20065,1020,47.49999999999999,43,2023
20067,636,45.03,31,2023
20069,923,173.82,97,2023
20071,644,160.42000000000002,53,2023
20073,2712,232.22,364,2023
20075,2280,262.38,121,2023
20077,2376,181.19,142,2023
20079,30910,822.64,474,2023
20081,814,160.4,57,2023
20083,1416,79.19,68,2023
20085,1793,442.47,103,2023
20087,15690,4850.66,442,2023
20089,5634,235.17,125,2023
20091,168742,17994.47,3744,2023
20093,657,274.99,58,2023
20095,7259,253.73,147,2023
20097,2774,328.03000000000003,188,2023
20099,3858,1403.09,171,2023
20101,284,62.3,64,2023
20103,22383,5378.64,478,2023
20105,1355,108.97,122,2023
20107,7647,3012.84,252,2023
20109,2870,538.5699999999999,263,2023
20111,4111,344.87,409,2023
20113,13093,2773.79,372,2023
20115,5757,552.86,338,2023
20117,1254,119.98,148,2023
20119,4258,332.67,212,2023
20121,16573,7061.4800000000005,429,2023
20123,3944,374.68,160,2023
20125,1883,359.61,187,2023
20127,1516,29.49,173,2023
20129,11040,363.52,375,2023
20131,981,206.3,103,2023
20133,5346,1095.49,239,2023
20135,532,54.22,70,2023
20137,1334,72.89,97,2023
20139,14187,2451.44,412,2023
20141,1107,189.79,108,2023
20143,4852,306.21,171,2023
20145,816,139.78,79,2023
20147,2424,73.17,115,2023
20149,28393,1679.94,549,2023
20151,3077,308.63,185,2023
20153,1499,135.33,55,2023
20155,27932,3667.71,856,2023
20157,6251,827.2,110,2023
20159,1403,132.04,170,2023
20161,54835,2747.53,1383,2023
20163,2516,108.72,157,2023
20165,646,126.05,101,2023
20167,14787,495.26,780,2023
20169,6793,315.41,502,2023
20171,8189,252.44,232,2023
20173,60797,1113.0700000000002,2122,2023
20175,3855,161.99,144,2023
20177,47021,10542.97,877,2023
20179,1186,336.95,116,2023
20181,4249,382.11,179,2023
20183,1892,294.08,99,2023
20185,24200,403.85,441,2023
20187,1561,444.21,73,2023
20189,941,132.54999999999998,87,2023
20191,13649,883.26,804,2023
20193,1928,220.47,201,2023
20195,3699,133.41,197,2023
20197,5740,705.04,338,2023
20199,1174,89.17,78,2023
20201,1052,108.52,102,2023
20203,723,149.04,65,2023
20205,1557,363.99,121,2023
20207,1591,163.89,102,2023
20209,13658,829.37,501,2023
21001,3064,1034.94,118,2023
21003,9658,1694.17,200,2023
21005,2064,713.4499999999999,184,2023
21007,2243,667.99,221,2023
21009,10702,4100.63,385,2023
21011,1338,191.81,155,2023
21013,2053,34.05,357,2023
21015,34283,11223.84,1134,2023
21017,6850,4871.17,200,2023
21019,2096,172.38,267,2023
21021,3172,1544.98,201,2023
21023,463,91.12,86,2023
21025,728,41.19,108,2023
21027,1358,260.88,315,2023
21029,12192,2133.74,1091,2023
21031,1236,285.93,71,2023
21033,553,123.41,141,2023
21035,6017,704.82,402,2023
21037,18667,327.28,977,2023
21039,308,145.56,58,2023
21041,1375,578.75,212,2023
21043,2703,114.15,277,2023
21045,3249,1214.3,255,2023
21047,2701,863.47,433,2023
21049,3633,1698.18,327,2023
21051,414,61.78,83,2023
21053,807,531.48,45,2023
21055,982,198.39,168,2023
21057,84,12.47,43,2023
21059,5155,640.57,459,2023
21061,15021,133.4,475,2023
21063,218,31.05,95,2023
21065,1024,222.4,182,2023
21067,104692,16687.05,2221,2023
21069,489,114.27,101,2023
21071,1229,34.26,82,2023
21073,30820,4607.08,780,2023
21075,3488,1610.21,264,2023
21077,2496,952.19,205,2023
21079,6321,2434.73,358,2023
21081,2583,341.95,405,2023
21083,7394,4258.16,193,2023
21085,2205,423.45,184,2023
21087,549,166.43,47,2023
21089,1018,213.14,195,2023
21091,912,207.14,52,2023
21093,4882,959.94,585,2023
21095,1126,15.04,308,2023
21097,1841,364.26,333,2023
21099,6799,3726.35,298,2023
21101,33506,10645.3,515,2023
21103,1380,337.54,208,2023
21105,453,164.17,189,2023
21107,13032,4592.9800000000005,220,2023
21109,1239,190.48,209,2023
21111,194745,39217.06,4519,2023
21113,15829,5621.55,556,2023
21115,759,58.919999999999995,106,2023
21117,15228,2113.2200000000003,1236,2023
21119,327,11.54,85,2023
21121,581,72.23,91,2023
21123,1750,714.0,174,2023
21125,5045,181.28,453,2023
21127,873,112.3,91,2023
21129,988,65.67,240,2023
21131,74,0.54,70,2023
21133,1100,41.620000000000005,227,2023
21135,341,74.35,122,2023
21137,6344,1998.65,183,2023
21139,3360,197.12,279,2023
21141,25980,11828.71,195,2023
21143,11236,1270.2,686,2023
21145,16984,3599.3,636,2023
21147,2548,99.02,766,2023
21149,460,131.69,46,2023
21151,38895,11727.52,1285,2023
21153,1151,287.14,32,2023
21155,977,455.01,80,2023
21157,32741,8096.5,653,2023
21159,115,2.3899999999999997,32,2023
21161,289,48.64,60,2023
21163,1447,355.56,263,2023
21165,3219,378.18,442,2023
21167,11214,7360.96,352,2023
21169,2633,1151.98,150,2023
21171,882,295.52,147,2023
21173,610,206.23,81,2023
21175,2087,457.43,108,2023
21177,4734,1597.98,157,2023
21179,5055,2227.25,298,2023
21181,761,129.86,79,2023
21183,1581,268.69,137,2023
21185,22360,9161.48,710,2023
21187,1147,404.02,115,2023
21189,236,37.45,65,2023
21191,1646,436.72,176,2023
21193,401,0.7,132,2023
21195,2325,49.18,288,2023
21197,7731,230.89,695,2023
21199,19391,4798.36,1097,2023
21201,591,101.79,25,2023
21203,3521,1674.78,546,2023
21205,7170,1411.13,487,2023
21207,2106,230.0,201,2023
21209,6535,2669.3,447,2023
21211,9867,3426.83,422,2023
21213,1482,657.57,165,2023
21215,28289,4890.88,174,2023
21217,1315,335.07,91,2023
21219,3503,1690.02,186,2023
21221,10180,541.52,909,2023
21223,1468,563.62,295,2023
21225,2191,558.11,163,2023
21227,15573,2649.96,688,2023
21229,884,302.59,136,2023
21231,1120,397.7,148,2023
21233,364,119.64,47,2023
21235,2953,70.64,502,2023
21237,5435,189.74,588,2023
21239,4254,1521.52,312,2023
22001,37543,19372.56,687,2023
22003,896,208.46,111,2023
22005,12183,418.49,489,2023
22007,4256,153.08,152,2023
22009,1725,705.86,154,2023
22011,890,191.14,160,2023
22013,1518,70.55,131,2023
22015,20910,5097.4,688,2023
22017,39684,4883.21,1065,2023
22019,26575,6090.56,1136,2023
22021,524,64.38,73,2023
22023,117357,14022.13,1461,2023
22025,2374,460.42,165,2023
22027,6850,1632.98,237,2023
22029,3622,892.7,207,2023
22031,1890,410.47,168,2023
22033,133914,8460.44,3022,2023
22035,950,327.47,54,2023
22037,2733,213.29,271,2023
22039,2442,505.7,232,2023
22041,2777,893.7,103,2023
22043,2909,99.69,257,2023
22045,5977,872.48,282,2023
22047,15910,2701.34,550,2023
22049,1556,3.71,82,2023
22051,71664,375.13,1443,2023
22053,18483,8469.16,580,2023
22055,35964,3102.28,1023,2023
22057,24823,2535.26,705,2023
22059,5934,109.11,180,2023
22061,11947,885.13,438,2023
22063,14986,810.0600000000001,520,2023
22065,2565,970.01,251,2023
22067,1746,612.65,96,2023
22069,4867,783.66,524,2023
22071,151190,12.68,2329,2023
22073,17721,5138.37,672,2023
22075,24120,317.74,503,2023
22077,1755,425.49,191,2023
22079,22007,2289.74,934,2023
22081,6639,5783.490000000001,137,2023
22083,7324,4247.679999999999,195,2023
22085,1433,121.79,163,2023
22087,4650,245.81,262,2023
22089,4180,56.03,311,2023
22091,314,49.33,44,2023
22093,839,131.11,156,2023
22095,2539,49.2,266,2023
22097,11322,3111.2300000000005,550,2023
22099,17615,2843.4300000000003,730,2023
22101,10512,756.37,317,2023
22103,117751,1596.0,2559,2023
22105,16156,2655.86,671,2023
22107,1446,373.84,105,2023
22109,24345,1990.53,559,2023
22111,2904,93.44,256,2023
22113,22197,9084.45,617,2023
22115,13238,420.69000000000005,629,2023
22117,5483,747.51,306,2023
22119,1321,57.59,200,2023
22121,3586,1190.2,219,2023
22123,1108,417.67,62,2023
22125,9976,803.4,448,2023
22127,796,18.82,108,2023
23001,48700,5321.28,1661,2023
23003,32946,6194.96,3469,2023
23005,387403,22677.4,7345,2023
23007,33566,2145.64,1810,2023
23009,224938,6760.4400000000005,7587,2023
23011,76152,5024.81,3143,2023
23013,79400,6921.74,2428,2023
23015,183543,11102.3,2487,2023
23017,40507,2888.9,3323,2023
23019,111328,10328.07,4318,2023
23021,26344,377.66,2380,2023
23023,42105,945.48,1879,2023
23025,20987,2160.95,2645,2023
23027,69843,7101.9800000000005,2312,2023
23029,65029,3810.98,2718,2023
23031,241329,23736.42,5042,2023
24001,58427,3936.1,3561,2023
24003,255559,7776.0,7090,2023
24005,332602,38183.54,8459,2023
24009,83434,6763.96,2333,2023
24011,30830,7783.91,1646,2023
24013,70000,16944.4,2238,2023
24015,49396,11105.56,1837,2023
24017,38604,5208.52,2078,2023
24019,107438,28808.28,2729,2023
24021,154187,46609.2,5717,2023
24023,135839,20329.71,9400,2023
24025,93677,15781.09,2612,2023
24027,310252,60025.8,5507,2023
24029,69714,27874.17,1666,2023
24031,737917,72292.42,17468,2023
24033,279976,27532.19,6562,2023
24035,73964,25639.77,2096,2023
24037,53047,5229.08,1831,2023
24039,20067,1316.97,947,2023
24041,74050,21923.01,1505,2023
24043,71268,16996.78,2907,2023
24045,33742,6113.54,2142,2023
24047,124256,7659.82,3337,2023
24510,131540,607.76,2334,2023
25001,550148,1687.3000000000002,9686,2023
25003,240319,36999.91,6771,2023
25005,199892,16870.8,4278,2023
25007,71639,1170.0,2515,2023
25009,668116,36023.65,8188,2023
25011,97904,13248.0,6064,2023
25013,115628,10066.73,3475,2023
25015,421445,90150.4,6561,2023
25017,950737,45600.94,19529,2023
25019,67883,1214.86,1337,2023
25021,249361,12173.63,6082,2023
25023,266103,24722.37,6335,2023
25025,257343,0.88,3932,2023
25027,362352,22448.22,11253,2023
26001,16829,1575.1,577,2023
26003,24683,1408.28,2217,2023
26005,61484,15212.49,2109,2023
26007,7952,199.33,496,2023
26009,24584,1221.32,1280,2023
26011,10882,798.0400000000001,383,2023
26013,7388,135.0,761,2023
26015,66273,9372.82,1867,2023
26017,29878,3980.6,793,2023
26019,42773,212.59,1306,2023
26021,131985,23278.75,2878,2023
26023,5793,1841.76,320,2023
26025,64974,12566.96,1601,2023
26027,15422,1544.61,685,2023
26029,29893,2548.78,1387,2023
26031,26301,714.14,1515,2023
26033,80205,9929.01,2586,2023
26035,4147,223.36,410,2023
26037,53126,20857.71,1106,2023
26039,40233,29.360000000000003,1325,2023
26041,21650,826.58,788,2023
26043,6589,161.98999999999998,305,2023
26045,17879,4105.61,1230,2023
26047,38575,2746.82,2070,2023
26049,59634,7221.68,1322,2023
26051,6276,488.38,378,2023
26053,13079,917.59,997,2023
26055,76780,4702.78,2041,2023
26057,15771,4168.22,619,2023
26059,18641,3825.17,607,2023
26061,24112,350.18,1436,2023
26063,6711,854.0,411,2023
26065,107093,10832.54,3482,2023
26067,12161,2856.1,592,2023
26069,113028,1452.9,884,2023
26071,4234,148.0,383,2023
26073,58369,9920.98,1568,2023
26075,115938,29764.82,2371,2023
26077,135603,13642.28,3403,2023
26079,10944,38.24,706,2023
26081,243134,15424.61,4916,2023
26083,22520,0.59,1467,2023
26085,7840,151.67000000000002,400,2023
26087,59242,10630.7,1269,2023
26089,66341,1745.54,2206,2023
26091,32810,5147.59,912,2023
26093,86830,6635.53,3466,2023
26095,4561,64.42,511,2023
26097,33046,993.38,1785,2023
26099,163288,13672.89,3232,2023
26101,35786,1234.05,969,2023
26103,50255,541.38,2876,2023
26105,33988,2816.05,1118,2023
26107,35401,4888.45,655,2023
26109,7096,2048.1,476,2023
26111,25809,2240.58,1008,2023
26113,4465,1074.53,364,2023
26115,79101,6051.4,1582,2023
26117,12376,2122.17,645,2023
26119,2726,30.700000000000003,209,2023
26121,91591,1825.11,1323,2023
26123,17701,1395.67,835,2023
26125,290663,8163.58,7340,2023
26127,11817,2276.08,870,2023
26129,15610,2260.29,637,2023
26131,7603,556.63,875,2023
26133,14018,2482.75,440,2023
26135,8807,253.47,475,2023
26137,12764,366.55,686,2023
26139,173597,17559.61,2587,2023
26141,5029,170.25,481,2023
26143,21606,3735.64,742,2023
26145,54015,6209.66,1104,2023
26147,72851,8721.32,1711,2023
26149,12894,2610.07,665,2023
26151,12273,3162.51,635,2023
26153,14597,183.75,1021,2023
26155,10380,2779.05,575,2023
26157,14140,2512.43,652,2023
26159,44063,7700.47,1138,2023
26161,490993,54691.94,8549,2023
26163,181042,3279.39,3964,2023
26165,14734,674.39,678,2023
27001,21289,1380.71,1083,2023
27003,92660,12525.240000000002,3360,2023
27005,20725,2801.05,1130,2023
27007,17359,952.37,1172,2023
27009,14629,3045.14,437,2023
27011,5899,1555.37,288,2023
27013,11109,1809.57,740,2023
27015,5085,1009.2,383,2023
27017,17260,2760.84,1079,2023
27019,58722,17881.64,1750,2023
27021,28125,1098.04,1621,2023
27023,7645,1412.17,385,2023
27025,18558,5716.81,1308,2023
27027,34033,11760.06,1849,2023
27029,8367,350.25,435,2023
27031,30879,31.99,2486,2023
27033,6527,2016.82,572,2023
27035,25136,2288.6600000000003,1881,2023
27037,161981,22881.07,5668,2023
27039,4146,1579.71,462,2023
27041,9731,2120.24,777,2023
27043,3894,1529.06,259,2023
27045,11567,3866.65,803,2023
27047,9389,2418.26,532,2023
27049,45879,5720.25,1693,2023
27051,11645,6083.030000000001,252,2023
27053,580650,20029.16,11139,2023
27055,14281,1630.31,814,2023
27057,12292,939.26,834,2023
27059,8160,1811.04,538,2023
27061,19261,781.3000000000001,1584,2023
27063,3692,1081.8,489,2023
27065,2835,692.21,330,2023
27067,7799,1456.64,628,2023
27069,3789,557.76,258,2023
27071,10126,213.95,539,2023
27073,16070,5735.35,625,2023
27075,44731,153.96,3322,2023
27077,3746,266.85,380,2023
27079,13340,2562.07,698,2023
27081,3119,818.77,263,2023
27083,15342,2352.09,494,2023
27085,7827,2497.37,542,2023
27087,1216,222.97,162,2023
27089,13203,2766.6299999999997,567,2023
27091,3346,931.95,289,2023
27093,10834,2961.95,611,2023
27095,5193,459.25,498,2023
27097,11873,3660.99,547,2023
27099,7624,1832.54,344,2023
27101,6098,2664.74,267,2023
27103,7908,1035.78,448,2023
27105,4749,1798.05,296,2023
27107,2365,744.4,261,2023
27109,70223,12303.66,2243,2023
27111,30443,3540.73,1584,2023
27113,4167,1602.34,320,2023
27115,22730,3526.18,1269,2023
27117,7581,1289.65,280,2023
27119,26994,9808.74,1157,2023
27121,2992,735.46,403,2023
27123,231253,2603.12,4947,2023
27125,1449,498.54,153,2023
27127,3018,966.42,241,2023
27129,6324,1464.06,334,2023
27131,37139,6143.01,1912,2023
27133,5768,3733.09,407,2023
27135,4231,553.5699999999999,347,2023
27137,286733,10663.28,8500,2023
27139,73619,9839.22,1942,2023
27141,52113,15431.4,1579,2023
27143,5999,1303.32,358,2023
27145,42286,10355.33,2542,2023
27147,11004,4611.24,623,2023
27149,4098,706.17,222,2023
27151,4328,837.7,435,2023
27153,7668,1938.72,439,2023
27155,1034,233.07,94,2023
27157,22874,12423.87,808,2023
27159,2635,293.8,295,2023
27161,2642,710.72,233,2023
27163,194083,34968.81,4256,2023
27165,4104,1660.82,249,2023
27167,4523,1351.69,293,2023
27169,18345,1957.11,1604,2023
27171,26263,3651.86,1941,2023
27173,4967,1377.86,239,2023
28001,7936,2669.88,378,2023
28003,1595,406.63,111,2023
28005,734,257.83,82,2023
28007,507,57.68,98,2023
28009,598,132.06,95,2023
28011,1584,754.73,198,2023
28013,396,120.97,85,2023
28015,336,64.81,155,2023
28017,844,160.85,124,2023
28019,1753,441.87,225,2023
28021,818,58.01,127,2023
28023,528,58.23,152,2023
28025,596,85.11,137,2023
28027,1606,276.98,78,2023
28029,273,45.66,91,2023
28031,608,311.68,92,2023
28033,9295,1362.78,376,2023
28035,18183,1690.4900000000002,899,2023
28037,384,10.21,92,2023
28039,2109,42.42,138,2023
28041,384,27.81,94,2023
28043,2592,508.97,333,2023
28045,21591,478.98,773,2023
28047,48497,112.46,1647,2023
28049,24821,282.54,659,2023
28051,1201,57.38,82,2023
28053,3632,1197.53,108,2023
28055,2982,2269.7999999999997,35,2023
28057,1427,350.58,108,2023
28059,103700,1146.46,2601,2023
28061,746,99.05,144,2023
28063,670,133.69,144,2023
28065,1699,851.92,17,2023
28067,3260,222.57,332,2023
28069,1158,26.38,146,2023
28071,33662,4634.12,668,2023
28073,2499,90.25,476,2023
28075,3326,360.46,250,2023
28077,59,8.13,20,2023
28079,243,29.62,84,2023
28081,4303,896.55,281,2023
28083,920,404.7,121,2023
28085,595,105.89,107,2023
28087,7386,724.04,355,2023
28089,19396,1643.97,569,2023
28091,1037,85.53,175,2023
28093,3285,319.6,203,2023
28095,1158,223.35,204,2023
28097,235,34.07,66,2023
28099,334,47.2,111,2023
28101,892,259.04,363,2023
28103,14509,3520.14,308,2023
28105,16865,3683.79,1072,2023
28107,5945,967.27,297,2023
28109,4548,1942.37,652,2023
28111,1149,66.68,325,2023
28113,1564,62.19,124,2023
28115,439,145.04,110,2023
28117,556,136.81,54,2023
28119,1772,1453.61,69,2023
28121,6489,211.99,485,2023
28123,1103,69.56,134,2023
28125,1291,288.84000000000003,145,2023
28127,2247,1097.03,233,2023
28129,540,68.87,168,2023
28131,2248,61.14,369,2023
28133,1803,1462.15,105,2023
28135,1082,459.75,133,2023
28137,2392,1190.15,87,2023
28139,261,59.99,122,2023
28141,7208,658.79,254,2023
28143,3236,1377.53,91,2023
28145,2154,621.9,126,2023
28147,252,43.22,80,2023
28149,5992,2253.05,360,2023
28151,1672,362.78,150,2023
28153,530,49.599999999999994,155,2023
28155,359,54.8,90,2023
28157,613,113.23,88,2023
28159,1209,187.93,249,2023
28161,1325,185.89,120,2023
28163,3194,2428.01,174,2023
29001,8081,2369.54,264,2023
29003,1817,758.01,167,2023
29005,885,341.48,200,2023
29007,1484,601.68,112,2023
29009,8126,1114.73,757,2023
29011,6992,4885.06,481,2023
29013,2892,1310.63,163,2023
29015,10834,5012.389999999999,380,2023
29017,12575,3179.3500000000004,133,2023
29019,166338,37351.98,2643,2023
29021,23980,6724.14,620,2023
29023,4584,2161.88,318,2023
29025,1246,538.67,117,2023
29027,11342,4804.59,568,2023
29029,6415,327.33,518,2023
29031,39875,5921.9,987,2023
29033,2747,887.91,126,2023
29035,5781,173.16,280,2023
29037,33153,15646.64,455,2023
29039,4639,1688.74,232,2023
29041,5635,4238.94,162,2023
29043,16747,3244.87,576,2023
29045,1024,506.81,113,2023
29047,44609,11607.86,1267,2023
29049,5605,1933.06,248,2023
29051,23106,2921.03,496,2023
29053,3387,1164.11,276,2023
29055,7697,3992.39,446,2023
29057,11005,4254.63,340,2023
29059,2390,673.39,262,2023
29061,6143,3714.27,162,2023
29063,2115,654.25,125,2023
29065,2402,251.94,248,2023
29067,2213,1029.5700000000002,124,2023
29069,9248,2251.67,185,2023
29071,32433,4416.88,2369,2023
29073,1862,205.42,112,2023
29075,533,145.92,36,2023
29077,65360,14843.44,1722,2023
29079,1154,271.95,31,2023
29081,3607,1784.88,242,2023
29083,10104,4204.06,513,2023
29085,1927,544.97,237,2023
29087,30591,1441.69,535,2023
29089,1596,796.38,176,2023
29091,2916,665.06,287,2023
29093,9335,871.38,325,2023
29095,81844,12720.99,2784,2023
29097,29137,1693.66,619,2023
29099,51072,7163.55,1872,2023
29101,15223,2611.57,583,2023
29103,302,160.37,28,2023
29105,3130,593.12,329,2023
29107,4128,919.72,252,2023
29109,3121,2001.14,308,2023
29111,5370,1875.69,192,2023
29113,22051,12556.17,377,2023
29115,6473,1865.0,215,2023
29117,5706,1246.08,237,2023
29119,2569,451.84,746,2023
29121,4932,523.89,223,2023
29123,1746,214.03,212,2023
29125,1158,382.7,154,2023
29127,3139,152.31,231,2023
29129,342,159.88,74,2023
29131,2393,361.7,204,2023
29133,6132,1149.89,237,2023
29135,1929,824.26,158,2023
29137,1422,203.47,105,2023
29139,3887,545.5600000000001,246,2023
29141,1251,344.92,154,2023
29143,4553,2595.94,199,2023
29145,12351,4647.09,677,2023
29147,4136,1798.02,108,2023
29149,8478,1632.89,300,2023
29151,1229,398.55,218,2023
29153,1755,315.24,281,2023
29155,3532,1325.75,196,2023
29157,3382,570.78,303,2023
29159,3047,1626.81,263,2023
29161,44032,16935.96,964,2023
29163,7997,3285.31,183,2023
29165,25175,3702.09,812,2023
29167,8401,1489.32,441,2023
29169,4327,778.59,348,2023
29171,2396,699.38,99,2023
29173,932,175.89,149,2023
29175,3710,2527.85,86,2023
29177,2722,528.83,167,2023
29179,4665,574.5799999999999,448,2023
29181,2948,2383.6,124,2023
29183,150727,15430.9,2885,2023
29185,3573,1313.76,460,2023
29186,4323,963.23,389,2023
29187,7713,1029.66,527,2023
29189,270910,7491.13,6450,2023
29195,5110,2899.49,266,2023
29197,521,205.51,57,2023
29199,1962,1287.65,81,2023
29201,4856,2466.93,311,2023
29203,8106,543.95,749,2023
29205,909,382.62,79,2023
29207,15983,5098.080000000001,408,2023
29209,5869,552.45,406,2023
29211,1031,452.86,73,2023
29213,16085,723.9300000000001,869,2023
29215,7879,2826.8,672,2023
29217,5493,2539.37,244,2023
29219,5879,745.26,444,2023
29221,2751,248.21,326,2023
29223,6771,728.57,293,2023
29225,1968,774.61,280,2023
29227,466,127.91,40,2023
29229,950,429.05,106,2023
29510,89952,2.04,1565,2023
30001,22730,1779.81,1332,2023
30003,3464,249.19,327,2023
30005,4551,254.1,345,2023
30007,5811,392.48,410,2023
30009,20866,2910.97,1389,2023
30011,3829,65.71000000000001,430,2023
30013,36156,881.5,930,2023
30015,4724,369.05,287,2023
30017,3180,38.379999999999995,313,2023
30019,1194,129.82999999999998,85,2023
30021,2774,33.32,276,2023
30023,26721,731.85,513,2023
30025,5243,190.82,169,2023
30027,15144,678.89,1356,2023
30029,95969,18780.63,4197,2023
30031,129848,15366.21,4288,2023
30033,986,6.990000000000001,123,2023
30035,21386,88.61,2108,2023
30037,1949,58.41,189,2023
30039,5135,276.44,468,2023
30041,4401,291.36,286,2023
30043,19941,437.92,574,2023
30045,1768,133.37,280,2023
30047,42372,8968.31,1850,2023
30049,71407,2742.52,1792,2023
30051,1499,178.58,94,2023
30053,8717,15.170000000000002,828,2023
30055,1770,64.13,186,2023
30057,19882,1248.26,1101,2023
30059,3275,279.35,312,2023
30061,3380,20.28,454,2023
30063,126807,8326.380000000001,4049,2023
30065,2681,95.19,149,2023
30067,15954,292.25,1312,2023
30069,1357,10.32,119,2023
30071,31917,442.07,940,2023
30073,1957,128.71,194,2023
30075,1420,16.790000000000003,186,2023
30077,14787,1169.95,616,2023
30079,1043,47.44,134,2023
30081,52027,11510.51,1415,2023
30083,2218,189.05,235,2023
30085,1638,142.5,202,2023
30087,1722,40.28,207,2023
30089,6834,562.65,646,2023
30091,9511,225.22,193,2023
30093,10179,163.47,491,2023
30095,6448,187.93,435,2023
30097,4144,278.8,448,2023
30099,12770,277.09,437,2023
30101,1085,132.68,113,2023
30103,694,34.61,88,2023
30105,10014,650.04,492,2023
30107,7784,1814.55,402,2023
30109,1569,104.02,156,2023
30111,26362,979.05,1180,2023
31001,1767,422.29,171,2023
31003,3644,1480.62,250,2023
31005,401,1.29,40,2023
31007,1110,152.36,340,2023
31009,403,2.52,63,2023
31011,828,83.71,81,2023
31013,1239,130.84,99,2023
31015,843,60.059999999999995,72,2023
31017,2602,42.82,171,2023
31019,26662,755.41,859,2023
31021,4825,1122.52,158,2023
31023,1452,343.15999999999997,98,2023
31025,10309,732.77,630,2023
31027,1909,383.07,149,2023
31029,926,22.5,69,2023
31031,24983,38.87,939,2023
31033,1303,48.8,144,2023
31035,2354,261.16,120,2023
31037,944,130.82999999999998,55,2023
31039,1645,276.8,105,2023
31041,2084,277.8,218,2023
31043,12064,962.23,206,2023
31045,6701,62.760000000000005,457,2023
31047,1827,167.87,271,2023
31049,1178,130.65,129,2023
31051,9046,1625.05,193,2023
31053,7098,318.5,241,2023
31055,73012,1906.15,2222,2023
31057,1616,153.78,101,2023
31059,1936,350.62,136,2023
31061,657,98.31,93,2023
31063,1768,107.8,84,2023
31065,971,159.14,83,2023
31067,7488,417.32,270,2023
31069,5582,150.59,211,2023
31071,726,13.0,92,2023
31073,1410,55.61000000000001,57,2023
31075,1262,0.0,129,2023
31077,433,15.03,30,2023
31079,19185,1445.31,762,2023
31081,2029,555.41,213,2023
31083,4977,124.87,161,2023
31085,475,93.88,65,2023
31087,452,17.73,49,2023
31089,1964,220.31,179,2023
31091,638,0.0,43,2023
31093,1653,116.11,90,2023
31095,4676,683.43,234,2023
31097,2140,306.64,139,2023
31099,3124,551.0,188,2023
31101,9031,244.61,497,2023
31103,2805,134.67,193,2023
31105,4512,247.72,269,2023
31107,6235,275.75,356,2023
31109,147593,17356.1,4401,2023
31111,23287,2745.12,1082,2023
31113,915,79.62,68,2023
31115,1208,22.91,117,2023
31117,844,13.51,121,2023
31119,7348,452.1,234,2023
31121,2016,274.67,91,2023
31123,792,44.879999999999995,131,2023
31125,699,38.36,95,2023
31127,3838,639.93,240,2023
31129,1588,461.33,111,2023
31131,8232,1305.97,342,2023
31133,3394,327.1,207,2023
31135,282,76.24000000000001,52,2023
31137,4387,302.57,125,2023
31139,2032,528.74,172,2023
31141,4923,156.18,165,2023
31143,862,230.81,93,2023
31145,1717,138.93,74,2023
31147,5140,658.51,277,2023
31149,4782,120.68,218,2023
31151,2845,252.36,157,2023
31153,61148,1242.22,1647,2023
31155,6074,1034.16,363,2023
31157,23476,671.17,928,2023
31159,6920,545.0799999999999,307,2023
31161,3278,56.4,305,2023
31163,1014,97.26,71,2023
31165,6322,39.5,714,2023
31167,3316,226.48,114,2023
31169,948,262.2,108,2023
31171,2022,0.04,134,2023
31173,833,210.82,73,2023
31175,580,19.57,66,2023
31177,8064,1029.85,288,2023
31179,2233,375.12,114,2023
31181,998,38.75,66,2023
31183,1157,23.34,96,2023
31185,2842,529.22,170,2023
32001,14523,1591.36,1027,2023
32003,303267,6602.370000000001,12432,2023
32005,19526,662.37,1613,2023
32007,29272,1014.8,1695,2023
32009,12925,86.92,2048,2023
32011,1728,33.39,363,2023
32013,7464,208.58,878,2023
32015,2751,24.18,454,2023
32017,10679,252.78,1256,2023
32019,7969,485.64,819,2023
32021,5616,248.01,463,2023
32023,26630,400.25000000000006,2894,2023
32027,4088,203.0,361,2023
32029,3243,274.35,245,2023
32031,154674,5387.710000000001,5661,2023
32033,9966,40.02,1979,2023
32510,16669,703.3199999999999,611,2023
33001,34647,847.45,1530,2023
33003,80685,2017.01,3427,2023
33005,105941,14123.72,4089,2023
33007,75122,4162.2,3436,2023
33009,138663,13714.47,6842,2023
33011,139643,8806.36,6372,2023
33013,107521,13145.97,3617,2023
33015,207216,8242.050000000001,5157,2023
33017,116330,8518.61,1886,2023
33019,35514,5620.07,2499,2023
34001,303961,1030.44,3178,2023
34003,200704,1901.27,3782,2023
34005,184756,23171.28,5492,2023
34007,62701,284.8,2396,2023
34009,791184,21501.36,3510,2023
34011,45148,3201.96,1312,2023
34013,83805,15.010000000000002,2071,2023
34015,82325,3042.64,2985,2023
34017,52640,964.8,1285,2023
34019,167180,31264.24,2786,2023
34021,193766,20088.38,2984,2023
34023,109702,6602.95,3986,2023
34025,237180,20678.9,3607,2023
34027,141894,6937.42,4811,2023
34029,263857,2902.35,4619,2023
34031,81400,808.75,1559,2023
34033,24903,2967.12,966,2023
34035,150385,9827.52,3450,2023
34037,93273,15495.53,3209,2023
34039,56272,8.860000000000001,1422,2023
34041,78323,8097.62,1810,2023
35001,359975,26582.86,8655,2023
35003,19204,25.14,1831,2023
35005,27560,374.12,986,2023
35006,12396,196.38,928,2023
35007,30011,841.36,1554,2023
35009,5835,270.89,373,2023
35011,9191,460.21,321,2023
35013,89502,11444.87,3315,2023
35015,36774,5924.140000000001,2473,2023
35017,62153,829.43,2730,2023
35019,9389,23.84,475,2023
35021,1622,15.44,288,2023
35023,28633,96.93,1685,2023
35025,8007,94.33,490,2023
35027,14746,71.67,1231,2023
35028,87139,298.66,1000,2023
35029,14364,355.71,876,2023
35031,12587,48.02,979,2023
35033,6510,402.62,730,2023
35035,28810,93.44,2259,2023
35037,5682,35.82,616,2023
35039,27363,2252.73,1756,2023
35041,10215,224.41,470,2023
35043,73325,4510.85,3458,2023
35045,14667,1240.18,1678,2023
35047,28969,1238.79,1463,2023
35049,172688,7694.67,4754,2023
35051,68708,2764.78,1006,2023
35053,152750,19494.6,2415,2023
35055,52667,803.54,2300,2023
35057,15259,594.57,1041,2023
35059,7353,64.86,624,2023
35061,19002,3226.8,658,2023
36001,137704,10628.85,4099,2023
36003,36142,6939.24,1137,2023
36005,80276,1774.24,2092,2023
36007,98611,8768.04,2611,2023
36009,37160,6777.62,2397,2023
36011,64033,8437.51,2081,2023
36013,97845,16410.34,3010,2023
36015,51171,6097.47,1230,2023
36017,27698,5849.71,1450,2023
36019,21355,2535.55,1288,2023
36021,87457,24711.38,2684,2023
36023,26003,6204.25,1379,2023
36025,41116,8810.28,2020,2023
36027,208792,31896.14,4990,2023
36029,292201,21287.99,6101,2023
36031,75809,5011.2,4362,2023
36033,49119,3052.88,2297,2023
36035,14239,859.89,682,2023
36037,48765,5373.93,1089,2023
36039,47044,6337.59,2115,2023
36041,36896,16.91,2090,2023
36043,41933,13047.54,1581,2023
36045,61448,11983.77,2652,2023
36047,491697,49.379999999999995,4155,2023
36049,14768,3044.62,882,2023
36051,61151,20201.42,1852,2023
36053,41545,12557.71,1739,2023
36055,411948,53721.23,7083,2023
36057,28095,10250.29,1143,2023
36059,249636,492.25,4874,2023
36061,563652,0.0,3170,2023
36063,57085,10695.5,2144,2023
36065,63378,14805.45,2453,2023
36067,177639,23115.24,4759,2023
36069,95171,26975.05,2733,2023
36071,153977,26220.56,4228,2023
36073,34823,10609.96,911,2023
36075,103095,24719.789999999997,2086,2023
36077,46843,10987.82,1833,2023
36079,45633,2988.68,2033,2023
36081,208294,71.62000000000002,4091,2023
36083,84323,16926.38,2999,2023
36085,121648,6055.12,1944,2023
36087,93035,389.06999999999994,2498,2023
36089,78064,9490.25,4376,2023
36091,143874,15386.43,3533,2023
36093,24027,1353.86,975,2023
36095,18699,5338.98,1124,2023
36097,29020,8044.67,1252,2023
36099,132590,19832.61,2020,2023
36101,39499,8637.91,1651,2023
36103,529466,24350.57,10407,2023
36105,82560,6569.15,2154,2023
36107,52496,12576.57,1611,2023
36109,530667,89106.56,7792,2023
36111,181561,29227.8,6456,2023
36113,32793,511.87,2385,2023
36115,37626,11535.15,1822,2023
36117,81139,30461.02,1823,2023
36119,339241,10486.02,7313,2023
36121,38021,6073.25,1245,2023
36123,24872,6148.139999999999,849,2023
37001,39343,4205.76,1854,2023
37003,3500,264.22,262,2023
37005,5730,1137.71,402,2023
37007,10983,2517.76,1058,2023
37009,19002,1926.1,1365,2023
37011,27319,2986.47,1718,2023
37013,22369,1491.6,810,2023
37015,9960,1425.83,446,2023
37017,8633,967.67,736,2023
37019,94506,1247.31,3449,2023
37021,252053,19034.56,8157,2023
37023,12776,1215.2,1457,2023
37025,17934,2746.28,1019,2023
37027,9840,1601.9999999999998,1020,2023
37029,3242,195.34,231,2023
37031,78857,2330.78,2454,2023
37033,6492,885.63,524,2023
37035,22208,5737.54,1202,2023
37037,177130,7301.72,4791,2023
37039,5603,659.37,544,2023
37041,8526,2543.55,203,2023
37043,6588,841.42,766,2023
37045,38625,13005.31,734,2023
37047,12756,1444.06,1051,2023
37049,50364,1551.83,1532,2023
37051,46970,5249.25,1373,2023
37053,25164,1290.53,1041,2023
37055,276563,7747.32,3736,2023
37057,13983,1846.65,1255,2023
37059,6176,1282.47,301,2023
37061,5390,473.65,309,2023
37063,180799,18178.32,6204,2023
37065,11515,1817.4,407,2023
37067,163977,8528.57,2347,2023
37069,27891,5717.33,623,2023
37071,35600,1868.74,1327,2023
37073,15378,937.65,374,2023
37075,7689,106.41,718,2023
37077,21942,3907.57,766,2023
37079,2282,730.72,134,2023
37081,139782,13690.04,3425,2023
37083,7139,572.76,388,2023
37085,11742,940.93,820,2023
37087,52049,5624.57,2820,2023
37089,115666,15190.82,2907,2023
37091,2832,542.22,200,2023
37093,6145,235.34,652,2023
37095,26175,1909.48,786,2023
37097,11377,1178.16,1146,2023
37099,37198,1572.82,2228,2023
37101,41249,6326.08,1598,2023
37103,5780,1201.04,383,2023
37105,4898,932.21,354,2023
37107,8394,2367.63,288,2023
37109,8321,1361.59,510,2023
37111,16535,1017.28,1029,2023
37113,25408,1095.29,2639,2023
37115,16405,2648.13,1529,2023
37117,10519,2816.11,541,2023
37119,177736,14007.170000000002,5268,2023
37121,7279,639.65,748,2023
37123,11086,681.28,909,2023
37125,57428,2533.81,1618,2023
37127,6342,827.29,639,2023
37129,113990,186.05,3565,2023
37131,2892,491.22,180,2023
37133,22644,295.3,1120,2023
37135,285950,47713.21000000001,6705,2023
37137,21874,1579.17,494,2023
37139,3796,310.95,219,2023
37141,15722,646.68,1673,2023
37143,2265,459.21,163,2023
37145,35206,8294.43,648,2023
37147,22641,4517.14,1044,2023
37149,25037,5503.75,1142,2023
37151,8411,1532.48,1040,2023
37153,8903,879.84,780,2023
37155,13404,2056.66,779,2023
37157,17019,2499.9,784,2023
37159,19720,2765.04,666,2023
37161,12348,1990.14,772,2023
37163,7864,1428.31,430,2023
37165,12204,2584.93,500,2023
37167,14636,3772.88,718,2023
37169,18185,4176.37,677,2023
37171,12478,2150.95,763,2023
37173,21739,3093.1400000000003,2756,2023
37175,75091,12325.54,2826,2023
37177,9618,2480.62,424,2023
37179,16231,1854.07,1023,2023
37181,6805,833.44,430,2023
37183,536564,64101.62,12273,2023
37185,4167,358.25,237,2023
37187,10434,1478.68,517,2023
37189,83991,9529.27,2968,2023
37191,16931,2511.32,688,2023
37193,25069,6149.59,1383,2023
37195,21347,1964.66,600,2023
37197,7904,3437.54,312,2023
37199,29823,9565.81,1333,2023
38001,1197,133.94,97,2023
38003,18338,3213.52,687,2023
38005,3575,402.91,157,2023
38007,19823,134.47,912,2023
38009,4376,1722.01,265,2023
38011,5299,355.27,341,2023
38013,5396,281.7,213,2023
38015,29604,1045.64,1165,2023
38017,46623,8083.94,1566,2023
38019,819,230.38,81,2023
38021,2403,576.3,134,2023
38023,2513,228.28,184,2023
38025,3212,111.91,133,2023
38027,790,356.96999999999997,49,2023
38029,2493,204.2,173,2023
38031,954,176.36,71,2023
38033,1845,60.63,156,2023
38035,29268,5486.79,767,2023
38037,439,34.49,56,2023
38039,2779,937.22,115,2023
38041,1100,146.66,124,2023
38043,22192,1421.65,598,2023
38045,769,274.25,105,2023
38047,1641,198.65,106,2023
38049,4716,572.01,223,2023
38051,1693,209.81,156,2023
38053,10984,520.61,758,2023
38055,8159,523.92,368,2023
38057,4743,182.3,254,2023
38059,9167,274.71,534,2023
38061,15337,376.8,401,2023
38063,2599,957.13,130,2023
38065,1257,56.72,114,2023
38067,954,212.35,154,2023
38069,2734,310.42,142,2023
38071,2465,294.17,146,2023
38073,2370,678.51,177,2023
38075,1230,293.37,72,2023
38077,3438,592.98,280,2023
38079,1404,191.7,110,2023
38081,3922,1178.44,151,2023
38083,3581,364.4,174,2023
38085,5384,35.91,126,2023
38087,5342,288.08,250,2023
38089,10710,530.02,570,2023
38091,11340,731.42,100,2023
38093,29619,2607.51,999,2023
38095,688,140.48000000000002,58,2023
38097,1986,932.71,133,2023
38099,1123,567.63,97,2023
38101,13887,1606.56,545,2023
38103,1219,320.97,122,2023
38105,11189,1034.85,503,2023
39001,18642,3467.42,1027,2023
39003,20827,4430.360000000001,730,2023
39005,19893,6482.38,1132,2023
39007,32385,4763.67,4167,2023
39009,59967,6198.35,2801,2023
39011,3476,1309.88,290,2023
39013,8068,1907.31,457,2023
39015,9125,3336.0400000000004,377,2023
39017,110820,21711.93,4325,2023
39019,6299,987.29,927,2023
39021,10921,1782.36,1006,2023
39023,41631,9974.78,1176,2023
39025,93621,20530.15,2242,2023
39027,21715,5327.73,650,2023
39029,20959,3405.16,683,2023
39031,14450,3461.39,524,2023
39033,5829,1284.39,484,2023
39035,398168,5709.08,8388,2023
39037,10469,4069.04,491,2023
39039,4641,2235.38,242,2023
39041,136179,16152.59,2752,2023
39043,124666,5987.41,1882,2023
39045,52999,4903.14,1297,2023
39047,3511,1527.79,282,2023
39049,443706,71557.16,7393,2023
39051,4984,1135.79,397,2023
39053,3607,1074.82,388,2023
39055,115099,15859.75,2871,2023
39057,66158,14840.94,2646,2023
39059,10780,1488.09,545,2023
39061,206247,38990.89,7172,2023
39063,18589,3676.53,893,2023
39065,11750,5542.87,364,2023
39067,13264,3449.24,519,2023
39069,4631,891.84,301,2023
39071,17933,3692.96,649,2023
39073,29744,1665.54,1598,2023
39075,32966,12567.19,852,2023
39077,10565,1524.81,516,2023
39079,3628,505.99,525,2023
39081,20327,1819.75,345,2023
39083,31727,10123.52,954,2023
39085,138957,9520.57,2732,2023
39087,9271,783.5400000000001,663,2023
39089,87485,16709.38,1750,2023
39091,27464,9099.09,855,2023
39093,154418,22185.41,2392,2023
39095,860938,50149.37,4709,2023
39097,25644,6384.85,706,2023
39099,47504,19594.83,1076,2023
39101,38859,13166.96,493,2023
39103,57291,17834.41,2119,2023
39105,2610,577.4,268,2023
39107,4982,2011.72,230,2023
39109,32847,14386.45,716,2023
39111,1954,367.64,148,2023
39113,118422,8871.869999999999,3513,2023
39115,9138,2484.7,458,2023
39117,11450,2459.21,755,2023
39119,34012,10065.54,949,2023
39121,5744,1511.52,289,2023
39123,186344,13000.88,1741,2023
39125,6122,928.38,173,2023
39127,21244,3311.12,515,2023
39129,14736,5087.85,669,2023
39131,2559,372.96,463,2023
39133,107122,14595.75,3798,2023
39135,31286,9298.26,851,2023
39137,4250,738.9699999999999,163,2023
39139,54680,13304.46,1326,2023
39141,6422,1889.66,848,2023
39143,43668,8168.93,911,2023
39145,23666,1437.36,931,2023
39147,10066,2889.93,492,2023
39149,2813,324.61,315,2023
39151,112016,18042.22,2670,2023
39153,202487,21092.08,7948,2023
39155,77893,11278.73,1180,2023
39157,15619,3844.85,663,2023
39159,34015,14681.19,641,2023
39161,8370,944.15,298,2023
39163,17124,1386.33,794,2023
39165,59031,16172.14,2619,2023
39167,18038,1601.96,583,2023
39169,120676,17952.57,1689,2023
39171,7500,3195.42,371,2023
39173,35473,4318.5,1481,2023
39175,16043,9026.2,437,2023
40001,1230,344.8,213,2023
40003,14668,440.07,345,2023
40005,2530,212.62,294,2023
40007,5382,198.0,461,2023
40009,1563,99.61,236,2023
40011,1426,108.95,183,2023
40013,3256,481.12,374,2023
40015,2084,70.44,263,2023
40017,6144,518.1,613,2023
40019,20252,75.68,500,2023
40021,13038,1431.75,868,2023
40023,3992,1854.84,197,2023
40025,20102,960.21,1037,2023
40027,53856,944.54,2886,2023
40029,1143,161.71,85,2023
40031,27825,47.33,1505,2023
40033,2252,130.13,184,2023
40035,1063,473.73,206,2023
40037,3542,284.59,488,2023
40039,2765,282.01,290,2023
40041,6757,972.0,558,2023
40043,315,29.73,82,2023
40045,1102,58.690000000000005,163,2023
40047,5826,1156.71,211,2023
40049,741,33.31,139,2023
40051,1996,32.75,229,2023
40053,1267,355.09000000000003,151,2023
40055,1748,60.35,186,2023
40057,593,50.0,122,2023
40059,6765,308.9,434,2023
40061,415,164.95000000000002,54,2023
40063,1211,224.61,85,2023
40065,2590,444.78,228,2023
40067,3809,46.89,171,2023
40069,15254,833.8900000000001,433,2023
40071,3067,160.53,240,2023
40073,727,151.41,145,2023
40075,2851,297.74,190,2023
40077,601,66.6,182,2023
40079,4348,683.73,696,2023
40081,4030,42.37,339,2023
40083,7667,192.73,503,2023
40085,2943,167.0,220,2023
40087,3539,344.77,794,2023
40089,19349,938.91,1202,2023
40091,1231,151.8,257,2023
40093,1489,205.48,219,2023
40095,1814,17.67,217,2023
40097,2655,396.14,335,2023
40099,2514,10.78,402,2023
40101,3874,1559.23,492,2023
40103,6446,205.53,534,2023
40105,362,131.75,59,2023
40107,748,158.08,129,2023
40109,107774,382.92,3617,2023
40111,2295,394.87,255,2023
40113,12472,1272.79,1355,2023
40115,1718,494.17,277,2023
40117,3409,29.0,381,2023
40119,70846,629.41,1765,2023
40121,1895,277.47,223,2023
40123,1041,145.8,196,2023
40125,3035,9.03,268,2023
40127,1443,184.67,268,2023
40129,1212,30.99,159,2023
40131,6498,774.37,682,2023
40133,1081,27.56,134,2023
40135,9338,2428.98,435,2023
40137,3903,45.870000000000005,206,2023
40139,3415,383.16,343,2023
40141,2881,1045.91,186,2023
40143,88335,10042.83,4100,2023
40145,8555,1742.94,560,2023
40147,6239,534.83,335,2023
40149,2300,197.99,190,2023
40151,2703,102.07,294,2023
40153,6715,82.25,550,2023
41001,21396,1848.74,3080,2023
41003,317101,97042.38,6316,2023
41005,119215,20591.28,5680,2023
41007,99103,4552.96,3009,2023
41009,82099,16523.73,1372,2023
41011,61630,848.23,2016,2023
41013,24889,4995.55,1527,2023
41015,29860,1754.22,1810,2023
41017,205860,1253.72,6069,2023
41019,50429,5506.27,4611,2023
41021,3270,241.23,320,2023
41023,13142,212.22,1968,2023
41025,158550,10868.28,4511,2023
41027,25344,842.21,2265,2023
41029,193516,33465.71,5603,2023
41031,23120,702.89,1694,2023
41033,47880,2030.48,3267,2023
41035,96543,5552.89,3741,2023
41037,46789,3321.2900000000004,1962,2023
41039,371857,72026.59999999999,13314,2023
41041,125709,1085.91,3505,2023
41043,68951,18791.17,4412,2023
41045,11798,688.45,1779,2023
41047,154278,54136.18,3402,2023
41049,8602,1440.2500000000002,658,2023
41051,501389,37528.99,9828,2023
41053,94284,30571.15,2175,2023
41055,21059,2412.45,770,2023
41057,118818,5828.53,3890,2023
41059,39824,4367.34,2239,2023
41061,88735,18530.42,3663,2023
41063,28700,2479.69,3459,2023
41065,44914,2137.1,2643,2023
41067,329967,46018.27,6806,2023
41069,6098,116.8,630,2023
41071,32282,11164.64,1834,2023
42001,57058,22098.73,1376,2023
42003,335100,24322.73,9827,2023
42005,24966,4042.75,1138,2023
42007,28383,4219.2,1444,2023
42009,35256,8906.039999999999,1526,2023
42011,153144,30457.81,4450,2023
42013,46250,3914.0,1110,2023
42015,9097,2030.09,544,2023
42017,330725,52769.53,6149,2023
42019,105330,7851.8,2575,2023
42021,15649,2005.24,1057,2023
42023,15115,1781.06,578,2023
42025,44105,10181.68,1640,2023
42027,253386,49201.43,4852,2023
42029,475743,119042.06,7163,2023
42031,27907,6321.54,1467,2023
42033,20433,1009.01,1138,2023
42035,35468,3745.75,1062,2023
42037,14233,2685.33,832,2023
42039,51181,8703.75,2310,2023
42041,135323,21596.5,3325,2023
42043,87587,13263.11,2460,2023
42045,262615,7377.5,3944,2023
42047,11897,979.97,743,2023
42049,124334,6154.71,3171,2023
42051,37026,2922.53,1835,2023
42053,12344,1815.01,768,2023
42055,118784,28819.99,1891,2023
42057,33570,6081.64,805,2023
42059,10684,2846.7,707,2023
42061,103254,20758.03,2193,2023
42063,89298,17133.15,2324,2023
42065,17255,5372.95,729,2023
42067,31071,9541.08,596,2023
42069,45396,7828.6,1511,2023
42071,293356,63038.36,5321,2023
42073,23086,7686.52,1134,2023
42075,74234,11998.42,1601,2023
42077,97541,17360.5,2102,2023
42079,112488,20643.62,3626,2023
42081,74474,17514.88,1395,2023
42083,5938,220.46,638,2023
42085,34977,3486.3,1700,2023
42087,14980,4525.04,513,2023
42089,88018,6543.27,2633,2023
42091,480554,64937.05,7596,2023
42093,20201,6297.06,850,2023
42095,112892,24955.58,2701,2023
42097,18061,4873.1,630,2023
42099,30813,11361.96,1117,2023
42101,352164,1874.73,5057,2023
42103,46181,1124.65,1535,2023
42105,14599,1257.93,980,2023
42107,63464,8080.23,1332,2023
42109,15390,3955.3,483,2023
42111,30734,3745.4,2827,2023
42113,9286,403.3,561,2023
42115,50423,17247.99,1188,2023
42117,86113,17900.02,1559,2023
42119,20437,3845.05,717,2023
42121,8474,1170.8200000000002,809,2023
42123,11867,696.71,859,2023
42125,68945,8341.39,2521,2023
42127,25890,4065.83,1110,2023
42129,68352,5325.9,3236,2023
42131,16722,2249.3,534,2023
42133,106592,15340.64,3152,2023
44001,40099,1905.36,960,2023
44003,45227,493.53,1434,2023
44005,86368,6035.19,1886,2023
44007,108309,7471.32,4028,2023
44009,238295,7667.85,6399,2023
45001,13508,2366.92,302,2023
45003,73491,4112.04,1533,2023
45005,2268,1100.36,149,2023
45007,52874,14872.94,1061,2023
45009,2054,192.55,175,2023
45011,3007,187.25,284,2023
45013,241061,1430.76,3724,2023
45015,32442,124.57,2275,2023
45017,3513,402.55,294,2023
45019,309291,2969.91,6447,2023
45021,14986,6348.13,255,2023
45023,3939,283.5,266,2023
45025,8705,317.59,635,2023
45027,34894,6534.09,457,2023
45029,62881,6208.0,1166,2023
45031,6731,447.92,275,2023
45033,1923,248.32,205,2023
45035,36429,587.28,929,2023
45037,2478,457.31,272,2023
45039,3178,112.26,280,2023
45041,4572,604.33,477,2023
45043,141997,1402.96,1740,2023
45045,122012,7879.56,3317,2023
45047,7704,734.96,417,2023
45049,6595,268.5,275,2023
45051,78127,955.27,2588,2023
45053,45718,772.64,791,2023
45055,22001,1243.91,431,2023
45057,4526,504.0,444,2023
45059,5521,2572.98,354,2023
45061,4983,2533.83,324,2023
45063,84797,3329.81,1745,2023
45065,5371,338.55,419,2023
45067,1960,225.71,126,2023
45069,2482,212.37,132,2023
45071,18340,1174.52,632,2023
45073,30210,4145.43,1780,2023
45075,12481,2424.99,631,2023
45077,33609,3383.66,2109,2023
45079,74396,4496.27,3114,2023
45081,5300,1060.04,230,2023
45083,23320,3607.43,1023,2023
45085,4687,903.08,369,2023
45087,1597,297.01,206,2023
45089,3873,1210.09,224,2023
45091,36168,6177.05,1291,2023
46003,1325,547.04,163,2023
46005,2723,1425.0,214,2023
46007,1512,63.72,117,2023
46009,872,106.14,70,2023
46011,13083,2285.24,486,2023
46013,9663,2491.24,457,2023
46015,917,246.14,105,2023
46017,210,30.51,41,2023
46019,2279,47.830000000000005,220,2023
46021,1107,124.78,103,2023
46023,3532,436.03,234,2023
46025,727,270.02,66,2023
46027,8227,3206.17,260,2023
46029,4617,437.68,300,2023
46031,723,28.69,88,2023
46033,27998,17.27,2106,2023
46035,1056,243.42,213,2023
46037,3031,197.23,217,2023
46039,1808,363.87,164,2023
46041,813,72.05,35,2023
46043,4078,495.83,158,2023
46045,660,232.09,85,2023
46047,7550,21.65,354,2023
46049,347,169.64,74,2023
46051,1551,414.99,164,2023
46053,1122,34.5,124,2023
46055,372,14.06,56,2023
46057,1380,226.34,79,2023
46059,1151,404.51,99,2023
46061,449,114.25,69,2023
46063,3211,21.91,294,2023
46065,10062,129.24,308,2023
46067,1834,606.52,129,2023
46069,411,69.54,32,2023
46071,6489,68.39,510,2023
46073,155,20.67,23,2023
46075,927,44.51,132,2023
46077,1010,235.86,95,2023
46079,1725,352.65,127,2023
46081,9898,43.54,724,2023
46083,6046,873.89,335,2023
46085,1971,132.72,342,2023
46087,834,325.46,111,2023
46089,2278,143.95,134,2023
46091,2668,401.23,222,2023
46093,2854,24.53,294,2023
46095,778,12.62,70,2023
46097,163,67.57000000000001,29,2023
46099,17435,4090.03,880,2023
46101,3511,1224.03,220,2023
46102,663,6.7,169,2023
46103,26910,297.58,2132,2023
46105,1350,80.78,94,2023
46107,534,113.05,73,2023
46109,6942,2182.9300000000003,464,2023
46111,2638,1409.98,110,2023
46115,1459,502.08,94,2023
46117,5040,171.57,270,2023
46119,1490,147.57,95,2023
46121,295,7.390000000000001,75,2023
46123,426,104.18,82,2023
46125,1177,328.21,93,2023
46127,4869,335.45,242,2023
46129,874,106.48,73,2023
46135,8821,272.02,336,2023
46137,183,1.46,29,2023
47001,69182,11997.01,1250,2023
47003,5708,1560.46,356,2023
47005,10603,1364.33,222,2023
47007,8320,2652.29,449,2023
47009,111130,32780.46,3360,2023
47011,24072,3403.85,762,2023
47013,13538,4579.71,344,2023
47015,6399,4432.66,227,2023
47017,3095,220.3,144,2023
47019,23339,4077.05,1354,2023
47021,13801,1739.74,1021,2023
47023,1976,335.61,178,2023
47025,2722,385.72,232,2023
47027,2344,494.47,115,2023
47029,7666,502.83,805,2023
47031,8707,2916.2000000000003,813,2023
47033,563,160.92000000000002,107,2023
47035,14903,1644.72,863,2023
47037,232297,28327.66,4749,2023
47039,1869,873.55,126,2023
47041,11758,584.5,413,2023
47043,7027,974.65,600,2023
47045,5440,2352.52,277,2023
47047,14665,4906.1,438,2023
47049,4094,488.22,393,2023
47051,16515,2362.46,1239,2023
47053,11878,6897.28,577,2023
47055,3989,2806.09,465,2023
47057,18219,11028.64,209,2023
47059,11861,4966.22,999,2023
47061,5474,960.8,696,2023
47063,2787,721.42,258,2023
47065,192871,6843.51,4672,2023
47067,753,127.69,71,2023
47069,3540,785.39,197,2023
47071,7515,1597.96,304,2023
47073,32807,14291.35,500,2023
47075,6278,544.94,256,2023
47077,2090,232.17,168,2023
47079,20633,6472.49,319,2023
47081,2150,625.7,226,2023
47083,9756,3460.73,77,2023
47085,32848,10961.08,400,2023
47087,2966,633.83,197,2023
47089,5667,2298.36,444,2023
47091,5680,1331.68,344,2023
47093,189440,23941.27,3680,2023
47095,13770,5244.36,610,2023
47097,4903,2523.23,130,2023
47099,4921,1480.74,284,2023
47101,5138,355.35999999999996,431,2023
47103,13509,4101.12,283,2023
47105,11299,1173.7,488,2023
47107,4097,317.32,326,2023
47109,1843,504.82,158,2023
47111,740,175.2,147,2023
47113,8932,2203.22,505,2023
47115,15217,2201.41,928,2023
47117,4051,1357.15,360,2023
47119,7706,1808.38,771,2023
47121,22107,7169.82,232,2023
47123,15389,3524.98,603,2023
47125,49656,7718.68,1239,2023
47127,2391,662.39,136,2023
47129,4273,317.08,690,2023
47131,6044,1410.89,544,2023
47133,3102,404.22,236,2023
47135,8974,1307.99,204,2023
47137,3362,748.94,222,2023
47139,6632,880.9499999999999,715,2023
47141,33655,1499.61,585,2023
47143,8740,1017.01,388,2023
47145,20130,5904.54,627,2023
47147,4778,1581.01,1301,2023
47149,64848,11993.8,2005,2023
47151,10701,5554.299999999999,591,2023
47153,5373,1737.13,363,2023
47155,46866,5443.320000000001,4729,2023
47157,178515,63935.16,2754,2023
47159,3803,1172.97,185,2023
47161,7398,2065.87,666,2023
47163,50543,5683.29,1770,2023
47165,23823,2821.19,1090,2023
47167,3483,1265.63,164,2023
47169,212,67.55,58,2023
47171,4033,125.07,577,2023
47173,7518,572.22,270,2023
47175,2589,162.29,619,2023
47177,10915,2450.7200000000003,422,2023
47179,29083,4268.82,1108,2023
47181,2712,1111.73,164,2023
47183,6250,2457.1,184,2023
47185,4712,1740.39,579,2023
47187,70158,12905.04,1948,2023
47189,22552,5361.84,1807,2023
48001,7844,2324.25,975,2023
48003,1716,16.669999999999998,142,2023
48005,32259,831.07,895,2023
48007,115259,3618.87,1598,2023
48009,6516,303.4,411,2023
48011,1997,299.4,277,2023
48013,6076,1192.83,859,2023
48015,35140,17757.22,911,2023
48017,1399,76.71000000000001,180,2023
48019,33785,2.48,1927,2023
48021,58304,13078.85,2720,2023
48023,1958,110.54,264,2023
48025,10351,1472.23,424,2023
48027,66280,7542.259999999999,4167,2023
48029,327306,8111.9,19749,2023
48031,32196,2.15,1819,2023
48033,603,26.26,72,2023
48035,13485,125.36,913,2023
48037,15733,5609.73,527,2023
48039,147175,16361.06,4219,2023
48041,118603,23802.68,3385,2023
48043,128029,0.32,4670,2023
48045,3556,176.36,360,2023
48047,4456,672.41,323,2023
48049,3594,38.38,562,2023
48051,27514,14775.89,862,2023
48053,67225,42.22,2096,2023
48055,10096,2143.13,722,2023
48057,31176,2697.24,1097,2023
48059,4468,140.85,635,2023
48061,612425,73600.26,6669,2023
48063,2774,424.39,147,2023
48065,3027,476.78,252,2023
48067,3655,616.77,340,2023
48069,2973,1042.13,224,2023
48071,143573,51641.329999999994,1655,2023
48073,7758,2014.08,602,2023
48075,1458,63.0,133,2023
48077,9208,53.09,575,2023
48079,593,136.56,95,2023
48081,3876,9.9,240,2023
48083,7308,152.84,420,2023
48085,118387,2015.63,6360,2023
48087,845,40.65,90,2023
48089,22850,15312.169999999998,1166,2023
48091,78709,133.76999999999998,4711,2023
48093,2365,94.42,338,2023
48095,2516,72.58,194,2023
48097,5235,282.63,691,2023
48099,19705,97.07,1124,2023
48101,3077,201.44,251,2023
48103,415,0.0,69,2023
48105,4234,0.0,410,2023
48107,10792,2058.36,649,2023
48109,15367,90.64,841,2023
48111,2388,343.13,269,2023
48113,216330,12580.09,9629,2023
48115,1697,301.99,143,2023
48117,1517,370.25,199,2023
48119,1841,634.9300000000001,171,2023
48121,142900,5228.87,8105,2023
48123,18227,9854.24,364,2023
48125,1195,29.81,265,2023
48127,3703,67.15,272,2023
48129,1001,30.63,160,2023
48131,7748,373.19,493,2023
48133,3369,70.46,388,2023
48135,2707,0.0,412,2023
48137,12590,0.0,657,2023
48139,29067,2065.79,1812,2023
48141,68837,70.36,2308,2023
48143,5506,67.24,791,2023
48145,2569,769.17,425,2023
48147,2905,499.29,454,2023
48149,10053,3609.9,924,2023
48151,4810,844.98,258,2023
48153,3748,353.15,255,2023
48155,1843,282.46,323,2023
48157,231890,24168.95,5713,2023
48159,1887,811.04,242,2023
48161,8243,553.45,441,2023
48163,4935,850.47,813,2023
48165,929,65.96000000000001,133,2023
48167,534670,31394.62,4364,2023
48169,6491,413.84,294,2023
48171,13605,56.46,1294,2023
48173,785,17.91,76,2023
48175,8609,2061.77,519,2023
48177,18174,3634.06,704,2023
48179,1783,157.84,208,2023
48181,89827,19154.07,1758,2023
48183,4063,217.54,501,2023
48185,7620,3130.91,609,2023
48187,43823,1586.29,2031,2023
48189,1885,217.11,215,2023
48191,857,73.34,111,2023
48193,11465,169.96,402,2023
48195,4190,420.68,207,2023
48197,3245,94.85,303,2023
48199,15273,445.32,1123,2023
48201,572882,51076.27,16299,2023
48203,11186,1967.79,804,2023
48205,2394,75.83,181,2023
48207,3238,193.81,197,2023
48209,81349,1059.42,4755,2023
48211,1062,6.1000000000000005,147,2023
48213,29323,12304.58,757,2023
48215,625866,148441.13,4845,2023
48217,12619,450.95,847,2023
48219,1328,348.02,208,2023
48221,9484,78.51,906,2023
48223,2938,737.56,300,2023
48225,8610,2485.6,475,2023
48227,1975,70.42,203,2023
48229,7454,1764.61,536,2023
48231,11009,800.83,1015,2023
48233,3235,216.43,310,2023
48235,3581,2.94,148,2023
48237,2453,11.07,355,2023
48239,12740,4985.64,1289,2023
48241,21467,464.66,910,2023
48243,86455,74.75999999999999,1878,2023
48245,114698,20824.9,1255,2023
48247,5333,308.59,352,2023
48249,18486,5697.43,1010,2023
48251,37337,431.72,1682,2023
48253,10514,670.88,1099,2023
48255,3648,849.29,336,2023
48257,21471,12611.64,1073,2023
48259,82353,42.79,2084,2023
48261,35801,1874.22,728,2023
48263,1176,11.41,172,2023
48265,53093,33.81,1636,2023
48267,39383,6.49,1100,2023
48269,1313,23.16,175,2023
48271,19577,125.89,450,2023
48273,61215,27485.81,1611,2023
48275,3110,273.23,267,2023
48277,3091,922.35,373,2023
48279,2140,360.32,246,2023
48281,18949,24.1,421,2023
48283,5476,821.8399999999999,290,2023
48285,5340,2900.48,861,2023
48287,13403,3503.75,704,2023
48289,12306,5801.34,566,2023
48291,15133,2961.9500000000003,811,2023
48293,4641,1104.46,364,2023
48295,430,5.7299999999999995,58,2023
48297,9707,713.63,849,2023
48299,12153,14.47,889,2023
48301,310,0.0,36,2023
48303,71535,3555.77,2619,2023
48305,1642,295.02,201,2023
48307,2397,36.07,286,2023
48309,56809,2225.05,2845,2023
48311,19241,2595.1,542,2023
48313,4694,2197.1,295,2023
48315,5869,122.92,317,2023
48317,1712,418.12,170,2023
48319,4620,34.6,597,2023
48321,38430,7900.58,943,2023
48323,3592,167.76,282,2023
48325,13953,686.92,977,2023
48327,3871,27.549999999999997,334,2023
48329,23391,263.05,687,2023
48331,11096,4467.21,1375,2023
48333,4298,7.52,561,2023
48335,5254,73.48,243,2023
48337,2195,6.93,469,2023
48339,101731,2695.7999999999997,4760,2023
48341,1461,261.89,183,2023
48343,9093,964.66,282,2023
48345,1778,130.95000000000002,86,2023
48347,15233,2987.15,867,2023
48349,8388,929.23,622,2023
48351,1501,85.33,280,2023
48353,4425,50.89,326,2023
48355,312054,13801.16,3943,2023
48357,1262,309.69,192,2023
48359,1380,164.51,260,2023
48361,7309,439.9,334,2023
48363,9433,27.72,725,2023
48365,3713,1139.26,290,2023
48367,16091,41.9,1561,2023
48369,1322,347.79,178,2023
48371,6421,6.5200000000000005,678,2023
48373,12677,981.08,1094,2023
48375,7257,178.54,811,2023
48377,39011,4.3100000000000005,1594,2023
48379,4281,2341.42,252,2023
48381,27340,368.5,1220,2023
48383,645,1.7100000000000002,61,2023
48385,7609,0.04,425,2023
48387,6466,578.94,208,2023
48389,20792,1431.1,443,2023
48391,11303,4901.03,765,2023
48393,533,8.5,78,2023
48395,4162,1514.41,333,2023
48397,5247,92.02,818,2023
48399,5524,462.52,386,2023
48401,5948,1981.29,518,2023
48403,6438,51.41,228,2023
48405,2532,176.49,175,2023
48407,4411,173.45,527,2023
48409,101621,11199.23,1676,2023
48411,12196,33.78,481,2023
48413,1613,6.970000000000001,199,2023
48415,4922,147.12,389,2023
48417,4246,62.28999999999999,262,2023
48419,3416,682.1,203,2023
48421,1088,204.83,118,2023
48423,37857,3266.84,2158,2023
48425,14898,72.4,662,2023
48427,160133,642.18,1609,2023
48429,1446,5.09,214,2023
48431,420,1.6800000000000002,63,2023
48433,1537,43.8,211,2023
48435,4075,0.0,364,2023
48437,1586,308.06,179,2023
48439,256824,2656.12,11951,2023
48441,34752,497.25,1583,2023
48443,5805,0.0,495,2023
48445,1066,227.73,123,2023
48447,1686,97.77,212,2023
48449,6737,2322.9700000000003,329,2023
48451,34497,582.62,1012,2023
48453,553797,16970.140000000003,18891,2023
48455,1568,203.17,220,2023
48457,8737,231.6,724,2023
48459,2913,754.09,282,2023
48461,403,0.2,91,2023
48463,35966,1945.62,1200,2023
48465,45140,0.0,2034,2023
48467,10563,5891.86,741,2023
48469,17850,7196.2,873,2023
48471,15256,600.94,876,2023
48473,28237,18676.78,993,2023
48475,1633,3.67,139,2023
48477,19029,6548.91,930,2023
48479,35864,21.19,777,2023
48481,13117,9272.74,741,2023
48483,940,8.92,174,2023
48485,14384,894.12,969,2023
48487,1009,300.23,293,2023
48489,22444,7211.86,737,2023
48491,192844,4606.18,11620,2023
48493,11224,4234.15,1044,2023
48495,525,0.62,68,2023
48497,17886,95.75,2319,2023
48499,17814,3767.64,2321,2023
48501,1092,83.72999999999999,106,2023
48503,2285,153.54,302,2023
48505,28214,304.13,646,2023
48507,1255,101.54,170,2023
49001,14959,1288.57,631,2023
49003,81235,5053.98,1938,2023
49005,52105,8470.81,2539,2023
49007,8953,59.82,438,2023
49009,4980,207.78,431,2023
49011,156513,6348.59,2813,2023
49013,5745,603.64,532,2023
49015,5946,101.53,1360,2023
49017,20847,446.38,2084,2023
49019,33032,3279.05,2444,2023
49021,15684,690.83,1398,2023
49023,12202,522.68,711,2023
49025,13237,70.74,1847,2023
49027,7217,686.51,1458,2023
49029,15580,3182.9,400,2023
49031,1798,173.74,251,2023
49033,5934,1083.66,353,2023
49035,233827,2981.1,6931,2023
49037,19459,53.06,3636,2023
49039,7915,587.3000000000001,557,2023
49041,3977,136.78,661,2023
49043,43409,2882.94,2158,2023
49045,13297,313.66999999999996,1156,2023
49047,19012,2807.73,1364,2023
49049,158335,20523.05,5734,2023
49051,19864,3495.89,1341,2023
49053,115816,1288.4,6848,2023
49055,7664,1532.54,1064,2023
49057,26441,2355.49,1429,2023
50001,135893,44155.36,4310,2023
50003,53694,9769.44,2600,2023
50005,22815,2652.58,1866,2023
50007,246916,35947.78,8121,2023
50009,27592,355.5,815,2023
50011,50187,9769.27,1970,2023
50013,24501,6909.82,1181,2023
50015,24571,5596.56,2229,2023
50017,41450,5262.16,2250,2023
50019,30345,3513.99,1381,2023
50021,122444,22817.77,3681,2023
50023,80470,13722.81,4802,2023
50025,96448,15138.9,3676,2023
50027,131935,27505.71,4712,2023
51001,140738,6835.88,1598,2023
51003,168444,41645.68,3498,2023
51005,1989,235.36,258,2023
51007,8653,2310.8,222,2023
51009,27634,4606.55,883,2023
51011,3994,1469.02,227,2023
51013,84178,0.0,1889,2023
51015,76560,24396.8,2181,2023
51017,13218,2372.4,566,2023
51019,52242,7398.35,1329,2023
51021,2179,721.49,229,2023
51023,48810,6945.5,1065,2023
51025,1728,167.42,189,2023
51027,3724,323.69,137,2023
51029,8940,3239.94,413,2023
51031,6756,1309.93,409,2023
51033,12392,3607.28,653,2023
51035,5753,938.77,389,2023
51036,6796,2592.84,315,2023
51037,3135,858.09,189,2023
51041,81647,233.74,2268,2023
51043,30427,5525.58,662,2023
51045,5927,1020.51,717,2023
51047,18896,6225.17,500,2023
51049,8507,1681.68,414,2023
51051,2592,30.56,202,2023
51053,2918,314.11,252,2023
51057,11745,2938.21,538,2023
51059,575244,12659.1,12477,2023
51061,71326,31165.83,2314,2023
51063,10154,1948.47,634,2023
51065,15958,5523.28,381,2023
51067,13978,2783.66,718,2023
51069,23790,4128.400000000001,815,2023
51071,31102,2596.48,1450,2023
51073,87910,7518.540000000001,1304,2023
51075,14476,2239.91,612,2023
51077,17120,4328.6,829,2023
51079,6630,802.54,460,2023
51081,770,60.94,113,2023
51083,14198,3474.27,316,2023
51085,37091,2214.08,1008,2023
51087,94949,4711.44,1841,2023
51089,6148,344.15,336,2023
51091,15999,4614.42,647,2023
51093,14246,2599.21,571,2023
51095,96459,3030.31,1259,2023
51097,8732,875.89,517,2023
51099,10112,1429.45,366,2023
51101,7348,1670.55,289,2023
51103,11464,556.69,638,2023
51105,8477,3268.7000000000003,590,2023
51107,192558,38631.97,5165,2023
51109,23140,2449.24,610,2023
51111,3440,1057.52,108,2023
51113,33669,6009.009999999999,1448,2023
51115,15119,618.3100000000001,302,2023
51117,27371,11987.03,675,2023
51119,15709,1798.98,537,2023
51121,111550,19753.74,2967,2023
51125,25091,6576.78,1287,2023
51127,18432,1939.26,424,2023
51131,110760,15570.53,1145,2023
51133,12400,2767.91,481,2023
51135,5600,543.22,209,2023
51137,11852,1433.8300000000002,522,2023
51139,38207,5824.78,1458,2023
51141,7100,1713.69,413,2023
51143,4530,1072.79,420,2023
51145,20415,4263.29,631,2023
51147,28692,2843.0,790,2023
51149,5641,525.89,454,2023
51153,180088,14700.06,3627,2023
51155,18083,3587.96,500,2023
51157,15962,7314.96,1145,2023
51159,19390,2295.13,329,2023
51161,34279,2679.96,1023,2023
51163,22519,6805.15,1160,2023
51165,95408,29451.53,2297,2023
51167,4181,1370.72,317,2023
51169,4265,715.55,408,2023
51171,26257,6014.73,1071,2023
51173,23422,4950.32,1046,2023
51175,1210,209.52,239,2023
51177,27194,2388.38,1187,2023
51179,42748,2344.74,1148,2023
51181,15159,585.0,318,2023
51183,8112,1315.0700000000002,472,2023
51185,10867,2821.48,281,2023
51187,28887,2332.85,1207,2023
51191,17748,3099.03,1138,2023
51193,13677,3219.6400000000003,637,2023
51195,3724,65.54,487,2023
51197,7413,2338.22,441,2023
51199,48585,1678.89,999,2023
51510,78491,0.0,873,2023
51520,2897,22.29,154,2023
51530,1006,23.039999999999996,46,2023
51540,26839,4.99,621,2023
51550,45951,3445.79,1713,2023
51570,1243,0.0,93,2023
51580,279,1.56,24,2023
51590,6947,426.58,131,2023
51595,772,24.58,48,2023
51600,12325,0.0,262,2023
51610,5248,0.0,151,2023
51620,776,42.330000000000005,40,2023
51630,7852,14.68,334,2023
51640,492,23.08,29,2023
51650,37584,0.0,713,2023
51660,24424,769.4300000000001,446,2023
51670,6228,0.0,63,2023
51678,1557,40.56,64,2023
51680,40785,969.51,583,2023
51683,7037,0.29,135,2023
51685,626,0.0,40,2023
51690,6655,0.3,88,2023
51700,49334,534.86,766,2023
51710,50988,0.15,935,2023
51720,659,0.0,79,2023
51730,2506,36.459999999999994,178,2023
51735,7842,0.0,84,2023
51740,19497,9.38,212,2023
51750,48579,3406.39,181,2023
51760,82361,1.48,1821,2023
51770,27172,194.94,476,2023
51775,5163,14.45,190,2023
51790,9366,4639.8,233,2023
51800,26457,1802.23,914,2023
51810,165793,6207.57,2975,2023
51820,8168,486.32,177,2023
51830,23809,0.06,500,2023
51840,8768,361.06,171,2023
53001,14786,1111.36,577,2023
53003,13917,1063.54,690,2023
53005,60328,4410.99,1717,2023
53007,104985,6000.02,4222,2023
53009,228243,28234.97,5749,2023
53011,236981,55900.02,3641,2023
53013,7116,445.89,325,2023
53015,50053,6706.25,1330,2023
53017,17170,1049.44,1099,2023
53019,11678,53.45,490,2023
53021,23598,1348.95,765,2023
53023,3447,169.8,270,2023
53025,69720,6605.25,2687,2023
53027,77484,15237.31,2416,2023
53029,100177,7383.98,2276,2023
53031,163022,5739.82,3949,2023
53033,948202,30868.12,22140,2023
53035,154178,7200.3200000000015,4010,2023
53037,58301,3976.2,4658,2023
53039,52187,1415.78,2241,2023
53041,28883,3860.99,2519,2023
53043,10869,1329.67,596,2023
53045,74024,7585.29,2552,2023
53047,74811,2121.8900000000003,4201,2023
53049,64968,2207.36,1343,2023
53051,8455,256.79,1027,2023
53053,221408,6622.38,8880,2023
53055,80191,21255.81,2684,2023
53057,165761,44169.96,4357,2023
53059,37499,5218.5199999999995,2613,2023
53061,280895,22059.06,7454,2023
53063,97173,5329.0,4772,2023
53065,16962,728.5,1168,2023
53067,223133,18459.33,4484,2023
53069,12405,3199.01,193,2023
53071,144734,22912.81,1731,2023
53073,130700,16369.87,7544,2023
53075,61348,5353.87,1934,2023
53077,69411,5322.79,2727,2023
54001,5808,1073.78,189,2023
54003,22908,11530.22,800,2023
54005,415,54.06,135,2023
54007,2435,274.67,264,2023
54009,3239,419.35,152,2023
54011,10958,1442.06,502,2023
54013,603,84.71,77,2023
54015,477,5.5600000000000005,64,2023
54017,842,194.0,58,2023
54019,22525,543.75,1699,2023
54021,1370,73.9,124,2023
54023,11298,2035.76,884,2023
54025,8933,1496.42,864,2023
54027,7801,1535.11,504,2023
54029,1089,211.88,187,2023
54031,11340,4182.94,530,2023
54033,7260,467.28,331,2023
54035,4867,1094.33,188,2023
54037,36524,13882.44,951,2023
54039,30168,543.64,1956,2023
54041,4946,421.2600000000001,333,2023
54043,486,37.84,65,2023
54045,488,1.31,60,2023
54047,101,0.77,28,2023
54049,16232,2162.71,423,2023
54051,3408,461.67,134,2023
54053,7312,2327.91,376,2023
54055,8148,657.71,421,2023
54057,1855,167.06,548,2023
54059,66,0.58,33,2023
54061,65680,5442.47,2338,2023
54063,3351,910.09,314,2023
54065,7025,332.59,570,2023
54067,6390,94.99,371,2023
54069,8152,80.11,360,2023
54071,18210,3334.0899999999997,888,2023
54073,3688,1060.74,80,2023
54075,15056,2808.09,1317,2023
54077,42811,9408.95,2654,2023
54079,5842,479.54,400,2023
54081,18709,684.96,1012,2023
54083,14799,4286.87,1150,2023
54085,4467,493.87,135,2023
54087,841,87.15,87,2023
54089,15551,3529.0400000000004,458,2023
54091,4401,345.05,224,2023
54093,30928,1783.23,1961,2023
54095,883,35.31,48,2023
54097,1456,117.95,160,2023
54099,2603,162.21,209,2023
54101,931,15.84,302,2023
54103,2505,66.17999999999999,68,2023
54105,1632,518.06,94,2023
54107,34717,2674.04,443,2023
54109,1007,16.32,135,2023
55001,22225,2741.6400000000003,1218,2023
55003,42604,2435.25,1191,2023
55005,12891,1609.49,797,2023
55007,50418,6669.49,2550,2023
55009,100356,5553.89,2019,2023
55011,9021,743.03,500,2023
55013,36071,1219.21,2088,2023
55015,29789,7244.169999999999,714,2023
55017,25292,3253.46,999,2023
55019,7975,2727.33,474,2023
55021,43053,14560.63,2340,2023
55023,7397,1354.69,538,2023
55025,663982,111823.93,11436,2023
55027,140163,18392.26,1531,2023
55029,85777,9819.1,2907,2023
55031,28070,915.32,1324,2023
55033,20473,5545.51,780,2023
55035,25432,1808.74,1256,2023
55037,35807,3280.58,231,2023
55039,100778,21377.87,2139,2023
55041,22326,2105.6,523,2023
55043,49072,10237.87,1363,2023
55045,10361,2829.89,673,2023
55047,32421,3807.49,816,2023
55049,45441,24082.7,1322,2023
55051,12896,337.53000000000003,625,2023
55053,7651,683.4,813,2023
55055,80338,28825.04,1593,2023
55057,23371,508.43,1177,2023
55059,35973,5027.92,1611,2023
55061,13498,1952.52,420,2023
55063,44459,7258.97,1548,2023
55065,5778,1565.05,350,2023
55067,10482,269.24,439,2023
55069,20611,4280.03,852,2023
55071,54380,10588.25,1016,2023
55073,71454,11358.77,1754,2023
55075,36225,838.6,739,2023
55077,9542,1363.66,550,2023
55078,1178,43.17999999999999,73,2023
55079,322691,4740.7,4330,2023
55081,9370,4489.110000000001,884,2023
55083,16447,854.06,710,2023
55085,32267,283.62,1565,2023
55087,62079,9190.29,1414,2023
55089,124773,27589.27,1627,2023
55091,3019,694.5,338,2023
55093,14521,2355.38,739,2023
55095,25228,2210.26,1319,2023
55097,92407,12938.47,2073,2023
55099,10870,465.76,471,2023
55101,45466,6189.61,1551,2023
55103,15240,4970.5,556,2023
55105,34419,6682.29,1557,2023
55107,10878,2345.15,535,2023
55109,34547,12782.86,1278,2023
55111,119987,25335.64,8106,2023
55113,16284,854.9300000000001,1009,2023
55115,6647,1536.89,472,2023
55117,66411,6335.34,1349,2023
55119,11915,4405.59,317,2023
55121,13744,942.2,560,2023
55123,32036,6232.05,1170,2023
55125,37916,661.01,1963,2023
55127,20242,1935.16,1689,2023
55129,22372,919.2100000000002,704,2023
55131,43614,9555.79,1369,2023
55133,150311,13998.01,4739,2023
55135,16798,1675.01,637,2023
55137,14761,1246.67,675,2023
55139,69602,6116.66,1276,2023
55141,20579,3050.03,839,2023
56001,53515,617.41,2780,2023
56003,4445,355.32,686,2023
56005,7350,5.800000000000001,363,2023
56007,14387,1181.64,1575,2023
56009,5503,89.11999999999999,518,2023
56011,8007,31.98,544,2023
56013,40904,1964.31,1873,2023
56015,4961,288.71,391,2023
56017,2508,49.75,177,2023
56019,9886,207.42,566,2023
56021,34687,276.66,1232,2023
56023,7719,529.11,864,2023
56025,7725,41.77,679,2023
56027,1398,29.24,209,2023
56029,57037,1363.07,4325,2023
56031,4245,29.4,352,2023
56033,11842,1584.45,663,2023
56035,24512,895.08,1216,2023
56037,13787,161.13,1301,2023
56039,101753,1215.7,6235,2023
56041,4642,411.72,530,2023
56043,4772,250.76,351,2023
56045,4492,30.67,359,2023
01001,6164,1016.7,390,2024
01003,147913,7627.66,4210,2024
01005,17017,1692.29,357,2024
01007,4958,130.84,613,2024
01009,6208,1163.75,1332,2024
01011,6707,1762.9399999999998,260,2024
01013,1146,110.95,161,2024
01015,18261,2207.2999999999997,905,2024
01017,5633,986.76,234,2024
01019,3157,421.07,482,2024
01021,7756,649.7,312,2024
01023,1460,71.03,103,2024
01025,625,95.12,114,2024
01027,3064,267.47,449,2024
01029,5147,256.93,634,2024
01031,1372,228.36,187,2024
01033,18172,7107.3,795,2024
01035,3944,408.59,215,2024
01037,2246,28.3,197,2024
01039,9478,675.02,978,2024
01041,290,40.08,87,2024
01043,3983,942.92,699,2024
01045,6674,457.59,234,2024
01047,2785,675.94,261,2024
01049,6538,1413.14,891,2024
01051,10779,1345.78,719,2024
01053,3428,152.04,521,2024
01055,9247,962.08,434,2024
01057,1093,184.28,122,2024
01059,1471,489.0,226,2024
01061,9853,2480.63,157,2024
01063,3666,721.93,258,2024
01065,10291,6129.360000000001,404,2024
01067,2090,533.45,143,2024
01069,13468,1124.66,491,2024
01071,22223,4893.05,1316,2024
01073,99012,2640.32,3505,2024
01075,785,62.43000000000001,82,2024
01077,31443,6454.6,1120,2024
01079,11306,1464.38,768,2024
01081,81697,10543.33,2167,2024
01083,46400,17678.86,1453,2024
01085,4846,1619.0600000000002,306,2024
01087,13588,3208.9800000000005,685,2024
01089,103279,7942.4,4145,2024
01091,1454,309.21,146,2024
01093,2690,596.71,268,2024
01095,26663,4353.93,709,2024
01097,142263,1891.06,2288,2024
01099,1555,181.06,183,2024
01101,28761,2915.4700000000003,1197,2024
01103,25202,10971.87,870,2024
01105,8901,1109.26,371,2024
01107,1220,220.39,111,2024
01109,2873,141.6,471,2024
01111,3251,1160.83,338,2024
01113,3912,452.17,400,2024
01115,3947,462.65,600,2024
01117,50979,12669.97,1790,2024
01119,3340,1218.54,449,2024
01121,3745,1084.51,495,2024
01123,6104,1031.44,399,2024
01125,44440,7760.929999999999,2224,2024
01127,4598,964.19,245,2024
01129,613,102.48,147,2024
01131,3887,347.39,170,2024
01133,4687,163.56,848,2024
04001,40200,1887.39,2440,2024
04003,898532,4223.6,13154,2024
04005,235585,1398.52,12098,2024
04007,40145,17.56,2460,2024
04009,24465,1841.51,1386,2024
04011,11448,649.8100000000001,681,2024
04012,15225,3819.65,1014,2024
04013,1009824,52210.7,21301,2024
04015,33896,47.7,3039,2024
04017,40637,1090.83,1584,2024
04019,1511551,9275.72,25730,2024
04021,136940,21523.28,5615,2024
04023,704421,11997.979999999998,5147,2024
04025,268696,11772.01,7510,2024
04027,46640,7571.070000000001,2383,2024
05001,7158,2156.69,316,2024
05003,2702,956.77,153,2024
05005,17860,2484.81,904,2024
05007,115219,35978.4,4678,2024
05009,3620,810.93,333,2024
05011,885,82.19,95,2024
05013,444,2.35,94,2024
05015,13042,698.11,947,2024
05017,1543,269.5,177,2024
05019,4520,971.5,520,2024
05021,693,466.52,164,2024
05023,6362,744.72,595,2024
05025,362,53.62,84,2024
05027,8061,960.64,268,2024
05029,8786,1583.86,621,2024
05031,18123,3179.38,915,2024
05033,26345,14603.69,628,2024
05035,6473,1084.22,360,2024
05037,1603,214.64,147,2024
05039,702,184.44,97,2024
05041,5727,749.79,176,2024
05043,4253,1094.32,140,2024
05045,40804,10250.84,1845,2024
05047,6899,2360.48,560,2024
05049,1827,273.19,215,2024
05051,32898,693.79,1818,2024
05053,8103,165.52,222,2024
05055,2627,349.01,296,2024
05057,4026,487.61,389,2024
05059,4254,418.25,640,2024
05061,2049,262.94,296,2024
05063,1753,453.88,281,2024
05065,2640,744.13,302,2024
05067,2580,804.58,359,2024
05069,18631,1816.52,343,2024
05071,4728,967.42,483,2024
05073,1189,462.69,176,2024
05075,1135,402.82,236,2024
05077,1165,266.36,86,2024
05079,963,286.31,139,2024
05081,2524,369.53,444,2024
05083,4881,2037.0,487,2024
05085,9980,4872.19,479,2024
05087,5321,1733.09,913,2024
05089,3946,1631.02,350,2024
05091,3145,678.11,411,2024
05093,1915,431.28,226,2024
05095,2336,260.38,176,2024
05097,3565,405.07,761,2024
05099,678,168.13,136,2024
05101,6999,1268.6,1019,2024
05103,720,23.63,128,2024
05105,2163,582.12,454,2024
05107,1704,214.02,86,2024
05109,1987,112.19,421,2024
05111,4195,1430.47,307,2024
05113,3402,692.4699999999999,672,2024
05115,26724,6150.910000000001,1034,2024
05117,6318,1917.29,281,2024
05119,89818,4173.77,3142,2024
05121,2874,661.71,179,2024
05123,1769,645.18,244,2024
05125,33743,1328.15,1651,2024
05127,3450,583.76,393,2024
05129,2813,445.53,514,2024
05131,25350,12900.489999999998,693,2024
05133,1989,290.78000000000003,474,2024
05135,3743,185.76,263,2024
05137,4504,678.09,1220,2024
05139,2053,4.96,204,2024
05141,2980,352.05,372,2024
05143,128199,31802.46,4445,2024
05145,55124,25044.870000000003,616,2024
05147,3785,2388.08,188,2024
05149,9276,983.45,427,2024
06001,633090,11390.22,13150,2024
06003,16281,103.85,2072,2024
06005,13262,172.31,1001,2024
06007,119299,23541.35,5005,2024
06009,20152,3.14,1818,2024
06011,24784,6754.16,1198,2024
06013,445570,11716.59,13085,2024
06015,42770,3929.2,2951,2024
06017,105356,2.99,7645,2024
06019,88658,3622.5,6846,2024
06021,53952,4447.04,1108,2024
06023,396529,32560.94,11615,2024
06025,121867,46946.53,5001,2024
06027,134097,10683.4,10392,2024
06029,165107,7449.49,8815,2024
06031,13073,3800.76,521,2024
06033,37780,910.94,2406,2024
06035,32759,4671.42,2039,2024
06037,1575283,5043.28,52086,2024
06039,42134,2197.67,2619,2024
06041,539524,1641.91,15185,2024
06043,80308,0.0,8332,2024
06045,131846,5687.19,6350,2024
06047,95710,14409.43,2811,2024
06049,23900,1998.24,1294,2024
06051,114018,3245.18,6220,2024
06053,484040,4475.62,13054,2024
06055,87376,2652.21,4248,2024
06057,116613,11.41,4295,2024
06059,1071603,2948.3,17505,2024
06061,135011,6236.68,6254,2024
06063,85884,4435.07,3612,2024
06065,441978,6906.13,28567,2024
06067,409179,43209.52,7843,2024
06069,89078,3092.63,3427,2024
06071,346104,5895.1900000000005,19493,2024
06073,1758646,19408.38,53407,2024
06075,514887,0.33,4099,2024
06077,149036,37994.3,3448,2024
06079,423053,2448.3,10959,2024
06081,474085,3115.4,13727,2024
06083,495547,6293.4800000000005,9548,2024
06085,764033,4226.92,19806,2024
06087,431046,22420.74,9541,2024
06089,96717,3890.27,5439,2024
06091,35178,808.98,1696,2024
06093,109216,9976.17,5877,2024
06095,142810,23297.14,4907,2024
06097,370910,32234.33,16619,2024
06099,92603,28719.09,2508,2024
06101,22274,5807.95,684,2024
06103,60124,6950.47,2162,2024
06105,37069,112.74,3361,2024
06107,91568,10994.68,6052,2024
06109,65674,45.89,4465,2024
06111,358286,15154.79,10409,2024
06113,278769,109762.89,4354,2024
06115,15430,2598.41,1131,2024
08001,212303,1287.76,2965,2024
08003,12016,116.49,717,2024
08005,228058,433.94,3504,2024
08007,25050,887.38,1129,2024
08009,21432,547.45,540,2024
08011,31280,1296.86,716,2024
08013,486259,11052.24,11295,2024
08014,46429,299.33,598,2024
08015,40382,3022.6899999999996,1878,2024
08017,4718,1141.69,309,2024
08019,18288,0.0,1819,2024
08021,7295,399.54,709,2024
08023,5134,75.73,302,2024
08025,5617,38.8,183,2024
08027,8255,63.2,529,2024
08029,24872,2006.68,1114,2024
08031,160856,270.36,3616,2024
08033,5502,91.26,360,2024
08035,154189,7.25,3963,2024
08037,47750,2648.6800000000003,2340,2024
08039,9661,139.63,526,2024
08041,304067,817.54,7465,2024
08043,28724,2437.4,1197,2024
08045,39209,2876.07,1878,2024
08047,11207,0.0,730,2024
08049,31099,111.09,2626,2024
08051,36983,2421.67,3839,2024
08053,5270,56.19,647,2024
08055,8878,13.8,788,2024
08057,28522,470.62,894,2024
08059,488257,72.91,9078,2024
08061,12557,259.28000000000003,341,2024
08063,4123,602.28,344,2024
08065,7308,0.0,894,2024
08067,84932,4023.94,2380,2024
08069,492539,4875.63,12918,2024
08071,10259,25.38,1025,2024
08073,13377,656.84,665,2024
08075,17127,1107.75,606,2024
08077,142397,11157.46,3948,2024
08079,3950,11.01,585,2024
08081,11379,671.05,1006,2024
08083,75647,9612.23,2252,2024
08085,32036,4034.18,1280,2024
08087,13395,1132.69,510,2024
08089,31234,391.94,1107,2024
08091,19443,488.61,832,2024
08093,35536,1.35,2658,2024
08095,3277,888.82,99,2024
08097,28568,306.66,1661,2024
08099,38872,5700.31,607,2024
08101,98799,134.95,2081,2024
08103,12432,699.15,982,2024
08105,15078,848.17,715,2024
08107,31334,2306.43,1780,2024
08109,9118,120.72,953,2024
08111,6172,0.05,752,2024
08113,14422,1037.32,774,2024
08115,3094,154.74,167,2024
08117,29045,4.88,2803,2024
08119,24500,0.65,1363,2024
08121,17576,374.62,279,2024
08123,113235,5208.15,3814,2024
08125,11527,807.98,407,2024
09001,350859,13878.63,6798,2024
09003,259603,38962.130000000005,6741,2024
09005,202659,16617.68,4788,2024
09007,100820,9382.99,3382,2024
09009,444046,17372.52,7769,2024
09011,196181,18687.14,6323,2024
09013,117488,12734.7,2997,2024
09015,58668,14274.62,2773,2024
10001,255385,13741.91,2340,2024
10003,243678,30209.789999999997,5180,2024
10005,331884,13783.81,4582,2024
11001,371238,390.39,4845,2024
12001,509816,36910.39,9740,2024
12003,4106,460.54,415,2024
12005,39723,382.38,1472,2024
12007,6752,500.01,1178,2024
12009,384876,14766.54,7328,2024
12011,162211,1178.04,7614,2024
12013,1964,334.09000000000003,361,2024
12015,132104,5623.84,2590,2024
12017,49508,5025.06,3524,2024
12019,46886,943.46,1838,2024
12021,272870,5935.46,9634,2024
12023,16904,3300.8,1133,2024
12027,6331,1628.86,1084,2024
12029,5425,496.49,379,2024
12031,225978,1887.93,6030,2024
12033,117096,1410.8000000000002,2947,2024
12035,28147,1290.26,1203,2024
12037,80766,7.68,2049,2024
12039,8631,168.62,847,2024
12041,6348,1420.52,531,2024
12043,8460,1548.75,601,2024
12045,14017,29.1,877,2024
12047,3427,849.1700000000001,368,2024
12049,4923,2402.25,740,2024
12051,18121,8584.51,992,2024
12053,83410,11396.06,2967,2024
12055,52739,7199.89,3751,2024
12057,231055,15473.52,8590,2024
12059,1789,155.82,236,2024
12061,102488,13433.9,2339,2024
12063,8196,1246.08,825,2024
12065,16145,5329.87,867,2024
12067,2532,230.78,212,2024
12069,114855,22708.27,3656,2024
12071,303306,3384.96,6835,2024
12073,156895,10630.96,4053,2024
12075,42524,4937.6900000000005,1787,2024
12077,8674,501.28,3041,2024
12079,3937,782.48,384,2024
12081,194031,6428.65,4564,2024
12083,244498,54168.39,5157,2024
12085,56694,6273.38,4152,2024
12086,373447,33976.79,13834,2024
12087,195229,262.88,4073,2024
12089,43152,139.87,1907,2024
12091,36374,162.32,2723,2024
12093,16594,3198.86,1137,2024
12095,492566,49594.86,11064,2024
12097,133822,36679.27,4171,2024
12099,449598,31098.14,10492,2024
12101,103758,7523.98,3911,2024
12103,561984,2618.51,6468,2024
12105,140883,10443.97,6748,2024
12107,30981,2323.36,2014,2024
12109,161415,18717.64,4045,2024
12111,60724,11982.17,2897,2024
12113,58948,1472.7,2079,2024
12115,382240,5375.86,6142,2024
12117,100036,2473.2799999999997,4246,2024
12119,68217,3612.01,1946,2024
12121,7349,598.25,666,2024
12123,8318,63.33,619,2024
12125,2582,503.37,204,2024
12127,130899,1708.99,5871,2024
12129,140880,395.55,2074,2024
12131,23025,822.3400000000001,1785,2024
12133,6413,561.83,601,2024
13001,515,39.16,99,2024
13003,364,173.24,42,2024
13005,288,63.91,52,2024
13007,3945,526.16,303,2024
13009,2728,230.68,489,2024
13011,1376,424.22,117,2024
13013,17259,1333.71,393,2024
13015,32775,7855.219999999999,1864,2024
13017,375,34.62,53,2024
13019,8131,3663.69,124,2024
13021,38204,4074.0,965,2024
13023,683,104.59,103,2024
13025,524,20.2,129,2024
13027,13223,5063.33,273,2024
13029,21610,24.73,602,2024
13031,17156,4152.64,768,2024
13033,4789,1282.26,307,2024
13035,5263,333.7,231,2024
13037,856,416.87,70,2024
13039,32137,434.79,1234,2024
13043,1321,321.32,176,2024
13045,13013,1822.12,797,2024
13047,6987,1940.05,544,2024
13049,9433,74.69,561,2024
13051,113843,1005.97,2877,2024
13053,1512,60.91,132,2024
13055,7091,2254.15,392,2024
13057,47574,949.26,1968,2024
13059,141922,14167.09,2812,2024
13061,1482,135.2,80,2024
13063,19378,1013.69,443,2024
13065,5970,6.359999999999999,172,2024
13067,152045,13586.910000000002,3913,2024
13069,3101,177.73,158,2024
13071,1485,422.08,328,2024
13073,19227,1088.65,1049,2024
13075,2769,206.87,250,2024
13077,22691,1532.05,1113,2024
13079,822,201.92,100,2024
13081,1162,105.98,168,2024
13083,4690,326.34,564,2024
13085,9835,205.73,670,2024
13087,13392,4444.71,356,2024
13089,255987,4072.85,4513,2024
13091,1342,255.19000000000003,107,2024
13093,5465,2349.9500000000003,184,2024
13095,6111,466.04,167,2024
13097,9592,130.67000000000002,487,2024
13099,13268,7514.860000000001,250,2024
13101,452,29.97,45,2024
13103,2692,269.57,327,2024
13105,1483,275.76,105,2024
13107,2031,151.87,292,2024
13109,1263,54.26,54,2024
13111,16084,2400.0499999999997,857,2024
13113,18909,653.98,606,2024
13115,12622,1583.63,1127,2024
13117,21146,1560.91,1145,2024
13119,2511,558.92,181,2024
13121,197141,13426.44,5163,2024
13123,13343,389.77,817,2024
13125,141,43.61000000000001,16,2024
13127,125613,1438.11,2424,2024
13129,5613,2029.64,397,2024
13131,3381,527.8,192,2024
13133,8108,736.3000000000001,698,2024
13135,85039,3822.25,3140,2024
13137,8578,709.1,374,2024
13139,27965,2587.38,827,2024
13141,1648,60.16,93,2024
13143,1794,329.48,192,2024
13145,9333,1901.58,1101,2024
13147,4603,694.57,224,2024
13149,871,110.34,105,2024
13151,13345,2979.11,615,2024
13153,16797,3810.6,466,2024
13155,1091,258.15999999999997,206,2024
13157,6991,1582.47,387,2024
13159,9781,3452.26,325,2024
13161,5742,3226.39,59,2024
13163,1197,206.39,166,2024
13165,1776,318.36,137,2024
13167,654,93.65,69,2024
13169,26493,14215.37,574,2024
13171,5549,909.86,142,2024
13173,419,111.29,79,2024
13175,17603,1322.58,344,2024
13177,4031,994.44,241,2024
13179,9799,73.15,406,2024
13181,1419,173.75,78,2024
13183,992,372.79,151,2024
13185,20461,1040.68,972,2024
13187,8155,658.4699999999999,672,2024
13189,7926,161.9,129,2024
13191,41351,326.73,1052,2024
13193,4576,2335.1,208,2024
13195,5001,1762.37,268,2024
13197,1781,363.98,115,2024
13199,2040,454.09,212,2024
13201,2054,590.86,115,2024
13205,770,320.33,90,2024
13207,12860,339.31,367,2024
13209,361,26.22,48,2024
13211,6660,3333.7799999999997,427,2024
13213,8892,1598.98,565,2024
13215,41951,2932.16,734,2024
13217,12491,3715.44,610,2024
13219,25917,8501.3,1355,2024
13221,9341,2631.27,879,2024
13223,24899,445.2,938,2024
13225,1280,513.84,139,2024
13227,7732,641.51,427,2024
13229,637,126.91,79,2024
13231,2192,646.7,76,2024
13233,4391,1307.01,231,2024
13235,1272,149.07,74,2024
13237,2872,822.01,386,2024
13239,710,50.17,45,2024
13241,19061,1159.38,969,2024
13243,610,148.49,87,2024
13245,41407,3631.500000000001,898,2024
13247,20552,10543.42,651,2024
13249,2540,505.49,66,2024
13251,1717,269.98,168,2024
13253,2102,304.09000000000003,166,2024
13255,2205,227.52,150,2024
13257,3710,157.59,275,2024
13259,4999,854.5899999999999,181,2024
13261,11720,7092.74,293,2024
13263,2282,136.28,605,2024
13265,608,51.129999999999995,61,2024
13267,1064,303.3,145,2024
13269,1821,111.81,223,2024
13271,415,169.16,61,2024
13273,577,156.4,73,2024
13275,5266,1625.39,225,2024
13277,4051,671.15,530,2024
13279,273,24.89,73,2024
13281,9460,837.74,661,2024
13283,195,6.06,52,2024
13285,7982,2491.9,396,2024
13287,660,149.31,105,2024
13289,2659,1245.31,243,2024
13291,13028,525.26,1088,2024
13293,5118,91.94,94,2024
13295,7128,1258.88,1099,2024
13297,8123,2709.94,537,2024
13299,4255,54.12,441,2024
13301,630,141.35000000000002,63,2024
13303,2217,172.63,162,2024
13305,4401,290.59,282,2024
13307,488,49.0,45,2024
13309,385,14.64,64,2024
13311,8968,497.65,710,2024
13313,17271,3459.82,586,2024
13315,568,121.01,47,2024
13317,642,47.29,74,2024
13319,1999,230.07,143,2024
13321,922,207.11,183,2024
16001,271123,6865.400000000001,5848,2024
16003,21202,782.3,773,2024
16005,24996,1204.37,2366,2024
16007,6372,331.77,562,2024
16009,3916,211.07,330,2024
16011,4931,551.4,606,2024
16013,29993,3210.74,1789,2024
16015,18879,431.52,1531,2024
16017,18045,254.47,1449,2024
16019,19111,1053.54,1092,2024
16021,18312,1751.36,890,2024
16023,2828,56.0,467,2024
16025,9311,2186.6,404,2024
16027,85089,16097.8,2158,2024
16029,1886,163.64,326,2024
16031,18196,1274.87,1035,2024
16033,1560,28.99,267,2024
16035,3077,127.69,370,2024
16037,7538,122.68,1204,2024
16039,22761,6509.55,1182,2024
16041,3670,531.23,292,2024
16043,15505,360.73,1382,2024
16045,15652,3343.85,452,2024
16047,9629,1273.23,404,2024
16049,18250,911.78,1810,2024
16051,53532,2767.12,971,2024
16053,1755,177.28,243,2024
16055,23217,497.87,1731,2024
16057,45783,5259.58,1495,2024
16059,15897,2451.15,1001,2024
16061,1941,182.21,165,2024
16063,767,66.92,145,2024
16065,10212,1507.88,644,2024
16067,2929,274.56,218,2024
16069,21882,416.37,511,2024
16071,6208,583.47,361,2024
16073,20266,1588.15,1302,2024
16075,10216,3582.66,376,2024
16077,8083,1239.73,558,2024
16079,4631,0.46,639,2024
16081,18857,2736.2200000000003,853,2024
16083,29500,6112.14,1236,2024
16085,31080,493.72,1846,2024
16087,3334,301.36,297,2024
17001,11249,973.42,332,2024
17003,8770,3319.2799999999997,558,2024
17005,4720,1941.41,267,2024
17007,8911,3982.91,705,2024
17009,2436,722.1,88,2024
17011,34997,2629.65,489,2024
17013,11141,4556.88,215,2024
17015,27866,4296.92,694,2024
17017,4396,1805.55,147,2024
17019,142165,19382.59,4332,2024
17021,3211,684.86,172,2024
17023,3244,868.76,354,2024
17025,793,323.28999999999996,79,2024
17027,23215,5179.14,349,2024
17029,70302,5124.4800000000005,1351,2024
17031,1202911,14873.15,21864,2024
17033,793,164.11,85,2024
17035,2261,821.61,259,2024
17037,20540,7247.16,1144,2024
17039,26085,3385.92,537,2024
17041,2035,627.6899999999999,242,2024
17043,409667,22929.25,8230,2024
17045,1515,543.28,175,2024
17047,2636,1982.38,75,2024
17049,2742,442.46,410,2024
17051,4810,905.92,336,2024
17053,1692,586.17,210,2024
17055,6035,379.46,328,2024
17057,15976,7477.05,357,2024
17059,2833,557.38,182,2024
17061,1064,565.65,99,2024
17063,17480,2799.24,721,2024
17065,1828,500.04,88,2024
17067,5144,959.73,217,2024
17069,1253,180.08,301,2024
17071,2319,856.6399999999999,124,2024
17073,5997,1187.61,615,2024
17075,6774,986.63,547,2024
17077,57345,7180.45,2565,2024
17079,5734,3415.14,231,2024
17081,7032,1078.34,401,2024
17083,7984,1978.7,396,2024
17085,9510,2742.39,738,2024
17087,16070,3320.4,1884,2024
17089,203889,67742.34,4781,2024
17091,58303,6775.68,2413,2024
17093,59541,8877.41,1085,2024
17095,16424,1348.01,448,2024
17097,370214,45583.49,6674,2024
17099,57269,20897.26,1614,2024
17101,1449,366.14,98,2024
17103,28762,9085.38,1381,2024
17105,2405,670.8,443,2024
17107,3621,1128.36,244,2024
17109,6482,1307.26,287,2024
17111,142605,22961.89,3331,2024
17113,61195,11544.42,2358,2024
17115,14415,1967.2,732,2024
17117,3295,1446.85,377,2024
17119,67972,5706.64,2093,2024
17121,14009,1697.25,282,2024
17123,8239,999.57,252,2024
17125,24632,2491.54,523,2024
17127,11889,1569.44,674,2024
17129,38287,12774.580000000002,323,2024
17131,2354,730.5,153,2024
17133,13172,2157.8,698,2024
17135,4564,1576.89,280,2024
17137,3121,643.85,154,2024
17139,2315,258.52,113,2024
17141,19985,5159.55,1660,2024
17143,65919,16833.11,1295,2024
17145,4341,1419.09,331,2024
17147,11655,2302.99,541,2024
17149,3143,677.72,197,2024
17151,10064,3015.0800000000004,1469,2024
17153,6115,2627.46,566,2024
17155,13631,8619.35,243,2024
17157,3773,1349.85,303,2024
17159,1648,316.9,103,2024
17161,36166,7799.610000000001,1547,2024
17163,36382,2869.89,1281,2024
17165,13885,3843.05,423,2024
17167,43794,6187.44,1311,2024
17169,2118,889.98,132,2024
17171,667,248.28,68,2024
17173,2440,499.87,230,2024
17175,1778,783.83,99,2024
17177,5958,1933.24,423,2024
17179,36904,3738.17,725,2024
17181,22450,6890.0,1754,2024
17183,30075,2296.83,1186,2024
17185,2535,484.73,111,2024
17187,1821,857.0799999999999,117,2024
17189,2903,722.5,285,2024
17191,1650,555.09,137,2024
17193,8353,1425.74,181,2024
17195,16824,1093.6,599,2024
17197,138178,19440.46,6021,2024
17199,26732,6322.349999999999,1081,2024
17201,64142,9793.18,3128,2024
17203,30955,11533.45,781,2024
18001,3589,1811.32,199,2024
18003,61140,15598.490000000002,1855,2024
18005,3997,713.47,436,2024
18007,2261,485.56,92,2024
18009,2504,608.63,62,2024
18011,42658,9290.66,1063,2024
18013,27101,862.97,1475,2024
18015,3121,1446.0,172,2024
18017,1078,274.16,142,2024
18019,19413,1590.15,957,2024
18021,4661,2084.92,264,2024
18023,856,358.63,125,2024
18025,2265,291.9,307,2024
18027,1880,537.75,192,2024
18029,11575,3803.17,337,2024
18031,2883,838.39,182,2024
18033,12302,5021.05,420,2024
18035,17273,1748.45,656,2024
18037,3265,1124.77,277,2024
18039,83077,14566.4,1731,2024
18041,8114,541.12,229,2024
18043,18379,2000.34,480,2024
18045,1884,495.42,278,2024
18047,20436,3705.63,565,2024
18049,1436,440.68,164,2024
18051,23393,6911.46,528,2024
18053,7814,1479.0,431,2024
18055,66541,31307.83,1007,2024
18057,76589,6659.59,2362,2024
18059,31737,9409.2,815,2024
18061,18874,6126.240000000001,445,2024
18063,57649,5591.09,1598,2024
18065,14562,1860.47,594,2024
18067,3485,908.32,226,2024
18069,16712,4823.86,480,2024
18071,22485,1700.38,661,2024
18073,5550,1551.06,497,2024
18075,2880,1296.88,121,2024
18077,2913,466.87,524,2024
18079,5258,342.89,233,2024
18081,47486,4854.3,912,2024
18083,6049,1034.04,312,2024
18085,21875,1796.43,527,2024
18087,19878,3018.74,916,2024
18089,59372,2516.0,2065,2024
18091,36042,6097.9,1120,2024
18093,23252,6170.820000000001,565,2024
18095,22377,1933.44,779,2024
18097,272974,16666.61,5189,2024
18099,3037,792.83,270,2024
18101,2759,528.37,162,2024
18103,2435,668.95,232,2024
18105,126410,20273.91,3620,2024
18107,12162,7827.5,508,2024
18109,28794,7242.820000000001,683,2024
18111,24017,8362.78,783,2024
18113,22897,5271.74,662,2024
18115,581,115.62,72,2024
18117,5277,725.61,670,2024
18119,18296,5979.0,534,2024
18121,6918,882.76,483,2024
18123,4474,631.27,287,2024
18125,6775,1101.3,256,2024
18127,134208,6779.5199999999995,2253,2024
18129,7182,1267.66,386,2024
18131,2354,594.26,228,2024
18133,31125,11889.67,817,2024
18135,1123,430.24,122,2024
18137,4549,683.12,455,2024
18139,2325,540.11,170,2024
18141,62416,4459.63,1923,2024
18143,1151,235.67,122,2024
18145,2489,737.82,257,2024
18147,10119,3565.76,318,2024
18149,4608,2535.96,260,2024
18151,15274,2550.79,691,2024
18153,13699,4991.04,431,2024
18155,1925,523.83,111,2024
18157,146560,12152.74,3277,2024
18159,470,156.70000000000002,102,2024
18161,12462,1406.41,391,2024
18163,61042,3111.1,858,2024
18165,1744,421.38,197,2024
18167,39231,6223.820000000001,830,2024
18169,5388,962.08,397,2024
18171,2300,515.07,246,2024
18173,40503,15840.15,701,2024
18175,9837,2234.08,264,2024
18177,28238,5243.79,921,2024
18179,11187,4287.43,215,2024
18181,1758,570.3100000000001,375,2024
18183,11588,2031.32,316,2024
19001,809,243.25,133,2024
19003,299,175.84,42,2024
19005,7733,982.72,402,2024
19007,2460,890.39,146,2024
19009,139,54.46,19,2024
19011,4803,1612.88,280,2024
19013,27386,1982.55,934,2024
19015,7691,1303.44,557,2024
19017,11739,3884.89,341,2024
19019,3851,1376.43,199,2024
19021,12974,3107.47,378,2024
19023,5017,717.32,182,2024
19025,2818,1622.92,138,2024
19027,2605,568.07,164,2024
19029,834,286.32,168,2024
19031,2596,925.66,288,2024
19033,6666,1390.82,533,2024
19035,1894,823.85,153,2024
19037,1591,621.59,181,2024
19039,1793,640.8199999999999,160,2024
19041,2347,349.89,180,2024
19043,4024,489.6,353,2024
19045,5935,1308.88,360,2024
19047,338,76.08,39,2024
19049,14072,3986.22,602,2024
19051,467,181.53,28,2024
19053,18091,6193.45,552,2024
19055,2737,738.9300000000001,177,2024
19057,6128,1054.86,186,2024
19059,5161,1074.81,450,2024
19061,38445,4775.99,1063,2024
19063,842,216.91,101,2024
19065,4986,1064.05,256,2024
19067,2072,708.66,166,2024
19069,1152,205.39,119,2024
19071,3246,725.38,269,2024
19073,3672,1892.21,139,2024
19075,2280,648.05,203,2024
19077,4373,1924.71,216,2024
19079,3755,594.44,266,2024
19081,1410,289.04,92,2024
19083,3269,1082.33,178,2024
19085,6730,703.24,279,2024
19087,2877,603.89,203,2024
19089,2589,1442.01,223,2024
19091,324,93.78,41,2024
19093,658,235.75,98,2024
19095,5226,1864.55,377,2024
19097,10130,528.19,304,2024
19099,10021,3881.37,573,2024
19101,10241,3520.9,324,2024
19103,86238,14355.96,4016,2024
19105,2045,670.1700000000001,177,2024
19107,1062,562.03,105,2024
19109,1081,556.4200000000001,150,2024
19111,3652,578.16,229,2024
19113,52139,7574.63,1656,2024
19115,7837,4419.160000000001,214,2024
19117,1809,186.39,73,2024
19119,1350,545.55,153,2024
19121,4817,1504.65,329,2024
19123,2943,336.34,162,2024
19125,11758,2084.72,356,2024
19127,10855,2653.13,245,2024
19129,2828,905.77,389,2024
19131,3536,1788.76,174,2024
19133,3029,379.11,225,2024
19135,407,103.71,51,2024
19137,411,181.49,57,2024
19139,9993,1276.46,699,2024
19141,1040,372.34,99,2024
19143,614,256.27,70,2024
19145,609,275.73,41,2024
19147,930,270.9,90,2024
19149,9030,1246.43,581,2024
19151,2026,278.19,82,2024
19153,89665,8813.65,3379,2024
19155,14831,2051.75,876,2024
19157,4702,2179.63,215,2024
19159,5127,2747.29,223,2024
19161,4884,1141.27,243,2024
19163,30766,1150.4,1382,2024
19165,1551,230.26,63,2024
19167,8293,2996.4,304,2024
19169,86884,11115.96,1807,2024
19171,1638,462.88,142,2024
19173,471,178.98999999999998,72,2024
19175,5393,2377.57,133,2024
19177,1746,280.49,129,2024
19179,1655,459.49999999999994,159,2024
19181,3684,978.53,377,2024
19183,4370,783.5600000000001,211,2024
19185,677,218.44,65,2024
19187,1899,263.61,194,2024
19189,1369,410.82,137,2024
19191,8755,1659.18,536,2024
19193,18660,2144.96,682,2024
19195,1647,391.58,167,2024
19197,3606,784.03,151,2024
20001,4562,2688.5,244,2024
20003,868,355.18,172,2024
20005,7951,1400.05,274,2024
20007,1893,119.86,366,2024
20009,23792,665.14,455,2024
20011,1442,504.21,185,2024
20013,5901,2064.33,242,2024
20015,8565,244.06,731,2024
20017,7780,407.73,587,2024
20019,3705,518.59,227,2024
20021,4689,1641.84,304,2024
20023,2772,252.26,196,2024
20025,1612,86.97,186,2024
20027,5944,213.5,128,2024
20029,2607,249.66,135,2024
20031,4541,665.24,255,2024
20033,1416,104.68,113,2024
20035,6793,415.11,472,2024
20037,7535,1438.28,385,2024
20039,833,103.27,109,2024
20041,1983,272.18,505,2024
20043,2085,799.21,152,2024
20045,112435,40203.4,2171,2024
20047,539,149.97,79,2024
20049,862,108.75,127,2024
20051,9693,381.67,892,2024
20053,13126,489.33,464,2024
20055,7535,1446.43,482,2024
20057,8043,390.01,379,2024
20059,5364,1288.38,314,2024
20061,9817,178.3,520,2024
20063,3645,258.26,278,2024
20065,465,34.43,43,2024
20067,771,37.86,39,2024
20069,1341,208.1,88,2024
20071,884,111.22,73,2024
20073,2105,239.42,210,2024
20075,2188,262.41,131,2024
20077,2495,156.09,209,2024
20079,28546,810.41,612,2024
20081,1011,194.78,68,2024
20083,1589,92.1,82,2024
20085,2538,974.48,205,2024
20087,15494,4509.83,521,2024
20089,1732,45.85,111,2024
20091,158093,14854.18,4181,2024
20093,1385,175.29000000000002,81,2024
20095,13735,657.07,250,2024
20097,901,96.62,105,2024
20099,4195,1309.7,217,2024
20101,1450,656.99,121,2024
20103,23049,5437.84,707,2024
20105,2078,145.21,137,2024
20107,10496,4310.15,226,2024
20109,4824,846.2900000000001,294,2024
20111,5597,334.03,405,2024
20113,13417,2559.29,375,2024
20115,6379,567.14,356,2024
20117,1390,299.31,219,2024
20119,2909,219.38,188,2024
20121,22201,8043.69,618,2024
20123,1701,181.38,98,2024
20125,3289,516.71,219,2024
20127,1890,90.94,157,2024
20129,12446,258.36,360,2024
20131,774,130.51,96,2024
20133,3818,761.79,169,2024
20135,912,53.77,71,2024
20137,1859,100.06,146,2024
20139,12948,1673.66,346,2024
20141,442,64.17,66,2024
20143,1712,180.72,106,2024
20145,681,109.93,90,2024
20147,2225,130.69,135,2024
20149,45204,1613.26,616,2024
20151,2533,258.65,126,2024
20153,3022,252.67,104,2024
20155,24642,3038.21,866,2024
20157,913,186.28,105,2024
20159,1423,158.28,136,2024
20161,67106,2943.47,1683,2024
20163,1366,17.59,133,2024
20165,1365,331.43,114,2024
20167,15156,652.01,912,2024
20169,6290,239.68,555,2024
20171,8376,750.1899999999999,261,2024
20173,66426,1696.95,2883,2024
20175,2789,70.06,134,2024
20177,56576,16722.7,1148,2024
20179,864,199.87,99,2024
20181,4186,295.21,230,2024
20183,1247,205.09,115,2024
20185,29730,368.19,531,2024
20187,2456,247.12,95,2024
20189,1208,128.09,88,2024
20191,12447,1029.05,683,2024
20193,2631,279.31,209,2024
20195,4014,287.82,265,2024
20197,5001,605.04,349,2024
20199,739,101.25,96,2024
20201,897,99.46,129,2024
20203,1286,265.69,56,2024
20205,1305,362.95,193,2024
20207,2063,188.34,94,2024
20209,11128,837.64,577,2024
21001,2786,1064.46,120,2024
21003,5958,1823.01,269,2024
21005,1826,245.79,135,2024
21007,2234,641.11,227,2024
21009,12640,3254.98,430,2024
21011,1370,189.48,216,2024
21013,1665,13.44,280,2024
21015,40866,12754.62,1289,2024
21017,7026,4386.75,214,2024
21019,1771,350.31,215,2024
21021,3135,823.46,233,2024
21023,383,102.52,107,2024
21025,524,7.64,134,2024
21027,1262,260.54,259,2024
21029,11604,2042.67,907,2024
21031,402,100.13,67,2024
21033,766,195.59,141,2024
21035,6691,1208.84,574,2024
21037,14815,302.84999999999997,894,2024
21039,1032,212.18,50,2024
21041,1547,596.79,137,2024
21043,2625,171.62,296,2024
21045,7934,3836.64,531,2024
21047,3401,1142.25,504,2024
21049,4596,1561.27,344,2024
21051,219,24.69,46,2024
21053,947,391.54,67,2024
21055,1307,153.62,103,2024
21057,341,97.3,72,2024
21059,5230,804.9300000000001,577,2024
21061,24780,205.61,589,2024
21063,352,50.69,69,2024
21065,3925,788.0799999999999,213,2024
21067,117903,24132.38,2317,2024
21069,415,187.86,58,2024
21071,889,26.48,106,2024
21073,31948,3969.1,666,2024
21075,3360,1647.6,273,2024
21077,1294,97.14,162,2024
21079,5567,2187.87,383,2024
21081,1842,224.69,194,2024
21083,7581,4098.96,203,2024
21085,2564,797.46,168,2024
21087,1286,448.67,80,2024
21089,977,394.4899999999999,162,2024
21091,1135,229.86,93,2024
21093,3919,763.63,512,2024
21095,1389,5.1,331,2024
21097,935,351.59999999999997,184,2024
21099,9603,5328.969999999999,343,2024
21101,24412,8131.57,615,2024
21103,1468,430.3,189,2024
21105,465,171.03,77,2024
21107,14489,6178.33,240,2024
21109,1296,204.04,162,2024
21111,198072,39973.59,4179,2024
21113,16242,6293.11,724,2024
21115,460,46.040000000000006,70,2024
21117,11286,2090.41,1049,2024
21119,442,21.64,124,2024
21121,722,70.27,116,2024
21123,2611,861.31,217,2024
21125,3486,130.98,446,2024
21127,578,28.33,58,2024
21129,986,29.6,342,2024
21131,177,4.06,75,2024
21133,840,11.42,191,2024
21135,505,70.95,231,2024
21137,4996,1423.91,190,2024
21139,3622,681.39,284,2024
21141,25377,11622.750000000002,180,2024
21143,8575,1356.72,726,2024
21145,15939,3042.58,502,2024
21147,3748,612.51,613,2024
21149,200,53.32,32,2024
21151,41746,9958.16,1505,2024
21153,124,31.65,30,2024
21155,1821,871.6999999999999,80,2024
21157,28504,7150.860000000001,685,2024
21159,48,1.14,29,2024
21161,583,176.81,124,2024
21163,1463,294.08,177,2024
21165,2638,187.35,417,2024
21167,9972,6077.25,404,2024
21169,1770,768.91,74,2024
21171,308,119.28,73,2024
21173,596,158.79,102,2024
21175,422,62.3,109,2024
21177,3528,751.14,199,2024
21179,5844,1992.77,266,2024
21181,883,226.14,128,2024
21183,900,143.76,113,2024
21185,21863,8656.31,626,2024
21187,1788,488.84,127,2024
21189,208,43.24,58,2024
21191,1184,301.52,204,2024
21193,448,13.99,121,2024
21195,1310,17.580000000000002,298,2024
21197,8860,283.54,762,2024
21199,18809,4062.41,913,2024
21201,768,105.41,51,2024
21203,3736,1857.55,590,2024
21205,12868,3010.98,405,2024
21207,7365,654.13,273,2024
21209,7776,2413.42,490,2024
21211,17408,6218.47,359,2024
21213,3080,1524.46,224,2024
21215,31769,5939.679999999999,163,2024
21217,1998,291.71,91,2024
21219,4338,2152.08,278,2024
21221,7432,393.15,879,2024
21223,1840,799.1,123,2024
21225,1897,516.9200000000001,113,2024
21227,17106,2777.67,692,2024
21229,707,292.09000000000003,94,2024
21231,1661,580.56,248,2024
21233,539,218.77,60,2024
21235,3205,90.04,379,2024
21237,4576,136.5,579,2024
21239,3907,1558.91,453,2024
22001,42630,21071.4,671,2024
22003,1660,572.5600000000001,201,2024
22005,16265,355.55,561,2024
22007,3216,254.07,131,2024
22009,1246,356.33,183,2024
22011,2136,191.9,251,2024
22013,1174,88.94,111,2024
22015,18190,5039.95,585,2024
22017,45198,5955.13,1113,2024
22019,23772,5288.98,1302,2024
22021,420,16.630000000000003,59,2024
22023,101103,13244.42,1452,2024
22025,679,184.93,109,2024
22027,3191,846.21,239,2024
22029,1936,455.75,123,2024
22031,1985,444.75000000000006,190,2024
22033,127103,10388.4,3038,2024
22035,624,229.91,42,2024
22037,2944,548.16,263,2024
22039,2959,445.25,331,2024
22041,618,171.11,61,2024
22043,2197,143.79,346,2024
22045,5603,1209.95,230,2024
22047,16295,2466.5299999999997,449,2024
22049,920,5.5,53,2024
22051,74441,37.95,1487,2024
22053,21516,10291.64,772,2024
22055,47473,5549.49,1393,2024
22057,24786,2981.06,589,2024
22059,2373,29.58,148,2024
22061,3611,120.34,217,2024
22063,18199,1064.87,561,2024
22065,2439,723.57,227,2024
22067,1129,666.42,80,2024
22069,4692,923.63,613,2024
22071,160209,5.0600000000000005,2293,2024
22073,14197,4058.03,593,2024
22075,28938,431.1,545,2024
22077,2036,458.18,193,2024
22079,24696,2093.75,1188,2024
22081,8424,7714.91,205,2024
22083,4424,2676.84,120,2024
22085,1963,102.99,166,2024
22087,6996,246.75,235,2024
22089,4258,89.61,328,2024
22091,575,125.73,77,2024
22093,1593,233.28,176,2024
22095,2994,57.25,355,2024
22097,10824,2897.15,617,2024
22099,15646,2458.49,747,2024
22101,8129,929.08,246,2024
22103,115831,1523.6899999999998,2815,2024
22105,15593,2314.81,735,2024
22107,2113,566.95,100,2024
22109,23641,3844.57,447,2024
22111,3585,30.92,229,2024
22113,29009,10330.38,789,2024
22115,12137,178.37,604,2024
22117,5866,1089.97,513,2024
22119,1031,52.92,190,2024
22121,3558,1922.78,208,2024
22123,1065,243.83,68,2024
22125,8535,824.64,480,2024
22127,1526,77.35000000000001,227,2024
23001,49195,4265.73,1546,2024
23003,38357,6366.4,3325,2024
23005,387546,23915.03,7991,2024
23007,32752,1551.25,1826,2024
23009,259014,7812.46,8688,2024
23011,91569,3788.4,3773,2024
23013,96256,7496.150000000001,2704,2024
23015,189641,12254.25,2833,2024
23017,26484,1335.37,3148,2024
23019,125556,9701.54,5105,2024
23021,25655,1121.56,3012,2024
23023,43283,1023.12,1855,2024
23025,15911,1210.45,1589,2024
23027,57967,4750.1,2325,2024
23029,67410,4215.81,2577,2024
23031,241374,24902.84,5237,2024
24001,75375,5406.32,3291,2024
24003,254408,8349.41,7215,2024
24005,312457,37264.43,7791,2024
24009,93584,6714.32,2700,2024
24011,41833,13388.69,1654,2024
24013,68991,18787.94,2270,2024
24015,56368,15010.47,2110,2024
24017,37684,4624.83,2196,2024
24019,107470,30474.49,2748,2024
24021,159055,48054.87,5776,2024
24023,125986,20379.84,6625,2024
24025,101107,16287.3,3463,2024
24027,323228,60203.85999999999,5423,2024
24029,59374,16529.05,1670,2024
24031,757227,67552.83,16734,2024
24033,283025,27630.28,6889,2024
24035,56007,16301.75,2250,2024
24037,44280,4874.1,1565,2024
24039,45479,4797.76,1720,2024
24041,89233,25392.33,2057,2024
24043,83427,22067.93,3015,2024
24045,48138,8224.89,2324,2024
24047,131837,6973.46,3531,2024
24510,127446,401.9599999999999,2484,2024
25001,571764,2579.88,10685,2024
25003,261281,42808.11,7264,2024
25005,235856,23056.38,4565,2024
25007,76748,1709.52,2482,2024
25009,709633,43598.8,8365,2024
25011,103825,15731.66,6929,2024
25013,106512,10210.36,4076,2024
25015,445131,92623.4,7218,2024
25017,996424,36587.29,20739,2024
25019,75349,1247.76,1533,2024
25021,261938,16032.71,7139,2024
25023,281386,28709.4,6853,2024
25025,291574,3.43,4112,2024
25027,389405,21971.53,12883,2024
26001,18031,1556.82,604,2024
26003,27912,1880.26,2192,2024
26005,63519,14041.73,2105,2024
26007,7380,179.26,432,2024
26009,24932,1380.14,1303,2024
26011,12431,750.93,459,2024
26013,9740,69.14,879,2024
26015,74289,12934.92,2047,2024
26017,30465,3759.51,1028,2024
26019,36812,158.20000000000002,1474,2024
26021,137218,23336.0,3673,2024
26023,5855,1810.37,324,2024
26025,79326,24845.27,1595,2024
26027,15053,2035.16,827,2024
26029,28556,3874.23,1485,2024
26031,25838,1096.34,1606,2024
26033,103638,9628.71,2745,2024
26035,3699,447.5,419,2024
26037,32146,9143.95,1167,2024
26039,60618,71.3,1438,2024
26041,18127,762.01,836,2024
26043,12781,61.32,298,2024
26045,21210,4439.64,1155,2024
26047,45398,2038.12,1906,2024
26049,73909,8624.56,1510,2024
26051,13166,1331.51,769,2024
26053,10754,420.9,944,2024
26055,79403,2390.6800000000003,2171,2024
26057,18239,4264.67,556,2024
26059,24023,4845.650000000001,691,2024
26061,27271,364.88,1611,2024
26063,5484,505.99,471,2024
26065,143068,17920.02,4184,2024
26067,11809,2874.1800000000003,560,2024
26069,135579,2660.44,1120,2024
26071,6487,259.43,711,2024
26073,52605,6040.98,1570,2024
26075,101233,24142.42,2398,2024
26077,144709,16374.54,3763,2024
26079,11453,44.75,818,2024
26081,250273,16082.75,5555,2024
26083,23638,6.75,1191,2024
26085,7798,126.22,490,2024
26087,49209,9238.25,1353,2024
26089,67450,1818.69,2536,2024
26091,29824,4698.04,1005,2024
26093,92880,5434.33,3628,2024
26095,6467,52.29,452,2024
26097,37970,962.32,1661,2024
26099,161768,13575.14,3678,2024
26101,34747,1350.4199999999998,1060,2024
26103,49657,396.59,2967,2024
26105,48917,3831.56,1233,2024
26107,32671,4782.240000000001,693,2024
26109,7815,2070.26,394,2024
26111,31846,2893.73,1294,2024
26113,4048,1019.68,284,2024
26115,80147,8740.67,1690,2024
26117,14455,1731.28,843,2024
26119,3391,49.47,374,2024
26121,101885,3196.43,1665,2024
26123,18593,2521.71,814,2024
26125,291332,9385.86,8307,2024
26127,10909,1961.97,1208,2024
26129,15437,1933.01,818,2024
26131,10569,672.84,785,2024
26133,14354,2638.45,407,2024
26135,12824,142.13,666,2024
26137,12041,268.87,570,2024
26139,206492,20226.79,3444,2024
26141,5106,139.8,452,2024
26143,23098,3703.56,819,2024
26145,50628,4757.25,1244,2024
26147,73735,7213.87,1766,2024
26149,17578,3526.0,701,2024
26151,8795,2791.25,403,2024
26153,19006,320.36,1128,2024
26155,8354,1818.69,563,2024
26157,9738,2405.11,646,2024
26159,47705,8011.4,1249,2024
26161,490852,59736.34,9408,2024
26163,193265,4084.86,4503,2024
26165,14450,590.45,676,2024
27001,24663,1904.8,1182,2024
27003,99350,12676.49,3818,2024
27005,30463,5267.16,1390,2024
27007,19212,1421.55,1086,2024
27009,17337,3166.19,510,2024
27011,17154,3936.83,519,2024
27013,6294,1087.73,885,2024
27015,6102,1358.46,363,2024
27017,21950,3121.52,1305,2024
27019,53118,15361.96,1752,2024
27021,29201,1175.36,1847,2024
27023,4098,944.92,291,2024
27025,21461,7239.650000000001,1545,2024
27027,24276,8372.64,1421,2024
27029,8431,243.31,562,2024
27031,31585,55.04,2536,2024
27033,15826,3369.2,641,2024
27035,30653,3575.27,2131,2024
27037,154249,17585.43,5448,2024
27039,2818,1103.03,337,2024
27041,10187,1582.97,735,2024
27043,6750,2466.26,357,2024
27045,11363,4011.92,958,2024
27047,11690,2696.86,663,2024
27049,43339,4941.76,1500,2024
27051,24316,13688.03,419,2024
27053,570173,21100.3,13259,2024
27055,16195,1505.62,981,2024
27057,12098,738.8000000000001,821,2024
27059,7111,1137.77,562,2024
27061,25107,970.99,2094,2024
27063,3373,1113.64,358,2024
27065,3135,665.96,439,2024
27067,7556,2289.4,696,2024
27069,3550,565.71,333,2024
27071,13670,352.13,763,2024
27073,22434,7798.759999999999,562,2024
27075,55829,65.19,3667,2024
27077,5505,379.53,375,2024
27079,15734,3602.23,741,2024
27081,3052,736.8,218,2024
27083,13158,2130.44,615,2024
27085,9643,1602.51,560,2024
27087,2167,329.55,187,2024
27089,10461,2866.43,400,2024
27091,4021,1604.15,396,2024
27093,9388,2270.19,555,2024
27095,5744,617.97,705,2024
27097,12646,2651.42,764,2024
27099,11796,3097.49,451,2024
27101,6555,2741.7,508,2024
27103,7309,1253.42,612,2024
27105,2953,912.82,318,2024
27107,4070,1039.23,245,2024
27109,81945,12724.97,2233,2024
27111,37514,3923.71,1389,2024
27113,2667,850.73,255,2024
27115,22111,5352.9,1531,2024
27117,5830,1053.19,346,2024
27119,28915,10453.77,1061,2024
27121,5020,1124.56,486,2024
27123,224966,3043.98,5707,2024
27125,1584,953.32,132,2024
27127,3628,1037.65,289,2024
27129,6476,1518.76,380,2024
27131,30120,4255.11,1564,2024
27133,5859,3363.49,581,2024
27135,7414,1135.98,348,2024
27137,324537,9444.57,8938,2024
27139,84792,11075.45,2041,2024
27141,53769,15412.3,1688,2024
27143,3554,915.49,341,2024
27145,44763,12749.84,2405,2024
27147,11615,4462.85,601,2024
27149,9579,1299.08,344,2024
27151,4614,827.42,351,2024
27153,8645,1930.98,416,2024
27155,5180,1329.79,256,2024
27157,22965,12345.429999999998,749,2024
27159,1931,244.43,239,2024
27161,3374,748.89,229,2024
27163,229772,50594.850000000006,4705,2024
27165,2328,885.01,249,2024
27167,6524,1528.72,452,2024
27169,18776,2013.71,1700,2024
27171,25176,3744.19,1748,2024
27173,3828,826.49,301,2024
28001,7441,2894.84,235,2024
28003,1424,329.65000000000003,114,2024
28005,1467,368.08,138,2024
28007,533,42.67,96,2024
28009,771,130.55,193,2024
28011,2204,550.64,146,2024
28013,157,41.66,64,2024
28015,312,57.46,195,2024
28017,796,121.29,165,2024
28019,1663,367.26,264,2024
28021,850,103.53,169,2024
28023,374,24.71,89,2024
28025,821,250.75,128,2024
28027,1726,324.96999999999997,92,2024
28029,543,71.34,99,2024
28031,1535,833.09,104,2024
28033,8980,1520.62,660,2024
28035,19733,1780.9,1051,2024
28037,651,22.11,115,2024
28039,1669,115.24,130,2024
28041,341,12.13,131,2024
28043,2352,378.97,493,2024
28045,26163,297.52,803,2024
28047,53600,76.0,1530,2024
28049,26856,356.69,650,2024
28051,1696,75.46,99,2024
28053,2111,871.94,155,2024
28055,2834,2168.3199999999997,34,2024
28057,1839,367.27,102,2024
28059,86253,1131.99,2291,2024
28061,573,106.93,133,2024
28063,346,64.74,82,2024
28065,1432,707.21,60,2024
28067,2397,245.71,282,2024
28069,698,95.09,81,2024
28071,29762,3212.56,891,2024
28073,7999,163.54,415,2024
28075,10009,2525.03,389,2024
28077,267,18.76,38,2024
28079,167,38.21,79,2024
28081,3051,490.02,373,2024
28083,781,350.27,105,2024
28085,604,105.17,133,2024
28087,11890,1429.68,509,2024
28089,21132,852.74,669,2024
28091,1970,65.04,200,2024
28093,3868,435.9,351,2024
28095,1096,325.21,252,2024
28097,341,52.44,87,2024
28099,363,67.03,117,2024
28101,823,175.58,401,2024
28103,21456,5496.12,473,2024
28105,21178,2428.54,1132,2024
28107,5804,1590.25,391,2024
28109,5945,874.8199999999999,1311,2024
28111,2520,189.63,313,2024
28113,1490,127.35,123,2024
28115,768,285.25,113,2024
28117,469,119.25,82,2024
28119,3250,2867.44,80,2024
28121,4803,226.68,458,2024
28123,866,61.38,128,2024
28125,1505,377.3,133,2024
28127,1345,516.74,176,2024
28129,646,90.15,139,2024
28131,1684,53.59,331,2024
28133,1964,1475.08,103,2024
28135,3394,2647.71,137,2024
28137,1241,672.27,113,2024
28139,274,39.96,79,2024
28141,7284,683.74,232,2024
28143,2483,1123.05,82,2024
28145,1326,356.60999999999996,121,2024
28147,347,68.60000000000001,52,2024
28149,7864,1983.12,379,2024
28151,3516,948.9,193,2024
28153,676,55.31,146,2024
28155,378,41.53,69,2024
28157,746,156.61,104,2024
28159,2262,298.03000000000003,344,2024
28161,1300,225.07,159,2024
28163,6745,5392.62,240,2024
29001,7764,1886.42,296,2024
29003,3329,1320.7,180,2024
29005,1030,282.48,218,2024
29007,1232,520.3,125,2024
29009,6755,971.88,1031,2024
29011,6559,5020.66,454,2024
29013,2906,1306.95,185,2024
29015,13454,5938.57,453,2024
29017,9922,4125.29,167,2024
29019,183002,42575.48,2947,2024
29021,26615,7963.89,671,2024
29023,4419,1878.5,366,2024
29025,1604,526.35,128,2024
29027,13788,4897.33,690,2024
29029,6967,256.38,608,2024
29031,33775,4541.93,930,2024
29033,1675,545.44,70,2024
29035,5795,267.77,449,2024
29037,34020,14423.51,441,2024
29039,4406,1022.18,285,2024
29041,4585,3340.66,133,2024
29043,28916,4817.61,771,2024
29045,1024,437.26,112,2024
29047,37373,9234.29,1327,2024
29049,7239,2963.22,240,2024
29051,16468,2369.5,453,2024
29053,3025,1205.54,219,2024
29055,5813,2350.8,422,2024
29057,19172,5977.65,433,2024
29059,2503,760.84,241,2024
29061,7106,4476.06,176,2024
29063,3874,1361.03,155,2024
29065,5218,731.03,366,2024
29067,2248,987.05,157,2024
29069,8149,1701.32,159,2024
29071,35652,4981.99,1904,2024
29073,1693,130.14,107,2024
29075,1590,768.91,91,2024
29077,85822,16981.75,2085,2024
29079,689,120.37,30,2024
29081,4197,2389.39,250,2024
29083,6385,2129.11,390,2024
29085,2742,770.04,271,2024
29087,35390,1536.75,485,2024
29089,3625,1612.24,141,2024
29091,3323,1062.06,273,2024
29093,12095,1389.78,392,2024
29095,104320,14676.73,3303,2024
29097,24192,2199.11,683,2024
29099,56408,7172.61,2118,2024
29101,6892,1169.54,524,2024
29103,473,153.38,42,2024
29105,7984,2740.37,508,2024
29107,1800,581.91,226,2024
29109,3127,2013.24,381,2024
29111,2021,701.49,164,2024
29113,23343,12313.75,613,2024
29115,8321,2324.29,223,2024
29117,6214,1301.89,189,2024
29119,2147,663.09,917,2024
29121,3221,443.67,175,2024
29123,2133,361.01,262,2024
29125,1804,568.86,122,2024
29127,3080,133.86,196,2024
29129,685,280.18,53,2024
29131,4237,636.64,336,2024
29133,4777,1120.41,306,2024
29135,1445,606.08,121,2024
29137,1412,193.27,122,2024
29139,3213,548.13,446,2024
29141,1873,527.65,232,2024
29143,4172,2052.23,247,2024
29145,13609,3620.75,820,2024
29147,2856,1344.74,175,2024
29149,6363,979.24,265,2024
29151,1839,712.35,218,2024
29153,989,238.39,192,2024
29155,3311,1184.72,171,2024
29157,3203,772.0,293,2024
29159,3209,1910.6,287,2024
29161,41770,17138.14,778,2024
29163,10423,4374.94,204,2024
29165,31468,2550.5299999999997,948,2024
29167,8241,1915.39,448,2024
29169,5403,1385.86,345,2024
29171,2158,774.01,97,2024
29173,1089,170.14,173,2024
29175,4279,2552.76,98,2024
29177,1295,372.81,129,2024
29179,2964,466.39,390,2024
29181,3581,2592.04,168,2024
29183,170162,22642.45,3315,2024
29185,3827,1701.19,496,2024
29186,5722,1374.39,569,2024
29187,9533,1277.53,575,2024
29189,282601,10801.15,6902,2024
29195,4350,2164.61,240,2024
29197,367,185.52,47,2024
29199,6359,4155.56,126,2024
29201,4763,2296.42,343,2024
29203,8400,1004.43,822,2024
29205,484,94.1,72,2024
29207,15954,4770.73,555,2024
29209,7007,437.42,455,2024
29211,476,221.98,81,2024
29213,16782,976.53,1058,2024
29215,9072,3302.57,809,2024
29217,6788,2759.86,279,2024
29219,6131,1207.5,491,2024
29221,2413,313.97,387,2024
29223,5786,899.88,349,2024
29225,2381,563.26,404,2024
29227,775,183.6,36,2024
29229,1456,659.64,146,2024
29510,99690,6.64,1736,2024
30001,30877,2513.63,1638,2024
30003,4199,282.66,387,2024
30005,2835,205.51,298,2024
30007,10402,728.48,484,2024
30009,29403,3527.6,1556,2024
30011,2646,58.93,438,2024
30013,32197,810.3,1101,2024
30015,3968,344.16,245,2024
30017,5205,120.54,359,2024
30019,1359,241.74,95,2024
30021,2750,84.3,340,2024
30023,29436,739.22,541,2024
30025,1442,35.23,145,2024
30027,17867,524.04,1773,2024
30029,101526,18293.34,4637,2024
30031,140053,16804.99,4198,2024
30033,1375,29.24,192,2024
30035,22426,28.65,2164,2024
30037,2994,60.6,285,2024
30039,5277,226.44,452,2024
30041,2063,178.84,204,2024
30043,25606,352.79,696,2024
30045,1937,299.46000000000004,369,2024
30047,65927,13369.44,2522,2024
30049,101759,4170.98,2553,2024
30051,1885,151.48,71,2024
30053,11718,41.59,901,2024
30055,1585,80.48,198,2024
30057,22650,1458.44,1225,2024
30059,2716,108.83,296,2024
30061,5210,22.73,601,2024
30063,141044,6520.96,4248,2024
30065,2392,33.64,191,2024
30067,23809,530.35,1812,2024
30069,924,72.56,174,2024
30071,21858,232.18,948,2024
30073,1589,81.97,153,2024
30075,1716,38.88,246,2024
30077,16897,1706.35,865,2024
30079,1411,77.75999999999999,166,2024
30081,57952,12552.37,1698,2024
30083,2567,304.87,197,2024
30085,1433,115.92,173,2024
30087,3451,93.51,278,2024
30089,10680,875.77,771,2024
30091,10490,206.26,224,2024
30093,6823,196.11,420,2024
30095,10160,374.87,544,2024
30097,6420,396.79,597,2024
30099,12732,309.33,509,2024
30101,1036,37.62,132,2024
30103,1133,135.57999999999998,103,2024
30105,7549,397.26,464,2024
30107,5309,1443.75,307,2024
30109,1028,109.07,136,2024
30111,27344,1191.54,1392,2024
31001,2012,738.49,214,2024
31003,2596,735.74,213,2024
31005,414,2.82,50,2024
31007,1821,317.3,493,2024
31009,773,5.86,116,2024
31011,928,118.38,77,2024
31013,1303,139.25,181,2024
31015,1356,79.12,77,2024
31017,2762,5.5,205,2024
31019,43658,1891.88,1368,2024
31021,1819,500.33,139,2024
31023,2024,379.31,105,2024
31025,13884,705.56,598,2024
31027,2650,448.68,171,2024
31029,1938,55.61,142,2024
31031,19995,71.96,851,2024
31033,1406,93.79,188,2024
31035,1728,325.49,94,2024
31037,344,85.67,56,2024
31039,1294,255.83,91,2024
31041,2178,343.65,268,2024
31043,6889,1376.26,168,2024
31045,10095,160.82,692,2024
31047,3914,434.3,462,2024
31049,1282,141.92,200,2024
31051,5855,1058.31,197,2024
31053,8018,342.86,295,2024
31055,81738,2576.72,2753,2024
31057,2253,156.28,201,2024
31059,1043,278.05,102,2024
31061,765,121.72,113,2024
31063,3343,134.08,130,2024
31065,1147,182.6,105,2024
31067,5228,436.83,281,2024
31069,7999,399.19,278,2024
31071,829,79.46,86,2024
31073,1734,147.98,82,2024
31075,2020,0.0,167,2024
31077,737,41.11,74,2024
31079,18741,1501.53,889,2024
31081,3187,513.54,303,2024
31083,5222,324.86,195,2024
31085,904,176.55,91,2024
31087,4245,522.22,237,2024
31089,1467,123.2,185,2024
31091,1399,0.0,113,2024
31093,1720,138.21,164,2024
31095,1286,193.37,173,2024
31097,917,176.59,95,2024
31099,3900,643.5,257,2024
31101,20431,233.31,749,2024
31103,1243,37.54,136,2024
31105,10124,570.08,395,2024
31107,8308,439.61,469,2024
31109,161973,15917.63,3840,2024
31111,29844,2353.16,1197,2024
31113,912,28.95,64,2024
31115,1579,28.57,99,2024
31117,685,28.34,56,2024
31119,6140,410.98,237,2024
31121,1515,426.82,124,2024
31123,1938,221.41,246,2024
31125,913,124.54,80,2024
31127,4201,488.89,216,2024
31129,1882,950.81,82,2024
31131,6709,1555.82,404,2024
31133,2144,154.97,156,2024
31135,521,90.83,60,2024
31137,2391,431.15,173,2024
31139,2649,596.7,193,2024
31141,4903,295.61,209,2024
31143,739,195.78,98,2024
31145,3416,221.51,167,2024
31147,4093,925.76,308,2024
31149,4023,10.14,298,2024
31151,1047,101.49,90,2024
31153,46579,1165.33,1518,2024
31155,6722,1346.19,551,2024
31157,25932,903.44,1071,2024
31159,9031,778.46,462,2024
31161,7491,114.16,458,2024
31163,1578,64.11,125,2024
31165,8741,103.63,982,2024
31167,2412,277.01,106,2024
31169,911,313.56,111,2024
31171,2180,0.27,150,2024
31173,816,131.39,59,2024
31175,694,104.45,118,2024
31177,8479,1040.72,319,2024
31179,4245,514.3199999999999,100,2024
31181,418,50.18,72,2024
31183,1193,39.32,116,2024
31185,1876,316.44,216,2024
32001,18514,1676.12,1037,2024
32003,288647,6391.89,11759,2024
32005,21727,772.77,1236,2024
32007,37672,1216.74,2623,2024
32009,6410,73.95,845,2024
32011,2333,32.86,503,2024
32013,7372,164.77,932,2024
32015,6587,48.61,482,2024
32017,9322,107.03,1096,2024
32019,10794,644.38,729,2024
32021,3783,130.52,381,2024
32023,31779,850.9900000000001,3286,2024
32027,5904,239.55,368,2024
32029,4088,329.6,246,2024
32031,173086,8564.539999999999,5582,2024
32033,14089,53.89,1849,2024
32510,20392,1112.21,626,2024
33001,36167,1049.11,1743,2024
33003,62040,2020.73,3705,2024
33005,117381,12540.22,5696,2024
33007,93302,5519.42,4577,2024
33009,168224,15200.5,7119,2024
33011,184052,13744.33,7831,2024
33013,118067,13851.41,4256,2024
33015,214570,6925.46,7190,2024
33017,126586,10221.96,2097,2024
33019,36516,5666.99,3235,2024
34001,314556,918.21,3438,2024
34003,214658,1297.91,3432,2024
34005,194164,25277.49,5784,2024
34007,59874,295.61,2386,2024
34009,838137,21660.48,3726,2024
34011,43675,2508.96,1342,2024
34013,92987,9.27,2086,2024
34015,90110,4381.349999999999,3237,2024
34017,64451,0.65,1253,2024
34019,199585,36719.97,2802,2024
34021,196280,18864.06,3100,2024
34023,113058,3380.7200000000003,4478,2024
34025,265505,24011.14,4639,2024
34027,164875,6530.33,4915,2024
34029,249300,1042.93,4884,2024
34031,85853,655.1700000000001,1602,2024
34033,18702,2664.44,1045,2024
34035,179440,13053.65,3474,2024
34037,117133,15972.9,3302,2024
34039,50490,17.630000000000003,1633,2024
34041,75998,8871.76,2180,2024
35001,326448,25938.1,8297,2024
35003,17603,13.5,1259,2024
35005,32695,529.35,1547,2024
35006,14979,149.63,1012,2024
35007,29990,1162.41,1833,2024
35009,5746,201.49,351,2024
35011,9157,575.36,379,2024
35013,106480,18277.18,3845,2024
35015,37461,5967.8,2377,2024
35017,62758,884.23,2815,2024
35019,10214,20.06,581,2024
35021,2514,4.3,291,2024
35023,27466,90.4,2018,2024
35025,11124,96.86,549,2024
35027,11795,82.93,1020,2024
35028,87976,266.93,1151,2024
35029,13816,696.25,930,2024
35031,8771,57.08,1088,2024
35033,5416,349.02000000000004,651,2024
35035,28190,119.24,2306,2024
35037,4298,109.6,544,2024
35039,21202,1584.4,1863,2024
35041,9720,106.12,526,2024
35043,78250,4913.55,3776,2024
35045,15619,1690.69,1553,2024
35047,27786,1229.85,1509,2024
35049,172137,5785.97,5093,2024
35051,65209,2327.1600000000003,1306,2024
35053,154965,17255.21,2427,2024
35055,62219,886.4100000000001,3230,2024
35057,12223,200.18,1116,2024
35059,5110,102.95,691,2024
35061,19394,3745.23,663,2024
36001,147342,11231.5,4565,2024
36003,37052,6737.75,1223,2024
36005,89024,1442.79,2178,2024
36007,127569,11586.13,2945,2024
36009,34138,6488.28,2383,2024
36011,59435,7346.19,1965,2024
36013,113425,19771.7,3166,2024
36015,44764,5434.7300000000005,1190,2024
36017,25623,8121.16,1434,2024
36019,29419,3406.16,1630,2024
36021,91739,27534.42,3027,2024
36023,24204,4727.37,1368,2024
36025,38589,8931.66,1866,2024
36027,234973,32933.6,5342,2024
36029,314149,20639.25,6248,2024
36031,86055,5571.0,4279,2024
36033,62063,5204.58,2743,2024
36035,24765,1405.12,1115,2024
36037,65339,6606.32,1244,2024
36039,49770,6881.4800000000005,2326,2024
36041,45513,67.12,2276,2024
36043,45212,14298.58,1648,2024
36045,75444,16388.68,3117,2024
36047,515888,20.99,4273,2024
36049,20756,5060.65,1202,2024
36051,56098,15549.66,2154,2024
36053,43201,13602.69,1793,2024
36055,427725,61227.85,7596,2024
36057,34102,13119.83,1359,2024
36059,260951,2869.28,5729,2024
36061,582411,0.0,3105,2024
36063,69987,14096.86,2485,2024
36065,63562,17168.53,2462,2024
36067,182287,18756.67,5126,2024
36069,103973,35028.36,2840,2024
36071,178031,31179.27,4665,2024
36073,40162,11746.44,971,2024
36075,101781,24473.02,1929,2024
36077,36213,8123.01,1542,2024
36079,48420,3706.68,2454,2024
36081,255242,74.29,4458,2024
36083,73420,11763.56,2836,2024
36085,152867,7046.1900000000005,2025,2024
36087,132285,215.55,2786,2024
36089,79925,9979.97,4662,2024
36091,158896,22037.37,3852,2024
36093,31962,1343.68,1144,2024
36095,39175,9888.64,1509,2024
36097,32168,7092.93,1207,2024
36099,150092,20579.05,2121,2024
36101,58152,11063.52,2528,2024
36103,525381,22067.33,11526,2024
36105,84560,7066.47,2266,2024
36107,57097,13164.63,1527,2024
36109,574641,101799.2,7849,2024
36111,197502,30355.87,7418,2024
36113,46862,511.15,2547,2024
36115,34164,11267.61,1700,2024
36117,104494,40837.62,1923,2024
36119,351870,13587.53,8684,2024
36121,47131,7022.29,1243,2024
36123,25639,6530.24,938,2024
37001,41477,6159.68,2546,2024
37003,4736,467.16,328,2024
37005,5660,1381.41,486,2024
37007,18082,3353.52,1445,2024
37009,18145,1750.24,1102,2024
37011,23163,797.64,1530,2024
37013,30633,2590.08,1460,2024
37015,3064,463.59,253,2024
37017,17899,1975.36,1342,2024
37019,95404,1062.81,4637,2024
37021,276995,23479.47,9457,2024
37023,18977,1743.89,1708,2024
37025,19740,2768.02,1307,2024
37027,12374,1985.49,941,2024
37029,2966,217.2,226,2024
37031,76448,2438.4700000000003,2570,2024
37033,15467,3663.56,644,2024
37035,21516,4993.0199999999995,1159,2024
37037,169925,8044.39,4419,2024
37039,11924,1896.51,643,2024
37041,13088,5108.040000000001,311,2024
37043,8755,1147.75,751,2024
37045,29888,9639.14,491,2024
37047,12091,542.59,1002,2024
37049,47455,743.65,1477,2024
37051,55710,5921.3,1826,2024
37053,23054,761.39,1147,2024
37055,311819,8546.0,4406,2024
37057,8424,552.51,1219,2024
37059,6509,1382.78,431,2024
37061,7711,1111.37,647,2024
37063,172842,15366.39,6315,2024
37065,7483,1795.36,548,2024
37067,159259,9153.86,2585,2024
37069,24850,4795.57,846,2024
37071,35954,1406.9299999999998,1240,2024
37073,14070,752.24,300,2024
37075,8183,155.45000000000002,741,2024
37077,20288,3445.67,853,2024
37079,5587,1615.56,419,2024
37081,155529,14217.46,3882,2024
37083,8469,1290.08,579,2024
37085,28145,1712.05,1001,2024
37087,56753,6357.93,3266,2024
37089,126845,18658.07,3323,2024
37091,1390,143.63,123,2024
37093,5064,300.5,847,2024
37095,41419,5219.85,1326,2024
37097,14069,2082.31,1477,2024
37099,44519,2268.62,3148,2024
37101,39469,4658.55,1895,2024
37103,7143,845.11,622,2024
37105,6000,918.21,472,2024
37107,16118,4803.5,678,2024
37109,6775,677.5600000000001,422,2024
37111,16417,949.74,1135,2024
37113,37893,1671.14,2616,2024
37115,21536,3247.97,1799,2024
37117,7457,1591.36,536,2024
37119,192947,15015.95,5560,2024
37121,8631,547.27,658,2024
37123,6587,428.86,693,2024
37125,53019,2128.12,1512,2024
37127,15538,2483.94,1036,2024
37129,110547,76.97,3274,2024
37131,4649,574.0600000000001,281,2024
37133,33208,458.22,1627,2024
37135,254322,39243.44,6637,2024
37137,17195,1652.95,377,2024
37139,3298,281.68,270,2024
37141,13569,376.5,1929,2024
37143,1365,372.56,198,2024
37145,11551,2498.84,411,2024
37147,33933,6123.69,1716,2024
37149,27964,5541.27,1202,2024
37151,11938,2121.13,1171,2024
37153,14318,1231.88,1193,2024
37155,12033,1321.21,774,2024
37157,24101,3775.62,1058,2024
37159,18991,1990.8,788,2024
37161,14133,1902.55,980,2024
37163,18712,4131.5,1116,2024
37165,10383,1400.49,922,2024
37167,9761,2924.36,501,2024
37169,22235,4489.719999999999,730,2024
37171,13806,2230.43,892,2024
37173,25119,3313.4400000000005,3158,2024
37175,68045,11896.26,3397,2024
37177,13248,2967.45,688,2024
37179,23381,6372.75,1397,2024
37181,9703,710.1800000000001,507,2024
37183,570851,58450.15,13856,2024
37185,12273,1652.18,704,2024
37187,19621,2589.52,753,2024
37189,69787,6045.6,2660,2024
37191,13739,968.62,636,2024
37193,12650,3461.2,816,2024
37195,13669,2255.05,621,2024
37197,10647,4724.74,510,2024
37199,31228,10699.29,1511,2024
38001,1193,249.28,164,2024
38003,18077,3681.01,726,2024
38005,3553,506.99,317,2024
38007,17032,114.14,1013,2024
38009,3814,1360.44,308,2024
38011,5877,249.47,310,2024
38013,3478,194.87,162,2024
38015,34528,1056.86,1082,2024
38017,56565,11464.31,1777,2024
38019,867,265.68,127,2024
38021,1093,232.72,105,2024
38023,1096,112.01,132,2024
38025,2070,45.7,269,2024
38027,1015,632.24,264,2024
38029,2167,140.94,139,2024
38031,1640,364.1,86,2024
38033,1435,45.35,209,2024
38035,27234,5387.91,921,2024
38037,1555,116.09,139,2024
38039,1932,828.03,134,2024
38041,746,104.6,108,2024
38043,21400,1372.02,668,2024
38045,1607,455.81,159,2024
38047,2718,520.77,144,2024
38049,3383,366.01,276,2024
38051,1626,229.89,126,2024
38053,11164,629.75,1127,2024
38055,4531,208.23,328,2024
38057,5007,338.14,303,2024
38059,7944,326.06,641,2024
38061,10947,355.96000000000004,328,2024
38063,1908,440.33,127,2024
38065,1873,116.29,288,2024
38067,1149,275.64,192,2024
38069,1108,201.45,103,2024
38071,2761,261.37,155,2024
38073,5183,2076.97,244,2024
38075,829,137.02,76,2024
38077,4424,757.84,292,2024
38079,1472,125.35,129,2024
38081,3264,713.79,133,2024
38083,1328,164.62,154,2024
38085,1276,16.87,90,2024
38087,5727,409.91,324,2024
38089,11133,611.39,609,2024
38091,7621,492.47,88,2024
38093,31025,3428.25,1136,2024
38095,567,156.28,81,2024
38097,1310,515.77,119,2024
38099,914,460.2000000000001,86,2024
38101,12749,1768.06,478,2024
38103,1360,354.57,183,2024
38105,8056,822.83,536,2024
39001,21517,3722.85,1401,2024
39003,18504,3889.59,769,2024
39005,38622,10154.56,1351,2024
39007,39413,6329.87,4167,2024
39009,71883,6452.96,3041,2024
39011,3100,1299.8000000000002,244,2024
39013,7366,1501.76,535,2024
39015,6957,2784.8300000000004,405,2024
39017,112553,16100.759999999998,3784,2024
39019,6237,838.84,569,2024
39021,9122,1754.05,1075,2024
39023,44900,9661.21,1176,2024
39025,99511,21986.93,2366,2024
39027,31128,7279.16,881,2024
39029,22740,3432.29,885,2024
39031,16706,3447.68,703,2024
39033,6691,1605.56,426,2024
39035,413338,6161.46,8234,2024
39037,9681,4021.1,519,2024
39039,6993,3366.1099999999997,281,2024
39041,150800,15304.99,2770,2024
39043,103127,5184.63,1915,2024
39045,62421,6897.46,1302,2024
39047,8656,4132.08,298,2024
39049,457745,67377.05,7613,2024
39051,4474,1001.77,496,2024
39053,4431,1470.23,541,2024
39055,133313,19186.53,2472,2024
39057,79563,17177.77,3004,2024
39059,12305,1682.91,600,2024
39061,219740,44249.19,6937,2024
39063,18599,3809.71,917,2024
39065,11149,4743.9800000000005,442,2024
39067,7915,1620.83,399,2024
39069,2592,577.1899999999999,341,2024
39071,13167,2899.84,624,2024
39073,29173,1443.9,1921,2024
39075,48445,16569.96,1147,2024
39077,14126,1885.4,617,2024
39079,4132,615.96,633,2024
39081,21058,1896.0,420,2024
39083,33847,10514.92,1165,2024
39085,179567,10543.68,2827,2024
39087,9250,705.88,478,2024
39089,93926,20159.23,1824,2024
39091,29393,9421.87,875,2024
39093,150154,21171.53,2546,2024
39095,834031,42767.01,4768,2024
39097,20481,4363.39,675,2024
39099,52126,20383.51,986,2024
39101,27533,10305.2,470,2024
39103,71719,25578.8,2818,2024
39105,5247,1316.46,374,2024
39107,3173,1039.7800000000002,195,2024
39109,33055,13973.84,751,2024
39111,3778,759.02,249,2024
39113,132061,9025.99,3952,2024
39115,5569,899.38,334,2024
39117,11173,2821.89,696,2024
39119,18645,5849.92,758,2024
39121,5253,1420.97,274,2024
39123,197945,15176.37,1934,2024
39125,3352,568.92,183,2024
39127,16736,2856.33,369,2024
39129,25159,7576.38,909,2024
39131,2295,214.15,361,2024
39133,100457,12407.65,4300,2024
39135,38093,11398.9,895,2024
39137,3827,813.16,178,2024
39139,80653,20704.11,1938,2024
39141,9531,3266.43,820,2024
39143,48521,9887.54,1089,2024
39145,27539,1442.36,1087,2024
39147,11089,2662.03,455,2024
39149,2542,471.18,424,2024
39151,120761,18607.34,3717,2024
39153,224100,21275.42,11015,2024
39155,89942,11967.56,1326,2024
39157,22067,5370.99,905,2024
39159,31788,14806.27,617,2024
39161,8504,939.04,206,2024
39163,20198,1673.33,889,2024
39165,42886,11959.05,4046,2024
39167,30901,2775.5,846,2024
39169,127651,17545.37,2091,2024
39171,11862,4447.9,511,2024
39173,36865,4234.13,1752,2024
39175,16964,10300.85,433,2024
40001,4116,1359.02,252,2024
40003,17387,346.25,405,2024
40005,1890,475.07,286,2024
40007,2350,366.36,220,2024
40009,1772,72.09,329,2024
40011,5329,258.15,388,2024
40013,5826,2120.92,487,2024
40015,3018,221.98,533,2024
40017,8280,910.84,695,2024
40019,19396,116.85,448,2024
40021,10791,1552.55,1011,2024
40023,8152,5723.410000000001,353,2024
40025,13513,660.51,940,2024
40027,59648,584.85,2544,2024
40029,1267,73.25,79,2024
40031,28136,55.77,1499,2024
40033,1045,84.18,180,2024
40035,1426,694.56,206,2024
40037,8864,793.8399999999999,685,2024
40039,2976,113.02,416,2024
40041,6336,1001.04,474,2024
40043,1298,65.12,106,2024
40045,1480,113.99,175,2024
40047,9200,2264.6600000000003,476,2024
40049,1713,86.60000000000001,213,2024
40051,3748,103.06,432,2024
40053,1921,502.97,192,2024
40055,1744,78.44,148,2024
40057,865,164.01,114,2024
40059,1369,118.43,187,2024
40061,854,218.89,138,2024
40063,2123,536.46,87,2024
40065,3477,584.04,285,2024
40067,1243,23.18,148,2024
40069,16102,945.81,436,2024
40071,4726,595.05,339,2024
40073,1331,256.18,244,2024
40075,2152,134.22,238,2024
40077,1534,225.17,212,2024
40079,5103,1185.22,841,2024
40081,3299,17.28,383,2024
40083,8564,234.9,620,2024
40085,2946,250.37,302,2024
40087,4906,229.1,610,2024
40089,21832,1204.58,1484,2024
40091,2928,356.59,352,2024
40093,3275,299.25,303,2024
40095,2275,48.11,198,2024
40097,4298,639.39,517,2024
40099,3733,29.33,452,2024
40101,2958,734.04,692,2024
40103,5507,191.64,519,2024
40105,942,344.85,120,2024
40107,1417,200.23,134,2024
40109,107381,541.03,3418,2024
40111,3012,345.34000000000003,248,2024
40113,13037,724.3100000000001,1296,2024
40115,2606,483.52,299,2024
40117,3324,47.0,339,2024
40119,82818,6969.79,1787,2024
40121,2222,234.33,294,2024
40123,1975,163.45,178,2024
40125,4969,65.34,321,2024
40127,3638,999.45,319,2024
40129,2488,63.92,244,2024
40131,7943,978.87,868,2024
40133,2258,80.22,148,2024
40135,9386,2453.32,425,2024
40137,4021,31.08,196,2024
40139,4464,602.67,387,2024
40141,4606,1674.41,340,2024
40143,105269,15906.38,4507,2024
40145,9698,1455.92,532,2024
40147,6019,906.07,553,2024
40149,2165,153.71,317,2024
40151,3335,188.95,315,2024
40153,7491,112.27,657,2024
41001,27738,2748.47,4438,2024
41003,349771,105897.2,6395,2024
41005,129233,21484.91,7308,2024
41007,124591,5319.17,3765,2024
41009,97399,19523.15,1705,2024
41011,64755,975.43,2497,2024
41013,29682,5362.46,1822,2024
41015,27336,1389.82,2323,2024
41017,227760,1142.11,6714,2024
41019,34406,5032.54,3857,2024
41021,4235,224.95,426,2024
41023,14966,226.74,1829,2024
41025,184775,17279.97,4828,2024
41027,27309,852.04,2455,2024
41029,197417,33693.13,5564,2024
41031,25490,573.07,2054,2024
41033,40494,1842.87,2926,2024
41035,88910,5713.85,3084,2024
41037,50197,3819.97,2164,2024
41039,347971,59460.68,13141,2024
41041,135631,764.3100000000001,3604,2024
41043,68937,18132.03,4576,2024
41045,15832,1185.56,1887,2024
41047,157055,53093.1,3848,2024
41049,11677,1703.02,839,2024
41051,469403,39233.57,10818,2024
41053,88086,31615.98,1834,2024
41055,11079,1054.77,648,2024
41057,107443,4145.05,3912,2024
41059,43238,4252.04,2766,2024
41061,83420,16058.02,4420,2024
41063,30327,2651.24,5033,2024
41065,36546,1799.18,2812,2024
41067,318699,46855.97,6869,2024
41069,5872,49.77,714,2024
41071,37697,15891.61,1802,2024
42001,64579,19246.99,2240,2024
42003,431636,28298.15,11985,2024
42005,33595,6073.43,1503,2024
42007,32315,3195.59,1960,2024
42009,38454,8981.53,1715,2024
42011,177843,34344.85,5329,2024
42013,40156,4666.57,1258,2024
42015,15032,4242.49,798,2024
42017,365688,60510.45,6620,2024
42019,116664,10656.34,3395,2024
42021,17959,2192.35,1341,2024
42023,18301,2969.82,596,2024
42025,43564,7126.79,1768,2024
42027,254316,51265.71,5826,2024
42029,505496,114087.79,8191,2024
42031,33810,8618.06,1940,2024
42033,26943,1526.64,1442,2024
42035,35545,4523.81,1779,2024
42037,13049,2679.95,1166,2024
42039,64663,10259.12,2618,2024
42041,137515,20875.74,4016,2024
42043,105847,15726.37,3244,2024
42045,225680,6067.72,4270,2024
42047,16999,1486.8,1287,2024
42049,134902,6976.91,3605,2024
42051,46127,3206.4,2736,2024
42053,20794,2558.7099999999996,1478,2024
42055,126189,28438.66,2350,2024
42057,41597,8436.42,1125,2024
42059,14637,2889.56,1061,2024
42061,104184,18208.34,2898,2024
42063,114843,17658.32,3130,2024
42065,28134,6706.52,938,2024
42067,33650,12087.87,772,2024
42069,43534,5654.79,2228,2024
42071,322310,75055.72,6661,2024
42073,23781,7210.45,1419,2024
42075,77613,11516.07,1886,2024
42077,111106,21958.29,2307,2024
42079,111906,18747.5,4286,2024
42081,93111,20414.67,2977,2024
42083,8254,561.33,893,2024
42085,40933,4535.49,1642,2024
42087,23839,5347.34,839,2024
42089,88736,6618.77,3063,2024
42091,537938,74222.15000000001,7794,2024
42093,21576,6210.74,957,2024
42095,124286,26610.03,3053,2024
42097,20345,4972.99,1204,2024
42099,36009,9231.71,1594,2024
42101,392637,2295.1800000000003,5365,2024
42103,47468,1305.2,1905,2024
42105,33240,4993.09,1742,2024
42107,70763,7315.52,1985,2024
42109,33371,9894.42,1132,2024
42111,42791,5963.41,2832,2024
42113,12602,847.69,746,2024
42115,56410,18239.57,1410,2024
42117,66451,15528.38,2143,2024
42119,27744,6832.66,1303,2024
42121,10709,1068.15,1006,2024
42123,20319,1363.78,1419,2024
42125,80376,12806.57,3419,2024
42127,49247,8017.21,1613,2024
42129,94507,8749.09,4258,2024
42131,22675,4259.31,941,2024
42133,126861,22492.35,3785,2024
44001,42535,1845.5,910,2024
44003,53207,701.28,2029,2024
44005,87231,5609.01,1871,2024
44007,144435,7633.97,4859,2024
44009,257125,8662.63,7806,2024
45001,12882,2208.67,279,2024
45003,72523,3797.27,1749,2024
45005,2233,689.54,144,2024
45007,53385,14831.739999999998,1282,2024
45009,1782,225.52,172,2024
45011,4544,385.91,362,2024
45013,232991,1956.43,3767,2024
45015,40996,224.95,2017,2024
45017,5057,1154.97,430,2024
45019,309277,4546.11,6288,2024
45021,12494,4944.47,259,2024
45023,3173,181.74,307,2024
45025,7523,306.12,616,2024
45027,43311,8370.320000000002,603,2024
45029,53086,5927.170000000001,1079,2024
45031,7186,634.8100000000001,374,2024
45033,1952,442.25,217,2024
45035,38633,1066.85,916,2024
45037,2772,529.4,325,2024
45039,2008,110.96,236,2024
45041,5900,943.72,591,2024
45043,137164,2016.17,2002,2024
45045,135954,9792.12,3707,2024
45047,8869,835.01,511,2024
45049,5542,84.71000000000001,276,2024
45051,76140,434.74,2767,2024
45053,63609,512.91,933,2024
45055,21692,1140.8300000000002,441,2024
45057,12156,1081.39,536,2024
45059,11370,2865.76,382,2024
45061,3264,886.23,312,2024
45063,89010,1702.54,1776,2024
45065,4301,224.86,343,2024
45067,2202,93.06,144,2024
45069,3091,346.21999999999997,152,2024
45071,18471,1188.4299999999998,606,2024
45073,30592,4539.72,1653,2024
45075,12958,2945.5,815,2024
45077,33182,3774.670000000001,1967,2024
45079,84519,7938.840000000001,3334,2024
45081,5400,1141.0500000000002,164,2024
45083,27907,4892.47,1443,2024
45085,10409,1629.01,573,2024
45087,4198,1797.29,190,2024
45089,4571,1964.98,221,2024
45091,23132,2885.4,1446,2024
46003,1472,496.8,186,2024
46005,2095,1038.77,218,2024
46007,2044,22.22,104,2024
46009,860,220.71,83,2024
46011,14036,2113.8,631,2024
46013,13469,3035.23,553,2024
46015,1650,299.1,197,2024
46017,281,14.9,47,2024
46019,3346,58.91,330,2024
46021,1162,126.27,86,2024
46023,4981,550.79,285,2024
46025,858,250.08,105,2024
46027,7072,2746.68,281,2024
46029,4897,485.84,318,2024
46031,910,97.18,121,2024
46033,28071,27.54,2166,2024
46035,1775,560.71,209,2024
46037,3388,352.77,296,2024
46039,2290,292.5,213,2024
46041,530,11.59,48,2024
46043,5122,579.76,171,2024
46045,1725,488.93,181,2024
46047,12177,57.38,638,2024
46049,357,139.7,66,2024
46051,1089,204.35,129,2024
46053,1225,17.240000000000002,106,2024
46055,1239,73.21000000000001,109,2024
46057,1207,238.36,104,2024
46059,1230,405.9,160,2024
46061,733,344.66,132,2024
46063,4438,28.12,435,2024
46065,11325,182.96,262,2024
46067,1330,322.96,139,2024
46069,711,89.67,59,2024
46071,9287,48.33,689,2024
46073,289,125.71,38,2024
46075,2447,150.58,211,2024
46077,624,146.39,93,2024
46079,1911,618.59,285,2024
46081,10337,25.26,734,2024
46083,6894,1073.79,418,2024
46085,3083,201.69,385,2024
46087,1182,411.48,181,2024
46089,2658,225.96,217,2024
46091,2549,269.83,174,2024
46093,3843,75.31,425,2024
46095,1084,13.48,100,2024
46097,375,195.25,68,2024
46099,20600,5069.57,1249,2024
46101,2847,1162.07,255,2024
46102,701,16.200000000000003,273,2024
46103,31462,236.84,2314,2024
46105,1788,152.17,111,2024
46107,1139,145.13,80,2024
46109,7787,2311.73,527,2024
46111,2624,1460.26,119,2024
46115,781,305.82,98,2024
46117,7962,475.06,350,2024
46119,1827,104.75,115,2024
46121,426,8.66,103,2024
46123,669,125.71,93,2024
46125,1288,475.23,131,2024
46127,4671,564.98,331,2024
46129,1815,187.43,171,2024
46135,6000,205.82,263,2024
46137,517,32.02,84,2024
47001,54397,10776.74,1198,2024
47003,4414,1323.29,304,2024
47005,17679,937.0,302,2024
47007,7408,2523.75,292,2024
47009,106822,29046.29,3169,2024
47011,28210,3851.06,841,2024
47013,9703,2628.73,394,2024
47015,6404,4279.7,214,2024
47017,2306,152.96,167,2024
47019,27342,3650.15,1373,2024
47021,9111,1350.39,1296,2024
47023,1330,131.4,135,2024
47025,1816,161.75,237,2024
47027,1725,338.5,102,2024
47029,7788,525.52,809,2024
47031,7752,2684.19,1054,2024
47033,1202,504.49,209,2024
47035,16894,1377.91,1016,2024
47037,244630,31183.19,5409,2024
47039,1767,853.39,147,2024
47041,9501,485.46,377,2024
47043,5814,969.0,585,2024
47045,5545,2906.16,316,2024
47047,11121,3532.57,456,2024
47049,7341,1020.13,390,2024
47051,14392,1831.95,1106,2024
47053,12353,7326.519999999999,1029,2024
47055,1781,829.85,262,2024
47057,18478,11709.16,223,2024
47059,11092,5058.51,869,2024
47061,6669,1360.07,625,2024
47063,2590,504.06,263,2024
47065,207969,8880.39,4893,2024
47067,1126,271.93,74,2024
47069,2859,619.88,121,2024
47071,10573,1523.44,437,2024
47073,41162,17512.010000000002,678,2024
47075,7159,865.29,202,2024
47077,2727,607.47,182,2024
47079,21071,6134.96,378,2024
47081,2497,706.44,237,2024
47083,4067,719.5999999999999,88,2024
47085,38602,15258.73,550,2024
47087,3201,638.85,229,2024
47089,6508,2709.63,448,2024
47091,4394,1347.72,402,2024
47093,203747,24511.25,4143,2024
47095,11567,4121.86,563,2024
47097,5591,2870.04,234,2024
47099,5470,2153.2,319,2024
47101,4357,377.75,207,2024
47103,20119,12188.54,285,2024
47105,14855,1554.47,577,2024
47107,5013,561.1,371,2024
47109,2104,504.73,167,2024
47111,947,306.45,157,2024
47113,9122,1970.19,703,2024
47115,17864,1642.07,926,2024
47117,4523,1289.54,347,2024
47119,5509,1316.68,615,2024
47121,24248,8015.249999999999,293,2024
47123,39118,7130.1,1945,2024
47125,47303,8168.530000000001,1420,2024
47127,1013,329.13,90,2024
47129,6869,914.33,725,2024
47131,9157,2548.9500000000003,613,2024
47133,2676,649.82,228,2024
47135,13854,2296.41,222,2024
47137,2929,510.54,282,2024
47139,7695,1761.0,927,2024
47141,33502,1048.03,852,2024
47143,10049,1222.63,409,2024
47145,17720,5004.9800000000005,655,2024
47147,5539,2382.18,1551,2024
47149,81718,13739.77,2546,2024
47151,12293,4749.62,648,2024
47153,4992,1551.06,299,2024
47155,54639,5122.17,5173,2024
47157,229771,71262.09,3084,2024
47159,3004,785.51,279,2024
47161,18596,6051.35,632,2024
47163,45548,2857.2,1717,2024
47165,20916,2395.02,1150,2024
47167,4057,1536.24,195,2024
47169,724,333.52,87,2024
47171,5557,118.79,889,2024
47173,6796,753.78,214,2024
47175,2750,60.52,364,2024
47177,9878,2751.13,399,2024
47179,45103,9038.81,1375,2024
47181,2512,490.97,171,2024
47183,7006,2665.9300000000003,264,2024
47185,3284,1068.82,672,2024
47187,57267,10710.85,2362,2024
47189,21808,3918.96,2239,2024
48001,8358,2903.72,1040,2024
48003,1253,0.52,227,2024
48005,33900,1097.98,920,2024
48007,108322,3044.86,1593,2024
48009,9932,415.4,485,2024
48011,2256,224.99,223,2024
48013,6399,1346.29,933,2024
48015,31939,15575.18,1063,2024
48017,1059,91.57,164,2024
48019,48430,2.86,2282,2024
48021,61542,9084.04,2765,2024
48023,1666,115.17,208,2024
48025,8769,1343.38,429,2024
48027,61867,9597.35,4072,2024
48029,391465,9097.76,21997,2024
48031,39447,11.73,2348,2024
48033,281,21.75,54,2024
48035,14925,204.77,1068,2024
48037,14611,5359.95,502,2024
48039,133844,13402.04,3949,2024
48041,111919,18348.24,4030,2024
48043,131289,0.43,4682,2024
48045,3938,90.72,433,2024
48047,8542,1245.8,420,2024
48049,3882,19.17,525,2024
48051,26600,17759.34,875,2024
48053,78181,30.929999999999996,2170,2024
48055,11986,2714.31,956,2024
48057,32504,1991.85,755,2024
48059,1871,61.8,336,2024
48061,688895,84403.17,7589,2024
48063,1865,311.87,92,2024
48065,1262,205.07,169,2024
48067,4305,337.91,301,2024
48069,594,261.68,83,2024
48071,140074,49720.1,1551,2024
48073,7260,1636.96,519,2024
48075,1504,35.06,148,2024
48077,8085,134.13,626,2024
48079,1304,143.07999999999998,165,2024
48081,1899,41.33,340,2024
48083,5326,50.68,497,2024
48085,137314,1876.68,7587,2024
48087,333,10.31,45,2024
48089,27054,18283.24,1235,2024
48091,86086,185.06,4864,2024
48093,2500,86.07000000000001,279,2024
48095,2432,117.09,272,2024
48097,4350,236.8,726,2024
48099,16181,74.03999999999999,1355,2024
48101,2177,132.18,216,2024
48103,481,0.0,89,2024
48105,5135,0.47,555,2024
48107,9495,1477.57,478,2024
48109,13044,113.22,982,2024
48111,1514,133.05,300,2024
48113,220919,13847.03,11071,2024
48115,542,100.15,121,2024
48117,797,239.63,113,2024
48119,1795,530.15,171,2024
48121,156945,6254.92,9144,2024
48123,16363,9207.41,532,2024
48125,818,21.86,127,2024
48127,3206,59.88,292,2024
48129,1623,48.09,207,2024
48131,8031,448.77,587,2024
48133,3114,50.24,365,2024
48135,1915,0.0,334,2024
48137,16027,0.0,956,2024
48139,32066,2403.76,1854,2024
48141,58906,70.15,2181,2024
48143,6401,30.46,809,2024
48145,3220,793.03,465,2024
48147,3380,404.16,523,2024
48149,8132,2880.55,1029,2024
48151,792,97.73,236,2024
48153,1002,195.34,152,2024
48155,2102,114.34,303,2024
48157,228288,27944.07,6312,2024
48159,1639,646.41,215,2024
48161,6229,387.5,557,2024
48163,5239,839.4100000000001,668,2024
48165,482,40.59,92,2024
48167,486413,26895.32,4419,2024
48169,3364,84.16,261,2024
48171,18983,138.42,1647,2024
48173,1200,9.48,104,2024
48175,10703,2036.16,828,2024
48177,20579,4226.8,760,2024
48179,1937,123.8,217,2024
48181,110726,23948.26,2199,2024
48183,4433,125.99,504,2024
48185,6735,3143.27,737,2024
48187,45364,1856.53,2089,2024
48189,1324,106.38,148,2024
48191,645,25.32,144,2024
48193,13423,177.36,534,2024
48195,1863,224.1,156,2024
48197,2509,115.97,342,2024
48199,12611,410.25,1179,2024
48201,590536,51240.84,17766,2024
48203,13349,893.94,1036,2024
48205,2053,39.22,143,2024
48207,2010,436.35,183,2024
48209,107923,1708.33,6553,2024
48211,1163,5.7,149,2024
48213,33904,10872.21,817,2024
48215,606138,130422.84,5517,2024
48217,12777,945.5,1042,2024
48219,1001,211.99,197,2024
48221,16678,243.8,5982,2024
48223,2621,699.87,411,2024
48225,8252,1963.1,441,2024
48227,1702,42.24,227,2024
48229,5568,1392.5599999999995,574,2024
48231,8864,719.64,994,2024
48233,2164,129.47,173,2024
48235,2069,4.199999999999999,120,2024
48237,1985,4.47,383,2024
48239,10735,4297.84,1429,2024
48241,18891,325.28000000000003,1126,2024
48243,73785,47.78,2007,2024
48245,117950,17082.69,1477,2024
48247,9896,618.23,475,2024
48249,17710,5304.29,854,2024
48251,32025,667.37,1467,2024
48253,8184,554.98,1166,2024
48255,3963,960.62,500,2024
48257,29759,14417.38,773,2024
48259,88220,231.05,2945,2024
48261,36111,2545.2999999999997,695,2024
48263,3050,75.58,178,2024
48265,53710,62.190000000000005,1963,2024
48267,43566,2.58,1095,2024
48269,665,6.34,82,2024
48271,18478,44.72,460,2024
48273,62478,23592.46,1670,2024
48275,2349,128.77,189,2024
48277,3471,1064.82,561,2024
48279,684,113.31,150,2024
48281,9614,10.36,458,2024
48283,7227,984.3,444,2024
48285,6613,4334.4,1182,2024
48287,8752,3890.14,696,2024
48289,11464,5020.64,566,2024
48291,14562,2814.7200000000003,961,2024
48293,4591,1204.0,470,2024
48295,1200,68.61,151,2024
48297,10098,794.64,788,2024
48299,14907,6.66,1337,2024
48301,401,0.0,35,2024
48303,71127,3461.99,2368,2024
48305,1780,363.5,161,2024
48307,3818,74.78,356,2024
48309,56546,4099.67,3431,2024
48311,26202,3124.07,736,2024
48313,3537,1533.24,315,2024
48315,7962,534.86,414,2024
48317,990,208.73,173,2024
48319,5669,24.22,1053,2024
48321,34660,8137.69,951,2024
48323,2843,63.629999999999995,302,2024
48325,14505,947.18,1102,2024
48327,5099,44.86,430,2024
48329,22104,114.12,692,2024
48331,10874,4640.54,1079,2024
48333,3686,52.86,458,2024
48335,1852,33.22,195,2024
48337,2911,31.73,531,2024
48339,101957,2763.3900000000003,5518,2024
48341,1172,101.95,119,2024
48343,8126,741.21,200,2024
48345,835,117.75,94,2024
48347,14961,2899.2200000000003,951,2024
48349,7016,1091.55,614,2024
48351,1934,95.18,338,2024
48353,1740,32.74,335,2024
48355,273462,10202.72,4385,2024
48357,1470,227.79,111,2024
48359,880,29.549999999999997,186,2024
48361,5376,306.21,344,2024
48363,9439,27.25,775,2024
48365,4120,1297.36,309,2024
48367,22186,120.14,3298,2024
48369,2969,971.11,296,2024
48371,5920,1.0,870,2024
48373,10332,564.53,815,2024
48375,7690,145.73,818,2024
48377,27551,1.02,1242,2024
48379,4305,2235.49,265,2024
48381,30040,229.79,1232,2024
48383,558,9.7,64,2024
48385,11788,0.0,1218,2024
48387,3900,739.1,217,2024
48389,15285,508.06,433,2024
48391,11869,4980.28,881,2024
48393,406,24.23,37,2024
48395,3535,1249.87,529,2024
48397,5772,84.56,711,2024
48399,2254,170.99,349,2024
48401,7033,1495.67,481,2024
48403,5073,86.95,378,2024
48405,1590,110.33,233,2024
48407,5825,786.88,787,2024
48409,75022,8033.2,1475,2024
48411,13956,43.61,580,2024
48413,1333,8.85,244,2024
48415,4316,69.64,414,2024
48417,1163,30.770000000000003,182,2024
48419,3595,286.12,211,2024
48421,1475,192.2,138,2024
48423,39487,4684.3,2113,2024
48425,22510,249.3,754,2024
48427,263222,1176.12,1908,2024
48429,1259,20.4,258,2024
48431,1366,2.47,120,2024
48433,2029,78.96,148,2024
48435,3460,1.0,402,2024
48437,1077,113.96,144,2024
48439,303315,3235.98,15803,2024
48441,31479,810.62,1726,2024
48443,5411,0.0,571,2024
48445,817,157.89,107,2024
48447,1643,98.05,172,2024
48449,6042,1916.94,287,2024
48451,39211,648.23,1408,2024
48453,566722,7766.36,23572,2024
48455,1409,151.07000000000002,275,2024
48457,8733,284.15000000000003,884,2024
48459,2326,527.31,277,2024
48461,519,8.56,86,2024
48463,76515,2509.39,1564,2024
48465,39142,0.0,2054,2024
48467,12688,4929.4800000000005,719,2024
48469,23640,9055.99,1072,2024
48471,15433,792.6800000000001,1126,2024
48473,28583,18021.96,1008,2024
48475,1764,1.55,228,2024
48477,18918,6606.92,1197,2024
48479,34243,42.05,804,2024
48481,18303,12951.48,756,2024
48483,1006,34.36,152,2024
48485,17750,361.6,1099,2024
48487,1654,213.89,283,2024
48489,32277,11496.87,1169,2024
48491,206224,3872.27,10774,2024
48493,11034,4003.99,1204,2024
48495,381,0.62,95,2024
48497,21325,44.85,1972,2024
48499,14682,3389.27,740,2024
48501,460,20.88,85,2024
48503,3210,359.24,350,2024
48505,29032,195.17,588,2024
48507,2690,278.1,215,2024
49001,12644,857.62,658,2024
49003,77261,4598.54,1721,2024
49005,57642,8357.71,2885,2024
49007,10059,71.19,606,2024
49009,5332,242.18,377,2024
49011,204407,7958.74,3131,2024
49013,8028,849.27,769,2024
49015,8946,71.36,1399,2024
49017,24437,1782.97,2426,2024
49019,33867,3946.47,2552,2024
49021,16665,699.12,1723,2024
49023,12385,2730.2,637,2024
49025,18598,134.8,2386,2024
49027,6898,518.35,1129,2024
49029,17650,2470.82,424,2024
49031,2559,119.16,212,2024
49033,4491,990.88,373,2024
49035,252845,3771.9,7801,2024
49037,19511,78.5,3545,2024
49039,12073,675.27,925,2024
49041,6080,505.28,703,2024
49043,42291,2532.61,2144,2024
49045,17456,241.04,1299,2024
49047,22598,3422.01,1474,2024
49049,213434,31088.07,6632,2024
49051,18334,3224.48,1231,2024
49053,154591,2717.8700000000003,7424,2024
49055,8915,2137.63,1224,2024
49057,27750,1609.19,1467,2024
50001,123607,35462.65,4743,2024
50003,56420,9630.93,2608,2024
50005,22657,3096.61,2121,2024
50007,278500,33852.73,7967,2024
50009,25887,406.85,911,2024
50011,63962,12386.52,2645,2024
50013,25833,7935.8,1228,2024
50015,30465,6155.53,2399,2024
50017,42632,6025.08,2659,2024
50019,29203,3815.07,1533,2024
50021,122753,21104.38,4057,2024
50023,83348,12690.11,4884,2024
50025,104929,16061.73,3849,2024
50027,134546,31912.43,5802,2024
51001,165396,7867.28,1958,2024
51003,176708,42853.4,3900,2024
51005,2925,166.25,335,2024
51007,8046,2010.5,334,2024
51009,30425,5050.54,1058,2024
51011,4833,1996.91,322,2024
51013,72407,0.0,1968,2024
51015,88263,26269.11,2312,2024
51017,9442,1627.11,645,2024
51019,54503,7168.11,1328,2024
51021,1641,329.44,251,2024
51023,45572,5641.150000000001,1178,2024
51025,1547,179.89,184,2024
51027,3363,653.03,127,2024
51029,7044,2053.54,615,2024
51031,13215,2093.49,666,2024
51033,12966,2316.37,599,2024
51035,5505,939.34,413,2024
51036,7532,1657.9,402,2024
51037,3232,721.0699999999999,187,2024
51041,89117,186.38,2618,2024
51043,28828,4516.26,745,2024
51045,8707,2205.13,680,2024
51047,21145,5867.49,583,2024
51049,5778,1106.69,395,2024
51051,2114,40.77,180,2024
51053,3249,423.59,329,2024
51057,11676,2930.7000000000003,834,2024
51059,593024,14105.34,12163,2024
51061,70732,34019.74,2715,2024
51063,14284,3007.59,783,2024
51065,17768,6795.04,327,2024
51067,13429,2126.16,627,2024
51069,28785,4366.22,958,2024
51071,39394,3645.1,1311,2024
51073,87841,7308.02,1622,2024
51075,13449,1813.92,565,2024
51077,20563,5322.31,694,2024
51079,6557,460.43,435,2024
51081,781,60.0,133,2024
51083,12149,2147.77,307,2024
51085,35659,1996.2,1172,2024
51087,95202,4692.36,2031,2024
51089,6228,274.44,361,2024
51091,16978,4344.89,657,2024
51093,12492,2520.28,503,2024
51095,110817,2482.79,1406,2024
51097,9710,1337.43,794,2024
51099,12238,2025.02,367,2024
51101,3842,547.29,255,2024
51103,7521,473.51,559,2024
51105,6630,2420.37,505,2024
51107,187594,34099.69,5378,2024
51109,15358,2471.05,548,2024
51111,3764,986.68,169,2024
51113,29949,6097.27,1549,2024
51115,13779,545.1800000000001,336,2024
51117,20056,8013.570000000001,611,2024
51119,14650,1096.75,494,2024
51121,128049,20734.65,2600,2024
51125,29438,6967.35,1435,2024
51127,22792,1559.4999999999998,476,2024
51131,118427,16843.0,1233,2024
51133,13187,3364.39,487,2024
51135,5473,397.98,287,2024
51137,9561,1961.51,600,2024
51139,36451,6366.7,1511,2024
51141,8011,1713.86,464,2024
51143,4341,975.94,467,2024
51145,20295,4290.4,658,2024
51147,23822,2501.11,768,2024
51149,5776,569.35,506,2024
51153,175789,15256.19,3995,2024
51155,15588,2860.47,551,2024
51157,18421,6786.13,1482,2024
51159,22946,2253.35,491,2024
51161,39192,2850.28,1060,2024
51163,25565,6541.96,1388,2024
51165,113823,36355.75,2145,2024
51167,2225,689.86,200,2024
51169,3787,627.34,371,2024
51171,33926,9273.22,1236,2024
51173,28504,8074.910000000001,843,2024
51175,1880,352.85,263,2024
51177,21650,1199.19,1171,2024
51179,51849,1336.6,1351,2024
51181,12257,532.33,321,2024
51183,9085,1294.21,602,2024
51185,12791,3280.35,301,2024
51187,33353,3139.77,1333,2024
51191,18974,2913.51,1013,2024
51193,15709,4776.2,802,2024
51195,4656,84.0,483,2024
51197,7893,2355.0699999999997,545,2024
51199,52101,841.03,1125,2024
51510,72862,0.0,965,2024
51520,1308,12.19,132,2024
51530,1078,45.55,63,2024
51540,26276,3.75,687,2024
51550,43231,2891.5499999999997,1684,2024
51570,1392,0.0,127,2024
51580,935,1.44,24,2024
51590,6718,217.79,143,2024
51595,635,17.0,47,2024
51600,13607,0.0,306,2024
51610,3072,0.0,141,2024
51620,1221,112.44,34,2024
51630,7747,4.470000000000001,384,2024
51640,591,11.33,28,2024
51650,39095,0.0,708,2024
51660,28784,484.07,487,2024
51670,7377,0.0,59,2024
51678,1375,25.9,70,2024
51680,38848,869.15,609,2024
51683,6014,3.95,129,2024
51685,596,0.0,33,2024
51690,6437,0.0,65,2024
51700,50879,239.82,761,2024
51710,60644,0.01,1095,2024
51720,1189,0.0,91,2024
51730,2077,90.43,214,2024
51735,6983,0.0,102,2024
51740,22214,0.09,224,2024
51750,50502,4933.74,191,2024
51760,95665,1.39,1953,2024
51770,32894,108.57,573,2024
51775,10325,49.99,249,2024
51790,13671,4802.650000000001,274,2024
51800,35616,2775.06,826,2024
51810,170501,6487.1,3300,2024
51820,10457,1551.98,205,2024
51830,25575,0.32,404,2024
51840,15966,428.78,200,2024
53001,16329,1047.56,588,2024
53003,19111,1417.48,620,2024
53005,83757,6850.81,2197,2024
53007,105392,5075.749999999999,4325,2024
53009,237736,27210.58,7158,2024
53011,233870,39691.74,3988,2024
53013,6543,530.36,548,2024
53015,55482,7025.39,1371,2024
53017,28274,1840.27,1283,2024
53019,9576,20.96,478,2024
53021,20567,969.55,856,2024
53023,4699,192.05,398,2024
53025,75697,7253.67,3114,2024
53027,63417,8437.220000000001,2407,2024
53029,97866,6687.22,2230,2024
53031,181494,6205.84,4814,2024
53033,1039773,23459.96,24035,2024
53035,149985,6245.7699999999995,5149,2024
53037,73382,4570.46,4899,2024
53039,50246,1655.48,2446,2024
53041,35146,5583.82,3257,2024
53043,10889,1364.74,769,2024
53045,73836,5778.54,4391,2024
53047,92520,4238.36,4003,2024
53049,70640,2341.46,1459,2024
53051,10194,279.63,1003,2024
53053,245950,9620.02,9324,2024
53055,84665,24164.74,2817,2024
53057,168239,41253.12,4373,2024
53059,36704,9480.21,2821,2024
53061,284967,20588.18,8826,2024
53063,108971,5808.7300000000005,4815,2024
53065,13049,956.03,1283,2024
53067,248415,24358.62,5564,2024
53069,17821,2946.65,199,2024
53071,133485,24349.62,1748,2024
53073,160166,21740.34,8283,2024
53075,74872,6461.6900000000005,2215,2024
53077,75074,5675.54,3828,2024
54001,4729,804.3100000000001,210,2024
54003,25284,10774.93,788,2024
54005,184,0.01,75,2024
54007,2349,128.51,238,2024
54009,1430,98.72,146,2024
54011,9070,1884.99,481,2024
54013,278,55.7,81,2024
54015,269,7.62,82,2024
54017,826,205.61,71,2024
54019,20607,880.9399999999999,1443,2024
54021,488,58.39,121,2024
54023,11670,1806.31,651,2024
54025,8236,1148.78,728,2024
54027,7814,1511.52,552,2024
54029,675,55.77,89,2024
54031,11100,4216.92,612,2024
54033,6739,378.74,395,2024
54035,4655,1033.0700000000002,166,2024
54037,53047,17741.75,1141,2024
54039,25878,387.12,1794,2024
54041,5003,678.34,187,2024
54043,366,13.87,100,2024
54045,760,0.81,126,2024
54047,180,0.33,35,2024
54049,18008,2155.53,439,2024
54051,3795,476.22,134,2024
54053,7700,2316.4,442,2024
54055,10855,1017.05,531,2024
54057,1984,267.2,332,2024
54059,193,0.65,54,2024
54061,55131,3861.86,2306,2024
54063,6796,2428.4,202,2024
54065,5944,384.16,553,2024
54067,9792,261.3,649,2024
54069,5770,114.52,443,2024
54071,20978,3463.41,936,2024
54073,4970,1780.43,81,2024
54075,15381,2405.91,1273,2024
54077,37333,8738.51,1373,2024
54079,6637,477.55,446,2024
54081,17351,417.74,816,2024
54083,19079,4268.36,1251,2024
54085,7430,1015.12,176,2024
54087,699,206.74,150,2024
54089,15791,3444.2100000000005,419,2024
54091,7102,153.86,182,2024
54093,25899,1660.99,2231,2024
54095,518,44.73,90,2024
54097,1161,53.919999999999995,120,2024
54099,3117,129.79,222,2024
54101,1100,25.93,234,2024
54103,1365,31.67,59,2024
54105,817,314.78,63,2024
54107,37792,2809.77,476,2024
54109,930,22.89,183,2024
55001,20859,1823.49,1715,2024
55003,49610,3356.42,1376,2024
55005,14529,2344.97,741,2024
55007,54658,6730.75,2650,2024
55009,108355,11155.82,2298,2024
55011,6974,585.5,526,2024
55013,34897,1568.99,2301,2024
55015,34560,9402.06,693,2024
55017,16951,3081.7099999999996,1052,2024
55019,6415,2107.8,490,2024
55021,31642,9926.63,1972,2024
55023,8265,1384.75,712,2024
55025,649606,123250.61,12434,2024
55027,127437,20443.79,1606,2024
55029,112130,11590.59,2714,2024
55031,21199,739.76,1326,2024
55033,24606,5805.29,914,2024
55035,25905,1352.29,1136,2024
55037,25590,3014.21,249,2024
55039,89446,17586.19,2135,2024
55041,18424,1040.6,504,2024
55043,49376,10016.81,1243,2024
55045,9925,3295.64,749,2024
55047,31152,2814.87,764,2024
55049,45617,25275.17,1558,2024
55051,11178,331.89,517,2024
55053,6783,436.03,805,2024
55055,76250,23989.0,1838,2024
55057,18664,506.75,1509,2024
55059,44821,5764.2,1620,2024
55061,12023,1809.35,465,2024
55063,38970,5671.52,1680,2024
55065,6130,1707.69,426,2024
55067,11180,623.4200000000001,491,2024
55069,18770,2569.9500000000003,936,2024
55071,55398,9224.83,1204,2024
55073,77655,9505.56,2109,2024
55075,39899,999.12,808,2024
55077,13840,1601.1,646,2024
55078,1134,34.019999999999996,72,2024
55079,327095,5552.11,4311,2024
55081,11040,4179.47,1159,2024
55083,16024,1072.29,743,2024
55085,33971,271.73,1728,2024
55087,62891,8737.23,1352,2024
55089,145280,26482.89,1693,2024
55091,2279,316.08,281,2024
55093,18050,2654.17,681,2024
55095,23129,1648.98,1397,2024
55097,115924,15525.11,3200,2024
55099,11561,389.54,629,2024
55101,40682,6340.6,1753,2024
55103,12610,4616.09,577,2024
55105,34116,8260.46,1646,2024
55107,13161,4617.35,634,2024
55109,30137,11036.18,1286,2024
55111,102880,22143.11,4034,2024
55113,23896,1063.46,1211,2024
55115,8119,1587.5,710,2024
55117,81830,8758.44,1728,2024
55119,13928,5523.97,354,2024
55121,19653,2863.53,600,2024
55123,31374,6165.12,1313,2024
55125,46337,1139.71,1969,2024
55127,27186,4158.95,2512,2024
55129,27228,1075.96,1026,2024
55131,50158,8181.18,1681,2024
55133,135188,13986.44,4134,2024
55135,22429,2260.64,915,2024
55137,14663,1143.35,763,2024
55139,84060,9047.5,1635,2024
55141,23442,3100.44,1235,2024
56001,60078,443.37,2875,2024
56003,4654,462.42,675,2024
56005,10110,55.82,516,2024
56007,19703,1298.15,1899,2024
56009,5074,71.80000000000001,578,2024
56011,8705,51.34,594,2024
56013,45134,1878.95,1822,2024
56015,7421,272.93,371,2024
56017,3094,70.8,286,2024
56019,15421,800.68,769,2024
56021,41413,208.2,1487,2024
56023,16912,1395.9,1065,2024
56025,14363,28.07,793,2024
56027,1050,19.75,184,2024
56029,75369,2144.52,5369,2024
56031,4609,41.88,383,2024
56033,15944,2405.59,816,2024
56035,38779,1030.69,1363,2024
56037,13855,300.0,1185,2024
56039,105362,1257.31,6481,2024
56041,4606,481.15,461,2024
56043,4913,361.99,329,2024
56045,9100,51.78,367,2024
