AREA_KM2,COUNTYNAME,CWA,FE_AREA,FIPS,GBIF_OBS_DENSITY_KM2,LATITUDE,LONGITUDE,MEDIAN_HOUSEHOLD_INCOME_2022,MEDIAN_HOUSEHOLD_INCOME_PERCENT_OF_STATE_TOTAL_2022,PERCENTAGE_GBIF_OBS_ON_AG_LAND,PERCENTAGE_OF_AG_LAND_WITHIN_1KM_GBIF_OBS,PERCENT_ADULTS_BACHELORS_DEGREE_2023,PERCENT_AGRICULTURE,PERCENT_DEVELOPED,PERCENT_FOREST,PERCENT_POVERTY_2023,POPULATION_DENSITY_KM2,POPULATION_ESTIMATE_2023,STATE,TIME_ZONE,TOTAL_GBIF_OBS_COUNT,UNEMPLOYMENT_RATE_2023
1565.4038,Autauga,BMX,cc,01001,4.16953,32.5349,-86.6428,70100.0,1.175,0.05163,0.3245800314710594,0.283,0.20264,0.09035,0.44755,0.117,38.55,60342.0,AL,C,6527,0.022
4064.9518,Baldwin,MOB,sw,01003,38.50794,30.7278,-87.7171,71700.0,1.201,0.02614,0.5757972646104801,0.328,0.15888,0.12284,0.33068,0.1,62.36,253507.0,AL,C,156533,0.023
2341.8514,Barbour,BMX,se,01005,6.11086,31.8696,-85.3932,41200.0,0.689,0.05136,0.17905860686062344,0.115,0.16576,0.0564,0.50224,0.255,10.5,24585.0,AL,C,14311,0.044
1621.6954,Bibb,BMX,cc,01007,4.34461,32.9986,-87.1264,54300.0,0.91,0.02143,0.37921214997626956,0.115,0.07371,0.06703,0.65542,0.194,13.48,21868.0,AL,C,7046,0.025
1685.0488,Blount,BMX,cc,01009,3.20398,33.9809,-86.5674,60600.0,1.014,0.14688,0.5152467707130387,0.156,0.33454,0.10464,0.51025,0.128,35.5,59816.0,AL,C,5399,0.021
1621.9761,Bullock,BMX,se,01011,3.61001,32.1005,-85.7161,35800.0,0.6,0.66162,0.23872080299289017,0.09,0.19389,0.04321,0.49134,0.336,6.1,9897.0,AL,C,5855,0.024
2014.7466,Butler,MOB,sc,01013,0.55169,31.7524,-86.6803,41900.0,0.701,0.17903,0.14787177172703292,0.138,0.1019,0.05868,0.57141,0.236,9.12,18382.0,AL,C,1112,0.029
1586.0476,Calhoun,BMX,ec,01015,12.82929,33.7714,-85.8261,52800.0,0.884,0.09112,0.6504605311377685,0.205,0.18589,0.17687,0.55826,0.201,73.41,116429.0,AL,C,20348,0.028
1562.2704,Chambers,BMX,ec,01017,3.03619,32.9144,-85.392,45600.0,0.763,0.54877,0.2589169984017987,0.146,0.13739,0.07828,0.55724,0.171,21.81,34079.0,AL,C,4743,0.024
1553.9991,Cherokee,BMX,ne,01019,2.20153,34.176,-85.6038,52600.0,0.881,0.12189,0.5055194907015398,0.159,0.25846,0.07884,0.49735,0.156,16.52,25666.0,AL,C,3421,0.024
1815.0519,Chilton,BMX,cc,01021,5.2418,32.8479,-86.7188,61800.0,1.036,0.02144,0.3495198089210802,0.152,0.17906,0.09661,0.51463,0.153,25.58,46431.0,AL,C,9514,0.022
2390.8742,Choctaw,MOB,sw,01023,0.22335,32.0192,-88.2628,44500.0,0.745,0.00749,0.10525416634634276,0.139,0.04408,0.04322,0.5762,0.248,5.12,12252.0,AL,C,534,0.04
3268.8067,Clarke,MOB,sw,01025,0.20327,31.6709,-87.8309,44900.0,0.752,0.1204,0.1434958731634907,0.154,0.03079,0.04415,0.56668,0.19,6.83,22337.0,AL,C,664,0.05
1569.1507,Clay,BMX,ec,01027,2.30781,33.2691,-85.8605,49600.0,0.831,0.02541,0.39900429041837354,0.152,0.1242,0.0563,0.69109,0.169,8.99,14111.0,AL,C,3621,0.024
1453.394,Cleburne,BMX,ec,01029,3.40015,33.6745,-85.5188,49200.0,0.825,0.02691,0.4305071458722789,0.182,0.10259,0.0583,0.73725,0.158,10.76,15639.0,AL,C,4942,0.023
1762.5117,Coffee,TAE,se,01031,0.6156,31.4026,-85.9882,62400.0,1.046,0.06083,0.211131253754398,0.215,0.2854,0.09821,0.39585,0.165,31.57,55643.0,AL,C,1085,0.025
1615.2862,Colbert,HUN,nw,01033,9.59522,34.7004,-87.8049,54600.0,0.914,0.32963,0.49120244154345744,0.203,0.29942,0.10899,0.44618,0.154,36.13,58361.0,AL,C,15499,0.029
2208.1914,Conecuh,MOB,sc,01035,2.17824,31.4293,-86.9936,36100.0,0.605,0.07547,0.13736368457688355,0.131,0.09849,0.05116,0.54364,0.265,5.06,11174.0,AL,C,4810,0.035
1725.9461,Coosa,BMX,ec,01037,0.76827,32.9362,-86.2476,49500.0,0.829,0.03243,0.2596765885426248,0.149,0.05676,0.04185,0.72323,0.182,5.95,10268.0,AL,C,1326,0.026
2703.6862,Covington,MOB,sc,01039,2.68675,31.2485,-86.4512,47000.0,0.787,0.02313,0.299197289114796,0.172,0.17974,0.07904,0.51333,0.167,14.04,37952.0,AL,C,7264,0.027
1582.0994,Crenshaw,MOB,sc,01041,0.387,31.7315,-86.3136,49200.0,0.823,0.0245,0.17561536612997355,0.168,0.16573,0.05662,0.50846,0.195,8.28,13101.0,AL,C,612,0.027
1954.9619,Cullman,HUN,nc,01043,4.04613,34.132,-86.8676,61800.0,1.035,0.09343,0.2630921671951215,0.191,0.38754,0.13614,0.41107,0.155,47.07,92016.0,AL,C,7910,0.02
1457.4538,Dale,TAE,se,01045,6.37687,31.4318,-85.611,50600.0,0.847,0.03798,0.41342342823567113,0.193,0.23137,0.11677,0.41552,0.166,34.22,49871.0,AL,C,9294,0.025
2572.9419,Dallas,BMX,sc,01047,0.82645,32.3258,-87.1065,35300.0,0.591,0.10769,0.15339888901357873,0.17,0.24936,0.06148,0.35201,0.314,14.06,36165.0,AL,C,2126,0.054
2016.7488,DeKalb,HUN,ne,01049,2.8493,34.4598,-85.8041,50000.0,0.838,0.0978,0.44867870021095074,0.139,0.42922,0.11051,0.4248,0.216,35.98,72569.0,AL,C,5746,0.023
1702.4238,Elmore,BMX,ec,01051,5.31,32.5966,-86.1492,71500.0,1.197,0.07611,0.3507060934696107,0.244,0.21033,0.11337,0.48761,0.125,53.12,90441.0,AL,C,9040,0.021
2468.0526,Escambia,MOB,sc,01053,0.70192,31.1262,-87.1616,47800.0,0.8,0.08947,0.32643778839532817,0.125,0.13821,0.07142,0.46991,0.213,14.81,36558.0,AL,C,1732,0.031
1421.1328,Etowah,BMX,ne,01055,3.99259,34.0453,-86.0348,55500.0,0.929,0.14188,0.34217156800104154,0.175,0.26285,0.17588,0.47269,0.196,72.65,103241.0,AL,C,5674,0.028
1629.9279,Fayette,BMX,wc,01057,0.81415,33.7212,-87.7388,49200.0,0.824,0.07385,0.2323965231350929,0.156,0.1045,0.06746,0.60437,0.162,9.8,15967.0,AL,C,1327,0.029
1674.3148,Franklin,HUN,nw,01059,0.59487,34.4417,-87.8438,49600.0,0.831,0.14257,0.18067994921975544,0.149,0.24655,0.08001,0.55455,0.225,18.99,31802.0,AL,C,996,0.026
1499.3951,Geneva,TAE,se,01061,6.81475,31.095,-85.839,51600.0,0.864,0.93306,0.20863831752460127,0.133,0.42285,0.09199,0.24247,0.192,18.0,26988.0,AL,C,10218,0.024
1709.1101,Greene,BMX,wc,01063,2.13471,32.8531,-87.9522,35400.0,0.594,0.04084,0.255038709550418,0.125,0.18726,0.04495,0.32981,0.31,4.3,7341.0,AL,C,3648,0.048
1700.3199,Hale,BMX,wc,01065,7.65503,32.7627,-87.6291,44700.0,0.749,0.29387,0.5492744447440723,0.168,0.27076,0.04859,0.35665,0.23,8.76,14888.0,AL,C,13016,0.033
1471.717,Henry,TAE,se,01067,1.53977,31.5147,-85.2414,56700.0,0.95,0.29125,0.29366783743100855,0.217,0.30482,0.07149,0.40602,0.164,12.16,17899.0,AL,C,2266,0.026
1506.6332,Houston,TAE,se,01069,8.5867,31.1532,-85.3025,56800.0,0.952,0.03509,0.3090267310506613,0.228,0.43588,0.17122,0.16363,0.165,71.99,108462.0,AL,C,12937,0.026
2918.3943,Jackson,HUN,ne,01071,5.29907,34.7794,-85.9993,52000.0,0.87,0.38746,0.5184605880270529,0.156,0.26651,0.06785,0.58088,0.16,18.32,53467.0,AL,C,15465,0.025
2910.8887,Jefferson,BMX,cc,01073,35.56514,33.5543,-86.8965,62000.0,1.038,0.0172,0.5185854597002835,0.359,0.06107,0.3496,0.51711,0.16,227.73,662895.0,AL,C,103526,0.025
1568.2318,Lamar,BMX,wc,01075,1.00942,33.7792,-88.0969,51500.0,0.863,0.01011,0.14357356721262673,0.116,0.10018,0.0658,0.54626,0.164,8.71,13661.0,AL,C,1583,0.028
1861.5461,Lauderdale,HUN,nw,01077,17.66101,34.9015,-87.6543,59000.0,0.989,0.38894,0.42719333574528023,0.271,0.42502,0.12234,0.31697,0.136,52.01,96814.0,AL,C,32877,0.025
1859.8992,Lawrence,HUN,nw,01079,5.77292,34.522,-87.311,55500.0,0.93,0.1004,0.42395825854394026,0.156,0.43125,0.07708,0.34221,0.142,18.01,33502.0,AL,C,10737,0.023
1594.2986,Lee,BMX,ec,01081,44.97556,32.6012,-85.3556,59600.0,0.999,0.18373,0.563666659358488,0.413,0.12861,0.17968,0.52346,0.179,114.92,183215.0,AL,C,71704,0.023
1572.214,Limestone,HUN,nc,01083,27.19507,34.8101,-86.9813,83200.0,1.393,0.40836,0.6519153237911938,0.304,0.52467,0.14098,0.18164,0.086,72.93,114654.0,AL,C,42756,0.021
1877.8442,Lowndes,BMX,sc,01085,2.04786,32.1548,-86.6501,42300.0,0.708,0.09908,0.23292177029382163,0.139,0.31242,0.0426,0.41707,0.294,5.17,9717.0,AL,C,3846,0.046
1588.4264,Macon,BMX,se,01087,9.38067,32.386,-85.6926,36600.0,0.613,0.34126,0.41576036064959737,0.207,0.16933,0.05814,0.48324,0.288,11.56,18370.0,AL,C,14901,0.032
2105.3828,Madison,HUN,nc,01089,40.352,34.7631,-86.5502,80400.0,1.347,0.06023,0.6808975509254644,0.457,0.35995,0.27466,0.26802,0.105,195.97,412600.0,AL,C,84956,0.02
2545.8093,Marengo,BMX,sw,01091,1.03985,32.2476,-87.7895,45600.0,0.764,0.10085,0.377867365450514,0.204,0.20161,0.04776,0.42264,0.235,7.34,18684.0,AL,C,2647,0.033
1925.9739,Marion,BMX,nw,01093,1.64696,34.1366,-87.8871,47700.0,0.8,0.05769,0.21094128121321487,0.128,0.15642,0.08575,0.59147,0.19,15.18,29244.0,AL,C,3172,0.029
1613.9013,Marshall,HUN,ne,01095,10.51428,34.3669,-86.3066,53400.0,0.894,0.03695,0.3150091500453658,0.213,0.3628,0.13732,0.38209,0.165,62.43,100756.0,AL,C,16969,0.021
3306.0462,Mobile,MOB,sw,01097,35.31313,30.7943,-88.2018,54300.0,0.91,0.00379,0.4493120237892862,0.252,0.10734,0.20727,0.32107,0.163,124.51,411640.0,AL,C,116747,0.031
2682.8489,Monroe,MOB,sc,01099,0.44517,31.5706,-87.3658,47500.0,0.796,0.05777,0.16028317470305986,0.114,0.10664,0.04592,0.51819,0.191,7.17,19229.0,AL,C,1194,0.043
2071.1122,Montgomery,BMX,sc,01101,13.94488,32.2202,-86.2076,56900.0,0.952,0.04702,0.37079745613158865,0.343,0.3262,0.17255,0.24741,0.183,108.63,224980.0,AL,C,28881,0.028
1551.5717,Morgan,HUN,nc,01103,14.82842,34.4535,-86.8529,62300.0,1.043,0.13869,0.4025128793882271,0.232,0.37849,0.1696,0.33617,0.12,80.65,125133.0,AL,C,23007,0.02
1875.4517,Perry,BMX,cc,01105,3.83594,32.6385,-87.2942,33600.0,0.563,0.07367,0.24739139225821996,0.168,0.23528,0.04299,0.46714,0.338,4.13,7738.0,AL,C,7194,0.05
2305.2466,Pickens,BMX,wc,01107,0.21138,33.2809,-88.0887,45400.0,0.761,0.04515,0.09318677905562218,0.137,0.13592,0.05714,0.48853,0.215,8.11,18688.0,AL,C,487,0.03
1740.5508,Pike,BMX,se,01109,1.61788,31.8024,-85.9409,45100.0,0.756,0.06214,0.20861182210758994,0.273,0.23693,0.0758,0.44156,0.238,19.04,33137.0,AL,C,2816,0.027
1512.917,Randolph,BMX,ec,01111,1.8309,33.2938,-85.4591,49400.0,0.828,0.48664,0.26676337846550613,0.205,0.18458,0.08279,0.58739,0.159,15.06,22786.0,AL,C,2770,0.024
1676.9982,Russell,BMX,se,01113,2.16825,32.2884,-85.1849,45100.0,0.755,0.08608,0.33528402118703304,0.169,0.13818,0.08988,0.52411,0.189,35.03,58744.0,AL,C,3636,0.028
1693.1933,St. Clair,BMX,cc,01115,3.19322,33.7157,-86.3147,70400.0,1.179,0.13779,0.3797901325820249,0.199,0.17188,0.12769,0.57157,0.108,56.43,95552.0,AL,C,5407,0.021
2096.6112,Shelby,BMX,cc,01117,19.29424,33.2643,-86.6607,98300.0,1.646,0.20117,0.4318505055495756,0.462,0.12158,0.19296,0.55175,0.084,111.13,233000.0,AL,C,40453,0.018
2365.4202,Sumter,BMX,wc,01119,1.39419,32.591,-88.1988,35200.0,0.589,0.25865,0.28446118362940426,0.19,0.21734,0.04269,0.39614,0.335,4.96,11727.0,AL,C,3298,0.037
1969.001,Talladega,BMX,ec,01121,1.07535,33.38,-86.1659,55200.0,0.924,0.21394,0.30426624660188245,0.168,0.20951,0.12072,0.54858,0.17,41.2,81132.0,AL,C,2117,0.028
1984.4369,Tallapoosa,BMX,ec,01123,3.22381,32.8624,-85.7975,55300.0,0.926,0.03658,0.3079865270348803,0.187,0.07647,0.07877,0.65028,0.151,20.5,40677.0,AL,C,6397,0.025
3499.7953,Tuscaloosa,BMX,wc,01125,14.03379,33.2896,-87.525,60900.0,1.02,0.16602,0.34193942103768504,0.314,0.08508,0.13811,0.5529,0.192,67.82,237373.0,AL,C,49115,0.023
2085.6471,Walker,BMX,cc,01127,1.54819,33.8034,-87.2973,51100.0,0.855,0.15267,0.19083838335639644,0.16,0.13567,0.11741,0.60759,0.175,31.03,64728.0,AL,C,3229,0.026
2828.2044,Washington,MOB,sw,01129,0.34439,31.4077,-88.2071,53800.0,0.901,0.13142,0.24593741097459706,0.162,0.05241,0.0492,0.439,0.187,5.31,15022.0,AL,C,974,0.026
2350.0343,Wilcox,MOB,sc,01131,1.1828,31.9892,-87.3082,33700.0,0.564,0.0536,0.145895896829453,0.123,0.10274,0.03857,0.51306,0.327,4.23,9944.0,AL,C,2780,0.08
1636.4153,Winston,BMX,nw,01133,2.66793,34.1492,-87.3737,51100.0,0.857,0.03688,0.3116706348190437,0.134,0.12905,0.07998,0.68416,0.166,14.43,23611.0,AL,C,4366,0.027
29055.5,Apache,FGZ,ne,04001,1.31005,35.3957,-109.4888,40600.0,0.546,0.01424,0.6584444347939375,0.153,0.00071,0.01107,0.23714,0.296,2.24,65036.0,AZ,Mm,38064,0.079
16106.9103,Cochise,TWC,se,04003,55.931,31.8796,-109.7511,55300.0,0.743,0.00104,0.4290266106442576,0.277,0.02873,0.02023,0.05989,0.163,7.74,124640.0,AZ,m,900876,0.045
48331.9912,Coconino,FGZ,nc,04005,4.00791,35.8387,-111.7705,64000.0,0.861,0.00602,0.5881690140845071,0.396,0.0001,0.0099,0.24035,0.178,2.99,144472.0,AZ,Mm,193710,0.042
12423.3842,Gila,PSRFGZ,ec,04007,4.26127,33.7997,-110.8117,51900.0,0.698,0.0,0.7662858907070084,0.188,0.00023,0.01249,0.34878,0.177,4.35,54003.0,AZ,m,52939,0.043
12020.4488,Graham,TWC,se,04009,2.59796,32.9327,-109.8874,63800.0,0.858,0.08169,0.6301577684608487,0.146,0.01545,0.00887,0.15224,0.173,3.29,39525.0,AZ,m,31229,0.037
4787.4778,Greenlee,TWC,se,04011,2.07449,33.2153,-109.2401,76300.0,1.027,0.02205,0.8709746826364484,0.204,0.00262,0.0083,0.35636,0.097,1.96,9369.0,AZ,m,9932,0.029
11689.5989,La Paz,PSR,wc,04012,1.38101,33.7292,-113.9813,53900.0,0.725,0.23706,0.24092297047878244,0.139,0.0385,0.00945,1e-05,0.187,1.43,16710.0,AZ,m,16143,0.048
23891.2188,Maricopa,PSR,sc,04013,39.80762,33.3488,-112.4912,83700.0,1.125,0.05371,0.5317404251566695,0.359,0.03887,0.14018,0.00123,0.111,191.95,4585871.0,AZ,m,951053,0.034
34892.7496,Mohave,VEF,nw,04015,1.1102,35.7044,-113.7582,54800.0,0.738,0.00072,0.3074275137410697,0.149,0.00228,0.01082,0.07,0.168,6.41,223682.0,AZ,m,38738,0.045
25793.903,Navajo,FGZ,nc,04017,1.70472,35.3996,-110.3214,49900.0,0.672,0.04041,0.6163818874099248,0.176,0.00111,0.01201,0.14567,0.247,4.23,109175.0,AZ,Mm,43971,0.057
23799.0274,Pima,TWC,se,04019,59.07088,32.0974,-111.7899,64000.0,0.861,0.00063,0.8157700347336823,0.359,0.00481,0.04527,0.00915,0.14,44.67,1063162.0,AZ,m,1405830,0.038
13919.458,Pinal,PSRTWC,se,04021,10.49946,32.9043,-111.3447,76200.0,1.025,0.12979,0.5096811285020165,0.222,0.09021,0.04316,0.00293,0.118,34.79,484239.0,AZ,m,146147,0.041
3206.6857,Santa Cruz,TWC,se,04023,243.67591,31.526,-110.8466,53500.0,0.719,0.02593,0.9545009784735812,0.241,0.00229,0.02995,0.08856,0.201,15.33,49158.0,AZ,m,781392,0.076
21051.3664,Yavapai,FGZ,wc,04025,11.51753,34.5999,-112.5538,64200.0,0.863,0.01384,0.6652420101268579,0.296,0.00157,0.02168,0.15826,0.128,11.83,249081.0,AZ,m,242460,0.036
14293.2885,Yuma,PSR,sw,04027,3.31409,32.7694,-113.9056,54200.0,0.729,0.14683,0.5062499921268868,0.167,0.05001,0.01899,0.0,0.159,14.92,213221.0,AZ,m,47369,0.132
2677.4033,Arkansas,LZK,se,05001,2.94298,34.2908,-91.3749,52100.0,0.939,0.18148,0.19107968861644917,0.153,0.55424,0.04176,0.03622,0.168,6.09,16307.0,AR,C,7880,0.027
2431.9829,Ashley,JAN,se,05003,0.98225,33.1912,-91.7679,47300.0,0.851,0.23736,0.11807996664954479,0.122,0.24857,0.05695,0.35613,0.184,7.51,18262.0,AR,C,2389,0.056
1519.6019,Baxter,LZK,nc,05005,9.2451,36.2872,-92.337,48600.0,0.875,0.07246,0.34253169951281526,0.187,0.16408,0.0821,0.66842,0.16,28.21,42875.0,AR,C,14049,0.036
2280.0503,Benton,TSA,nw,05007,35.71542,36.3392,-94.2573,86400.0,1.556,0.21242,0.7671495704223649,0.366,0.35909,0.18863,0.39815,0.078,136.41,311013.0,AR,C,81433,0.024
1558.717,Boone,LZK,nc,05009,2.44303,36.3086,-93.0915,53000.0,0.955,0.36318,0.29236454447914423,0.163,0.43385,0.07427,0.45265,0.149,24.72,38530.0,AR,C,3808,0.031
1694.7906,Bradley,LZK,se,05011,0.59455,33.4659,-92.1623,45000.0,0.81,0.00794,0.1397321983777136,0.158,0.03843,0.05461,0.49371,0.232,5.96,10104.0,AR,C,1008,0.046
1638.4081,Calhoun,LZK,sw,05013,1.05378,33.558,-92.5031,52500.0,0.946,0.00116,0.37802570626998105,0.181,0.02524,0.05814,0.50484,0.143,2.83,4641.0,AR,C,1727,0.029
1654.469,Carroll,TSA,nw,05015,6.97532,36.341,-93.5382,50400.0,0.909,0.03051,0.31314171721695233,0.211,0.40085,0.06219,0.51153,0.148,17.42,28814.0,AR,C,11540,0.029
1789.5784,Chicot,JAN,se,05017,0.68395,33.2672,-91.294,38200.0,0.689,0.02206,0.11045015775917115,0.172,0.69765,0.03696,0.00508,0.297,5.33,9538.0,AR,C,1224,0.058
2285.693,Clark,LZK,sw,05019,1.43413,34.051,-93.1764,50500.0,0.91,0.38377,0.22126753346570166,0.255,0.12293,0.05214,0.56346,0.189,9.31,21274.0,AR,C,3278,0.047
1661.9192,Clay,MEG,ee,05021,0.3876,36.3685,-90.4173,46900.0,0.844,0.41271,0.11857960487205857,0.156,0.74823,0.04581,0.09008,0.175,8.54,14201.0,AR,C,644,0.041
1533.1031,Cleburne,LZK,nc,05023,3.44079,35.5381,-92.0267,52700.0,0.949,0.04796,0.26196144458444826,0.183,0.21487,0.08062,0.59108,0.135,16.6,25445.0,AR,C,5275,0.039
1551.2379,Cleveland,LZK,se,05025,0.68719,33.8983,-92.1852,55500.0,1.001,0.05816,0.17480856899770156,0.162,0.04571,0.04406,0.50506,0.157,4.76,7378.0,AR,C,1066,0.035
1986.098,Columbia,SHV,sw,05027,2.46916,33.2143,-93.2274,47300.0,0.852,0.0208,0.3967915130344783,0.204,0.06312,0.06157,0.59781,0.233,11.15,22150.0,AR,C,4904,0.043
1467.5271,Conway,LZK,cc,05029,4.58804,35.2622,-92.7014,52400.0,0.944,0.08629,0.3084879937235534,0.182,0.38155,0.06872,0.43378,0.171,14.36,21077.0,AR,C,6733,0.038
1846.6245,Craighead,MEG,ee,05031,12.14375,35.8308,-90.6328,60600.0,1.091,0.08626,0.4193150919408516,0.278,0.74543,0.12044,0.05347,0.161,61.73,113993.0,AR,C,22425,0.027
1564.7846,Crawford,TSA,nw,05033,11.03549,35.5889,-94.243,54700.0,0.986,0.57794,0.4593657706867922,0.193,0.28465,0.08583,0.58157,0.133,39.55,61891.0,AR,C,17268,0.034
1649.0796,Crittenden,MEG,ee,05035,4.71896,35.2079,-90.3089,49600.0,0.894,0.10113,0.22172728896087918,0.172,0.77576,0.07398,0.00104,0.206,28.59,47139.0,AR,C,7782,0.042
1611.7486,Cross,MEG,ee,05037,0.84504,35.2958,-90.7713,48300.0,0.87,0.12041,0.1423106013902919,0.148,0.77535,0.04668,0.0862,0.191,10.19,16420.0,AR,C,1362,0.034
1730.5586,Dallas,LZK,sw,05039,0.46031,33.9698,-92.6545,44500.0,0.801,0.00879,0.11451551129835312,0.111,0.02581,0.04873,0.63186,0.196,3.57,6185.0,AR,C,797,0.039
2122.5579,Desha,LZK,se,05041,3.96651,33.8333,-91.254,41300.0,0.743,0.1322,0.1779290632053332,0.13,0.56739,0.0345,0.00141,0.25,4.94,10479.0,AR,C,8419,0.046
2164.2991,Drew,LZK,se,05043,1.01235,33.5895,-91.72,48600.0,0.876,0.41259,0.11770275510961854,0.233,0.20135,0.04972,0.39503,0.206,7.83,16945.0,AR,C,2191,0.042
1720.3285,Faulkner,LZK,cc,05045,22.7753,35.147,-92.332,63400.0,1.143,0.07177,0.37565191682023696,0.332,0.41782,0.12931,0.36495,0.129,75.54,129951.0,AR,C,39181,0.029
1604.8718,Franklin,TSA,wc,05047,2.31883,35.5123,-93.8906,48200.0,0.869,0.16714,0.28849106595867147,0.132,0.36336,0.05252,0.54185,0.19,10.88,17468.0,AR,C,3721,0.032
1606.5416,Fulton,LZK,nc,05049,1.60456,36.3817,-91.8183,42600.0,0.767,0.09504,0.19774428258961124,0.157,0.37637,0.04594,0.548,0.175,7.73,12421.0,AR,C,2578,0.038
1902.6642,Garland,LZK,cc,05051,15.93651,34.5767,-93.1504,53200.0,0.959,0.01072,0.5644936679895132,0.262,0.07237,0.13583,0.66833,0.189,52.44,99784.0,AR,C,30322,0.037
1639.4891,Grant,LZK,cc,05053,4.40253,34.29,-92.4236,63500.0,1.144,0.02743,0.42914249121921877,0.209,0.05661,0.06249,0.49744,0.111,11.21,18383.0,AR,C,7218,0.029
1501.1559,Greene,MEG,ee,05055,3.23118,36.1177,-90.5591,54500.0,0.981,0.06278,0.19432276629216047,0.165,0.68286,0.07449,0.17128,0.162,31.14,46743.0,AR,C,4851,0.033
1920.0265,Hempstead,SHV,sw,05057,2.47571,33.7354,-93.6684,46400.0,0.836,0.08415,0.31609049809026424,0.146,0.28853,0.05993,0.41684,0.166,10.07,19343.0,AR,C,4753,0.034
1611.3214,Hot Spring,LZK,sw,05059,1.60372,34.3177,-92.946,50700.0,0.913,0.09133,0.321580698317943,0.158,0.1437,0.08124,0.62246,0.169,20.64,33258.0,AR,C,2584,0.035
1541.6639,Howard,SHV,sw,05061,0.84343,34.0887,-93.9935,46400.0,0.837,0.13766,0.19296869557589255,0.167,0.22618,0.06545,0.50538,0.178,8.13,12533.0,AR,C,1300,0.035
1997.7715,Independence,LZK,nc,05063,0.95792,35.7415,-91.5698,57600.0,1.038,0.08883,0.15639261323772682,0.169,0.41973,0.06328,0.46092,0.135,19.18,38320.0,AR,C,1914,0.034
1512.6292,Izard,LZK,nc,05065,2.49686,36.0949,-91.9134,43900.0,0.791,0.18322,0.20910208325440624,0.187,0.28292,0.05396,0.62691,0.203,9.37,14169.0,AR,C,3777,0.051
1661.8439,Jackson,LZK,ee,05067,1.00087,35.5994,-91.2146,43600.0,0.785,0.07155,0.15583655747631825,0.133,0.76746,0.04645,0.0629,0.246,10.1,16784.0,AR,C,1663,0.051
2366.5642,Jefferson,LZK,se,05069,7.63005,34.2688,-91.9315,45900.0,0.827,0.02547,0.16855923052388472,0.206,0.49501,0.09317,0.18733,0.243,26.9,63661.0,AR,C,18057,0.046
1768.1799,Johnson,LZK,ww,05071,2.67269,35.5701,-93.4599,46700.0,0.841,0.15468,0.412069549235829,0.181,0.21048,0.05299,0.67907,0.171,14.78,26129.0,AR,C,4726,0.044
1413.9857,Lafayette,SHV,sw,05073,0.88332,33.2408,-93.6073,42400.0,0.765,0.13931,0.20080359253131647,0.092,0.26928,0.0419,0.43,0.228,4.31,6095.0,AR,C,1249,0.049
1534.1278,Lawrence,LZK,ee,05075,0.93876,36.0413,-91.1071,47300.0,0.852,0.1479,0.2942551770207081,0.14,0.65536,0.05206,0.21673,0.183,10.64,16318.0,AR,C,1440,0.034
1604.4091,Lee,MEG,ee,05077,0.81078,34.7807,-90.782,35200.0,0.634,0.31288,0.08496231136881657,0.069,0.70852,0.04403,0.04106,0.387,5.11,8201.0,AR,C,1301,0.052
1481.9287,Lincoln,LZK,se,05079,0.76522,33.9575,-91.7333,48300.0,0.87,0.10935,0.12278867704021126,0.109,0.49211,0.04126,0.2111,0.262,8.7,12898.0,AR,C,1134,0.04
1463.3559,Little River,SHV,sw,05081,0.88052,33.7005,-94.2343,48900.0,0.881,0.08267,0.21912575053637304,0.174,0.31884,0.05145,0.3143,0.177,8.07,11805.0,AR,C,1289,0.035
1894.8112,Logan,LZK,ww,05083,1.75849,35.2153,-93.7163,48500.0,0.874,0.13986,0.21224030434639457,0.155,0.31738,0.05346,0.56058,0.166,11.29,21400.0,AR,C,3332,0.04
2078.1599,Lonoke,LZK,cc,05085,6.24902,34.7542,-91.8887,66200.0,1.192,0.13098,0.28107648669860263,0.21,0.66467,0.07984,0.07013,0.096,36.54,75944.0,AR,C,12986,0.027
2168.0277,Madison,TSA,nw,05087,1.59282,36.011,-93.7246,51200.0,0.923,0.12307,0.532357042819218,0.128,0.27795,0.04223,0.66708,0.148,8.2,17775.0,AR,C,3453,0.026
1658.4113,Marion,LZK,nc,05089,1.97245,36.2684,-92.6842,49300.0,0.888,0.06787,0.22607139148622657,0.154,0.21957,0.05111,0.62998,0.174,10.56,17514.0,AR,C,3271,0.041
1648.7952,Miller,SHV,sw,05091,1.29039,33.3124,-93.8918,48700.0,0.877,0.04606,0.1802271327648291,0.16,0.40589,0.07912,0.26807,0.215,25.72,42415.0,AR,C,2128,0.036
2382.0505,Mississippi,MEG,ee,05093,0.86943,35.7639,-90.054,45200.0,0.814,0.09995,0.1554529739193885,0.142,0.83471,0.06772,0.00126,0.249,16.23,38663.0,AR,C,2071,0.049
1609.3228,Monroe,LZK,ee,05095,0.99299,34.6778,-91.2038,33100.0,0.596,0.08948,0.18526749779951202,0.156,0.53478,0.0401,0.01435,0.263,4.05,6512.0,AR,C,1598,0.039
2072.8405,Montgomery,LZK,ww,05097,1.06627,34.5388,-93.6595,46100.0,0.83,0.05294,0.29810062345947513,0.168,0.10803,0.04276,0.80359,0.188,4.16,8620.0,AR,C,2210,0.049
1608.1047,Nevada,SHV,sw,05099,0.73361,33.664,-93.3072,44600.0,0.804,0.11613,0.24683611298114586,0.117,0.13225,0.04602,0.53094,0.232,5.05,8120.0,AR,C,1180,0.037
2132.1596,Newton,LZK,nc,05101,3.06497,35.92,-93.2179,48000.0,0.865,0.18332,0.4904435363219399,0.143,0.10297,0.02994,0.85797,0.188,3.32,7071.0,AR,C,6535,0.034
1915.65,Ouachita,LZK,sw,05103,0.39636,33.5933,-92.882,49300.0,0.888,0.00132,0.11706857065876332,0.151,0.03139,0.06316,0.4927,0.188,11.38,21793.0,AR,C,759,0.039
1451.6633,Perry,LZK,cc,05105,1.48288,34.9474,-92.9315,56600.0,1.02,0.45758,0.3164622635861865,0.171,0.15525,0.04897,0.66943,0.141,7.02,10184.0,AR,C,2153,0.036
1883.9399,Phillips,MEG,ee,05107,0.82125,34.4283,-90.848,36100.0,0.65,0.0181,0.06743269339691342,0.145,0.70835,0.05369,0.03007,0.342,7.94,14961.0,AR,C,1547,0.065
1589.8572,Pike,LZK,sw,05109,1.57813,34.1636,-93.6564,41300.0,0.745,0.04384,0.24893584711171649,0.196,0.12312,0.05617,0.64819,0.182,6.42,10208.0,AR,C,2509,0.035
1977.1483,Poinsett,MEG,ee,05111,1.46972,35.574,-90.6629,47400.0,0.853,0.35067,0.2037901310435317,0.119,0.79511,0.04742,0.0351,0.191,11.33,22397.0,AR,C,2906,0.033
2233.7611,Polk,LZK,ww,05113,0.86118,34.4858,-94.2281,45300.0,0.816,0.10189,0.2276756999326868,0.172,0.16162,0.05242,0.71211,0.188,8.7,19436.0,AR,C,1924,0.036
2151.7752,Pope,LZK,cc,05115,8.42671,35.4476,-93.0342,57900.0,1.043,0.25253,0.357651647491115,0.246,0.22224,0.07643,0.63546,0.135,30.02,64593.0,AR,C,18132,0.039
1750.2354,Prairie,LZK,cc,05117,2.61101,34.8297,-91.5528,51000.0,0.919,0.15536,0.21792731048805816,0.167,0.61943,0.04033,0.07348,0.154,4.59,8036.0,AR,C,4570,0.031
2091.9695,Pulaski,LZK,cc,05119,39.85766,34.7699,-92.3117,57100.0,1.028,0.01817,0.4430599012022282,0.374,0.21277,0.27708,0.3385,0.157,191.21,400009.0,AR,C,83381,0.032
1699.2294,Randolph,LZK,ee,05121,1.55807,36.3415,-91.0278,45600.0,0.822,0.08536,0.23996486411533108,0.145,0.45623,0.04503,0.43061,0.185,11.13,18907.0,AR,C,2648,0.035
1663.8869,St. Francis,MEG,ee,05123,0.61153,35.022,-90.7478,38100.0,0.686,0.21523,0.16378590369746024,0.129,0.7029,0.06214,0.06963,0.343,13.28,22101.0,AR,C,1018,0.05
1892.1058,Saline,LZK,cc,05125,19.68974,34.6466,-92.6766,70300.0,1.267,0.00827,0.690805746203869,0.285,0.08708,0.14566,0.61241,0.093,68.48,129574.0,AR,C,37255,0.027
2325.8888,Scott,LZK,ww,05127,1.58219,34.8608,-94.0633,42600.0,0.767,0.11359,0.30637706676937465,0.108,0.14065,0.0361,0.79892,0.195,4.24,9851.0,AR,C,3680,0.03
1731.2574,Searcy,LZK,nc,05129,1.78079,35.9109,-92.6995,38100.0,0.686,0.10217,0.21590923342544324,0.137,0.24853,0.03626,0.69436,0.202,4.51,7806.0,AR,C,3083,0.043
1414.2933,Sebastian,TSA,wc,05131,13.37369,35.1993,-94.274,52700.0,0.949,0.06471,0.21983048874774497,0.244,0.30582,0.16104,0.44245,0.128,91.28,129098.0,AR,C,18914,0.034
1505.4324,Sevier,SHV,sw,05133,1.16726,33.9973,-94.2412,49400.0,0.89,0.07796,0.2906935535794961,0.109,0.22104,0.06201,0.43121,0.187,10.38,15632.0,AR,C,1757,0.038
1570.1595,Sharp,LZK,nc,05135,3.96202,36.1611,-91.4799,45700.0,0.824,0.0127,0.14066752382777065,0.119,0.24848,0.05612,0.66965,0.197,11.44,17968.0,AR,C,6221,0.039
1578.6239,Stone,LZK,nc,05137,1.99299,35.8599,-92.1567,41100.0,0.74,0.24124,0.4661531827472208,0.154,0.16258,0.04154,0.75668,0.177,8.03,12671.0,AR,C,3146,0.041
2733.2673,Union,SHV,sc,05139,0.42832,33.1713,-92.5973,50300.0,0.905,0.00342,0.17075270638381956,0.189,0.02332,0.06954,0.51023,0.19,13.68,37397.0,AR,C,1171,0.046
1876.1444,Van Buren,LZK,nc,05141,0.69723,35.5807,-92.5157,47200.0,0.849,0.1032,0.23945610053304225,0.158,0.16611,0.0584,0.72573,0.165,8.6,16142.0,AR,C,1308,0.04
2476.0556,Washington,TSA,nw,05143,37.50672,35.98,-94.2147,62100.0,1.119,0.13872,0.655752592990625,0.346,0.35572,0.1327,0.49234,0.135,105.63,261549.0,AR,C,92869,0.023
2698.9577,White,LZK,cc,05145,21.77796,35.2563,-91.7457,56900.0,1.025,0.61835,0.2799541377199108,0.198,0.49595,0.08277,0.26812,0.157,29.07,78452.0,AR,C,58778,0.035
1539.4067,Woodruff,LZK,ee,05147,1.53088,35.1863,-91.2432,41200.0,0.743,0.16379,0.1757344948913455,0.159,0.72664,0.03444,0.00706,0.244,3.87,5964.0,AR,C,2357,0.036
2457.4022,Yell,LZK,cc,05149,2.56251,35.0026,-93.4113,50300.0,0.906,0.02985,0.32560993179097136,0.143,0.22119,0.04441,0.61982,0.165,8.16,20044.0,AR,C,6297,0.037
1926.9254,Alameda,MTR,nn,06001,283.14339,37.6466,-121.886,121000.0,1.324,0.01161,0.8876415623865025,0.515,0.01408,0.34134,0.09921,0.095,841.85,1622188.0,CA,P,545596,0.041
1925.0102,Alpine,STOREV,nn,06003,8.88602,38.5973,-119.8207,71600.0,0.783,0.00082,0.9617615467239528,0.421,0.00218,0.00792,0.41922,0.156,0.59,1141.0,CA,P,17106,0.065
1566.4748,Amador,STO,nn,06005,9.48911,38.4461,-120.6519,74400.0,0.812,0.02617,0.5983835561764119,0.224,0.01152,0.06397,0.43235,0.117,26.69,41811.0,CA,P,14864,0.051
4343.4898,Butte,STO,nn,06007,31.9074,39.6669,-121.6007,63400.0,0.692,0.18163,0.5817246364486776,0.317,0.24856,0.07938,0.20954,0.199,47.7,207172.0,CA,P,138589,0.052
2685.4731,Calaveras,STO,nn,06009,8.31202,38.2046,-120.5541,73200.0,0.8,4e-05,0.9529061102831594,0.222,0.00113,0.05611,0.40154,0.122,17.34,46565.0,CA,P,22322,0.042
2994.5388,Colusa,STO,cc,06011,8.29885,39.1775,-122.237,73000.0,0.797,0.08672,0.3683314464085899,0.145,0.45567,0.03131,0.00823,0.123,7.36,22037.0,CA,P,24851,0.13
1919.5804,Contra Costa,MTR,nn,06013,224.95515,37.9163,-121.9276,120000.0,1.308,0.01175,0.7862561994548948,0.449,0.10493,0.35979,0.0809,0.083,601.71,1155025.0,CA,P,431820,0.041
2627.4744,Del Norte,EKA,nw,06015,15.91505,41.7431,-123.897,57300.0,0.626,0.02518,0.956013373091172,0.21,0.01895,0.03536,0.75484,0.138,10.12,26589.0,CA,P,41816,0.057
4629.9484,El Dorado,STOREV,nn,06017,20.11589,38.7785,-120.5247,105000.0,1.146,0.0,0.9421965317919075,0.388,7e-05,0.07403,0.47078,0.07,41.52,192215.0,CA,P,93136,0.04
15584.9585,Fresno,HNX,cc,06019,5.01677,36.7584,-119.6503,68700.0,0.751,0.02866,0.22900360243323983,0.239,0.338,0.0643,0.14993,0.177,65.27,1017162.0,CA,P,78186,0.075
3437.2332,Glenn,STO,cc,06021,10.9872,39.5984,-122.3922,63200.0,0.691,0.04769,0.25930455012875653,0.165,0.33388,0.03983,0.02013,0.135,8.18,28129.0,CA,P,37766,0.063
9292.2444,Humboldt,EKA,nw,06023,33.44006,40.6984,-123.8735,57700.0,0.63,0.1128,0.9238254723822835,0.321,0.01469,0.0373,0.74941,0.167,14.42,133985.0,CA,P,310733,0.046
11607.9406,Imperial,PSR,se,06025,11.13643,33.0395,-115.3653,55500.0,0.607,0.2701,0.4998449858613723,0.161,0.17384,0.02908,0.0,0.173,15.43,179057.0,CA,P,129271,0.173
26488.4188,Inyo,VEF,sc,06027,4.01861,36.5111,-117.4107,64300.0,0.703,0.06026,0.9327332184675973,0.318,0.00386,0.00329,0.0343,0.118,0.7,18527.0,CA,P,106447,0.038
21138.0838,Kern,HNX,cc,06029,6.85991,35.3429,-118.7298,66000.0,0.721,0.05085,0.2506009239184211,0.186,0.18947,0.0643,0.04991,0.19,43.23,913820.0,CA,P,145005,0.083
3603.7098,Kings,HNX,cc,06031,3.64743,36.0753,-119.8156,63700.0,0.696,0.20375,0.2562212190164998,0.139,0.59601,0.07687,0.00017,0.175,42.37,152682.0,CA,P,13144,0.082
3443.4369,Lake,EKA,cc,06033,11.52255,39.0997,-122.7532,51800.0,0.567,0.00738,0.7779878436638632,0.177,0.01479,0.04243,0.12183,0.176,19.71,67878.0,CA,P,39677,0.058
12225.6804,Lassen,REVSTO,nn,06035,2.81506,40.6736,-120.5943,60300.0,0.659,0.1748,0.44156940793172,0.132,0.03077,0.02063,0.22626,0.171,2.36,28861.0,CA,P,34416,0.052
10621.6901,Los Angeles,LOX,sw,06037,136.044,34.3203,-118.2252,82500.0,0.901,0.00238,0.7086842972692006,0.355,0.01671,0.33759,0.03915,0.137,909.77,9663345.0,CA,P,1445017,0.05
5578.425,Madera,HNX,cc,06039,5.58254,37.218,-119.7626,71300.0,0.779,0.07511,0.16833362406498112,0.171,0.28027,0.05264,0.18621,0.18,29.19,162858.0,CA,P,31142,0.075
1360.8669,Marin,MTR,nn,06041,393.1766,38.0725,-122.7185,136000.0,1.486,0.00137,1.0,0.605,0.01099,0.14118,0.29817,0.087,186.94,254407.0,CA,P,535061,0.033
3788.3266,Mariposa,HNX,cc,06043,13.05916,37.5815,-119.9055,66500.0,0.727,0.0,0.9459459459459459,0.309,1e-05,0.02456,0.30574,0.173,4.47,16919.0,CA,P,49472,0.051
9094.9819,Mendocino,EKA,nw,06045,13.69329,39.44,-123.3912,63600.0,0.695,0.08366,0.758057908184168,0.249,0.01328,0.02959,0.59732,0.139,9.8,89108.0,CA,P,124540,0.047
5107.2281,Merced,HNX,cc,06047,13.4631,37.1926,-120.718,65300.0,0.713,0.38338,0.3679317722885088,0.148,0.46853,0.06696,0.00291,0.186,57.16,291920.0,CA,P,68759,0.09
10886.196,Modoc,MFRREV,nn,06049,1.58711,41.5899,-120.725,51200.0,0.559,0.12862,0.46032297245785986,0.23,0.05122,0.01595,0.21306,0.201,0.78,8500.0,CA,P,17278,0.063
8111.2177,Mono,REV,nn,06051,11.66347,37.939,-118.8867,79100.0,0.864,0.03219,0.6249848899438455,0.343,0.01012,0.01104,0.21266,0.078,1.61,13066.0,CA,P,94605,0.038
8582.0665,Monterey,MTR,cc,06053,42.9046,36.2169,-121.2389,91500.0,0.999,0.01921,0.5928731522195667,0.279,0.11286,0.04959,0.1162,0.14,50.19,430723.0,CA,P,368210,0.07
2041.7251,Napa,MTR,nn,06055,38.24339,38.5066,-122.3305,98600.0,1.077,0.01756,0.9626469824548388,0.385,0.05941,0.0763,0.11242,0.089,65.25,133216.0,CA,P,78082,0.035
2523.7115,Nevada,STOREV,nn,06057,39.45202,39.3014,-120.7683,80100.0,0.875,0.0,0.9287000360100828,0.395,0.00099,0.08586,0.6816,0.109,40.43,102037.0,CA,P,99566,0.039
2063.3903,Orange,SGX,sw,06059,504.68917,33.703,-117.7605,106000.0,1.159,0.00877,0.991955756661639,0.434,0.00781,0.61298,0.03593,0.092,1519.71,3135755.0,CA,P,1041371,0.036
3892.9591,Placer,STOREV,cc,06061,36.76877,39.0635,-120.7176,106000.0,1.16,0.02055,0.7971640605634444,0.429,0.0458,0.12583,0.46242,0.065,108.8,423561.0,CA,P,143139,0.037
6769.1556,Plumas,STOREV,nn,06063,11.46645,40.0047,-120.8386,66700.0,0.729,0.03673,0.6405312206726467,0.205,0.01218,0.03894,0.29444,0.127,2.83,19131.0,CA,P,77618,0.073
18915.6667,Riverside,SGXPSR,ss,06065,21.55007,33.7437,-115.9939,86400.0,0.944,0.00863,0.7376163737450261,0.251,0.03781,0.10877,0.01863,0.113,131.77,2492442.0,CA,P,407634,0.048
2543.1526,Sacramento,STO,cc,06067,163.42398,38.4542,-121.3384,84000.0,0.918,0.12491,0.5988764388713553,0.333,0.30066,0.35179,0.00104,0.119,622.96,1584288.0,CA,P,415612,0.044
3601.8602,San Benito,MTR,cc,06069,22.82886,36.6057,-121.075,107000.0,1.164,0.02206,0.9044142086131672,0.224,0.04737,0.02466,0.08561,0.091,18.93,68175.0,CA,P,82226,0.06
52072.6397,San Bernardino,VEFSGXPSR,ss,06071,5.66037,34.8415,-116.1784,78800.0,0.861,0.02546,0.5563702678908313,0.229,0.00137,0.03557,0.01423,0.132,42.16,2195611.0,CA,P,294751,0.047
10989.0367,San Diego,SGX,sw,06073,146.3199,33.0354,-116.7335,98400.0,1.075,0.00501,0.9748299052188618,0.421,0.00417,0.17815,0.04462,0.101,297.57,3269973.0,CA,P,1607915,0.039
123.0124,San Francisco,MTR,nn,06075,3720.76135,37.7558,-122.4424,135000.0,1.479,0.0,1.0,0.601,1e-05,0.94748,0.00831,0.119,6576.47,808988.0,CA,P,457700,0.033
3693.9196,San Joaquin,STO,cc,06077,43.45846,37.9345,-121.272,84700.0,0.926,0.20929,0.5661446587935544,0.216,0.64426,0.165,0.00057,0.126,216.83,800965.0,CA,P,160532,0.062
8598.1239,San Luis Obispo,LOX,sw,06079,45.79255,35.3872,-120.404,88600.0,0.968,0.00619,0.5707136524198883,0.392,0.03718,0.04492,0.11032,0.128,32.76,281639.0,CA,P,393730,0.035
1174.1779,San Mateo,MTR,nn,06081,375.90702,37.4218,-122.3293,144000.0,1.571,0.00193,1.0,0.531,0.00922,0.30131,0.36415,0.073,618.61,726353.0,CA,P,441382,0.03
7123.3424,Santa Barbara,LOX,sw,06083,60.0352,34.6731,-120.0165,89300.0,0.976,0.00855,0.6367417904027494,0.359,0.0561,0.05576,0.09899,0.149,61.95,441257.0,CA,P,427651,0.041
3377.4113,Santa Clara,MTR,nn,06085,226.79937,37.2325,-121.6963,151000.0,1.645,0.00779,0.9291330690069942,0.559,0.02391,0.25238,0.19767,0.076,555.93,1877592.0,CA,P,765995,0.035
1156.4808,Santa Cruz,MTR,nn,06087,365.68725,37.0563,-122.0018,99300.0,1.085,0.01619,0.9957902095776532,0.436,0.05117,0.16282,0.49327,0.126,226.16,261547.0,CA,P,422910,0.057
9964.9133,Shasta,STO,nn,06089,9.77501,40.7638,-122.0405,66300.0,0.725,0.01555,0.6562896954299956,0.233,0.01863,0.05288,0.4521,0.132,18.1,180366.0,CA,P,97407,0.051
2491.4745,Sierra,STOREV,nn,06091,9.35213,39.5804,-120.516,63900.0,0.699,0.01197,0.6761939218523878,0.244,0.01198,0.03038,0.70276,0.126,1.28,3200.0,CA,P,23301,0.047
16439.2319,Siskiyou,MFR,nn,06093,4.34082,41.5927,-122.5404,51600.0,0.564,0.05084,0.6125373322809787,0.231,0.04333,0.03215,0.43507,0.171,2.61,42905.0,CA,P,71360,0.064
2182.2836,Solano,STO,cc,06095,55.27493,38.2805,-121.9266,92700.0,1.013,0.12003,0.7492915814770974,0.284,0.34487,0.15271,0.00641,0.103,205.85,449218.0,CA,P,120626,0.047
4116.9097,Sonoma,MTR,nn,06097,89.11117,38.5286,-122.8873,96300.0,1.052,0.11017,0.9631797689489997,0.378,0.06207,0.11567,0.32471,0.091,117.03,481812.0,CA,P,366863,0.036
3923.2438,Stanislaus,STO,cc,06099,19.80643,37.5592,-120.9978,75200.0,0.822,0.11942,0.4322464293223214,0.191,0.4495,0.11188,0.00274,0.126,140.55,551430.0,CA,P,77705,0.064
1576.0387,Sutter,STO,cc,06101,12.15985,39.0345,-121.6949,66100.0,0.722,0.15947,0.45281423417504274,0.202,0.77524,0.07841,0.00289,0.153,62.15,97948.0,CA,P,19164,0.078
7672.0051,Tehama,STO,nn,06103,8.08427,40.1257,-122.2339,58900.0,0.644,0.05939,0.41168767330949374,0.188,0.06252,0.03676,0.15695,0.15,8.46,64896.0,CA,P,62023,0.058
8307.6883,Trinity,EKA,nw,06105,2.14876,40.6507,-123.1126,49500.0,0.541,0.0009,0.7217877094972067,0.18,0.00039,0.02721,0.44582,0.208,1.89,15670.0,CA,P,17851,0.057
12532.9268,Tulare,HNX,cc,06107,5.96831,36.2201,-118.8005,64300.0,0.703,0.14294,0.29851982951193484,0.158,0.24924,0.04754,0.20609,0.175,38.26,479468.0,CA,P,74800,0.1
5890.5452,Tuolumne,HNXSTO,nn,06109,10.613,38.0276,-119.9548,70100.0,0.766,0.0005,0.9866141732283463,0.239,0.00019,0.0285,0.42253,0.105,9.2,54204.0,CA,P,62516,0.05
4808.7926,Ventura,LOX,sw,06111,71.00536,34.4567,-119.0835,102000.0,1.114,0.05392,0.9460479281609436,0.357,0.06687,0.1178,0.08833,0.098,172.52,829590.0,CA,P,341450,0.043
2649.2831,Yolo,STO,cc,06113,98.49269,38.6867,-121.9016,82400.0,0.9,0.3781,0.6599608144560847,0.441,0.55863,0.07954,0.00125,0.153,83.25,220544.0,CA,P,260935,0.047
1667.5252,Yuba,STO,cc,06115,13.2358,39.2691,-121.3512,63600.0,0.695,0.16008,0.6073206496673278,0.179,0.26086,0.07409,0.35216,0.154,51.41,85722.0,CA,P,22071,0.067
3065.6787,Adams,BOU,ne,08001,59.04991,39.8736,-104.3379,89800.0,1.008,0.00874,0.22843013910405474,0.28,0.54246,0.15545,0.0,0.097,173.98,533365.0,CO,M,181028,0.034
1873.9671,Alamosa,PUB,se,08003,5.78355,37.5729,-105.7883,53900.0,0.605,0.0068,0.27949229777216955,0.293,0.15599,0.03315,0.0598,0.217,8.89,16655.0,CO,M,10838,0.037
2082.3524,Arapahoe,BOU,ne,08005,108.34836,39.6497,-104.3381,93500.0,1.05,0.00101,0.2679715245927985,0.457,0.24446,0.21101,7e-05,0.101,315.06,656061.0,CO,M,225619,0.031
3509.7744,Archuleta,GJT,sw,08007,6.44604,37.1936,-107.0483,66000.0,0.741,0.04159,0.6304132329225169,0.407,0.01733,0.02487,0.6552,0.112,4.04,14189.0,CO,M,22624,0.032
6623.0543,Baca,PUB,se,08009,2.50569,37.3192,-102.5605,47100.0,0.529,0.00356,0.10451156816887157,0.241,0.30715,0.02214,0.0021,0.202,0.5,3344.0,CO,M,16595,0.02
3991.3956,Bent,PUB,se,08011,5.29193,37.9551,-103.0717,43000.0,0.482,0.00866,0.5499731113191387,0.142,0.06786,0.01489,0.0001,0.286,1.42,5681.0,CO,M,21122,0.03
1918.8653,Boulder,BOU,ne,08013,233.46947,40.0925,-105.3575,96600.0,1.084,0.00509,0.9990042643461696,0.639,0.0867,0.14546,0.41483,0.11,170.33,326831.0,CO,M,447996,0.028
86.2829,Broomfield,BOU,ne,08014,526.72609,39.954,-105.0525,115000.0,1.288,0.01974,1.0,0.586,0.13727,0.69846,0.0,0.051,890.79,76860.0,CO,M,45447,0.03
2626.0338,Chaffee,PUB,cc,08015,12.84365,38.7466,-106.1938,75200.0,0.843,0.09609,0.8984695523901719,0.454,0.01487,0.02487,0.42544,0.094,7.85,20617.0,CO,M,33728,0.03
4613.6976,Cheyenne,GLD,ec,08017,0.7921,38.8279,-102.6034,62900.0,0.706,0.0093,0.07503198284323988,0.244,0.41953,0.02097,0.0,0.133,0.37,1727.0,CO,M,3655,0.021
1026.4717,Clear Creek,BOU,cc,08019,18.36771,39.6891,-105.6444,90400.0,1.014,0.0,0.0,0.563,0.0,0.02159,0.6139,0.077,8.91,9147.0,CO,M,18854,0.028
3343.7703,Conejos,PUB,sc,08021,1.53269,37.2007,-106.1917,49100.0,0.552,0.00845,0.2849600806561487,0.233,0.1184,0.01842,0.26469,0.181,2.25,7521.0,CO,M,5125,0.033
3187.2004,Costilla,PUB,sc,08023,1.49968,37.2781,-105.4283,37000.0,0.415,0.00042,0.27926671540235054,0.278,0.05022,0.02048,0.26271,0.226,1.14,3628.0,CO,M,4780,0.044
2072.8043,Crowley,PUB,se,08025,2.87637,38.3266,-103.7849,49800.0,0.559,0.00017,0.2218888555522219,0.127,0.01303,0.01644,0.0,0.375,2.72,5636.0,CO,M,5962,0.042
1916.4464,Custer,PUB,se,08027,5.02964,38.1087,-105.3674,67800.0,0.761,0.00083,0.5293367769279163,0.353,0.02837,0.02263,0.3981,0.118,2.89,5534.0,CO,M,9639,0.032
2975.0282,Delta,GJT,wc,08029,6.81089,38.8613,-107.863,53900.0,0.605,0.04654,0.5862560204171327,0.257,0.09991,0.04218,0.40332,0.129,10.67,31746.0,CO,M,20263,0.036
405.4009,Denver,BOU,ne,08031,369.6281,39.7611,-104.8772,87600.0,0.983,0.00145,0.527888947972349,0.556,0.07935,0.81782,0.0,0.105,1767.58,716577.0,CO,M,149848,0.033
2766.324,Dolores,GJT,sw,08033,1.87374,37.7516,-108.5172,56700.0,0.636,0.00077,0.2950015128593041,0.247,0.05379,0.01759,0.59346,0.135,0.91,2513.0,CO,M,5183,0.029
2182.5238,Douglas,BOU,ne,08035,62.08526,39.3297,-104.9295,141000.0,1.58,1e-05,0.47946920380570857,0.609,0.00163,0.1724,0.27216,0.037,175.9,383906.0,CO,M,135503,0.029
4381.9784,Eagle,GJT,wc,08037,10.90226,39.6278,-106.6953,106000.0,1.188,0.03977,0.5509430748924937,0.503,0.00966,0.02505,0.57585,0.066,12.41,54381.0,CO,M,47773,0.026
4794.1151,Elbert,BOU,ec,08039,2.57914,39.2866,-104.1359,120000.0,1.351,0.00315,0.1589997873316842,0.352,0.08387,0.02707,0.02603,0.058,6.01,28806.0,CO,M,12365,0.026
5515.4025,El Paso,PUB,ec,08041,53.27846,38.8321,-104.5256,82200.0,0.923,0.0013,0.5556977720891164,0.411,0.00408,0.12541,0.11124,0.073,134.93,744215.0,CO,M,293852,0.033
3972.7769,Fremont,PUB,cc,08043,6.77286,38.473,-105.4396,57300.0,0.643,0.07608,0.8229208517476898,0.21,0.00451,0.03104,0.47582,0.184,12.67,50318.0,CO,M,26907,0.049
7655.4395,Garfield,GJT,wc,08045,2.84778,39.5993,-107.9039,86600.0,0.972,0.05316,0.44857833008352493,0.334,0.02029,0.02323,0.47934,0.091,8.19,62707.0,CO,M,21801,0.029
389.0125,Gilpin,BOU,cc,08047,24.0275,39.8576,-105.5226,89800.0,1.008,0.0,0.0,0.484,0.0,0.0432,0.76414,0.072,15.23,5926.0,CO,M,9347,0.027
4842.3252,Grand,BOU,nc,08049,6.25124,40.1026,-106.1184,88100.0,0.988,0.00152,0.7707958228303924,0.418,0.01239,0.01766,0.3842,0.082,3.29,15935.0,CO,M,30271,0.027
8442.9584,Gunnison,GJT,wc,08051,4.11027,38.6668,-107.0317,88900.0,0.997,0.04069,0.8053456807899544,0.593,0.0141,0.01159,0.54296,0.107,2.05,17321.0,CO,M,34703,0.026
2908.9076,Hinsdale,GJT,sw,08053,1.96165,37.8213,-107.3003,70700.0,0.793,0.00053,0.7220402759389589,0.471,0.00444,0.00869,0.51642,0.053,0.26,765.0,CO,M,5706,0.029
4126.1545,Huerfano,PUB,se,08055,1.73757,37.6847,-104.9606,48000.0,0.538,0.0,0.5454869570384455,0.271,0.00367,0.01877,0.23849,0.183,1.71,7055.0,CO,M,7169,0.058
4198.1824,Jackson,BOU,nc,08057,6.77822,40.6664,-106.3428,62400.0,0.701,0.16531,0.43275150085019265,0.275,0.03089,0.01042,0.31593,0.133,0.31,1309.0,CO,M,28456,0.022
2004.4032,Jefferson,BOU,cc,08059,220.68961,39.5865,-105.2506,102000.0,1.149,0.00014,0.9991281604184831,0.507,0.00052,0.23021,0.41234,0.074,287.55,576366.0,CO,M,442351,0.029
4625.2887,Kiowa,PUB,se,08061,3.57728,38.4327,-102.7404,55600.0,0.624,0.01269,0.11259013354820616,0.206,0.41494,0.01949,0.0,0.136,0.3,1384.0,CO,M,16546,0.022
5598.2578,Kit Carson,GLD,ec,08063,1.45951,39.3054,-102.6029,56700.0,0.637,0.23144,0.10912365405318913,0.184,0.5549,0.03181,1e-05,0.123,1.25,6994.0,CO,M,8171,0.018
996.9378,Lake,PUB,cc,08065,6.92818,39.202,-106.3451,71300.0,0.801,0.0,0.8666666666666667,0.461,1e-05,0.02117,0.43472,0.114,7.39,7365.0,CO,M,6907,0.025
4402.8713,La Plata,GJT,sw,08067,15.4251,37.2866,-107.8435,79400.0,0.891,0.06184,0.5742173208592484,0.473,0.07823,0.03636,0.49261,0.115,12.81,56407.0,CO,M,67915,0.03
6821.5453,Larimer,BOU,nc,08069,65.12004,40.6664,-105.4612,88300.0,0.991,0.00433,0.9056152653329361,0.517,0.03452,0.06713,0.32295,0.102,54.35,370771.0,CO,M,444219,0.028
12368.2589,Las Animas,PUB,se,08071,0.81325,37.3159,-104.0387,49100.0,0.551,0.0007,0.3340041141221715,0.173,0.00489,0.01199,0.16407,0.171,1.16,14348.0,CO,M,10058,0.05
6698.8807,Lincoln,BOU,ec,08073,1.97464,38.988,-103.514,54300.0,0.61,0.01693,0.11405252163533273,0.257,0.22501,0.01829,4e-05,0.148,0.82,5480.0,CO,M,13228,0.028
4778.2066,Logan,BOU,ne,08075,3.20602,40.7247,-103.1101,59000.0,0.662,0.01123,0.15066531448298215,0.189,0.34739,0.03649,2e-05,0.14,4.32,20619.0,CO,M,15319,0.027
8652.793,Mesa,GJT,wc,08077,15.37508,39.0183,-108.4665,69600.0,0.781,0.03016,0.8306212820838966,0.306,0.03512,0.03513,0.46715,0.119,18.45,159681.0,CO,M,133037,0.035
2273.7396,Mineral,PUB,sc,08079,1.93275,37.669,-106.9241,69800.0,0.783,0.00046,0.7119070059692114,0.545,0.00125,0.01062,0.52994,0.097,0.42,944.0,CO,M,4395,0.025
12304.4026,Moffat,GJT,nw,08081,1.0897,40.6184,-108.2073,69100.0,0.775,0.15312,0.2565333454242495,0.21,0.01284,0.00915,0.15415,0.108,1.08,13327.0,CO,M,13408,0.032
5282.4495,Montezuma,GJT,sw,08083,12.24138,37.3384,-108.5968,58300.0,0.655,0.04316,0.6171428442582475,0.308,0.07556,0.02448,0.38128,0.14,5.02,26531.0,CO,M,64664,0.04
5808.7178,Montrose,GJT,wc,08085,6.17766,38.4022,-108.2694,65700.0,0.738,0.06618,0.476918942872498,0.283,0.06573,0.03003,0.4555,0.107,7.6,44156.0,CO,M,35884,0.033
3351.054,Morgan,BOU,ne,08087,5.01521,40.2627,-103.8098,65600.0,0.736,0.03552,0.27971687246285476,0.176,0.30423,0.03957,0.0,0.125,8.81,29524.0,CO,M,16806,0.03
3288.8174,Otero,PUB,se,08089,3.26654,37.9027,-103.7164,46600.0,0.523,0.01173,0.4805055327977869,0.188,0.08231,0.02423,0.00046,0.201,5.51,18136.0,CO,M,10743,0.041
1404.3034,Ouray,GJT,sw,08091,15.66243,38.1555,-107.7693,90800.0,1.02,0.02623,0.8883038445158543,0.54,0.03311,0.02491,0.6515,0.074,3.69,5176.0,CO,M,21995,0.032
5725.6372,Park,BOU,cc,08093,5.88155,39.1193,-105.7172,88000.0,0.988,0.00048,0.7390776699029125,0.388,0.00013,0.01949,0.3569,0.081,3.16,18117.0,CO,M,33676,0.028
1781.2679,Phillips,BOU,ne,08095,1.8782,40.5939,-102.3575,68600.0,0.77,0.05649,0.10475663724037593,0.257,0.77404,0.04717,4e-05,0.121,2.51,4476.0,CO,M,3346,0.022
2520.2686,Pitkin,GJT,wc,08097,10.31703,39.2171,-106.9166,111000.0,1.249,0.00128,0.9130688902743143,0.64,0.00913,0.02071,0.62663,0.064,6.6,16640.0,CO,M,26002,0.033
4258.7823,Prowers,PUB,se,08099,5.63145,37.9552,-102.3933,48800.0,0.548,0.2528,0.18274781818897562,0.188,0.37039,0.0281,0.0,0.201,2.76,11751.0,CO,M,23983,0.028
6210.0629,Pueblo,PUB,se,08101,16.57806,38.1734,-104.5128,58300.0,0.655,0.00026,0.34431768670584995,0.25,0.01629,0.04778,0.04639,0.135,27.28,169422.0,CO,M,102951,0.044
8347.2923,Rio Blanco,GJT,nw,08103,1.27527,39.9798,-108.2172,71600.0,0.804,0.02358,0.4588547965238912,0.266,0.01534,0.01054,0.48359,0.108,0.79,6569.0,CO,M,10645,0.033
2361.7119,Rio Grande,PUB,sc,08105,5.63369,37.5825,-106.3832,56900.0,0.638,0.01127,0.32274378516988395,0.311,0.16046,0.03375,0.35408,0.178,4.74,11188.0,CO,M,13305,0.04
6133.3306,Routt,GJT,nw,08107,4.43406,40.4851,-106.9912,104000.0,1.172,0.02879,0.6382812695395543,0.521,0.02933,0.01969,0.49045,0.056,4.09,25064.0,CO,M,27196,0.025
8211.241,Saguache,PUB,cc,08109,1.23704,38.0806,-106.2815,45000.0,0.506,0.00069,0.243898773566558,0.307,0.03717,0.01003,0.35526,0.206,0.81,6688.0,CO,M,10158,0.035
1005.9577,San Juan,GJT,sw,08111,3.83508,37.764,-107.6761,62700.0,0.704,0.0,1.0,0.472,1e-05,0.00932,0.40694,0.123,0.8,802.0,CO,M,3858,0.026
3337.3797,San Miguel,GJT,sw,08113,4.25716,38.0038,-108.4058,94400.0,1.059,0.01274,0.6051724909391919,0.652,0.01198,0.01858,0.46833,0.079,2.36,7868.0,CO,M,14208,0.032
1423.4025,Sedgwick,BOU,ne,08115,3.49442,40.8758,-102.3518,47000.0,0.527,0.04885,0.1711308825926844,0.274,0.56576,0.04081,0.0,0.147,1.62,2299.0,CO,M,4974,0.031
1603.7984,Summit,BOU,cc,08117,19.82253,39.6342,-106.1163,97000.0,1.089,0.0,0.648294404301798,0.525,0.00334,0.03704,0.49654,0.073,19.0,30465.0,CO,M,31791,0.023
1447.8166,Teller,PUB,cc,08119,21.55516,38.8822,-105.1618,81500.0,0.914,0.0,0.9976190476190476,0.378,0.00026,0.03813,0.56961,0.083,17.0,24617.0,CO,M,31208,0.03
6537.3314,Washington,BOU,ne,08121,1.95982,39.971,-103.2013,61500.0,0.69,0.00094,0.0545188372931309,0.249,0.49838,0.02806,1e-05,0.142,0.74,4855.0,CO,M,12812,0.023
10403.2175,Weld,BOU,ne,08123,9.4064,40.5549,-104.3925,90800.0,1.019,0.03055,0.4283131354316368,0.32,0.24909,0.06587,2e-05,0.091,34.55,359442.0,CO,M,97857,0.033
6135.96,Yuma,GLD,ne,08125,2.12419,40.0029,-102.4243,56100.0,0.629,0.02087,0.11919858039575885,0.26,0.35169,0.03,1e-05,0.127,1.61,9862.0,CO,M,13034,0.02
1674.4384,Fairfield,OKX,ss,09001,214.2449,41.2731,-73.3887,,0.0,0.03656,0.9887503994886545,0.0,0.0168,0.50324,0.37619,0.0,0.0,,CT,E,358740,0.039
1944.0061,Hartford,BOX,nn,09003,123.51314,41.8064,-72.7328,,0.0,0.15627,0.9673030056864337,0.0,0.07072,0.45075,0.36282,0.0,0.0,,CT,E,240110,0.038
2446.2863,Litchfield,ALY,nn,09005,79.12279,41.7925,-73.2453,,0.0,0.06016,0.9476147915977978,0.0,0.09007,0.12856,0.67884,0.0,0.0,,CT,E,193557,0.034
1002.9123,Middlesex,OKX,ss,09007,84.7906,41.4624,-72.534,,0.0,0.01963,0.9821494635590085,0.0,0.03881,0.22515,0.58209,0.0,0.0,,CT,E,85038,0.032
1604.2303,New Haven,OKX,ss,09009,261.99216,41.4108,-72.9324,,0.0,0.05471,0.9909852142426071,0.0,0.02975,0.46474,0.4007,0.0,0.0,,CT,E,420296,0.039
1766.8196,New London,OKX,ss,09011,85.20018,41.4893,-72.1004,,0.0,0.11894,0.9222886104546604,0.0,0.06855,0.20763,0.54528,0.0,0.0,,CT,E,150533,0.036
1079.8362,Tolland,BOX,nn,09013,87.13821,41.855,-72.3365,,0.0,0.08492,0.9499268890501888,0.0,0.07915,0.18017,0.61527,0.0,0.0,,CT,E,94095,0.033
1350.7001,Windham,BOX,nn,09015,32.46594,41.8299,-71.9875,,0.0,0.11742,0.837967758406886,0.0,0.09136,0.13438,0.57691,0.0,0.0,,CT,E,43852,0.039
1535.7305,Kent,PHI,cc,10001,189.11959,39.0867,-75.5688,71900.0,0.877,0.0319,0.7028715323759271,0.267,0.42645,0.1814,0.0577,0.117,123.58,189789.0,DE,E,290437,0.045
1148.1676,New Castle,PHI,nn,10003,205.26073,39.5811,-75.6488,85400.0,1.043,0.1143,0.8884911825149469,0.392,0.21878,0.44221,0.13017,0.109,503.93,578592.0,DE,E,235674,0.039
2463.7532,Sussex,PHI,ss,10005,116.34111,38.6621,-75.399,81200.0,0.991,0.01955,0.7434500842646798,0.326,0.39561,0.1918,0.14174,0.101,106.95,263509.0,DE,E,286636,0.038
163.5761,District of Columbia,LWX,,11001,2409.59524,38.9093,-77.0146,99900.0,1.0,0.00396,1.0,0.636,0.00058,0.88467,0.07267,0.152,4150.8,678972.0,DC,E,394152,0.049
2509.4488,Alachua,JAX,nn,12001,211.18246,29.6749,-82.3576,58800.0,0.848,0.11807,0.8362118530797548,0.477,0.24014,0.13552,0.33914,0.185,113.97,285994.0,FL,E,529952,0.031
1525.0619,Baker,JAX,ne,12003,2.00814,30.331,-82.2846,67400.0,0.972,0.02678,0.43333738700393204,0.153,0.04366,0.07492,0.43605,0.125,18.6,28368.0,FL,E,3063,0.029
1989.2839,Bay,TAE,pa,12005,20.94776,30.2797,-85.6151,65500.0,0.946,0.00701,0.45149700598802395,0.28,0.01965,0.1814,0.1623,0.118,95.9,190769.0,FL,C,41671,0.028
776.8964,Bradford,JAX,nn,12007,8.44771,29.9502,-82.1689,57700.0,0.832,0.06887,0.5833208681468185,0.15,0.16244,0.11242,0.3461,0.154,35.86,27858.0,FL,E,6563,0.031
2737.6791,Brevard,MLB,ec,12009,143.09285,28.2631,-80.7436,74900.0,1.081,0.01189,0.6372975097638555,0.335,0.11809,0.28673,0.04541,0.103,235.23,643979.0,FL,E,391742,0.03
3155.7398,Broward,MFL,se,12011,50.97646,26.1519,-80.4886,70800.0,1.022,0.01764,0.5678369652945924,0.358,0.00705,0.30759,0.00079,0.127,621.89,1962531.0,FL,E,160868,0.029
1487.6238,Calhoun,TAE,pa,12013,1.09486,30.4061,-85.1972,46800.0,0.675,0.07061,0.44429293821490085,0.131,0.10963,0.05801,0.1885,0.229,9.05,13470.0,FL,C,1629,0.033
1814.9486,Charlotte,TBW,sw,12015,18.10924,26.9379,-82.001,65000.0,0.939,0.00488,0.46785869610965364,0.253,0.10592,0.05811,6e-05,0.091,113.58,206134.0,FL,E,1412,0.035
1611.8538,Citrus,TBW,wc,12017,34.62082,28.8317,-82.5379,52500.0,0.758,0.02076,0.8458239090185197,0.204,0.0572,0.29165,0.21013,0.157,103.42,166696.0,FL,E,111608,0.045
1666.7544,Clay,JAX,ne,12019,32.41499,29.9831,-81.8579,84400.0,1.218,0.01496,0.6046991171003717,0.287,0.05587,0.2059,0.38404,0.079,139.46,232439.0,FL,E,54028,0.029
5241.428,Collier,MFL,sw,12021,56.46092,26.1196,-81.3393,81800.0,1.181,0.01083,0.6570412905551867,0.395,0.07808,0.10622,0.05461,0.105,77.14,404310.0,FL,E,295936,0.029
2074.6804,Columbia,JAX,nn,12023,8.74995,30.2243,-82.6215,54100.0,0.78,0.15793,0.5377531112255863,0.163,0.18622,0.10145,0.37365,0.17,35.22,73063.0,FL,E,18153,0.034
1656.3626,DeSoto,TBW,sc,12027,5.07998,27.1863,-81.8093,47100.0,0.68,0.15484,0.4406070899214958,0.11,0.61379,0.05653,0.01336,0.188,21.72,35979.0,FL,E,8414,0.036
1843.2804,Dixie,TAE,bb,12029,3.26443,29.6101,-83.1583,40600.0,0.586,0.0123,0.3491737503171784,0.081,0.06159,0.07216,0.27416,0.237,9.47,17465.0,FL,E,6017,0.036
2167.4006,Duval,JAX,ne,12031,109.87547,30.3302,-81.674,70200.0,1.013,0.00116,0.7746792268962157,0.331,0.02554,0.42866,0.18174,0.145,475.6,1030822.0,FL,E,238144,0.031
1729.5327,Escambia,MOB,nw,12033,39.67025,30.7012,-87.3777,61600.0,0.89,0.00426,0.4111349304850377,0.289,0.12446,0.26198,0.28773,0.14,189.03,326928.0,FL,C,68611,0.031
1304.4127,Flagler,JAX,ne,12035,17.85153,29.4605,-81.3145,73300.0,1.058,0.01095,0.4849798801018313,0.304,0.084,0.15029,0.29914,0.089,100.76,131439.0,FL,E,23286,0.037
1425.9943,Franklin,TAE,bb,12037,3.73391,29.89835,-84.73895,52200.0,0.753,0.0,0.9336609336609336,0.253,0.00026,0.0031,0.00989,0.166,8.83,12594.0,FL,E,42,0.029
1368.7289,Gadsden,TAE,bb,12039,8.07949,30.5795,-84.6137,45600.0,0.659,0.02595,0.5904663472078675,0.201,0.10506,0.08872,0.39754,0.215,32.02,43833.0,FL,E,11059,0.039
922.1599,Gilchrist,JAX,nn,12041,6.73345,29.7259,-82.8006,58200.0,0.84,0.17538,0.5156280563638779,0.145,0.40412,0.08249,0.26738,0.135,21.24,19587.0,FL,E,6209,0.033
2053.2079,Glades,MFL,ss,12043,7.60666,26.9605,-81.2397,50600.0,0.73,0.05565,0.36369872490124,0.127,0.45328,0.03272,0.07565,0.169,6.23,12786.0,FL,E,15618,0.038
1437.9604,Gulf,TAE,pa,12045,9.80034,29.951,-85.1859,55900.0,0.807,0.00071,0.5380872551825653,0.245,0.00768,0.07608,0.06651,0.149,10.91,15693.0,FL,CE,28186,0.027
1344.7787,Hamilton,JAX,nn,12047,2.74363,30.4964,-82.9478,45500.0,0.656,0.15994,0.5252439632149049,0.112,0.15713,0.06132,0.31834,0.219,10.02,13471.0,FL,E,3690,0.043
1653.3012,Hardee,TBW,cc,12049,3.50439,27.4927,-81.8099,48600.0,0.701,0.17539,0.467256921550051,0.123,0.55491,0.04353,0.01629,0.205,15.58,25760.0,FL,E,5794,0.041
3012.2645,Hendry,MFL,ss,12051,7.50605,26.5473,-81.1719,55300.0,0.798,0.29717,0.39476695028544534,0.107,0.56427,0.05896,0.02191,0.221,14.39,43333.0,FL,E,22610,0.048
1268.6795,Hernando,TBW,wc,12053,57.82881,28.5528,-82.4209,60600.0,0.874,0.06675,0.8703928550315366,0.204,0.15594,0.28697,0.27327,0.121,167.74,212807.0,FL,E,73366,0.038
2865.2345,Highlands,TBW,sc,12055,13.73894,27.3434,-81.341,52000.0,0.75,0.05355,0.5247515810908624,0.197,0.46953,0.11014,0.03062,0.186,37.56,107614.0,FL,E,39365,0.043
2767.4166,Hillsborough,TBW,wc,12057,5.96184,27.8546,-82.3609,74100.0,1.069,0.02264,0.6947163767482892,0.372,0.09541,0.10862,0.00513,0.132,554.87,1535564.0,FL,E,106,0.029
1265.5876,Holmes,TAE,pa,12059,1.5172,30.8679,-85.8143,50100.0,0.723,0.07239,0.20681563509327006,0.121,0.21532,0.07804,0.31875,0.182,15.76,19944.0,FL,C,1920,0.032
1334.2099,Indian River,MLB,ec,12061,71.30083,27.6929,-80.6158,69500.0,1.003,0.08072,0.6766737725872869,0.334,0.32874,0.19988,0.02532,0.113,127.26,169795.0,FL,E,95130,0.035
2441.4192,Jackson,TAE,pa,12063,2.89212,30.7878,-85.07035,50600.0,0.731,0.03942,0.3538839790310103,0.146,0.1697,0.09357,0.22678,0.206,19.92,48622.0,FL,C,14122,0.034
1584.429,Jefferson,TAE,bb,12065,11.16328,30.438,-83.8951,56900.0,0.821,0.01069,0.5546724693831517,0.188,0.12839,0.04586,0.3648,0.235,9.75,15450.0,FL,E,17687,0.032
1419.3577,Lafayette,TAE,bb,12067,2.37587,29.9855,-83.1811,50800.0,0.733,0.05486,0.7079388974128864,0.079,0.13142,0.06164,0.25938,0.189,5.69,8078.0,FL,E,3372,0.033
2995.2693,Lake,MLB,ec,12069,42.60833,28.7615,-81.7113,67600.0,0.976,0.14853,0.7424928219646447,0.268,0.20943,0.1946,0.14953,0.107,141.71,424462.0,FL,E,127623,0.031
2112.0387,Lee,TBW,sw,12071,113.44,26.59605,-81.8556,71600.0,1.033,0.00323,0.7482081355301127,0.308,0.04133,0.51252,0.01155,0.121,395.15,834573.0,FL,E,479180,0.032
1817.6965,Leon,TAE,bb,12073,96.83239,30.4581,-84.2778,61600.0,0.888,0.18273,0.7848133312838503,0.486,0.0548,0.17974,0.43882,0.176,163.35,296913.0,FL,E,176012,0.031
2936.3358,Levy,TBW,nn,12075,24.77233,29.30215,-82.9137,55100.0,0.796,0.00841,0.515229521066359,0.162,0.11253,0.00175,0.0,0.183,15.85,46545.0,FL,E,382,0.035
2183.9474,Liberty,TAE,bb,12077,3.23618,30.2414,-84.8829,49500.0,0.715,0.02575,0.8588439473557343,0.158,0.01709,0.04169,0.27625,0.208,3.53,7706.0,FL,E,7068,0.033
1854.4629,Madison,TAE,bb,12079,3.06687,30.4442,-83.47,46100.0,0.666,0.08088,0.3921042968847794,0.125,0.23263,0.06026,0.29949,0.198,9.99,18519.0,FL,E,5687,0.033
1943.5725,Manatee,TBW,wc,12081,24.79963,27.4882,-82.4094,72200.0,1.042,0.01816,0.6213269833475715,0.343,0.18489,0.07712,0.00027,0.104,226.95,441095.0,FL,E,1308,0.03
4307.2008,Marion,JAX,nn,12083,44.64977,29.2103,-82.0567,54500.0,0.787,0.17467,0.6739540482268754,0.224,0.23703,0.20111,0.378,0.15,95.18,409959.0,FL,E,192316,0.036
1444.9477,Martin,MLB,ec,12085,42.65986,27.0844,-80.3893,80700.0,1.164,0.13299,0.7280299331435118,0.366,0.38673,0.19078,0.02425,0.131,113.02,163315.0,FL,E,61641,0.029
5084.5259,Miami-Dade,MFL,se,12086,72.63381,25.6171,-80.5682,67000.0,0.966,0.06314,0.9897023330651649,0.332,0.0418,0.22274,0.00425,0.141,528.44,2686867.0,FL,E,369308,0.018
2014.6302,Mainland Monroe,KEY,sw,12087,1415.47614,25.01715,-80.9976,79500.0,1.147,0.01339,0.9704797047970479,0.378,6e-05,0.48415,0.00124,0.1,40.01,80614.0,FL,E,182012,0.019
1698.1547,Nassau,JAX,ne,12089,22.11159,30.6095,-81.8085,90800.0,1.311,0.00285,0.6042607030501983,0.345,0.04652,0.12012,0.37506,0.095,59.77,101501.0,FL,E,37549,0.028
2430.728,Okaloosa,MOB,nw,12091,16.84058,30.7068,-86.5964,76700.0,1.106,0.0085,0.7460629780924068,0.342,0.05192,0.1467,0.48989,0.101,89.88,218464.0,FL,C,40935,0.026
2010.4677,Okeechobee,MLB,ec,12093,7.91605,27.4283,-80.9015,50200.0,0.724,0.12192,0.44747791840037465,0.161,0.53731,0.05702,0.02995,0.17,20.61,41427.0,FL,E,15915,0.032
2600.3632,Orange,MLB,ec,12095,195.65003,28.5148,-81.3238,72100.0,1.041,0.29791,0.8365586629132825,0.384,0.0922,0.43855,0.05419,0.124,565.85,1471416.0,FL,E,508761,0.028
3902.4195,Osceola,MLB,ec,12097,31.44949,28.0627,-81.1496,63800.0,0.921,0.10506,0.5022295909951825,0.283,0.3243,0.10812,0.06731,0.109,112.18,437784.0,FL,E,122729,0.034
5133.1943,Palm Beach,MFL,se,12099,77.72766,26.623,-80.4329,76700.0,1.107,0.04373,0.3585733325664464,0.396,0.35349,0.25732,0.00267,0.108,298.8,1533801.0,FL,E,398991,0.03
1978.7566,Pasco,TBW,wc,12101,64.97321,28.3093,-82.3911,65900.0,0.952,0.06037,0.8472306138833481,0.28,0.2195,0.33076,0.12049,0.105,319.9,632996.0,FL,E,128566,0.033
738.7355,Pinellas,TBW,wc,12103,39.54099,28.0272,-82.72615,66400.0,0.959,0.00045,1.0,0.358,0.003,0.09378,0.00098,0.113,1301.68,961596.0,FL,E,1090,0.028
5205.7458,Polk,TBW,cc,12105,31.53093,27.9489,-81.6978,61900.0,0.894,0.05422,0.6580378387181571,0.226,0.25598,0.20144,0.06304,0.13,157.2,818330.0,FL,E,164142,0.037
2142.8226,Putnam,JAX,ne,12107,13.17871,29.6086,-81.7442,46500.0,0.671,0.12288,0.6126498119883127,0.141,0.10026,0.13042,0.34983,0.211,35.45,75955.0,FL,E,28240,0.04
1700.6474,St. Johns,JAX,ne,12109,91.40416,29.9013,-81.4439,104000.0,1.497,0.09356,0.6528151469855505,0.486,0.07964,0.21363,0.24156,0.061,188.23,320110.0,FL,E,155446,0.027
1491.3798,St. Lucie,MLB,ec,12111,39.5783,27.3764,-80.4836,64000.0,0.924,0.22772,0.49761715005427154,0.254,0.48497,0.28328,0.0169,0.104,250.5,373586.0,FL,E,59026,0.035
2646.7003,Santa Rosa,MOB,nw,12113,18.26976,30.732,-87.0172,82500.0,1.191,0.00401,0.399475980389149,0.31,0.11081,0.14195,0.42609,0.081,76.76,203162.0,FL,C,48355,0.028
1492.3099,Sarasota,TBW,wc,12115,268.00476,27.10385,-82.29945,78300.0,1.13,0.00372,0.7567401128408545,0.397,0.06657,0.40435,0.06963,0.095,314.29,469013.0,FL,E,799892,0.03
892.99,Seminole,MLB,ec,12117,112.99627,28.717,-81.2362,80300.0,1.159,0.02294,0.9880911810367679,0.424,0.05311,0.4573,0.03544,0.092,542.3,484271.0,FL,E,100905,0.028
1502.9469,Sumter,TBW,cc,12119,42.33211,28.7046,-82.081,77900.0,1.124,0.07053,0.6519497221118677,0.351,0.29251,0.14644,0.1364,0.097,100.85,151565.0,FL,E,63623,0.042
1792.2993,Suwannee,JAX,nn,12121,6.33029,30.1956,-82.9915,51300.0,0.74,0.04071,0.3938533613133684,0.164,0.39934,0.09486,0.31468,0.173,25.74,46130.0,FL,E,11346,0.034
2715.5658,Taylor,TAE,bb,12123,4.40505,30.0477,-83.603,48500.0,0.7,0.00811,0.3891052012929768,0.151,0.02706,0.07129,0.32282,0.197,7.95,21582.0,FL,E,11962,0.034
646.7726,Union,JAX,nn,12125,2.2831,30.0439,-82.3714,60700.0,0.877,0.05756,0.5116606515722864,0.1,0.17196,0.07498,0.38716,0.194,24.01,15532.0,FL,E,1477,0.03
3177.1491,Volusia,MLB,ec,12127,37.7063,29.0604,-81.1912,64600.0,0.932,0.00891,0.7405277556659623,0.272,0.0619,0.23292,0.2186,0.119,185.81,590357.0,FL,E,119799,0.033
1591.8719,Wakulla,TAE,bb,12129,5.23771,30.0882,-84.43875,63500.0,0.916,0.00075,0.8822078066090042,0.213,0.01023,0.0053,0.01429,0.104,22.9,36449.0,FL,E,52,0.027
2757.1248,Walton,TAE,pa,12131,11.13019,30.6023,-86.0304,78800.0,1.138,0.01869,0.34829038097756443,0.342,0.04008,0.09246,0.41158,0.109,31.32,86354.0,FL,C,61374,0.028
1595.0582,Washington,TAE,pa,12133,4.15684,30.6106,-85.6656,49200.0,0.711,0.00513,0.33582756623959253,0.125,0.10041,0.08763,0.3314,0.168,16.05,25602.0,FL,C,6630,0.033
1326.2679,Appling,JAX,se,13001,0.76832,31.7493,-82.289,51200.0,0.704,0.0844,0.2277876656984997,0.099,0.24878,0.07977,0.23421,0.211,13.92,18457.0,GA,E,1019,0.034
891.1669,Atkinson,JAX,se,13003,0.60135,31.2971,-82.88,46100.0,0.633,0.0877,0.20791714945406262,0.098,0.23872,0.06222,0.27568,0.224,9.31,8293.0,GA,E,536,0.031
740.7329,Bacon,JAX,se,13005,0.82891,31.5537,-82.4527,46000.0,0.633,0.01954,0.23584274975949387,0.11,0.29829,0.07961,0.21765,0.229,15.02,11124.0,GA,E,614,0.029
904.5451,Baker,TAE,sw,13007,1.89156,31.3262,-84.4447,50100.0,0.689,0.10929,0.2635252364957415,0.169,0.40268,0.04585,0.32131,0.262,3.03,2743.0,GA,E,1711,0.038
692.4816,Baldwin,FFC,cc,13009,4.63267,33.069,-83.2498,49900.0,0.686,0.02525,0.45062257780865633,0.241,0.11982,0.13666,0.53735,0.214,62.67,43396.0,GA,E,3208,0.042
605.7958,Banks,FFC,ne,13011,2.5093,34.3541,-83.4974,66900.0,0.92,0.19933,0.20811090846295074,0.173,0.24542,0.10195,0.57652,0.122,32.67,19789.0,GA,E,1520,0.022
421.7235,Barrow,FFC,nc,13013,30.19427,33.9932,-83.7126,77600.0,1.067,0.01783,0.7294660912549296,0.21,0.27515,0.30784,0.35479,0.112,220.03,92792.0,GA,E,12734,0.028
1217.8643,Bartow,FFC,nw,13015,34.69869,34.2379,-84.8405,80000.0,1.1,0.10026,0.6373077179547473,0.229,0.21044,0.18422,0.52699,0.097,94.46,115041.0,GA,E,42258,0.031
658.0024,Ben Hill,TAE,sc,13017,0.45896,31.7598,-83.2206,41100.0,0.566,0.01656,0.10318818688728795,0.121,0.27893,0.09131,0.32911,0.244,26.03,17128.0,GA,E,302,0.043
1185.7885,Berrien,TAE,sc,13019,10.74314,31.2761,-83.2297,48700.0,0.67,0.67783,0.27227376406088555,0.128,0.35066,0.06812,0.23667,0.188,15.66,18570.0,GA,E,12739,0.037
660.715,Bibb,FFC,cc,13021,63.48426,32.8067,-83.6979,48500.0,0.667,0.13637,0.4244765702891326,0.26,0.09304,0.39495,0.30433,0.221,236.88,156512.0,GA,E,41945,0.04
567.8616,Bleckley,FFC,cc,13023,2.31603,32.4344,-83.3279,56100.0,0.771,0.00836,0.2912713860446858,0.183,0.38835,0.09996,0.25275,0.182,21.95,12465.0,GA,E,1315,0.042
1158.7043,Brantley,JAX,se,13025,0.85354,31.197,-81.9819,50400.0,0.692,0.02022,0.40917405374982413,0.109,0.04968,0.07543,0.33725,0.178,15.88,18401.0,GA,E,989,0.035
1289.0203,Brooks,TAE,sc,13027,11.58106,30.842,-83.5803,43400.0,0.596,0.6895,0.30124760762401814,0.136,0.37156,0.06027,0.27033,0.228,12.6,16245.0,GA,E,14928,0.034
1154.2249,Bryan,CHS,se,13029,0.17937,31.89865,-81.31965,93100.0,1.279,0.00071,0.3343964280019136,0.346,0.01227,0.00051,0.00056,0.082,43.09,49739.0,GA,E,6,0.026
1784.2161,Bulloch,CHS,se,13031,7.73498,32.3969,-81.7432,49500.0,0.68,0.17115,0.430696476616709,0.308,0.3064,0.10335,0.17675,0.237,47.26,84327.0,GA,E,13801,0.034
2162.6906,Burke,CAE,ec,13033,2.90619,33.0612,-82.0008,49400.0,0.68,0.1914,0.2917940854948394,0.143,0.29319,0.06412,0.23585,0.212,11.3,24438.0,GA,E,6285,0.055
492.1848,Butts,FFC,cc,13035,11.99753,33.2891,-83.9572,62200.0,0.856,0.13531,0.4856058892475993,0.139,0.17773,0.11696,0.5517,0.155,54.63,26887.0,GA,E,5905,0.029
734.3763,Calhoun,TAE,sw,13037,1.25168,31.5292,-84.6249,39700.0,0.546,0.10879,0.1960502287730184,0.121,0.42317,0.0498,0.19977,0.355,7.43,5457.0,GA,E,919,0.028
1657.8161,Camden,JAX,se,13039,15.02622,30.9335,-81.682,67600.0,0.93,0.00205,0.5283708185865966,0.224,0.00475,0.07784,0.30118,0.116,35.06,58118.0,GA,E,24911,0.03
644.3312,Candler,CHS,se,13043,2.30316,32.4035,-82.0737,44500.0,0.612,0.09097,0.3767865023593713,0.136,0.28792,0.07999,0.19869,0.215,17.16,11059.0,GA,E,1484,0.025
1305.0024,Carroll,FFC,nw,13045,9.05362,33.5828,-85.0797,69900.0,0.961,0.103,0.4902747194382161,0.224,0.24028,0.17439,0.49626,0.143,97.39,127098.0,GA,E,11815,0.033
421.1703,Catoosa,FFC,nw,13047,14.72464,34.9036,-85.1381,66900.0,0.92,0.23648,0.7258345981834858,0.245,0.26289,0.26735,0.44178,0.107,163.62,68910.0,GA,E,6202,0.027
2028.3609,Charlton,JAX,se,13049,4.35531,30.7818,-82.138,48100.0,0.662,0.00068,0.3086789371619093,0.114,0.01304,0.04367,0.28763,0.262,6.38,12934.0,GA,E,8834,0.031
1157.3107,Chatham,CHS,se,13051,19.30853,31.9698,-81.0905,64000.0,0.88,0.00026,0.7984689171739532,0.368,0.00425,0.00601,0.00161,0.152,262.38,303655.0,GA,E,6648,0.029
650.5927,Chattahoochee,FFC,wc,13053,4.57966,32.347,-84.787,57500.0,0.791,0.07552,0.3840935463715076,0.276,0.01549,0.11434,0.67828,0.163,13.31,8661.0,GA,E,2979,0.045
811.8259,Chattooga,FFC,nw,13055,11.76266,34.475,-85.3454,50700.0,0.697,0.17614,0.6831421323446343,0.107,0.21566,0.07682,0.62749,0.207,31.07,25222.0,GA,E,9549,0.037
1123.8958,Cherokee,FFC,nc,13057,34.4932,34.2439,-84.4764,99900.0,1.374,0.01768,0.8492618141380901,0.395,0.0886,0.28861,0.56116,0.066,255.01,286602.0,GA,E,38767,0.026
314.1907,Clarke,FFC,ne,13059,322.83658,33.9513,-83.3675,49800.0,0.685,0.07378,0.9840467540672878,0.487,0.12697,0.42716,0.38942,0.241,413.55,129933.0,GA,E,101432,0.033
561.8896,Clay,TAE,sw,13061,3.59446,31.6264,-84.9803,38000.0,0.522,0.0812,0.37515715034049246,0.226,0.24484,0.04808,0.41611,0.264,5.08,2853.0,GA,E,2020,0.078
373.6271,Clayton,FFC,nc,13063,47.28274,33.5419,-84.3577,57600.0,0.792,0.36346,0.7909235899666521,0.213,0.03327,0.73153,0.16274,0.173,798.39,298300.0,GA,E,17666,0.041
2134.7208,Clinch,JAX,se,13065,3.27724,30.9151,-82.7063,45600.0,0.627,0.00129,0.20280942718901201,0.13,0.01351,0.05571,0.32331,0.233,3.16,6746.0,GA,E,6996,0.028
892.3209,Cobb,FFC,nc,13067,163.33798,33.9415,-84.5767,96800.0,1.331,0.1506,0.9688613192482495,0.504,0.0165,0.78929,0.16483,0.088,870.47,776743.0,GA,E,145750,0.028
1560.8219,Coffee,JAX,se,13069,2.76265,31.5492,-82.8493,48800.0,0.671,0.05079,0.1614330545622229,0.135,0.32145,0.09058,0.23284,0.225,27.75,43317.0,GA,E,4312,0.036
1441.7156,Colquitt,TAE,sc,13071,1.99948,31.1884,-83.7688,49200.0,0.677,0.29348,0.4003742081183796,0.157,0.438,0.10047,0.2154,0.234,32.02,46167.0,GA,E,2883,0.028
797.189,Columbia,CAE,ec,13073,22.42762,33.5442,-82.264,94200.0,1.295,0.008,0.6031891389034246,0.378,0.07769,0.24435,0.52123,0.068,207.18,165162.0,GA,E,17879,0.03
603.9901,Cook,TAE,sc,13075,5.29082,31.154,-83.4305,44500.0,0.611,0.05601,0.29247465173307363,0.167,0.42843,0.10726,0.15969,0.199,29.33,17714.0,GA,E,3196,0.032
1155.4546,Coweta,FFC,wc,13077,14.23338,33.3535,-84.7633,87600.0,1.205,0.10325,0.7154117739619599,0.347,0.15831,0.21218,0.5163,0.099,134.92,155892.0,GA,E,16446,0.029
845.262,Crawford,FFC,cc,13079,1.65984,32.7145,-83.9864,60300.0,0.829,0.05488,0.20180868858353265,0.14,0.13626,0.06531,0.5248,0.158,14.52,12277.0,GA,E,1403,0.032
728.1989,Crisp,FFC,cc,13081,3.18869,31.923,-83.7681,43900.0,0.603,0.04479,0.25430028064322313,0.155,0.48709,0.12004,0.15158,0.26,26.96,19631.0,GA,E,2322,0.037
451.1321,Dade,FFC,nw,13083,7.70221,34.8546,-85.5045,59700.0,0.821,0.06228,0.7411458948611931,0.19,0.1691,0.11252,0.69281,0.141,35.83,16165.0,GA,E,3475,0.026
554.0658,Dawson,FFC,nc,13085,20.57723,34.4438,-84.1704,84600.0,1.162,0.01026,0.8184115390290689,0.358,0.08782,0.12282,0.74642,0.08,57.27,31732.0,GA,E,11401,0.026
1552.867,Decatur,TAE,sw,13087,5.26138,30.84045,-84.66485,46500.0,0.639,0.05679,0.21124891736849688,0.146,0.18345,0.08255,0.29681,0.223,18.73,29087.0,GA,E,16340,0.034
701.7056,DeKalb,FFC,nc,13089,405.28872,33.7715,-84.2263,76700.0,1.055,0.02257,0.9300375469336671,0.467,0.01027,0.80163,0.14962,0.133,1087.34,762992.0,GA,E,284393,0.033
1303.0396,Dodge,FFC,cc,13091,0.51035,32.1722,-83.1684,43800.0,0.602,0.0391,0.07078584090155997,0.152,0.21475,0.0792,0.29653,0.235,15.18,19776.0,GA,E,665,0.038
1028.3383,Dooly,FFC,cc,13093,4.18579,32.1572,-83.7987,46200.0,0.635,0.4824,0.19415929087628647,0.134,0.53484,0.0754,0.16282,0.225,10.68,10981.0,GA,E,4304,0.038
866.9249,Dougherty,TAE,sw,13095,12.43723,31.5333,-84.2164,42600.0,0.586,0.02133,0.2578519911918623,0.232,0.23305,0.20492,0.27963,0.264,95.33,82645.0,GA,E,10782,0.043
518.7467,Douglas,FFC,nc,13097,18.91742,33.7015,-84.7677,79200.0,1.089,0.00479,0.5994520942974552,0.308,0.07206,0.37996,0.49915,0.119,287.54,149160.0,GA,E,9813,0.034
1337.0683,Early,TAE,sw,13099,3.839,31.3228,-84.9037,43400.0,0.597,0.39743,0.2613632510853473,0.161,0.41695,0.05837,0.24739,0.255,7.9,10563.0,GA,E,5133,0.039
1089.8876,Echols,JAX,se,13101,0.63768,30.7101,-82.8939,47200.0,0.649,0.0,0.3751583991889962,0.144,0.03588,0.05232,0.27503,0.216,3.4,3709.0,GA,E,695,0.028
1254.9402,Effingham,CHS,se,13103,1.48558,32.3675,-81.3407,88100.0,1.211,0.02414,0.28032670284266636,0.268,0.0896,0.11733,0.2602,0.085,57.01,71541.0,GA,E,1864,0.026
969.8354,Elbert,GSP,ne,13105,2.38827,34.117,-82.8403,49200.0,0.677,0.01511,0.2768891984615584,0.149,0.21459,0.08646,0.56725,0.18,20.64,20013.0,GA,E,2316,0.036
1787.9657,Emanuel,FFC,ec,13107,1.08289,32.5898,-82.3018,47000.0,0.646,0.04338,0.20062334946051777,0.128,0.17137,0.07548,0.32231,0.261,12.93,23119.0,GA,E,1936,0.042
484.0761,Evans,CHS,se,13109,3.74115,32.1568,-81.8868,45200.0,0.621,0.17504,0.29108256627472634,0.151,0.21586,0.08862,0.28308,0.237,22.22,10754.0,GA,E,1811,0.029
1014.0007,Fannin,FFC,nc,13111,18.63099,34.8641,-84.3197,60600.0,0.833,0.08755,0.8400079485990594,0.226,0.0671,0.07682,0.83281,0.139,25.6,25955.0,GA,E,18892,0.028
515.8135,Fayette,FFC,nc,13113,44.71433,33.414,-84.4941,109000.0,1.503,0.0411,0.7991541021171824,0.481,0.14331,0.36783,0.36727,0.058,239.14,123351.0,GA,E,23064,0.03
1342.6313,Floyd,FFC,nw,13115,11.14927,34.2632,-85.2143,56700.0,0.779,0.09499,0.5656182212581344,0.249,0.20035,0.14209,0.57053,0.17,74.56,100113.0,GA,E,14969,0.032
640.7413,Forsyth,FFC,nc,13117,41.15863,34.2255,-84.1253,131000.0,1.8,0.07597,0.8464970595755561,0.566,0.10978,0.45422,0.32195,0.051,425.89,272887.0,GA,E,26372,0.025
690.0153,Franklin,GSP,ne,13119,3.23616,34.3755,-83.2292,49900.0,0.687,0.07613,0.3771304648500575,0.169,0.38822,0.11526,0.40956,0.169,35.92,24782.0,GA,E,2233,0.032
1384.7529,Fulton,FFC,nc,13121,154.12774,33.7903,-84.4669,89800.0,1.234,0.05371,0.8051607821649944,0.58,0.03796,0.65236,0.27324,0.13,779.28,1079105.0,GA,E,213429,0.034
1118.2286,Gilmer,FFC,nc,13123,11.03317,34.6915,-84.4554,68300.0,0.939,0.0338,0.7770257176867923,0.227,0.05813,0.08151,0.83249,0.136,29.39,32860.0,GA,E,12338,0.031
374.1454,Glascock,FFC,ec,13125,0.4764,33.2293,-82.6107,55500.0,0.764,0.03927,0.2744720066284516,0.149,0.14223,0.06017,0.50234,0.157,7.9,2954.0,GA,E,178,0.034
1081.7639,Glynn,JAX,se,13127,130.59373,31.2365,-81.5512,63500.0,0.873,0.00495,0.649602824360106,0.304,0.00661,0.14924,0.27129,0.157,79.66,86172.0,GA,E,141272,0.028
927.0738,Gordon,FFC,nw,13129,11.51317,34.5034,-84.8757,63900.0,0.879,0.11177,0.6788805046895267,0.177,0.32404,0.14328,0.47729,0.129,64.46,59757.0,GA,E,10674,0.03
1192.3184,Grady,TAE,sw,13131,4.64045,30.8747,-84.2344,48500.0,0.667,0.00831,0.16244531274589594,0.153,0.33592,0.0735,0.28613,0.197,21.86,26066.0,GA,E,5533,0.031
1052.167,Greene,FFC,ec,13133,8.00084,33.5788,-83.1667,74500.0,1.024,0.04763,0.5076843183763983,0.364,0.12187,0.08719,0.60374,0.141,19.69,20722.0,GA,E,8418,0.033
1130.8769,Gwinnett,FFC,nc,13135,75.65798,33.9617,-84.0235,83900.0,1.154,0.0573,0.9080943958294544,0.387,0.03431,0.73797,0.19363,0.114,869.7,983526.0,GA,E,85560,0.029
723.0753,Habersham,GSP,ne,13137,10.21101,34.631,-83.5312,62400.0,0.858,0.03318,0.651773901671254,0.242,0.16375,0.15212,0.66372,0.135,67.43,48757.0,GA,E,7383,0.031
1111.2837,Hall,FFC,nc,13139,22.27514,34.3168,-83.8197,76800.0,1.056,0.05821,0.42976592840340705,0.267,0.1605,0.28451,0.44766,0.11,195.51,217267.0,GA,E,24754,0.024
1240.2385,Hancock,FFC,ec,13141,1.44113,33.2703,-83.001,38600.0,0.53,0.00224,0.19271703657182593,0.084,0.06466,0.04845,0.65563,0.303,7.0,8676.0,GA,E,1787,0.055
733.2754,Haralson,FFC,nw,13143,1.74968,33.7943,-85.211,57900.0,0.796,0.1021,0.3335430342815463,0.174,0.13462,0.11976,0.62561,0.163,43.69,32038.0,GA,E,1283,0.032
1224.9098,Harris,FFC,wc,13145,7.24572,32.736,-84.909,90600.0,1.246,0.15986,0.6459159037911685,0.347,0.08913,0.08573,0.66749,0.086,29.92,36654.0,GA,E,8875,0.028
664.3495,Hart,GSP,ne,13147,6.906,34.3511,-82.964,56100.0,0.772,0.13928,0.32500634519972604,0.181,0.38934,0.13054,0.34461,0.149,41.48,27556.0,GA,E,4588,0.029
779.8219,Heard,FFC,wc,13149,1.73886,33.297,-85.1283,56700.0,0.78,0.08702,0.423145000175248,0.114,0.13176,0.06528,0.65555,0.165,15.43,12034.0,GA,E,1356,0.031
840.3393,Henry,FFC,nc,13151,22.26169,33.4534,-84.1554,82400.0,1.132,0.13364,0.5745072236136464,0.28,0.1514,0.39507,0.3687,0.103,302.99,254613.0,GA,E,18707,0.035
983.7425,Houston,FFC,cc,13153,15.54967,32.459,-83.6662,71200.0,0.979,0.01458,0.4291762657435127,0.323,0.22244,0.25634,0.28278,0.128,174.82,171974.0,GA,E,15297,0.029
939.4169,Irwin,TAE,sc,13155,1.38597,31.6023,-83.2764,49200.0,0.677,0.21045,0.23024207680368497,0.166,0.45916,0.05676,0.18472,0.194,9.71,9120.0,GA,E,1302,0.039
888.4669,Jackson,FFC,ne,13157,5.69869,34.1339,-83.5663,82100.0,1.129,0.4541,0.4882214011031349,0.273,0.2829,0.18801,0.45323,0.083,99.74,88615.0,GA,E,5063,0.021
967.6127,Jasper,FFC,cc,13159,7.83243,33.3165,-83.6881,63700.0,0.876,0.34399,0.35117215403597635,0.199,0.14314,0.06036,0.6684,0.148,17.01,16455.0,GA,E,7579,0.029
868.7341,Jeff Davis,JAX,se,13161,6.15097,31.8056,-82.637,46100.0,0.634,0.85505,0.20062396130419813,0.115,0.24328,0.07939,0.28751,0.197,17.16,14906.0,GA,E,5344,0.043
1371.7746,Jefferson,FFC,ec,13163,0.86679,33.0549,-82.4181,44500.0,0.611,0.0841,0.2893293417759727,0.112,0.29118,0.07017,0.30615,0.225,11.07,15183.0,GA,E,1189,0.04
912.6317,Jenkins,CHS,se,13165,1.60525,32.7925,-81.9636,41800.0,0.575,0.03891,0.20601266652434616,0.078,0.2631,0.06468,0.2145,0.289,9.45,8627.0,GA,E,1465,0.05
793.6897,Johnson,FFC,ec,13167,0.94863,32.7015,-82.6601,42600.0,0.586,0.00398,0.17293991057624003,0.091,0.21696,0.06965,0.3376,0.262,11.69,9282.0,GA,E,753,0.029
1024.2978,Jones,FFC,cc,13169,25.55607,33.0251,-83.5605,65500.0,0.901,0.66704,0.45814220746692336,0.184,0.08937,0.07791,0.70734,0.127,28.28,28969.0,GA,E,26177,0.031
481.328,Lamar,FFC,wc,13171,14.02162,33.0765,-84.1394,61500.0,0.846,0.75389,0.4103695373213951,0.195,0.25934,0.10683,0.48927,0.142,42.38,20401.0,GA,E,6749,0.034
517.5095,Lanier,TAE,sc,13173,1.18903,31.038,-83.0626,50700.0,0.697,0.00488,0.19810712683066128,0.191,0.21277,0.06984,0.26086,0.175,20.2,10452.0,GA,E,615,0.038
2119.7704,Laurens,FFC,cc,13175,14.20394,32.4637,-82.9222,47900.0,0.659,0.06599,0.33166742389822806,0.178,0.19331,0.0986,0.30662,0.192,23.56,49941.0,GA,E,30109,0.041
936.7594,Lee,TAE,sw,13177,3.37317,31.7796,-84.141,84300.0,1.158,0.07532,0.3367478528013439,0.335,0.42089,0.09219,0.223,0.09,36.16,33872.0,GA,E,3160,0.028
1375.8169,Liberty,CHS,se,13179,8.34966,31.77005,-81.35505,59800.0,0.822,0.00244,0.2529423770324512,0.199,0.00481,0.09535,0.34463,0.162,50.3,69210.0,GA,E,22976,0.033
666.2604,Lincoln,CAE,ec,13181,2.49002,33.7936,-82.4512,69800.0,0.959,0.04882,0.29583986671893375,0.161,0.11027,0.05931,0.55513,0.151,11.83,7879.0,GA,E,1659,0.038
1044.8401,Long,CHS,se,13183,1.1619,31.7528,-81.746,71300.0,0.98,0.26524,0.4865703950553989,0.128,0.03024,0.0623,0.33041,0.151,18.75,19594.0,GA,E,1214,0.032
1322.5,Lowndes,TAE,sc,13185,17.73142,30.8339,-83.2677,52600.0,0.723,0.04746,0.41669825738923627,0.271,0.17067,0.1713,0.28281,0.195,91.28,120712.0,GA,E,23450,0.035
738.0328,Lumpkin,FFC,nc,13187,12.26268,34.5722,-84.0031,71500.0,0.983,0.46352,0.8167369901547117,0.315,0.0781,0.0935,0.81088,0.151,47.77,35258.0,GA,E,9050,0.027
689.7886,McDuffie,CAE,ec,13189,6.73831,33.4829,-82.4814,50600.0,0.696,0.01076,0.3612094027743168,0.178,0.1571,0.10536,0.5346,0.191,31.6,21799.0,GA,E,4648,0.049
1166.0615,McIntosh,CHS,se,13191,2.04993,31.5168,-81.33975,51400.0,0.707,0.00111,0.7737025224702812,0.186,0.00266,0.00166,0.00016,0.187,9.86,11501.0,GA,E,308,0.03
1051.4895,Macon,FFC,wc,13193,6.63955,32.3584,-84.0425,40100.0,0.551,0.54767,0.36574250090174404,0.11,0.35118,0.06475,0.31968,0.316,11.24,11817.0,GA,E,6981,0.042
739.6067,Madison,FFC,ne,13195,7.44557,34.1279,-83.209,58800.0,0.808,0.48486,0.47299970329344276,0.202,0.34443,0.11033,0.47636,0.13,43.52,32191.0,GA,E,5507,0.029
951.8315,Marion,FFC,wc,13197,1.41015,32.3534,-84.5246,47200.0,0.649,0.28758,0.22795673347772202,0.136,0.15114,0.05515,0.5521,0.242,7.82,7440.0,GA,E,1342,0.036
1308.8702,Meriwether,FFC,wc,13199,1.63611,33.0407,-84.6883,53000.0,0.729,0.23909,0.23865311658443575,0.13,0.17484,0.06944,0.58754,0.159,15.99,20931.0,GA,E,2141,0.039
734.7691,Miller,TAE,sw,13201,1.19902,31.164,-84.7307,45200.0,0.621,0.06016,0.21947223708884703,0.219,0.60051,0.0619,0.12942,0.211,7.82,5747.0,GA,E,881,0.027
1330.7008,Mitchell,TAE,sw,13205,0.75621,31.2254,-84.1942,45300.0,0.623,0.04472,0.09949266028517673,0.129,0.54039,0.07597,0.23537,0.238,15.87,21114.0,GA,E,1006,0.037
1030.2934,Monroe,FFC,cc,13207,14.6065,33.0141,-83.9187,76400.0,1.051,0.00286,0.4002328616192478,0.287,0.11167,0.09635,0.6361,0.117,29.72,30625.0,GA,E,15049,0.029
640.5828,Montgomery,FFC,cc,13209,0.78054,32.1746,-82.5338,48400.0,0.665,0.012,0.22415807839000246,0.202,0.17306,0.07199,0.27751,0.207,13.68,8761.0,GA,E,500,0.039
918.3139,Morgan,FFC,nc,13211,6.58436,33.5908,-83.4924,74300.0,1.022,0.26991,0.5345349317899959,0.301,0.29647,0.08271,0.5086,0.112,23.37,21460.0,GA,E,6047,0.028
898.4385,Murray,FFC,nw,13213,17.8229,34.7885,-84.7481,62100.0,0.854,0.18296,0.6655795820882734,0.137,0.18724,0.10832,0.6447,0.144,45.67,41035.0,GA,E,16013,0.041
572.3547,Muscogee,FFC,wc,13215,96.4886,32.51,-84.877,53700.0,0.739,0.12273,0.5088543548970004,0.297,0.03039,0.40676,0.43313,0.207,352.71,201877.0,GA,E,55226,0.042
723.608,Newton,FFC,nc,13217,14.76951,33.5551,-83.8503,72100.0,0.992,0.08767,0.5873605037178592,0.236,0.20306,0.23381,0.46738,0.118,166.02,120135.0,GA,E,10687,0.038
482.0552,Oconee,FFC,ne,13219,59.51343,33.8349,-83.437,115000.0,1.578,0.26896,0.9220353165405994,0.549,0.28112,0.17319,0.47134,0.075,91.65,44182.0,GA,E,28689,0.024
1145.1812,Oglethorpe,FFC,ne,13221,6.52119,33.8807,-83.0806,62500.0,0.859,0.23835,0.5790147847419727,0.245,0.18103,0.05227,0.60707,0.131,13.76,15754.0,GA,E,7468,0.028
816.0845,Paulding,FFC,nw,13223,24.87434,33.9202,-84.8672,87500.0,1.202,0.01113,0.5590845239318875,0.274,0.09671,0.26114,0.57975,0.077,224.44,183164.0,GA,E,20300,0.029
392.3574,Peach,FFC,cc,13225,4.4843,32.5688,-83.8268,58500.0,0.804,0.17449,0.43122665326657506,0.243,0.37892,0.17994,0.30992,0.173,73.42,28805.0,GA,E,1759,0.038
603.1449,Pickens,FFC,nc,13227,11.56314,34.4643,-84.4656,72000.0,0.989,0.06295,0.6804196317218105,0.249,0.10175,0.13359,0.73018,0.101,59.64,35969.0,GA,E,6974,0.027
890.6163,Pierce,JAX,se,13229,0.30928,31.3589,-82.2134,52700.0,0.724,0.00726,0.11862053331066338,0.183,0.24961,0.08883,0.23343,0.162,22.93,20425.0,GA,E,275,0.031
568.2539,Pike,FFC,wc,13231,8.39062,33.0922,-84.3892,80600.0,1.108,0.0302,0.3571936465446028,0.214,0.3032,0.08696,0.47142,0.112,36.01,20461.0,GA,E,4768,0.027
808.5189,Polk,FFC,nw,13233,1.83364,34.0018,-85.1881,54900.0,0.755,0.12689,0.41936776665624026,0.145,0.22778,0.12661,0.56605,0.173,54.7,44223.0,GA,E,1483,0.033
647.473,Pulaski,FFC,cc,13235,1.99671,32.2328,-83.4764,47000.0,0.646,0.07116,0.23839098793739408,0.12,0.418,0.07426,0.20285,0.23,15.59,10095.0,GA,E,1293,0.035
934.0589,Putnam,FFC,cc,13237,4.69213,33.3218,-83.3728,62200.0,0.856,0.27837,0.3784238124614436,0.283,0.12489,0.08916,0.60593,0.156,24.76,23129.0,GA,E,4383,0.038
417.0405,Quitman,TAE,sw,13239,4.22741,31.8674,-85.0188,41500.0,0.571,0.11571,0.38859735432382203,0.09,0.07877,0.04797,0.49547,0.237,5.47,2280.0,GA,E,1763,0.052
976.5715,Rabun,GSP,ne,13241,13.94101,34.8818,-83.4021,63400.0,0.871,0.02395,0.8914877300613497,0.299,0.03607,0.06514,0.87449,0.13,17.86,17442.0,GA,E,13614,0.03
1116.2649,Randolph,TAE,sw,13243,0.44076,31.7626,-84.7542,39200.0,0.539,0.02033,0.16153423234007586,0.15,0.26712,0.04503,0.43013,0.267,5.44,6078.0,GA,E,492,0.042
850.6321,Richmond,CAE,ec,13245,42.75904,33.3596,-82.0735,50100.0,0.688,0.41886,0.5055876968143537,0.241,0.07215,0.34261,0.30885,0.222,241.48,205414.0,GA,E,36372,0.046
341.505,Rockdale,FFC,nc,13247,55.13894,33.6545,-84.0267,72000.0,0.99,0.48842,0.6306033567027831,0.291,0.09912,0.40289,0.42675,0.13,281.07,95987.0,GA,E,18830,0.037
435.5022,Schley,FFC,wc,13249,7.76345,32.262,-84.3149,57500.0,0.791,0.00562,0.3127156374898942,0.19,0.18141,0.06133,0.49814,0.153,10.39,4526.0,GA,E,3381,0.033
1698.4438,Screven,CHS,se,13251,1.5395,32.7507,-81.6119,52700.0,0.725,0.06655,0.29068373243852424,0.147,0.25021,0.05495,0.24121,0.225,8.35,14174.0,GA,E,2615,0.052
624.5438,Seminole,TAE,sw,13253,8.25097,30.8708,-84.87465,45200.0,0.622,0.03376,0.22983284586853156,0.158,0.30894,0.00852,0.04739,0.223,14.56,9092.0,GA,E,660,0.038
517.1336,Spalding,FFC,wc,13255,10.03821,33.2609,-84.2841,55100.0,0.757,0.00925,0.4227608332600861,0.179,0.2377,0.21568,0.41984,0.163,135.26,69946.0,GA,E,5191,0.036
477.199,Stephens,GSP,ne,13257,13.07439,34.554,-83.2935,52000.0,0.715,0.04215,0.4823375163888369,0.149,0.15152,0.15415,0.62519,0.156,57.06,27228.0,GA,E,6239,0.036
1199.7923,Stewart,FFC,wc,13259,4.86304,32.0785,-84.8351,41200.0,0.566,0.11569,0.3796157166149813,0.123,0.09384,0.03559,0.60971,0.325,3.9,4674.0,GA,E,5835,0.033
1276.005,Sumter,FFC,wc,13261,13.16442,32.04,-84.1971,44700.0,0.614,0.23896,0.22073736837401495,0.213,0.4029,0.08001,0.29195,0.263,22.64,28890.0,GA,E,16798,0.045
1022.404,Talbot,FFC,wc,13263,4.38947,32.6995,-84.533,45200.0,0.621,0.02407,0.3543163400195414,0.15,0.06122,0.04651,0.6909,0.273,5.59,5718.0,GA,E,4488,0.033
506.2353,Taliaferro,FFC,ec,13265,1.38846,33.5662,-82.8787,42100.0,0.579,0.03699,0.3327483712461886,0.099,0.08096,0.04136,0.66996,0.245,3.18,1609.0,GA,E,703,0.038
1265.0318,Tattnall,CHS,se,13267,1.24511,32.0458,-82.0582,47400.0,0.652,0.27363,0.24804913774922066,0.146,0.24619,0.07601,0.22888,0.257,19.21,24296.0,GA,E,1575,0.032
982.2667,Taylor,FFC,wc,13269,1.92365,32.5556,-84.2504,44000.0,0.605,0.08785,0.3115147270286475,0.181,0.1727,0.07601,0.44444,0.266,7.9,7758.0,GA,E,1890,0.042
1150.1251,Telfair,FFC,cc,13271,0.72552,31.9298,-82.9389,41500.0,0.571,0.31039,0.2566808974475429,0.101,0.17229,0.06006,0.29627,0.301,9.49,10920.0,GA,E,834,0.066
875.1088,Terrell,TAE,sw,13273,0.24911,31.7768,-84.4368,53300.0,0.732,0.20642,0.11866647225163679,0.115,0.43011,0.05752,0.27344,0.281,9.96,8718.0,GA,E,218,0.045
1429.965,Thomas,TAE,sc,13275,6.18121,30.8637,-83.9194,52200.0,0.718,0.32357,0.22980484811853807,0.236,0.27503,0.08854,0.37924,0.184,31.92,45649.0,GA,E,8839,0.035
696.5156,Tift,TAE,sc,13277,5.51129,31.4575,-83.5266,53000.0,0.728,0.09587,0.6306925553507687,0.202,0.4432,0.1542,0.15258,0.192,59.66,41554.0,GA,E,3839,0.029
954.6025,Toombs,FFC,se,13279,0.69757,32.1206,-82.3306,45100.0,0.62,0.04055,0.18014257152912458,0.195,0.25207,0.10063,0.2322,0.228,28.33,27040.0,GA,E,666,0.038
445.3454,Towns,FFC,ne,13281,17.33151,34.9166,-83.7373,59300.0,0.815,0.16596,0.9672110068149672,0.328,0.07845,0.08156,0.80762,0.116,29.27,13035.0,GA,E,7719,0.042
523.649,Treutlen,FFC,ec,13283,0.87622,32.4039,-82.5673,43500.0,0.598,0.01961,0.2535135284678803,0.128,0.12425,0.08032,0.3265,0.24,12.11,6341.0,GA,E,459,0.043
1154.9084,Troup,FFC,wc,13285,7.15179,33.0335,-85.0283,55900.0,0.768,0.13417,0.45749406376673574,0.225,0.12451,0.13804,0.55718,0.181,61.25,70742.0,GA,E,8260,0.028
750.9723,Turner,TAE,sc,13287,1.29699,31.7164,-83.6242,40900.0,0.562,0.02977,0.23784603459890807,0.111,0.46073,0.06949,0.19258,0.239,11.86,8909.0,GA,E,974,0.04
939.8336,Twiggs,FFC,cc,13289,2.7058,32.6672,-83.4272,48800.0,0.67,0.04719,0.4052831898504758,0.109,0.1054,0.05694,0.48682,0.213,8.18,7691.0,GA,E,2543,0.049
852.1763,Union,FFC,nc,13291,16.80574,34.8342,-83.9907,64600.0,0.888,0.0206,0.8472026066745993,0.257,0.09505,0.08553,0.7922,0.107,31.83,27124.0,GA,E,14321,0.028
848.4665,Upson,FFC,wc,13293,6.39035,32.8812,-84.2993,48100.0,0.661,0.00664,0.2976613003141102,0.148,0.14525,0.08591,0.61544,0.175,33.31,28263.0,GA,E,5422,0.035
1158.1723,Walker,FFC,nw,13295,9.81595,34.7356,-85.3009,53400.0,0.734,0.26252,0.8028014960129842,0.201,0.2422,0.12083,0.60066,0.151,60.0,69489.0,GA,E,11369,0.03
855.0482,Walton,FFC,nc,13297,9.66058,33.7816,-83.7338,83000.0,1.142,0.10339,0.6906231951560317,0.249,0.28274,0.20498,0.41897,0.101,124.79,106702.0,GA,E,8260,0.03
2347.3249,Ware,JAX,se,13299,1.21392,31.0534,-82.4238,48200.0,0.663,0.01474,0.17858819609565493,0.15,0.05061,0.06495,0.25808,0.199,15.44,36243.0,GA,E,2849,0.033
742.6511,Warren,FFC,ec,13301,0.76719,33.409,-82.6767,44400.0,0.61,0.15445,0.16512821381389522,0.127,0.14312,0.06203,0.59738,0.242,6.88,5106.0,GA,E,570,0.041
1772.7042,Washington,FFC,ec,13303,0.8264,32.9695,-82.7959,48500.0,0.666,0.00683,0.1799673155843421,0.175,0.15271,0.06231,0.40347,0.216,11.18,19820.0,GA,E,1465,0.042
1680.8026,Wayne,JAX,se,13305,1.29997,31.5515,-81.9168,51100.0,0.703,0.01465,0.22814896390070424,0.14,0.10603,0.08378,0.27466,0.197,18.67,31373.0,GA,E,2185,0.033
544.4329,Webster,FFC,wc,13307,1.34744,32.0466,-84.551,46000.0,0.632,0.02181,0.25433062914464605,0.113,0.24586,0.04586,0.44222,0.207,4.29,2337.0,GA,E,734,0.036
777.3973,Wheeler,FFC,cc,13309,1.24518,32.1171,-82.7246,36000.0,0.494,0.02583,0.3807078987298285,0.122,0.12133,0.0546,0.32463,0.363,9.11,7081.0,GA,E,968,0.056
627.201,White,FFC,ne,13311,13.41469,34.6464,-83.7472,62100.0,0.854,0.07274,0.6747420617272969,0.243,0.12911,0.11516,0.74116,0.108,46.28,29026.0,GA,E,8414,0.023
752.9174,Whitfield,FFC,nw,13313,14.89855,34.8056,-84.9673,61700.0,0.848,0.32738,0.6432881722217604,0.193,0.21589,0.24978,0.48519,0.155,137.71,103687.0,GA,E,11217,0.039
992.5378,Wilcox,FFC,cc,13315,0.51182,31.9734,-83.4322,44900.0,0.617,0.23031,0.10653914162594427,0.141,0.32986,0.06076,0.27125,0.284,8.85,8779.0,GA,E,508,0.035
1227.51,Wilkes,FFC,ec,13317,0.9954,33.782,-82.7432,47400.0,0.651,0.11867,0.24939738142720888,0.157,0.16919,0.04684,0.60639,0.178,7.75,9518.0,GA,E,1222,0.037
1170.6204,Wilkinson,FFC,cc,13319,2.2424,32.8024,-83.1713,49600.0,0.683,0.0301,0.36431653869864933,0.127,0.05482,0.05551,0.50946,0.206,7.45,8725.0,GA,E,2625,0.038
1487.893,Worth,TAE,sc,13321,0.7008,31.5516,-83.851,49000.0,0.673,0.09878,0.19815982086349923,0.113,0.42662,0.06862,0.25056,0.214,13.63,20273.0,GA,E,1043,0.032
2746.4082,Ada,BOI,sw,16001,88.96687,43.4511,-116.2411,87700.0,1.208,0.01552,0.6626920093349349,0.439,0.10009,0.18895,0.00398,0.08,191.04,524673.0,ID,M,244339,0.027
3548.4057,Adams,BOI,sw,16003,4.35616,44.8897,-116.4539,56400.0,0.776,0.08527,0.6283498312613324,0.213,0.02924,0.01842,0.51967,0.122,1.38,4903.0,ID,M,15457,0.06
2971.9693,Bannock,PIH,se,16005,9.28147,42.6685,-112.2246,62100.0,0.855,0.02452,0.4868714967051033,0.302,0.13034,0.05293,0.18909,0.119,30.42,90400.0,ID,M,27584,0.031
2717.9552,Bear Lake,PIH,se,16007,2.14518,42.2848,-111.3296,66000.0,0.909,0.01437,0.3751788540896241,0.203,0.09571,0.01876,0.22527,0.101,2.49,6766.0,ID,M,5831,0.028
2030.4407,Benewah,OTX,pa,16009,2.01962,47.2176,-116.6588,56200.0,0.774,0.02926,0.3479674229608831,0.198,0.12718,0.04749,0.52373,0.13,5.11,10369.0,ID,P,4101,0.05
5491.4651,Bingham,PIH,se,16011,1.14276,43.2165,-112.3981,70100.0,0.964,0.08685,0.21343835415853182,0.208,0.26864,0.04055,0.04158,0.111,9.18,50395.0,ID,M,6275,0.031
6889.4536,Blaine,PIH,cc,16013,4.21671,43.4123,-113.9799,98700.0,1.359,0.06458,0.5536094021395062,0.455,0.04026,0.01509,0.12231,0.069,3.63,25041.0,ID,M,29051,0.027
4939.1358,Boise,BOI,sw,16015,3.63377,43.9892,-115.7301,74100.0,1.02,0.00618,0.926780341023069,0.299,0.00182,0.01755,0.48162,0.101,1.72,8517.0,ID,M,17948,0.042
4971.4279,Bonner,OTX,pa,16017,4.095,48.2997,-116.601,64900.0,0.893,0.00388,0.721782670183083,0.289,0.01421,0.03926,0.68979,0.105,10.57,52547.0,ID,P,20358,0.043
4922.467,Bonneville,PIH,se,16019,2.84539,43.3877,-111.6149,74500.0,1.026,0.0205,0.3597989864418676,0.322,0.19381,0.04748,0.28025,0.102,26.69,131366.0,ID,M,14006,0.026
3308.7608,Boundary,OTX,pa,16021,5.57077,48.7669,-116.4629,62800.0,0.865,0.05116,0.6440147645821709,0.196,0.06337,0.02463,0.75778,0.115,4.1,13557.0,ID,P,18432,0.047
5784.9637,Butte,PIH,se,16023,0.44348,43.7233,-113.1711,57100.0,0.786,0.00546,0.19568677267218595,0.138,0.05328,0.01316,0.08254,0.146,0.48,2758.0,ID,M,2566,0.039
2794.3194,Camas,BOI,sw,16025,2.48253,43.4633,-114.8059,73300.0,1.009,0.50339,0.38932507814018874,0.274,0.10769,0.01321,0.21021,0.082,0.44,1232.0,ID,M,6937,0.032
1562.803,Canyon,BOI,sw,16027,53.88509,43.625,-116.7092,70600.0,0.972,0.11177,0.6619638304092486,0.228,0.6225,0.23972,0.00014,0.101,164.88,257674.0,ID,M,84212,0.034
4658.3814,Caribou,PIH,se,16029,0.43382,42.7705,-111.5622,70400.0,0.969,0.03662,0.20570020836567354,0.155,0.15309,0.0193,0.2956,0.097,1.55,7219.0,ID,M,2021,0.031
6682.718,Cassia,PIH,se,16031,4.179,42.2839,-113.6004,68200.0,0.939,0.0453,0.2681737662889792,0.209,0.20907,0.02887,0.05301,0.115,3.85,25696.0,ID,M,27927,0.026
4572.2141,Clark,PIH,se,16033,0.32566,44.284,-112.3512,53400.0,0.735,0.00336,0.1311956967506271,0.173,0.04129,0.01184,0.1647,0.153,0.18,801.0,ID,M,1489,0.032
6443.7913,Clearwater,MSO,pa,16035,0.67549,46.6737,-115.6569,57100.0,0.786,0.01401,0.4036336043981216,0.194,0.01955,0.02084,0.75985,0.145,1.43,9214.0,ID,P,4353,0.057
12787.0817,Custer,PIH,cc,16037,0.84507,44.2412,-114.2816,57400.0,0.79,0.01027,0.2915423374151099,0.252,0.01863,0.00678,0.27154,0.146,0.35,4523.0,ID,M,10806,0.038
8030.5398,Elmore,BOI,sw,16039,2.73694,43.3539,-115.4692,63000.0,0.867,0.283,0.32531934743511065,0.212,0.06318,0.02186,0.1035,0.118,3.7,29724.0,ID,M,21979,0.033
1730.5979,Franklin,PIH,se,16041,2.70633,42.1811,-111.8132,71700.0,0.987,0.03971,0.36240342645876583,0.215,0.22919,0.03802,0.23831,0.071,8.95,15494.0,ID,M,4684,0.027
4908.7208,Fremont,PIH,se,16043,3.03491,44.2288,-111.482,61100.0,0.841,0.01161,0.3247573724032831,0.218,0.13719,0.03037,0.39854,0.112,2.89,14196.0,ID,M,14898,0.026
1465.3595,Gem,BOI,sw,16045,14.14488,44.0617,-116.3973,60800.0,0.837,0.16104,0.6695074747043587,0.223,0.12668,0.04941,0.14121,0.109,14.38,21071.0,ID,M,20727,0.038
1892.1804,Gooding,BOI,sc,16047,4.89556,42.9706,-114.8124,59800.0,0.824,0.09219,0.39353142675057756,0.171,0.29261,0.05102,6e-05,0.128,8.49,16061.0,ID,M,9263,0.03
22022.898,Idaho,MSO,cc,16049,0.43464,45.8442,-115.4674,60900.0,0.839,0.03312,0.2282643072103102,0.22,0.03308,0.01019,0.57503,0.137,0.81,17890.0,ID,MP,9572,0.04
2863.5989,Jefferson,PIH,se,16051,15.82482,43.8201,-112.3113,76500.0,1.053,0.05828,0.3202546746959247,0.272,0.35407,0.04886,0.00113,0.078,11.94,34198.0,ID,M,45316,0.026
1556.5648,Jerome,BOI,sc,16053,1.92578,42.6898,-114.2641,61500.0,0.847,0.01535,0.23918329154960527,0.134,0.48938,0.06946,0.0,0.123,16.37,25479.0,ID,M,2998,0.031
3407.4894,Kootenai,OTX,pa,16055,5.62402,47.6746,-116.7,75600.0,1.041,0.00668,0.4248404584825503,0.288,0.07197,0.10517,0.62132,0.093,54.3,185010.0,ID,P,19164,0.036
2789.0967,Latah,OTX,pa,16057,13.442,46.8161,-116.7117,60100.0,0.828,0.07619,0.5349588737445752,0.449,0.31094,0.05665,0.41864,0.143,14.81,41301.0,ID,P,37491,0.027
11838.3073,Lemhi,MSO,ec,16059,0.72032,44.9433,-113.933,55600.0,0.765,0.04609,0.4448748976811671,0.229,0.02573,0.00834,0.35654,0.13,0.71,8441.0,ID,M,8527,0.038
1242.7115,Lewis,OTX,nc,16061,1.31604,46.237,-116.4262,55100.0,0.759,0.00795,0.17177404135625512,0.2,0.48336,0.04071,0.2106,0.135,3.01,3739.0,ID,P,1635,0.034
3134.7956,Lincoln,PIH,sc,16063,0.3375,43.0023,-114.1395,61700.0,0.849,0.06333,0.13119612555794496,0.116,0.12709,0.02387,0.0,0.121,1.74,5450.0,ID,M,1058,0.039
1226.0557,Madison,PIH,se,16065,8.27675,43.7842,-111.6594,52200.0,0.719,0.09628,0.3487255019590158,0.403,0.53241,0.06666,0.16715,0.206,44.49,54547.0,ID,M,10148,0.022
1975.1377,Minidoka,PIH,sc,16067,2.33697,42.8544,-113.6375,60800.0,0.838,0.05763,0.18764067890161445,0.168,0.41271,0.05196,0.0,0.112,11.38,22480.0,ID,M,4616,0.027
2217.9999,Nez Perce,OTX,nc,16069,10.08411,46.3268,-116.7502,65600.0,0.903,0.00621,0.22234142432279044,0.268,0.34517,0.05624,0.17148,0.11,19.38,42987.0,ID,P,22367,0.028
3111.8951,Oneida,PIH,se,16071,1.88934,42.1949,-112.5396,66200.0,0.911,0.02568,0.2578270273733118,0.262,0.17147,0.01927,0.05974,0.1,1.59,4953.0,ID,M,5879,0.03
19934.2047,Owyhee,BOI,sw,16073,1.18423,42.5816,-116.17,57100.0,0.787,0.06265,0.33745882682738804,0.137,0.03221,0.0087,0.03362,0.118,0.64,12722.0,ID,M,23607,0.039
1062.4364,Payette,BOI,sw,16075,13.49228,44.0067,-116.7608,61700.0,0.85,0.21521,0.6437366926390056,0.196,0.29553,0.07217,0.00012,0.112,25.68,27279.0,ID,M,14335,0.038
3736.1729,Power,PIH,se,16077,2.04955,42.6937,-112.8407,57400.0,0.791,0.17023,0.18249248971712936,0.167,0.25286,0.02683,0.0614,0.124,2.21,8253.0,ID,M,7657,0.038
6825.5186,Shoshone,OTX,pa,16079,0.80331,47.3516,-115.891,47000.0,0.647,0.0,0.8232301822806274,0.115,0.00031,0.01913,0.83998,0.157,2.05,14026.0,ID,P,5483,0.052
1167.0057,Teton,PIH,ee,16081,17.74453,43.7595,-111.2077,95600.0,1.316,0.04803,0.6338036012173538,0.483,0.31841,0.05312,0.33065,0.066,10.75,12549.0,ID,M,20708,0.023
4994.6854,Twin Falls,BOI,sc,16083,5.80737,42.356,-114.6671,63900.0,0.879,0.13911,0.42319355172204814,0.23,0.25274,0.04849,0.00706,0.105,19.05,95156.0,ID,M,29006,0.032
9669.2672,Valley,BOI,sw,16085,2.7617,44.7667,-115.5661,74200.0,1.021,0.0009,0.8673247033441208,0.354,0.00863,0.01242,0.44245,0.078,1.31,12644.0,ID,M,26704,0.037
3815.9549,Washington,BOI,sw,16087,0.80217,44.4524,-116.7848,55100.0,0.758,0.02548,0.3439192014495706,0.19,0.066,0.02013,0.08881,0.135,2.99,11425.0,ID,M,3061,0.04
2256.6435,Adams,LSX,wc,17001,6.01625,39.9878,-91.1886,61700.0,0.805,0.16138,0.17560095300618772,0.27,0.67948,0.0865,0.18839,0.122,28.56,64441.0,IL,C,13577,0.036
654.0413,Alexander,PAH,ss,17003,13.88457,37.1915,-89.3376,41400.0,0.539,0.39357,0.8929489190551558,0.126,0.3904,0.06152,0.31288,0.258,7.18,4695.0,IL,C,9081,0.063
991.2321,Bond,LSX,sc,17005,4.17798,38.8868,-89.4356,66100.0,0.861,0.34385,0.3380851910928977,0.212,0.71559,0.08314,0.1756,0.136,16.6,16450.0,IL,C,4141,0.042
730.3118,Boone,LOT,nc,17007,16.80979,42.3231,-88.8234,83700.0,1.091,0.30963,0.6487291114301257,0.232,0.78994,0.14071,0.04415,0.108,72.85,53202.0,IL,C,12276,0.07
795.5937,Brown,LSX,wc,17009,1.78535,39.9618,-90.7504,78100.0,1.017,0.21825,0.1608863498874288,0.151,0.54423,0.05257,0.37355,0.137,7.91,6294.0,IL,C,1420,0.024
2261.6771,Bureau,DVN,nc,17011,13.02861,41.4041,-89.5287,63000.0,0.821,0.07938,0.2247833479793959,0.214,0.82833,0.07272,0.07135,0.114,14.47,32729.0,IL,C,29467,0.057
734.7259,Calhoun,LSX,sw,17013,19.00813,39.1692,-90.6675,68500.0,0.893,0.3495,0.3494667419474397,0.184,0.35367,0.04986,0.37288,0.099,5.88,4317.0,IL,C,13966,0.042
1206.202,Carroll,DVN,nw,17015,16.73012,42.0688,-89.9345,64200.0,0.836,0.12091,0.29949924799817423,0.182,0.72604,0.07074,0.12789,0.129,12.87,15526.0,IL,C,20180,0.044
993.9358,Cass,ILX,wc,17017,3.76665,39.9736,-90.2474,62100.0,0.81,0.36086,0.27311872587754504,0.2,0.69325,0.05592,0.14081,0.116,12.67,12596.0,IL,C,3744,0.044
2583.6513,Champaign,ILX,ec,17019,51.65699,40.1401,-88.1991,61200.0,0.798,0.0961,0.524128431535703,0.466,0.85421,0.12586,0.01019,0.162,79.59,205644.0,IL,C,133464,0.041
1853.6857,Christian,ILX,cc,17021,1.9572,39.5458,-89.2773,56900.0,0.741,0.04328,0.1477244560843962,0.165,0.85827,0.07553,0.03824,0.121,17.93,33228.0,IL,C,3628,0.051
1307.4469,Clark,ILX,ec,17023,2.2543,39.3335,-87.7878,63700.0,0.829,0.11434,0.3071191720825819,0.243,0.66987,0.08039,0.23164,0.12,11.54,15088.0,IL,C,2947,0.046
1216.8016,Clay,ILX,sc,17025,0.68884,38.7542,-88.4902,55300.0,0.72,0.08829,0.11505115916298067,0.156,0.72083,0.07262,0.16755,0.149,10.68,12999.0,IL,C,838,0.053
1303.8499,Clinton,LSX,sc,17027,21.50558,38.6065,-89.4224,79600.0,1.037,0.17397,0.29664199507772204,0.244,0.68801,0.09872,0.04679,0.075,28.21,36785.0,IL,C,28040,0.033
1321.0448,Coles,ILX,ec,17029,37.22839,39.5202,-88.2218,57700.0,0.752,0.04951,0.4943626868169128,0.271,0.77288,0.10192,0.11313,0.173,34.87,46060.0,IL,C,49180,0.044
2481.8358,Cook,LOT,ne,17031,455.48843,41.8399,-87.8167,76600.0,0.998,0.01247,0.9924086481100286,0.419,0.02771,0.8507,0.05109,0.132,2049.72,5087072.0,IL,C,1130448,0.044
1154.4178,Crawford,ILX,ec,17033,1.21841,39.0028,-87.7595,66300.0,0.864,0.25523,0.11299122812965462,0.206,0.69059,0.08072,0.17977,0.142,15.85,18300.0,IL,C,1407,0.04
898.7704,Cumberland,ILX,ec,17035,1.58005,39.2732,-88.2403,79100.0,1.031,0.07394,0.3359029954839868,0.186,0.72572,0.08057,0.18194,0.112,11.42,10261.0,IL,C,1420,0.035
1644.5772,De Kalb,LOT,nc,17037,12.7551,41.8934,-88.7704,71900.0,0.937,0.25228,0.43716096482865796,0.327,0.85846,0.11356,0.01644,0.125,60.98,100288.0,IL,C,20977,0.047
1049.1755,De Witt,ILX,cc,17039,11.21871,40.1746,-88.9041,64300.0,0.837,0.22055,0.3599628487283779,0.214,0.83788,0.07728,0.05961,0.108,14.64,15365.0,IL,C,11770,0.044
1081.1036,Douglas,ILX,ec,17041,1.67213,39.7695,-88.2174,67800.0,0.883,0.33135,0.2689147679898624,0.202,0.88201,0.08704,0.01537,0.09,18.16,19629.0,IL,C,1808,0.036
871.5633,DuPage,LOT,ne,17043,457.12788,41.852,-88.0857,102000.0,1.334,0.04347,1.0,0.514,0.0396,0.84341,0.05183,0.066,1056.97,921213.0,IL,C,398416,0.034
1616.7896,Edgar,ILX,ec,17045,1.05428,39.6786,-87.7456,63400.0,0.827,0.21355,0.13508172997254211,0.201,0.84335,0.06836,0.08676,0.136,10.1,16334.0,IL,C,1705,0.037
576.7015,Edwards,PAH,se,17047,2.47962,38.4165,-88.0532,58400.0,0.761,0.67622,0.21093098862423237,0.139,0.77306,0.07477,0.11599,0.139,10.35,5968.0,IL,C,1430,0.047
1242.8989,Effingham,ILX,sc,17049,2.03707,39.0597,-88.5899,74800.0,0.975,0.37127,0.25782611777853764,0.26,0.69471,0.10901,0.19047,0.098,27.62,34331.0,IL,C,2532,0.032
1878.6579,Fayette,LSX,sc,17051,2.70786,39.0002,-89.0242,57700.0,0.752,0.09141,0.255330059660722,0.166,0.67225,0.07464,0.20339,0.17,11.27,21164.0,IL,C,5087,0.049
1259.8496,Ford,LOT,ec,17053,2.1009,40.5972,-88.2233,67100.0,0.875,0.33172,0.30026087734099505,0.194,0.91865,0.07472,0.00468,0.11,10.52,13250.0,IL,C,2647,0.044
1117.211,Franklin,PAH,sc,17055,6.52831,37.9923,-88.9242,49100.0,0.64,0.03364,0.2992750610682252,0.171,0.59255,0.12206,0.15638,0.179,33.24,37138.0,IL,C,7293,0.055
2285.96,Fulton,ILX,wc,17057,5.77175,40.4728,-90.2075,57400.0,0.747,0.38578,0.20401005554879778,0.176,0.62185,0.06513,0.25777,0.118,14.24,32541.0,IL,C,13194,0.053
850.6133,Gallatin,PAH,ss,17059,2.25524,37.7628,-88.2305,51400.0,0.669,0.25856,0.39232134585131606,0.153,0.69227,0.05601,0.15413,0.175,5.49,4670.0,IL,C,1918,0.054
1415.3309,Greene,LSX,sw,17061,0.83975,39.3562,-90.3905,58200.0,0.758,0.16554,0.1620198792918828,0.163,0.73214,0.05475,0.17864,0.138,8.16,11543.0,IL,C,1189,0.044
1114.7177,Grundy,LOT,ne,17063,12.10926,41.285,-88.4185,93900.0,1.223,0.05364,0.4762045788859939,0.242,0.74161,0.12665,0.05895,0.068,48.06,53578.0,IL,C,13498,0.046
1128.7667,Hamilton,PAH,sc,17065,1.5979,38.0816,-88.5391,57000.0,0.743,0.13473,0.12107916304746043,0.185,0.73428,0.06949,0.17665,0.113,7.01,7911.0,IL,C,1804,0.038
2109.6332,Hancock,DVN,wc,17067,1.45191,40.4037,-91.1647,63300.0,0.825,0.1936,0.11918707583357921,0.242,0.75218,0.06303,0.14541,0.13,8.15,17186.0,IL,C,3063,0.041
470.2593,Hardin,PAH,ss,17069,2.70017,37.5182,-88.2669,46600.0,0.607,0.10553,0.8588955161691062,0.122,0.24822,0.05334,0.64213,0.192,7.59,3569.0,IL,C,1270,0.055
1023.2998,Henderson,DVN,wc,17071,1.86334,40.8181,-90.9251,61900.0,0.806,0.34824,0.18945462785351885,0.192,0.72624,0.05878,0.1218,0.132,5.95,6088.0,IL,C,1907,0.042
2138.2121,Henry,DVN,nw,17073,3.61986,41.3531,-90.1314,70500.0,0.919,0.0938,0.2890235333190761,0.243,0.8545,0.0818,0.05041,0.096,22.66,48448.0,IL,C,7740,0.049
2895.6017,Iroquois,LOT,ec,17075,1.58506,40.7474,-87.8243,65200.0,0.849,0.09022,0.16356640257676802,0.167,0.89152,0.07275,0.01741,0.123,9.03,26136.0,IL,C,4590,0.046
1560.6253,Jackson,PAH,ss,17077,31.2143,37.7852,-89.3821,44800.0,0.583,0.15763,0.7472214792454753,0.351,0.45297,0.09337,0.33928,0.207,33.41,52141.0,IL,C,48714,0.044
1289.8071,Jasper,ILX,se,17079,4.60767,39.01,-88.1538,66300.0,0.864,0.59061,0.18248784600560616,0.206,0.76447,0.0685,0.14385,0.094,7.09,9144.0,IL,C,5943,0.04
1511.9215,Jefferson,PAH,sc,17081,5.48879,38.3005,-88.924,58600.0,0.764,0.20907,0.2733033572201402,0.184,0.60719,0.10464,0.22028,0.154,24.02,36320.0,IL,C,8299,0.047
976.2123,Jersey,LSX,sw,17083,11.14947,39.0856,-90.3566,72400.0,0.943,0.02308,0.2653976391657964,0.205,0.58314,0.07945,0.29064,0.108,21.6,21091.0,IL,C,10884,0.039
1602.4978,Jo Daviess,DVN,nw,17085,5.53386,42.3657,-90.2123,67200.0,0.876,0.29488,0.4224984548381533,0.288,0.62513,0.07171,0.23951,0.086,13.58,21756.0,IL,C,8868,0.041
903.5725,Johnson,PAH,ss,17087,14.54319,37.4596,-88.8809,59800.0,0.779,0.20675,0.9709650558623713,0.188,0.38374,0.06487,0.47189,0.152,14.75,13326.0,IL,C,13141,0.058
1357.2005,Kane,LOT,ne,17089,145.66007,41.939,-88.4287,93500.0,1.218,0.25013,0.8272838448182127,0.375,0.50351,0.39847,0.05675,0.084,379.44,514982.0,IL,C,197690,0.051
1765.1762,Kankakee,LOT,ne,17091,30.28409,41.1377,-87.8618,70500.0,0.919,0.03015,0.570630566966283,0.204,0.80201,0.12673,0.03918,0.115,60.02,105940.0,IL,C,53457,0.058
835.5613,Kendall,LOT,ne,17093,62.63571,41.5906,-88.4289,103000.0,1.336,0.07255,0.6817140828911304,0.364,0.7314,0.20249,0.04488,0.051,167.52,139976.0,IL,C,52336,0.038
1863.9391,Knox,ILX,wc,17095,9.28791,40.9318,-90.2133,57700.0,0.751,0.05938,0.294020604977427,0.203,0.74817,0.08759,0.15045,0.163,25.97,48411.0,IL,C,17312,0.055
1218.8705,Lake,LOT,ne,17097,273.26307,42.3231,-88.0036,102000.0,1.324,0.11639,0.9968381882933065,0.47,0.12925,0.61428,0.09687,0.082,581.49,708760.0,IL,C,333072,0.05
2973.637,La Salle,LOT,nc,17099,19.22508,41.3439,-88.8859,64700.0,0.843,0.38791,0.32702804133882246,0.187,0.7951,0.10571,0.06466,0.116,36.42,108309.0,IL,C,57168,0.058
968.5901,Lawrence,ILX,se,17101,1.81596,38.72,-87.7266,57500.0,0.749,0.26493,0.16821523205472833,0.146,0.72727,0.08268,0.12039,0.183,15.29,14813.0,IL,C,1759,0.053
1888.8673,Lee,LOT,nc,17103,11.74122,41.7461,-89.3005,67400.0,0.878,0.24336,0.40662272130025284,0.194,0.86319,0.07693,0.04143,0.101,17.82,33654.0,IL,C,22178,0.044
2707.6634,Livingston,LOT,cc,17105,1.17216,40.8914,-88.5578,74400.0,0.97,0.28042,0.1654098203203499,0.185,0.89991,0.07789,0.01235,0.111,13.04,35320.0,IL,C,3174,0.041
1603.4009,Logan,ILX,cc,17107,2.59834,40.1245,-89.3676,53800.0,0.701,0.1553,0.16118986565829455,0.199,0.89063,0.07215,0.01991,0.144,17.21,27590.0,IL,C,4166,0.047
1528.1097,McDonough,DVN,wc,17109,2.74064,40.4562,-90.678,52800.0,0.688,0.24594,0.1665246898856729,0.318,0.79565,0.07406,0.11664,0.199,17.56,26839.0,IL,C,4188,0.046
1582.8791,McHenry,LOT,ne,17111,89.24464,42.3244,-88.4524,99100.0,1.292,0.14736,0.6986114252205049,0.352,0.56815,0.26328,0.09116,0.063,197.61,312800.0,IL,C,141263,0.037
3072.3113,McLean,ILX,cc,17113,20.08757,40.4908,-88.8473,71800.0,0.936,0.16349,0.46710641789156154,0.469,0.86157,0.10816,0.02426,0.11,55.48,170441.0,IL,C,61715,0.039
1516.3463,Macon,ILX,cc,17115,11.70027,39.8599,-88.9617,60600.0,0.79,0.07491,0.32852392760348736,0.241,0.78813,0.15305,0.03865,0.157,66.34,100591.0,IL,C,17742,0.06
2247.1032,Macoupin,LSX,sw,17117,1.44008,39.261,-89.9244,69900.0,0.911,0.37145,0.3014926305271047,0.188,0.71815,0.07743,0.19147,0.13,19.59,44018.0,IL,C,3236,0.041
1917.6133,Madison,LSX,sw,17119,37.80473,38.8299,-89.9051,67400.0,0.879,0.03317,0.42617911090289823,0.308,0.55604,0.24773,0.12996,0.111,137.02,262752.0,IL,C,72495,0.041
1490.9953,Marion,LSX,sc,17121,6.187,38.6496,-88.919,58500.0,0.762,0.10439,0.2214863905236041,0.173,0.63903,0.10144,0.242,0.16,24.6,36673.0,IL,C,9225,0.049
1032.0815,Marshall,ILX,cc,17123,7.27656,41.0332,-89.3448,69600.0,0.907,0.12796,0.2461458673912308,0.187,0.77286,0.064,0.10888,0.102,11.32,11683.0,IL,C,7510,0.052
1459.1207,Mason,ILX,cc,17125,15.56787,40.2397,-89.9168,60800.0,0.792,0.03416,0.35995288304453577,0.171,0.75291,0.05511,0.0755,0.149,8.58,12523.0,IL,C,22715,0.052
627.1338,Massac,PAH,ss,17127,18.86896,37.219,-88.7078,52900.0,0.689,0.11608,0.7850508719371376,0.163,0.60249,0.09076,0.21683,0.177,21.78,13661.0,IL,C,11833,0.05
816.716,Menard,ILX,cc,17129,40.70007,40.0274,-89.8022,78100.0,1.018,0.29485,0.3270544364675542,0.265,0.82271,0.06298,0.0926,0.103,14.64,11954.0,IL,C,33240,0.039
1473.417,Mercer,DVN,nw,17131,1.58407,41.2053,-90.7414,70400.0,0.918,0.16195,0.13178869936476903,0.189,0.79383,0.05913,0.10607,0.098,10.51,15487.0,IL,C,2334,0.047
1030.0916,Monroe,LSX,sw,17133,13.25817,38.2785,-90.1774,100000.0,1.309,0.1236,0.6162184201949955,0.382,0.60942,0.10165,0.20679,0.049,33.94,34957.0,IL,C,13657,0.031
1838.3129,Montgomery,LSX,sc,17135,2.33147,39.231,-89.4789,56400.0,0.735,0.20835,0.19020444244349569,0.182,0.77435,0.08151,0.13017,0.147,15.05,27663.0,IL,C,4286,0.051
1482.1033,Morgan,ILX,wc,17137,2.19243,39.7156,-90.2015,64800.0,0.845,0.13849,0.15470905315825467,0.233,0.79002,0.08123,0.10956,0.139,21.69,32140.0,IL,C,3249,0.042
892.1186,Moultrie,ILX,cc,17139,2.50045,39.6413,-88.6194,75500.0,0.984,0.06904,0.16715264562202037,0.188,0.82243,0.07531,0.06274,0.11,16.08,14342.0,IL,C,2231,0.036
1976.8384,Ogle,LOT,nc,17141,9.84402,42.0427,-89.3207,78600.0,1.024,0.21891,0.4074659180288554,0.24,0.81346,0.08701,0.08041,0.092,25.93,51265.0,IL,C,19460,0.054
1633.9096,Peoria,ILX,cc,17143,34.63206,40.7881,-89.76,65400.0,0.852,0.2111,0.3968534756124541,0.345,0.5968,0.16686,0.19276,0.168,108.64,177513.0,IL,C,56586,0.055
1157.1719,Perry,PAH,sc,17145,2.19407,38.0838,-89.3671,53100.0,0.691,0.14061,0.308793975462994,0.123,0.66142,0.08735,0.17071,0.17,17.72,20503.0,IL,C,2539,0.053
1140.3889,Piatt,ILX,cc,17147,13.60217,40.0104,-88.5911,85400.0,1.113,0.05905,0.40997751695080287,0.319,0.89114,0.07711,0.01903,0.068,14.66,16714.0,IL,C,15512,0.038
2198.6298,Pike,LSX,wc,17149,1.91076,39.6225,-90.8862,54200.0,0.707,0.09356,0.2071496839087767,0.188,0.65996,0.05738,0.22943,0.15,6.52,14342.0,IL,C,4201,0.045
970.2765,Pope,PAH,ss,17151,6.08106,37.4127,-88.5615,54900.0,0.715,0.07728,0.7962784874754774,0.168,0.26523,0.03675,0.64728,0.161,3.82,3707.0,IL,C,5900,0.039
526.7953,Pulaski,PAH,ss,17153,9.38076,37.2228,-89.1267,44900.0,0.585,0.31538,0.8467927180946161,0.119,0.617,0.07415,0.17825,0.224,9.32,4911.0,IL,C,4942,0.077
446.0919,Putnam,DVN,nc,17155,35.45706,41.2045,-89.2858,83000.0,1.082,0.16153,0.4092614142412284,0.246,0.62148,0.0732,0.15907,0.088,12.47,5561.0,IL,C,15817,0.056
1546.8417,Randolph,LSX,sw,17157,2.39671,38.0521,-89.8253,62600.0,0.815,0.42726,0.36977972353872735,0.142,0.60316,0.08745,0.22477,0.118,19.27,29815.0,IL,C,3707,0.04
937.8604,Richland,ILX,se,17159,0.78903,38.7124,-88.085,56800.0,0.741,0.07973,0.15307530683289527,0.189,0.74235,0.08766,0.13331,0.131,16.51,15488.0,IL,C,740,0.042
1168.4862,Rock Island,DVN,nw,17161,27.46236,41.4673,-90.5674,62700.0,0.816,0.13995,0.42252083831156967,0.241,0.54817,0.18864,0.15751,0.148,120.87,141236.0,IL,C,32089,0.051
1745.3659,St. Clair,LSX,sw,17163,18.78818,38.4703,-89.9284,67200.0,0.875,0.0494,0.42133848417886144,0.307,0.55577,0.25099,0.09925,0.134,143.82,251018.0,IL,C,32792,0.046
1002.2858,Saline,PAH,ss,17165,19.43629,37.7533,-88.5408,51000.0,0.664,0.22402,0.4988825318023007,0.202,0.60624,0.09645,0.21724,0.185,22.82,22873.0,IL,C,19481,0.05
2271.1761,Sangamon,ILX,cc,17167,19.88022,39.7582,-89.6589,73700.0,0.96,0.11094,0.3323406786677616,0.351,0.76678,0.1464,0.05663,0.119,85.19,193491.0,IL,C,45151,0.043
1143.3044,Schuyler,ILX,wc,17169,1.35572,40.158,-90.6151,63000.0,0.82,0.53677,0.1913875663980675,0.189,0.57132,0.05452,0.33379,0.137,5.89,6733.0,IL,C,1550,0.043
654.7305,Scott,ILX,wc,17171,1.00194,39.6442,-90.4747,64900.0,0.845,0.19665,0.20993126742148416,0.222,0.75656,0.05951,0.1554,0.114,7.19,4710.0,IL,C,656,0.051
1989.0755,Shelby,ILX,cc,17173,1.14659,39.3911,-88.8055,65400.0,0.852,0.18415,0.15852817081983264,0.176,0.77624,0.07366,0.13113,0.106,10.34,20568.0,IL,C,2281,0.044
746.6821,Stark,ILX,nc,17175,1.26682,41.0934,-89.7975,59200.0,0.772,0.29275,0.1402340106528833,0.193,0.90258,0.05491,0.04047,0.113,6.99,5218.0,IL,C,946,0.056
1462.5049,Stephenson,DVN,nw,17177,4.568,42.3517,-89.6625,61000.0,0.795,0.15911,0.34257169888378625,0.217,0.83768,0.09075,0.05442,0.127,29.47,43105.0,IL,C,6681,0.05
1704.0499,Tazewell,ILX,cc,17179,26.75358,40.5075,-89.5134,73300.0,0.955,0.17309,0.36697759357093523,0.284,0.73497,0.13682,0.08764,0.089,76.02,129541.0,IL,C,45589,0.045
1093.2946,Union,PAH,ss,17181,16.88323,37.4712,-89.2551,51100.0,0.666,0.14462,0.9613917419427915,0.209,0.40715,0.06316,0.44536,0.159,15.24,16667.0,IL,C,18458,0.054
2336.5484,Vermilion,ILX,ec,17183,6.9639,40.1836,-87.7329,52100.0,0.679,0.04026,0.35076364030234086,0.162,0.80335,0.09827,0.08228,0.195,30.67,71652.0,IL,C,16271,0.058
589.8386,Wabash,PAH,se,17185,2.09046,38.4461,-87.8443,63800.0,0.831,0.08759,0.13491874498472153,0.187,0.76172,0.08006,0.08893,0.144,18.55,10942.0,IL,C,1233,0.034
1406.8856,Warren,DVN,wc,17187,1.15082,40.8488,-90.615,57400.0,0.747,0.6127,0.15750465685161852,0.22,0.85962,0.06673,0.07028,0.121,11.5,16185.0,IL,C,1619,0.042
1461.06,Washington,LSX,sc,17189,1.67618,38.3522,-89.4105,72000.0,0.938,0.06656,0.24975656707439342,0.244,0.76787,0.07614,0.10473,0.087,9.26,13536.0,IL,C,2449,0.028
1853.4572,Wayne,PAH,sc,17191,0.63817,38.4295,-88.4256,53400.0,0.695,0.47091,0.11608098995919233,0.162,0.76423,0.06993,0.10805,0.127,8.5,15761.0,IL,C,1183,0.046
1299.408,White,PAH,se,17193,5.49863,38.0875,-88.1795,54600.0,0.712,0.06956,0.1591459965137083,0.149,0.75236,0.07453,0.11305,0.149,10.31,13401.0,IL,C,7145,0.041
1805.1583,Whiteside,DVN,nw,17195,8.54492,41.7564,-89.9141,62000.0,0.808,0.04473,0.29862284793237637,0.201,0.81534,0.09209,0.05013,0.114,30.19,54498.0,IL,C,15425,0.047
2199.6281,Will,LOT,ne,17197,60.2318,41.445,-87.9787,97100.0,1.265,0.15752,0.8402678331206985,0.365,0.47169,0.38265,0.05363,0.072,318.57,700728.0,IL,C,132488,0.042
1150.987,Williamson,PAH,ss,17199,19.86919,37.7303,-88.9299,64200.0,0.836,0.18994,0.5150934654035891,0.275,0.40119,0.1447,0.36182,0.168,57.96,66706.0,IL,C,22869,0.044
1344.817,Winnebago,LOT,nc,17201,45.86137,42.3363,-89.1609,62600.0,0.815,0.12995,0.7495608663094775,0.246,0.57686,0.2862,0.07497,0.147,208.89,280922.0,IL,C,61675,0.062
1405.5479,Woodford,ILX,cc,17203,13.86964,40.7882,-89.2111,85900.0,1.119,0.39452,0.31308630956070427,0.361,0.77519,0.08634,0.09781,0.069,27.24,38285.0,IL,C,19494,0.04
880.4713,Adams,IWX,ne,18001,4.36051,40.7456,-84.9366,60600.0,0.908,0.77905,0.15043856064083297,0.152,0.81367,0.11268,0.05857,0.114,41.21,36288.0,IN,E,3839,0.027
1709.6697,Allen,IWX,ne,18003,28.17699,41.0908,-85.0665,66000.0,0.988,0.18286,0.4266002338425619,0.311,0.57365,0.31134,0.07804,0.13,230.77,394545.0,IN,E,48173,0.031
1060.2648,Bartholomew,IND,cc,18005,3.64987,39.2059,-85.8977,68900.0,1.032,0.05969,0.3163727997706405,0.354,0.56268,0.14985,0.25843,0.1,79.23,84003.0,IN,E,3870,0.028
1052.5349,Benton,LOT,nw,18007,1.96053,40.6063,-87.3109,62200.0,0.932,0.08287,0.20865921529044626,0.188,0.92351,0.06774,0.00632,0.099,8.29,8729.0,IN,E,2064,0.026
428.4526,Blackford,IWX,ec,18009,3.3849,40.4735,-85.3248,54800.0,0.821,0.05102,0.2897446179094093,0.135,0.79166,0.1042,0.0895,0.157,27.76,11893.0,IN,E,1450,0.04
1096.4407,Boone,IND,cc,18011,30.70151,40.0508,-86.4687,103000.0,1.54,0.12216,0.4696578880896507,0.505,0.78317,0.15515,0.05199,0.047,69.42,76120.0,IN,E,33662,0.025
820.0429,Brown,IND,sc,18013,37.82158,39.1962,-86.2274,74200.0,1.111,0.01461,0.821442471782282,0.26,0.07329,0.06357,0.84062,0.099,19.09,15653.0,IN,E,31015,0.033
971.3893,Carroll,IND,nc,18015,1.77965,40.5829,-86.5635,64700.0,0.969,0.11684,0.20599407394158195,0.155,0.78765,0.09274,0.09351,0.092,21.13,20525.0,IN,E,1729,0.029
1074.6171,Cass,IWX,nc,18017,1.04316,40.7615,-86.346,60500.0,0.905,0.36931,0.17318570425601876,0.156,0.75363,0.10886,0.11377,0.131,35.05,37666.0,IN,E,1121,0.037
974.3429,Clark,LMK,sc,18019,15.2959,38.4773,-85.7073,68500.0,1.026,0.10205,0.4884732514465536,0.255,0.36392,0.20976,0.40072,0.094,128.77,125467.0,IN,E,14903,0.031
933.3916,Clay,IND,wc,18021,4.9067,39.3928,-87.1158,59100.0,0.885,0.36027,0.3612132554632861,0.17,0.61589,0.09978,0.2587,0.126,28.35,26460.0,IN,E,4580,0.034
1049.5381,Clinton,IND,cc,18023,0.84811,40.3017,-86.4752,60900.0,0.912,0.20222,0.21170829492855453,0.167,0.85103,0.09812,0.03914,0.114,31.19,32730.0,IN,E,890,0.026
800.136,Crawford,LMK,sc,18025,2.56768,38.2923,-86.4517,53500.0,0.802,0.23704,0.40319289954469484,0.111,0.19525,0.07401,0.70611,0.177,13.05,10438.0,IN,E,2054,0.036
1131.3839,Daviess,IND,sw,18027,1.25889,38.7024,-87.0721,63800.0,0.955,0.1004,0.23666222499118686,0.151,0.71733,0.10443,0.13089,0.106,29.75,33656.0,IN,E,1424,0.024
795.1955,Dearborn,ILN,se,18029,9.79986,39.1453,-84.9733,77600.0,1.163,0.49515,0.4272522299051927,0.26,0.331,0.13742,0.51347,0.079,64.41,51215.0,IN,E,7793,0.033
967.0038,Decatur,IND,cc,18031,4.5946,39.3069,-85.5013,65800.0,0.986,0.43844,0.30145826688739374,0.201,0.73566,0.10107,0.15784,0.106,27.3,26399.0,IN,E,4443,0.027
942.2622,De Kalb,IWX,ne,18033,7.96551,41.3976,-84.9991,72900.0,1.092,0.38731,0.4501190292458203,0.201,0.69911,0.13424,0.09702,0.113,46.91,44198.0,IN,E,7506,0.03
1025.4947,Delaware,IND,ec,18035,18.82116,40.2275,-85.3969,54100.0,0.81,0.11766,0.40927666098849824,0.257,0.70539,0.19069,0.07788,0.194,109.53,112321.0,IN,E,19301,0.038
1127.2025,Dubois,LMK,sc,18037,2.58826,38.3643,-86.8798,71200.0,1.066,0.15321,0.29314645186085336,0.243,0.51323,0.11867,0.32658,0.077,38.63,43546.0,IN,E,2917,0.025
1211.8149,Elkhart,IWX,nc,18039,72.48379,41.5974,-85.8587,63800.0,0.955,0.11565,0.6455019459202453,0.197,0.55604,0.28882,0.04742,0.117,170.33,206409.0,IN,E,87837,0.04
557.1381,Fayette,ILN,ec,18041,12.3108,39.6401,-85.1787,54900.0,0.822,0.06255,0.4877031752622706,0.164,0.64565,0.09925,0.24956,0.161,41.93,23362.0,IN,E,6859,0.044
384.0498,Floyd,LMK,sc,18043,37.06119,38.3194,-85.9068,74300.0,1.112,0.05632,0.7845311635018409,0.313,0.26671,0.27922,0.439,0.102,210.41,80809.0,IN,E,14233,0.028
1030.4837,Fountain,IND,wc,18045,1.00729,40.1209,-87.2419,64000.0,0.958,0.30732,0.19223857173692427,0.137,0.73185,0.07559,0.16847,0.106,16.24,16731.0,IN,E,1038,0.031
1013.488,Franklin,ILN,se,18047,15.82537,39.4148,-85.0603,74800.0,1.12,0.07762,0.5156615081778319,0.195,0.44394,0.08119,0.45108,0.088,22.79,23096.0,IN,E,16039,0.031
962.0836,Fulton,IWX,nc,18049,1.17102,41.047,-86.2636,62400.0,0.935,0.10563,0.19155229757626727,0.162,0.78346,0.0936,0.06857,0.11,21.16,20358.0,IN,E,1127,0.035
1292.4501,Gibson,PAH,sw,18051,21.76694,38.3118,-87.5846,66200.0,0.992,0.11712,0.43248966998193905,0.19,0.70592,0.10601,0.09021,0.11,25.46,32904.0,IN,C,28133,0.024
1074.3936,Grant,IWX,cc,18053,5.81974,40.5158,-85.6548,51100.0,0.765,0.14698,0.33704799937010743,0.204,0.75543,0.14306,0.08485,0.2,61.62,66200.0,IN,E,6253,0.035
1414.1104,Greene,IND,sw,18055,39.54348,39.0364,-86.962,61700.0,0.924,0.38641,0.41940002852905794,0.146,0.47284,0.08538,0.40936,0.119,22.06,31196.0,IN,E,55919,0.039
1042.9791,Hamilton,IND,cc,18057,87.43444,40.0725,-86.052,117000.0,1.753,0.07871,0.5592982106021949,0.618,0.5015,0.40836,0.05714,0.048,356.33,371645.0,IN,E,91192,0.025
794.3999,Hancock,IND,cc,18059,33.37627,39.8235,-85.7732,87800.0,1.316,0.17896,0.6062749832865769,0.342,0.73356,0.1973,0.05774,0.057,108.47,86166.0,IN,E,26514,0.028
1260.8812,Harrison,LMK,sc,18061,12.71142,38.1952,-86.1113,72300.0,1.082,0.41703,0.36619127074734353,0.22,0.4064,0.09478,0.48373,0.086,31.73,40006.0,IN,E,16028,0.028
1058.8983,Hendricks,IND,cc,18063,45.11853,39.7695,-86.51,94800.0,1.419,0.0949,0.5341520688817512,0.396,0.62985,0.25998,0.10506,0.056,176.02,186387.0,IN,E,47776,0.027
1022.8712,Henry,IND,ec,18065,14.27412,39.931,-85.3964,54700.0,0.819,0.04007,0.4098769209341725,0.167,0.77034,0.12013,0.09675,0.127,47.83,48929.0,IN,E,14601,0.034
761.4037,Howard,IND,cc,18067,4.46484,40.4836,-86.117,57000.0,0.853,0.06324,0.22583987749084028,0.2,0.74628,0.18673,0.04803,0.127,110.1,83831.0,IN,E,3400,0.05
1004.7041,Huntington,IWX,ne,18069,17.39572,40.8291,-85.4881,59500.0,0.891,0.02168,0.3387255755334826,0.231,0.73077,0.11412,0.12543,0.089,36.61,36781.0,IN,E,17478,0.03
1330.4225,Jackson,IND,sc,18071,14.11001,38.9064,-86.0376,66100.0,0.99,0.06927,0.4469027317554372,0.203,0.50568,0.09981,0.32702,0.101,34.92,46460.0,IN,E,18772,0.028
1453.5156,Jasper,LOT,nw,18073,3.15931,41.023,-87.1162,75700.0,1.134,0.08209,0.3273166755758085,0.181,0.79421,0.09725,0.08039,0.087,23.07,33535.0,IN,C,4592,0.036
994.1447,Jay,IWX,ec,18075,3.57495,40.438,-85.0057,57700.0,0.864,0.05121,0.21593606281547953,0.127,0.80659,0.09231,0.08768,0.134,20.15,20032.0,IN,E,3554,0.031
940.0382,Jefferson,LMK,sc,18077,4.15114,38.7858,-85.4385,64200.0,0.962,0.1453,0.7627162349873136,0.181,0.39398,0.10091,0.4693,0.121,35.16,33056.0,IN,E,3902,0.031
980.014,Jennings,IND,se,18079,4.64944,38.9969,-85.6281,63600.0,0.953,0.04997,0.3532795951333243,0.136,0.46163,0.09215,0.42932,0.134,28.19,27622.0,IN,E,4557,0.034
832.893,Johnson,IND,cc,18081,51.6266,39.4899,-86.1017,83000.0,1.244,0.07721,0.5439719077741073,0.333,0.57629,0.26743,0.14179,0.072,201.49,167819.0,IN,E,42999,0.027
1357.1428,Knox,IND,sw,18083,4.22058,38.6891,-87.418,58200.0,0.872,0.11004,0.3220132621794245,0.178,0.76643,0.10333,0.06971,0.157,26.58,36070.0,IN,E,5728,0.03
1435.5049,Kosciusko,IWX,nc,18085,14.10295,41.2441,-85.8607,71600.0,1.073,0.01704,0.2349746798575683,0.246,0.66729,0.14169,0.09111,0.094,55.98,80364.0,IN,E,20245,0.034
1001.4497,Lagrange,IWX,ne,18087,19.9631,41.6427,-85.4265,81000.0,1.213,0.05917,0.6113174780595604,0.111,0.6667,0.11008,0.02832,0.084,40.85,40907.0,IN,E,19992,0.031
1299.7449,Lake,LOT,nw,18089,50.78471,41.4156,-87.3817,66200.0,0.991,0.02883,0.6196999189110818,0.249,0.39898,0.44161,0.06475,0.143,385.15,500598.0,IN,C,66007,0.05
1563.3724,La Porte,IWX,nw,18091,22.43028,41.546,-86.74,66300.0,0.994,0.03188,0.47485393401361164,0.217,0.63341,0.15099,0.10871,0.143,71.45,111706.0,IN,C,35067,0.04
1170.8613,Lawrence,IND,sc,18093,9.15311,38.8412,-86.4834,60100.0,0.901,0.05925,0.45510174152890526,0.205,0.38265,0.10033,0.49753,0.121,38.5,45084.0,IN,E,10717,0.038
1173.1238,Madison,IND,cc,18095,16.85302,40.1617,-85.7194,58900.0,0.883,0.03404,0.42150601011102196,0.201,0.7238,0.1972,0.05835,0.13,112.95,132504.0,IN,E,19771,0.036
1043.784,Marion,IND,cc,18097,248.45841,39.7816,-86.1384,62800.0,0.94,0.06062,0.9407276754583863,0.341,0.08403,0.82123,0.06338,0.156,927.84,968460.0,IN,E,259337,0.033
1165.3191,Marshall,IWX,nc,18099,3.71315,41.325,-86.2618,70900.0,1.062,0.18211,0.35959424928602374,0.204,0.69879,0.12478,0.09501,0.106,39.78,46352.0,IN,E,4327,0.034
881.9168,Martin,IND,sw,18101,3.61327,38.708,-86.8031,64200.0,0.962,0.0681,0.23813593092760685,0.132,0.23025,0.07746,0.66868,0.132,11.22,9897.0,IN,E,3187,0.028
977.3816,Miami,IWX,nc,18103,3.57555,40.7695,-86.0451,60800.0,0.911,0.16854,0.3110602696094924,0.161,0.73878,0.11823,0.12366,0.152,36.22,35402.0,IN,E,3495,0.039
1065.2024,Monroe,IND,sc,18105,97.79125,39.1609,-86.5231,64300.0,0.963,0.07502,0.8959556038298999,0.491,0.18505,0.16389,0.59548,0.177,130.81,139342.0,IN,E,104167,0.033
1308.705,Montgomery,IND,wc,18107,7.19732,40.0404,-86.8933,66300.0,0.993,0.53518,0.3305658230457865,0.195,0.79109,0.094,0.10557,0.109,29.47,38573.0,IN,E,9419,0.028
1060.3808,Morgan,IND,cc,18109,20.85299,39.4815,-86.4462,75500.0,1.131,0.4034,0.5870463402488988,0.206,0.44135,0.13709,0.39777,0.098,69.06,73227.0,IN,E,22112,0.03
1045.3112,Newton,LOT,nw,18111,25.76295,40.9559,-87.3975,66800.0,1.001,0.27185,0.530748030675042,0.137,0.78452,0.07781,0.07694,0.102,13.35,13960.0,IN,C,26930,0.039
1081.6904,Noble,IWX,ne,18113,18.3274,41.3986,-85.4174,69600.0,1.042,0.07299,0.4626789720815118,0.178,0.64778,0.11688,0.10443,0.106,43.85,47430.0,IN,E,19825,0.037
226.539,Ohio,ILN,se,18115,2.91964,38.9501,-84.965,70600.0,1.058,0.20713,0.40267932557120095,0.19,0.37193,0.08983,0.51992,0.092,26.5,6004.0,IN,E,661,0.03
1057.2084,Orange,LMK,sc,18117,3.02116,38.5418,-86.4951,54100.0,0.811,0.10426,0.4433015095749501,0.152,0.32163,0.07911,0.57026,0.137,18.58,19638.0,IN,E,3194,0.034
1004.439,Owen,IND,wc,18119,7.06331,39.3129,-86.8376,62500.0,0.935,0.33845,0.38229831891111105,0.17,0.33475,0.07207,0.56859,0.125,21.44,21532.0,IN,E,7095,0.037
1165.6711,Parke,IND,wc,18121,4.66515,39.7736,-87.2063,64700.0,0.969,0.03089,0.2789206470305078,0.142,0.50987,0.06971,0.38612,0.152,14.14,16484.0,IN,E,5438,0.033
1000.6292,Perry,LMK,sc,18123,5.26968,38.0797,-86.638,55500.0,0.831,0.08174,0.3363484245753615,0.165,0.22797,0.07531,0.67012,0.143,19.2,19209.0,IN,C,5273,0.03
883.5957,Pike,PAH,sw,18125,8.12211,38.3988,-87.2322,63500.0,0.951,0.12569,0.31677839007851927,0.157,0.46103,0.08038,0.36089,0.108,13.7,12106.0,IN,E,7177,0.033
1087.6895,Porter,LOT,nw,18127,117.87182,41.4605,-87.0672,84400.0,1.263,0.0206,0.4419335978882338,0.301,0.51949,0.26164,0.11023,0.093,161.2,175335.0,IN,C,128208,0.037
1086.2615,Posey,PAH,sw,18129,7.19217,38.0218,-87.8684,75900.0,1.137,0.07219,0.41511846877668046,0.253,0.68419,0.09656,0.11494,0.093,23.05,25040.0,IN,C,7813,0.027
1125.4962,Pulaski,IWX,nw,18131,2.97534,41.0419,-86.6989,60500.0,0.906,0.36014,0.15799079920638856,0.137,0.79083,0.07987,0.09052,0.113,11.0,12385.0,IN,E,3349,0.029
1249.8936,Putnam,IND,wc,18133,27.06004,39.6663,-86.845,68300.0,1.023,0.40148,0.49650292820102687,0.199,0.55802,0.09226,0.33363,0.108,30.06,37567.0,IN,E,33822,0.032
1173.7501,Randolph,IND,ec,18135,0.64885,40.1576,-85.0114,56900.0,0.853,0.24423,0.20011093051941423,0.144,0.83318,0.09028,0.0621,0.146,20.63,24216.0,IN,E,762,0.032
1159.9861,Ripley,ILN,se,18137,3.73367,39.1034,-85.2624,63600.0,0.952,0.12145,0.5673935334568819,0.194,0.49455,0.09016,0.3943,0.103,25.2,29227.0,IN,E,4331,0.035
1058.4744,Rush,IND,cc,18139,1.81616,39.6199,-85.4658,61700.0,0.923,0.09155,0.2964765423431678,0.168,0.85697,0.0768,0.05487,0.108,15.92,16847.0,IN,E,1922,0.027
1193.9423,St. Joseph,IWX,nc,18141,49.89713,41.6167,-86.2898,61000.0,0.914,0.05399,0.5381949859289538,0.326,0.52678,0.30094,0.09938,0.142,228.53,272848.0,IN,E,59574,0.039
499.1106,Scott,LMK,sc,18143,3.4827,38.6851,-85.7474,57800.0,0.866,0.02589,0.35457389379990967,0.124,0.44349,0.11311,0.39109,0.145,49.4,24657.0,IN,E,1738,0.035
1069.9176,Shelby,IND,cc,18145,1.92754,39.5236,-85.7918,66000.0,0.989,0.08825,0.3430037926250548,0.194,0.80174,0.11826,0.06391,0.112,42.28,45231.0,IN,E,2062,0.028
1039.195,Spencer,PAH,sw,18147,9.40607,38.0142,-87.0077,70400.0,1.055,0.13811,0.3269061701045651,0.212,0.62195,0.10383,0.22433,0.087,19.16,19910.0,IN,C,9775,0.029
808.8171,Starke,IWX,nw,18149,6.60496,41.281,-86.6478,58500.0,0.877,0.55501,0.33759452837173226,0.126,0.63104,0.10529,0.16158,0.131,28.69,23206.0,IN,C,5342,0.041
835.2741,Steuben,IWX,ne,18151,13.3893,41.6439,-85.0008,73300.0,1.097,0.13394,0.4344899539564284,0.247,0.56411,0.13244,0.04902,0.102,41.8,34917.0,IN,E,11184,0.027
1175.8976,Sullivan,IND,sw,18153,13.13658,39.0888,-87.4146,55500.0,0.831,0.31061,0.32929414989037276,0.143,0.61434,0.09057,0.21577,0.156,17.65,20757.0,IN,E,15447,0.038
578.8665,Switzerland,ILN,se,18155,6.32643,38.8262,-85.037,63200.0,0.947,0.21709,0.46877657606580536,0.1,0.32349,0.07392,0.57828,0.128,17.31,10019.0,IN,E,3662,0.032
1303.0638,Tippecanoe,IND,wc,18157,114.94852,40.3886,-86.8941,56100.0,0.84,0.03338,0.6393283141033322,0.401,0.68053,0.18197,0.10949,0.171,144.88,188792.0,IN,E,149785,0.029
674.3073,Tipton,IND,cc,18159,0.37915,40.3114,-86.0519,65000.0,0.974,0.15645,0.2015816020684352,0.249,0.88133,0.09302,0.01186,0.09,22.62,15256.0,IN,E,256,0.03
427.9636,Union,ILN,ec,18161,36.81989,39.6255,-84.9251,61200.0,0.916,0.25277,0.6558226951642484,0.206,0.69521,0.07989,0.19991,0.112,16.29,6973.0,IN,E,15758,0.029
610.3554,Vanderburgh,PAH,sw,18163,98.20949,38.0254,-87.5857,58000.0,0.869,0.00767,0.7432647813188505,0.271,0.44082,0.37123,0.15162,0.138,294.6,179810.0,IN,C,59943,0.032
673.3362,Vermillion,IND,wc,18165,3.26967,39.8538,-87.464,58300.0,0.873,0.22302,0.32739960276576985,0.172,0.63101,0.10144,0.22468,0.125,22.9,15417.0,IN,E,2202,0.041
1063.0602,Vigo,IND,wc,18167,32.92855,39.4306,-87.39,52300.0,0.783,0.06708,0.46983185624116536,0.259,0.50834,0.19303,0.22977,0.202,99.86,106153.0,IN,E,35005,0.038
1090.4106,Wabash,IWX,nc,18169,6.42941,40.8457,-85.794,64000.0,0.959,0.07817,0.3128363329505997,0.216,0.71569,0.10334,0.14481,0.118,28.13,30670.0,IN,E,7011,0.031
949.4842,Warren,IND,wc,18171,1.30827,40.3469,-87.3533,73500.0,1.101,0.07889,0.2881540006728327,0.172,0.77727,0.06626,0.13881,0.096,8.97,8518.0,IN,E,1242,0.029
1012.3867,Warrick,PAH,sw,18173,35.30647,38.0922,-87.2721,84600.0,1.267,0.11918,0.5182827131744537,0.355,0.46635,0.14637,0.28346,0.083,65.06,65867.0,IN,C,35744,0.029
1338.0016,Washington,LMK,sc,18175,7.22944,38.6,-86.1053,65300.0,0.979,0.20728,0.2647714960411168,0.138,0.48446,0.07836,0.41868,0.13,21.08,28205.0,IN,E,9673,0.031
1047.3118,Wayne,ILN,ec,18177,19.87052,39.8644,-85.0099,51600.0,0.773,0.11605,0.5482419615430646,0.202,0.68895,0.13757,0.16264,0.173,63.14,66127.0,IN,E,20811,0.034
959.148,Wells,IWX,ne,18179,11.14505,40.7291,-85.2212,68900.0,1.032,0.42386,0.21713222025513892,0.189,0.824,0.10061,0.06211,0.086,29.77,28555.0,IN,E,10690,0.027
1317.7224,White,IWX,nw,18181,1.56402,40.7499,-86.8654,66200.0,0.991,0.11102,0.2629432804577122,0.183,0.85253,0.09198,0.03903,0.108,18.91,24917.0,IN,E,2061,0.027
875.401,Whitley,IWX,ne,18183,9.00514,41.1394,-85.5052,72400.0,1.085,0.46238,0.394354568971722,0.228,0.72871,0.11599,0.11182,0.085,39.69,34742.0,IN,E,7883,0.027
1477.1346,Adair,DMX,sw,19001,0.3876,41.3307,-94.471,67000.0,0.961,0.06986,0.09398621029770203,0.2,0.89871,0.0609,0.03039,0.098,5.0,7389.0,IA,C,573,0.024
1101.8777,Adams,DMX,sw,19003,0.28134,41.029,-94.6992,59000.0,0.846,0.43226,0.10633675778429877,0.245,0.87542,0.05537,0.04971,0.116,3.22,3544.0,IA,C,310,0.022
1706.0344,Allamakee,ARX,ne,19005,5.69558,43.2843,-91.3781,60700.0,0.871,0.06545,0.19783220453304703,0.199,0.55019,0.05601,0.31665,0.111,8.25,14074.0,IA,C,9717,0.038
1337.2863,Appanoose,DMX,sc,19007,1.99034,40.7432,-92.8687,53600.0,0.769,0.24797,0.1253630800931914,0.193,0.66465,0.06025,0.19947,0.161,9.06,12119.0,IA,C,2662,0.033
1148.7793,Audubon,DMX,wc,19009,0.12342,41.6846,-94.9058,60500.0,0.868,0.64182,0.04942355959328059,0.206,0.90326,0.05825,0.01315,0.102,4.82,5534.0,IA,C,142,0.022
1860.9866,Benton,DVN,ec,19011,1.45647,42.0801,-92.0657,82800.0,1.187,0.32948,0.16006354869279224,0.249,0.86776,0.07229,0.03209,0.08,13.86,25796.0,IA,C,2710,0.033
1481.2365,Black Hawk,DMX,ne,19013,19.08519,42.4701,-92.3085,62000.0,0.89,0.11182,0.3592620169362042,0.301,0.75214,0.1631,0.01224,0.142,88.08,130471.0,IA,C,28270,0.032
1485.5164,Boone,DMX,cc,19015,7.48805,42.0366,-93.9318,74900.0,1.074,0.10269,0.39404149076827044,0.287,0.8133,0.07677,0.08792,0.082,17.9,26590.0,IA,C,11124,0.025
1138.652,Bremer,DMX,ne,19017,9.35514,42.7747,-92.3182,83800.0,1.202,0.21021,0.2617240124498676,0.352,0.81656,0.08649,0.02905,0.078,22.23,25307.0,IA,C,10652,0.025
1484.9982,Buchanan,DVN,ne,19019,2.68504,42.4707,-91.8379,70500.0,1.011,0.30571,0.18484210967750955,0.223,0.86686,0.07805,0.02536,0.088,13.93,20691.0,IA,C,3987,0.029
1502.3219,Buena Vista,FSD,nw,19021,5.34974,42.7355,-95.1513,67600.0,0.969,0.01804,0.16664680759910566,0.221,0.89472,0.06727,0.0119,0.122,13.69,20567.0,IA,C,8037,0.024
1506.1452,Butler,DMX,nc,19023,3.27215,42.7316,-92.7902,67200.0,0.964,0.09151,0.12677065008864408,0.204,0.8703,0.06683,0.01871,0.079,9.41,14172.0,IA,C,4928,0.031
1482.3391,Calhoun,DMX,wc,19025,1.93141,42.3852,-94.6405,64600.0,0.927,0.07265,0.1402256583455316,0.215,0.92336,0.06171,0.0029,0.116,6.59,9763.0,IA,C,2863,0.027
1476.8533,Carroll,DMX,wc,19027,2.21737,42.0362,-94.8607,73600.0,1.056,0.02473,0.16637991684030837,0.234,0.90589,0.07529,0.00759,0.093,13.9,20522.0,IA,C,3275,0.024
1463.4093,Cass,DMX,sw,19029,0.8877,41.3315,-94.9278,61200.0,0.878,0.04012,0.14030702005613427,0.216,0.9025,0.06685,0.01765,0.148,8.97,13130.0,IA,C,1299,0.027
1507.3773,Cedar,DVN,ec,19031,1.39026,41.7723,-91.1324,71600.0,1.027,0.09925,0.14969641940815612,0.215,0.85318,0.06964,0.05648,0.079,12.14,18302.0,IA,C,2096,0.03
1489.5849,Cerro Gordo,DMX,nc,19033,5.89636,43.0815,-93.2608,63300.0,0.908,0.08653,0.2974963139510063,0.243,0.85459,0.09512,0.01225,0.107,28.47,42406.0,IA,C,8783,0.031
1495.389,Cherokee,FSD,nw,19035,0.94022,42.7357,-95.6239,66000.0,0.947,0.16287,0.12155721748716211,0.216,0.89241,0.06212,0.02786,0.099,7.76,11605.0,IA,C,1406,0.025
1309.1553,Chickasaw,ARX,ne,19037,0.57848,43.0601,-92.3176,74100.0,1.063,0.17562,0.1764694255908733,0.191,0.86918,0.06694,0.02945,0.088,8.9,11658.0,IA,C,757,0.025
1118.2716,Clarke,DMX,sc,19039,2.54518,41.029,-93.7851,65100.0,0.934,0.21814,0.11026393215926676,0.16,0.74367,0.0584,0.18064,0.105,8.57,9588.0,IA,C,2846,0.029
1482.7333,Clay,FSD,nw,19041,1.53488,43.0826,-95.151,68500.0,0.983,0.07558,0.14586579421041904,0.26,0.8791,0.06425,0.01714,0.105,11.14,16511.0,IA,C,2276,0.029
2053.2845,Clayton,ARX,ne,19043,1.55509,42.8447,-91.3414,64500.0,0.925,0.11055,0.16775755689724478,0.157,0.64174,0.05966,0.25609,0.105,8.26,16969.0,IA,C,3193,0.04
1839.3972,Clinton,DVN,ec,19045,2.32631,41.898,-90.532,61100.0,0.877,0.22716,0.17758173534636526,0.221,0.80465,0.08266,0.03433,0.133,25.09,46158.0,IA,C,4279,0.037
1851.7434,Crawford,DMX,wc,19047,0.15067,42.0372,-95.3821,67400.0,0.966,0.05376,0.05210990728037737,0.183,0.90026,0.0634,0.02343,0.112,8.65,16013.0,IA,C,279,0.048
1532.4279,Dallas,DMX,cc,19049,9.02162,41.6849,-94.0398,109000.0,1.566,0.20977,0.3869246293715968,0.516,0.75576,0.12312,0.07763,0.06,72.49,111092.0,IA,C,13825,0.022
1307.5421,Davis,DMX,se,19051,0.32937,40.7477,-92.4097,65200.0,0.935,0.16486,0.06437897211150817,0.176,0.72129,0.0537,0.19146,0.116,7.01,9169.0,IA,C,431,0.024
1381.1942,Decatur,DMX,sc,19053,6.71792,40.7377,-93.7863,51700.0,0.742,0.1872,0.33763688909484374,0.243,0.7082,0.05259,0.21104,0.183,5.55,7665.0,IA,C,9279,0.024
1499.6817,Delaware,DVN,ne,19055,1.29961,42.4711,-91.3673,74000.0,1.062,0.14879,0.14658543906742308,0.197,0.83402,0.07359,0.07897,0.087,11.74,17600.0,IA,C,1949,0.026
1113.1866,Des Moines,DVN,se,19057,3.89339,40.9232,-91.1815,59700.0,0.856,0.30664,0.1270589684542904,0.238,0.64309,0.11099,0.17158,0.143,34.36,38253.0,IA,C,4334,0.042
1045.6638,Dickinson,FSD,nw,19059,3.81488,43.3779,-95.151,75400.0,1.082,0.30007,0.2531080049588334,0.323,0.81286,0.07972,0.01075,0.079,17.27,18056.0,IA,C,3989,0.029
1597.0255,Dubuque,DVN,ne,19061,18.64967,42.4689,-90.8824,73500.0,1.054,0.09878,0.3337490998868429,0.329,0.70146,0.11779,0.15733,0.096,61.92,98887.0,IA,C,29784,0.029
1041.9961,Emmet,DMX,nw,19063,0.23129,43.3779,-94.6784,56800.0,0.815,0.07054,0.08201333479927123,0.157,0.88089,0.05887,0.01255,0.098,8.86,9229.0,IA,C,241,0.031
1894.3805,Fayette,ARX,ne,19065,1.12899,42.8625,-91.8443,56600.0,0.812,0.45014,0.10675615665048452,0.182,0.81766,0.06959,0.0987,0.139,10.14,19210.0,IA,C,2139,0.032
1298.296,Floyd,ARX,nc,19067,1.43588,43.06,-92.789,64600.0,0.926,0.16629,0.17841974011712738,0.185,0.87443,0.07361,0.03156,0.115,11.8,15326.0,IA,C,1864,0.034
1509.8821,Franklin,DMX,nc,19069,0.44507,42.7325,-93.2624,63800.0,0.915,0.11756,0.09279144275511149,0.182,0.90722,0.06399,0.0083,0.113,6.54,9875.0,IA,C,672,0.028
1338.3303,Fremont,OAX,sw,19071,2.35674,40.7456,-95.6047,69000.0,0.99,0.28376,0.14087266839592247,0.211,0.81448,0.05991,0.06487,0.098,4.83,6458.0,IA,C,3154,0.023
1479.1799,Greene,DMX,wc,19073,3.22676,42.0362,-94.3969,63600.0,0.912,0.38739,0.15102913441601792,0.198,0.89507,0.05815,0.02196,0.107,5.8,8584.0,IA,C,4773,0.022
1301.5111,Grundy,DMX,cc,19075,1.25486,42.402,-92.7911,79400.0,1.139,0.37594,0.16862474701155658,0.247,0.9293,0.06428,0.00145,0.067,9.52,12384.0,IA,C,1633,0.028
1536.11,Guthrie,DMX,wc,19077,2.46496,41.6838,-94.501,72700.0,1.043,0.28549,0.13384114813226725,0.243,0.81298,0.0618,0.09913,0.099,6.98,10722.0,IA,C,3786,0.03
1495.6336,Hamilton,DMX,cc,19079,1.2963,42.3838,-93.7068,68800.0,0.987,0.07892,0.13652354178042395,0.22,0.89381,0.06859,0.02253,0.085,9.85,14729.0,IA,C,1939,0.027
1484.519,Hancock,DMX,nc,19081,1.32585,43.0819,-93.7343,67500.0,0.968,0.19713,0.15810188913612505,0.214,0.91442,0.06186,0.00523,0.099,7.15,10615.0,IA,C,1968,0.028
1476.0653,Hardin,DMX,cc,19083,1.65372,42.3838,-93.2404,59600.0,0.855,0.32732,0.1636973669405928,0.212,0.873,0.07279,0.03854,0.104,11.15,16463.0,IA,C,2441,0.031
1815.3211,Harrison,OAX,sw,19085,3.14479,41.6829,-95.8167,73500.0,1.054,0.51044,0.15424715232195288,0.212,0.80702,0.06066,0.08157,0.098,8.08,14670.0,IA,C,5709,0.027
1130.9931,Henry,DVN,se,19087,1.20956,40.9879,-91.5446,63700.0,0.914,0.08699,0.15518112726925468,0.225,0.74149,0.08171,0.15363,0.127,17.28,19547.0,IA,C,1368,0.033
1227.049,Howard,ARX,ne,19089,1.17148,43.3568,-92.3172,67000.0,0.961,0.13635,0.20130365518927282,0.187,0.89457,0.06052,0.03455,0.099,7.64,9376.0,IA,C,1437,0.032
1128.5066,Humboldt,DMX,nc,19091,0.10102,42.7764,-94.2073,71500.0,1.026,0.01754,0.039776973243470876,0.193,0.90775,0.06044,0.00376,0.096,8.42,9500.0,IA,C,114,0.027
1119.3229,Ida,FSD,wc,19093,0.51996,42.3869,-95.5136,67700.0,0.971,0.08763,0.09334522738175693,0.207,0.919,0.05982,0.00467,0.094,6.1,6833.0,IA,C,582,0.021
1521.1967,Iowa,DVN,ec,19095,2.217,41.6863,-92.0656,72900.0,1.046,0.0513,0.16851030120032376,0.242,0.82499,0.06746,0.05828,0.076,10.77,16381.0,IA,C,3372,0.028
1682.9078,Jackson,DVN,ec,19097,6.05559,42.1717,-90.5742,64800.0,0.929,0.06241,0.22326283870010966,0.184,0.68537,0.05964,0.20059,0.093,11.49,19342.0,IA,C,10191,0.035
1898.0855,Jasper,DMX,cc,19099,6.3666,41.686,-93.0537,69000.0,0.991,0.24974,0.24373811955373337,0.199,0.86039,0.07784,0.04092,0.096,19.98,37919.0,IA,C,12084,0.03
1130.9493,Jefferson,DVN,se,19101,4.75186,41.0318,-91.9489,59600.0,0.855,0.14254,0.2774630959221862,0.416,0.75663,0.0749,0.1478,0.141,13.65,15440.0,IA,C,5374,0.027
1614.517,Johnson,DVN,ec,19103,61.19522,41.6715,-91.5881,74900.0,1.075,0.08306,0.5662146611144725,0.546,0.70469,0.13623,0.08475,0.155,97.57,157528.0,IA,C,98801,0.024
1493.5535,Jones,DVN,ec,19105,1.37297,42.1212,-91.1314,70700.0,1.014,0.16873,0.13479250484392144,0.207,0.7973,0.06762,0.10797,0.103,13.99,20900.0,IA,C,2051,0.035
1501.9983,Keokuk,DVN,se,19107,0.32199,41.3364,-92.1787,65700.0,0.942,0.56863,0.06539097980040967,0.159,0.82179,0.06072,0.07709,0.111,6.6,9914.0,IA,C,484,0.033
2523.6714,Kossuth,DMX,nc,19109,1.02325,43.2042,-94.2067,65500.0,0.94,0.38415,0.07885345526327016,0.222,0.91935,0.05702,0.00382,0.102,5.7,14396.0,IA,C,2582,0.025
1395.3181,Lee,DVN,se,19111,2.74751,40.642,-91.4792,59000.0,0.847,0.16825,0.1977667339848363,0.21,0.60308,0.09138,0.23423,0.144,23.34,32565.0,IA,C,3834,0.041
1876.4018,Linn,DVN,ec,19113,26.55937,42.0789,-91.5989,74100.0,1.063,0.0496,0.4093209545044298,0.348,0.68262,0.18181,0.08021,0.099,122.03,228972.0,IA,C,49836,0.035
1081.7701,Louisa,DVN,se,19115,7.53896,41.2185,-91.2597,71000.0,1.018,0.81553,0.20124618742545738,0.165,0.70579,0.06206,0.08722,0.098,9.72,10513.0,IA,C,8155,0.032
1124.5384,Lucas,DMX,sc,19117,1.96412,41.0293,-93.3277,60200.0,0.864,0.34681,0.10083461433708633,0.145,0.69433,0.05556,0.20344,0.137,7.78,8747.0,IA,C,2209,0.024
1522.096,Lyon,FSD,nw,19119,0.71734,43.3805,-96.2103,74100.0,1.062,0.48083,0.08138128728869738,0.208,0.91266,0.063,0.01171,0.078,8.1,12324.0,IA,C,1092,0.02
1456.4037,Madison,DMX,sc,19121,5.19897,41.3307,-94.0155,80900.0,1.16,0.14199,0.3282553526691273,0.255,0.76069,0.05968,0.15168,0.07,11.65,16971.0,IA,C,7572,0.035
1485.1277,Mahaska,DMX,sc,19123,1.98566,41.3351,-92.6409,68800.0,0.986,0.07528,0.10399254267718476,0.23,0.82622,0.0736,0.06403,0.117,14.73,21874.0,IA,C,2949,0.026
1477.9981,Marion,DMX,sc,19125,5.48309,41.3344,-93.0995,73500.0,1.054,0.18238,0.21952190799389806,0.331,0.66868,0.081,0.15445,0.08,22.85,33770.0,IA,C,8104,0.022
1484.1487,Marshall,DMX,cc,19127,6.57469,42.0358,-92.9988,69800.0,1.002,0.07286,0.17803037484402856,0.214,0.86382,0.08625,0.02466,0.12,26.96,40014.0,IA,C,9758,0.063
1138.7541,Mills,OAX,sw,19129,1.6504,41.0332,-95.6214,75800.0,1.088,0.22241,0.2185081506734209,0.32,0.82205,0.07213,0.07366,0.085,12.85,14633.0,IA,C,1879,0.027
1215.7587,Mitchell,ARX,nc,19131,3.59436,43.3564,-92.7891,65100.0,0.934,0.58514,0.1800535324681167,0.227,0.88825,0.06545,0.02634,0.092,8.65,10518.0,IA,C,4370,0.023
1810.0833,Monona,OAX,wc,19133,1.69494,42.0516,-95.96,60200.0,0.864,0.0528,0.11253748411689962,0.187,0.7827,0.05357,0.08548,0.126,4.69,8493.0,IA,C,3068,0.028
1124.249,Monroe,DMX,sc,19135,1.04593,41.0297,-92.869,66200.0,0.949,0.14712,0.13680103933460536,0.2,0.63882,0.05534,0.27983,0.102,6.67,7504.0,IA,C,1176,0.028
1100.2176,Montgomery,OAX,sw,19137,0.34175,41.0301,-95.1563,58900.0,0.845,0.12234,0.07024330737609037,0.187,0.88233,0.06692,0.03597,0.13,9.22,10139.0,IA,C,376,0.026
1163.055,Muscatine,DVN,ec,19139,9.48912,41.4839,-91.1127,69100.0,0.991,0.07777,0.5023996001917536,0.227,0.72132,0.10225,0.07136,0.117,36.3,42218.0,IA,C,11036,0.032
1484.6574,O'Brien,FSD,nw,19141,0.58397,43.0838,-95.625,67500.0,0.968,0.04844,0.08224837572624578,0.225,0.91019,0.0668,0.00985,0.091,9.44,14012.0,IA,C,867,0.024
1034.6175,Osceola,FSD,nw,19143,0.34824,43.3785,-95.6237,65000.0,0.932,0.44131,0.09681371853315243,0.154,0.91936,0.06473,0.00179,0.105,5.78,5978.0,IA,C,360,0.019
1386.5901,Page,OAX,sw,19145,0.60725,40.7391,-95.1502,60600.0,0.869,0.56651,0.0544286461390365,0.188,0.87222,0.06505,0.05082,0.138,10.83,15014.0,IA,C,842,0.026
1474.8203,Palo Alto,DMX,nw,19147,0.90597,43.082,-94.6782,65400.0,0.939,0.03293,0.1048713762014079,0.205,0.9037,0.05813,0.00197,0.107,5.97,8810.0,IA,C,1336,0.025
2237.4009,Plymouth,FSD,nw,19149,1.29749,42.7378,-96.2142,79400.0,1.139,0.08646,0.1551578901487084,0.239,0.84925,0.06504,0.02055,0.087,11.5,25722.0,IA,C,2903,0.021
1499.8853,Pocahontas,DMX,nw,19151,0.71272,42.7341,-94.6788,61900.0,0.888,0.12629,0.05820852635216731,0.187,0.92733,0.05724,0.00184,0.111,4.65,6976.0,IA,C,1069,0.023
1532.9205,Polk,DMX,cc,19153,57.25326,41.6855,-93.5734,77400.0,1.11,0.06929,0.6508656549929122,0.395,0.50495,0.35495,0.06122,0.115,329.6,505255.0,IA,C,87765,0.029
2486.0163,Pottawattamie,OAX,sw,19155,4.50867,41.3364,-95.5423,68700.0,0.986,0.21634,0.2074277604789584,0.235,0.83085,0.10103,0.0413,0.116,37.48,93179.0,IA,C,11209,0.029
1518.1769,Poweshiek,DMX,cc,19157,1.64803,41.6864,-92.5315,69600.0,0.998,0.47002,0.15169744534625432,0.282,0.88843,0.07113,0.03182,0.103,12.15,18453.0,IA,C,2502,0.029
1395.9205,Ringgold,DMX,sc,19159,3.53522,40.7352,-94.244,60100.0,0.862,0.55787,0.22537002883099191,0.252,0.82909,0.05037,0.09784,0.141,3.33,4642.0,IA,C,4935,0.022
1497.982,Sac,DMX,wc,19161,2.18961,42.3862,-95.1055,72500.0,1.04,0.11646,0.1894634794965758,0.212,0.90778,0.0654,0.00865,0.1,6.47,9686.0,IA,C,3280,0.024
1212.5214,Scott,DVN,ec,19163,24.94776,41.6371,-90.6232,68600.0,0.984,0.01225,0.42004850427024804,0.362,0.68185,0.20135,0.0456,0.11,143.73,174270.0,IA,C,30250,0.035
1531.6604,Shelby,OAX,sw,19165,0.95404,41.6851,-95.3103,71600.0,1.028,0.04311,0.056255711603684484,0.233,0.92132,0.05927,0.00906,0.088,7.71,11806.0,IA,C,1461,0.024
1990.3961,Sioux,FSD,nw,19167,2.22248,43.0826,-96.1779,76000.0,1.09,0.07776,0.10240095875064067,0.304,0.89777,0.08107,0.00567,0.069,18.21,36246.0,IA,C,4424,0.019
1485.8087,Story,DMX,cc,19169,53.56438,42.0362,-93.4651,68700.0,0.986,0.14685,0.48673305428226077,0.533,0.83986,0.11404,0.03087,0.149,66.34,98566.0,IA,C,79586,0.021
1870.8852,Tama,DMX,cc,19171,1.20438,42.0798,-92.5326,66300.0,0.951,0.11938,0.12250032449394668,0.194,0.84122,0.0635,0.04722,0.123,9.0,16833.0,IA,C,2253,0.039
1385.0157,Taylor,DMX,sw,19173,0.1551,40.7374,-94.6965,56000.0,0.804,0.40499,0.03563329674456443,0.155,0.85296,0.05385,0.07949,0.13,4.28,5924.0,IA,C,215,0.022
1103.103,Union,DMX,sc,19175,2.91445,41.0277,-94.2424,55800.0,0.801,0.39503,0.11853620686544002,0.241,0.81409,0.06614,0.09454,0.137,10.79,11906.0,IA,C,3215,0.03
1270.561,Van Buren,DVN,se,19177,1.5282,40.7532,-91.95,64600.0,0.926,0.04584,0.17756374341569583,0.194,0.63535,0.05462,0.27105,0.148,5.72,7266.0,IA,C,1942,0.031
1129.2476,Wapello,DMX,se,19179,1.41613,41.0306,-92.4095,61600.0,0.883,0.16008,0.12758062789231372,0.194,0.67043,0.09502,0.19295,0.138,31.14,35166.0,IA,C,1599,0.035
1484.6297,Warren,DMX,sc,19181,2.17952,41.3343,-93.5614,90900.0,1.305,0.28061,0.2604365480770128,0.327,0.71447,0.08671,0.15158,0.058,37.18,55205.0,IA,C,3236,0.026
1478.2608,Washington,DVN,se,19183,3.18001,41.3356,-91.7179,70500.0,1.012,0.06935,0.18804813009898344,0.249,0.80622,0.07592,0.08126,0.095,15.26,22560.0,IA,C,4701,0.026
1365.0389,Wayne,DMX,sc,19185,0.23809,40.7395,-93.3274,58000.0,0.832,0.21231,0.0697411707479423,0.16,0.82387,0.05168,0.09949,0.147,4.8,6557.0,IA,C,325,0.029
1859.6826,Webster,DMX,cc,19187,0.92596,42.4278,-94.1818,67100.0,0.963,0.08362,0.10612773216662796,0.205,0.84171,0.07665,0.05934,0.14,19.62,36485.0,IA,C,1722,0.031
1040.0176,Winnebago,DMX,nc,19189,1.95864,43.3775,-93.7342,66800.0,0.958,0.23466,0.27921610862165125,0.251,0.90052,0.06345,0.00881,0.114,10.16,10571.0,IA,C,2037,0.038
1786.9173,Winneshiek,ARX,ne,19191,5.49058,43.2906,-91.8436,72000.0,1.033,0.15778,0.2454365626183197,0.315,0.78291,0.06807,0.13953,0.079,11.09,19815.0,IA,C,9811,0.032
2272.5858,Woodbury,FSD,wc,19193,7.56963,42.3897,-96.0449,66800.0,0.959,0.11144,0.17336074082469202,0.234,0.78935,0.09906,0.03837,0.129,46.62,105951.0,IA,C,17203,0.029
1040.4837,Worth,DMX,nc,19195,2.03568,43.3774,-93.2609,71300.0,1.023,0.17327,0.31970741316562973,0.201,0.89045,0.06251,0.01503,0.092,7.01,7297.0,IA,C,2118,0.03
1508.7966,Wright,DMX,nc,19197,0.87089,42.7331,-93.7352,67300.0,0.965,0.05784,0.10447176379092322,0.235,0.90578,0.0615,0.00516,0.11,8.39,12656.0,IA,C,1314,0.026
1308.4819,Allen,ICT,se,20001,3.2901,37.8858,-95.3014,51000.0,0.741,0.51684,0.2679023755031821,0.213,0.83813,0.06495,0.0777,0.16,9.49,12412.0,KS,C,4305,0.028
1513.2392,Anderson,TOP,ec,20003,0.86701,38.2143,-95.2933,59700.0,0.867,0.13567,0.14085201401440287,0.158,0.8024,0.05616,0.10234,0.116,5.18,7838.0,KS,C,1312,0.021
1126.7343,Atchison,EAX,ne,20005,8.22701,39.5319,-95.3129,59100.0,0.858,0.04315,0.13923430179205964,0.229,0.79034,0.06742,0.12209,0.136,14.21,16016.0,KS,C,9270,0.034
2942.764,Barber,DDC,sc,20007,0.85143,37.2289,-98.6848,59800.0,0.869,0.03113,0.22544701823024266,0.271,0.22569,0.02752,0.00838,0.117,1.38,4071.0,KS,C,2506,0.024
2332.1503,Barton,ICT,cc,20009,5.0313,38.479,-98.7565,56700.0,0.824,0.00443,0.2154366820548735,0.217,0.64788,0.06831,0.00511,0.15,10.68,24899.0,KS,C,11734,0.027
1654.4801,Bourbon,SGF,se,20011,0.9237,37.8552,-94.8493,45000.0,0.653,0.24211,0.13663613234903513,0.243,0.74424,0.05656,0.17687,0.154,8.71,14408.0,KS,C,1528,0.034
1481.9989,Brown,TOP,ne,20013,3.25973,39.8266,-95.5642,56400.0,0.819,0.29042,0.20684408234605925,0.183,0.86213,0.06182,0.06614,0.122,6.24,9250.0,KS,C,4831,0.028
3746.2833,Butler,ICT,sc,20015,2.47244,37.7813,-96.8391,80200.0,1.165,0.00907,0.20745076330485177,0.326,0.20746,0.0593,0.03402,0.092,18.32,68632.0,KS,C,9262,0.027
2015.025,Chase,ICT,ec,20017,4.60422,38.3021,-96.594,58600.0,0.851,0.0124,0.4381764699789744,0.293,0.08625,0.02399,0.03094,0.114,1.28,2579.0,KS,C,9278,0.023
1670.0827,Chautauqua,ICT,se,20019,1.3197,37.1501,-96.2453,49500.0,0.719,0.00499,0.25165600364942864,0.183,0.14303,0.03166,0.21395,0.147,2.0,3347.0,KS,C,2204,0.028
1530.56,Cherokee,SGF,se,20021,2.38007,37.1693,-94.8462,55000.0,0.799,0.25228,0.30072427439393135,0.201,0.75123,0.07298,0.11621,0.152,12.45,19054.0,KS,C,3643,0.027
2644.2139,Cheyenne,GLD,nw,20023,0.80901,39.7858,-101.7311,56500.0,0.821,0.02571,0.11957678425300587,0.216,0.50166,0.03326,1e-05,0.122,1.0,2636.0,KS,C,2139,0.025
2531.035,Clark,DDC,sw,20025,0.91243,37.2355,-99.8203,58900.0,0.856,0.0013,0.12744811694483396,0.31,0.2203,0.02193,3e-05,0.122,0.73,1847.0,KS,C,2309,0.02
1697.5969,Clay,TOP,nc,20027,1.10357,39.3497,-97.1651,59000.0,0.858,0.07313,0.07003884299713627,0.234,0.51944,0.04945,0.0441,0.11,4.72,8007.0,KS,C,1873,0.025
1860.8708,Cloud,TOP,nc,20029,4.58173,39.4804,-97.6495,52500.0,0.763,0.00235,0.12364166146559206,0.224,0.53503,0.052,0.03729,0.121,4.76,8854.0,KS,C,8526,0.028
1695.2983,Coffey,TOP,ec,20031,2.82761,38.237,-95.7342,69100.0,1.004,0.16543,0.18523005829729194,0.212,0.54654,0.05673,0.07279,0.098,4.87,8251.0,KS,C,4794,0.033
2045.2824,Comanche,DDC,sc,20033,0.68734,37.1913,-99.2719,53700.0,0.78,0.00285,0.11140492630135643,0.192,0.20676,0.0242,0.00151,0.121,0.81,1655.0,KS,C,1406,0.026
2933.3068,Cowley,ICT,sc,20035,2.62712,37.2378,-96.8375,56400.0,0.82,0.01518,0.25894441149848624,0.243,0.24596,0.04979,0.05343,0.152,11.64,34157.0,KS,C,7706,0.03
1541.2989,Crawford,SGF,se,20037,3.66328,37.5073,-94.8518,51800.0,0.753,0.15889,0.21140332096928305,0.32,0.77165,0.0854,0.0973,0.173,25.15,38764.0,KS,C,5646,0.028
2315.7837,Decatur,GLD,nw,20039,0.26998,39.7847,-100.4599,51200.0,0.743,0.0064,0.0681984854966582,0.278,0.55934,0.03867,0.00035,0.139,1.17,2712.0,KS,C,625,0.029
2206.8011,Dickinson,TOP,cc,20041,0.93085,38.8664,-97.1527,63100.0,0.917,0.03554,0.20221182421651362,0.219,0.51493,0.05976,0.03422,0.105,8.36,18445.0,KS,C,2054,0.028
1028.432,Doniphan,EAX,ne,20043,1.09487,39.7885,-95.147,64600.0,0.939,0.4325,0.11641930728616197,0.215,0.75892,0.0576,0.15206,0.123,7.29,7493.0,KS,C,1126,0.025
1228.8879,Douglas,TOP,ec,20045,80.97067,38.8845,-95.2924,67500.0,0.98,0.18368,0.7003774105843431,0.52,0.62596,0.13463,0.17998,0.133,98.1,120553.0,KS,C,99504,0.026
1611.1557,Edwards,DDC,sc,20047,0.26337,37.8876,-99.312,55800.0,0.81,0.03299,0.07586822646001694,0.207,0.68381,0.04666,0.0004,0.12,1.7,2733.0,KS,C,424,0.023
1684.329,Elk,ICT,se,20049,0.62339,37.4537,-96.2441,47100.0,0.684,0.1019,0.1858416331143604,0.206,0.18921,0.03336,0.11671,0.171,1.46,2467.0,KS,C,1050,0.025
2332.3806,Ellis,DDC,cc,20051,4.09649,38.9148,-99.3173,61700.0,0.896,0.00314,0.26585902774011744,0.395,0.38407,0.05705,0.00121,0.156,12.35,28810.0,KS,C,9555,0.019
1873.7101,Ellsworth,ICT,cc,20053,4.99335,38.6966,-98.2048,63600.0,0.925,0.01571,0.36875528304891636,0.221,0.31388,0.04839,0.01906,0.123,3.39,6357.0,KS,C,9356,0.024
3373.7799,Finney,DDC,sw,20055,1.91019,38.0444,-100.7369,70000.0,1.017,0.09077,0.18357831497053997,0.197,0.67716,0.04964,1e-05,0.119,11.11,37466.0,KS,C,6445,0.021
2847.1288,Ford,DDC,sw,20057,1.77153,37.6917,-99.8879,67700.0,0.984,0.0224,0.18561255418385417,0.207,0.68065,0.05548,5e-05,0.116,11.93,33980.0,KS,C,5044,0.021
1493.6354,Franklin,TOP,ec,20059,1.4786,38.5646,-95.2859,67300.0,0.977,0.05434,0.22784137656936088,0.253,0.75708,0.07404,0.1491,0.111,17.49,26125.0,KS,C,2208,0.025
1047.3183,Geary,TOP,ec,20061,4.64574,39.0024,-96.7526,60000.0,0.872,0.00493,0.3691903460021513,0.244,0.1535,0.07704,0.09733,0.11,33.46,35047.0,KS,C,4866,0.038
2774.9955,Gove,GLD,wc,20063,1.18579,38.916,-100.4829,64000.0,0.93,0.01065,0.14208518125984243,0.21,0.50883,0.03542,0.00014,0.094,0.99,2735.0,KS,C,3291,0.023
2327.5963,Graham,GLD,nw,20065,0.43819,39.3497,-99.8833,53200.0,0.773,0.01569,0.034035510981287445,0.274,0.42684,0.03958,0.0005,0.127,1.02,2376.0,KS,C,1020,0.026
1489.2569,Grant,DDC,sw,20067,0.42014,37.5622,-101.308,66000.0,0.959,0.0016,0.03825876330132585,0.256,0.71157,0.04821,0.0,0.112,4.8,7147.0,KS,C,626,0.027
2251.4365,Gray,DDC,sw,20069,0.40917,37.7382,-100.4378,77800.0,1.13,0.04016,0.0869075501516175,0.249,0.76082,0.04818,1e-05,0.087,2.55,5743.0,KS,C,921,0.02
2014.9603,Greeley,GLD,wc,20071,0.3147,38.4805,-101.806,72300.0,1.05,0.04416,0.05164351242378718,0.335,0.86571,0.03485,0.0,0.111,0.59,1181.0,KS,M,634,0.018
2985.2005,Greenwood,ICT,se,20073,0.86728,37.8778,-96.2327,52100.0,0.758,0.08613,0.18545627180217558,0.19,0.14608,0.03197,0.06902,0.143,1.97,5870.0,KS,C,2589,0.027
2583.8259,Hamilton,DDC,sw,20075,0.87467,37.9991,-101.7913,63400.0,0.922,0.0146,0.06960711830551124,0.208,0.53681,0.02851,0.0,0.115,0.94,2437.0,KS,M,2260,0.018
2079.6304,Harper,ICT,sc,20077,1.10116,37.1916,-98.0755,52900.0,0.768,0.01747,0.12756750571147157,0.217,0.52953,0.05247,0.01234,0.141,2.61,5435.0,KS,C,2290,0.023
1399.9936,Harvey,ICT,sc,20079,22.06579,38.0432,-97.4273,73900.0,1.073,0.01948,0.3865736017459545,0.315,0.68449,0.08511,0.02534,0.082,23.93,33504.0,KS,C,30892,0.029
1496.4326,Haskell,DDC,sw,20081,0.53528,37.5623,-100.8712,70000.0,1.017,0.08864,0.06938920776705805,0.222,0.86196,0.05034,0.0,0.108,2.43,3630.0,KS,C,801,0.02
2228.1541,Hodgeman,DDC,sw,20083,0.63342,38.0875,-99.8979,67500.0,0.98,0.00213,0.06532067633774158,0.284,0.46834,0.03617,0.00013,0.104,0.74,1655.0,KS,C,1411,0.022
1703.9131,Jackson,TOP,ne,20085,0.93797,39.417,-95.7937,70400.0,1.024,0.12201,0.11381161451469575,0.21,0.6818,0.05506,0.12464,0.105,7.85,13368.0,KS,C,1598,0.023
1442.3579,Jefferson,TOP,ne,20087,10.29449,39.2358,-95.3834,75800.0,1.101,0.16619,0.35700342270073,0.246,0.66571,0.06643,0.1989,0.083,12.71,18327.0,KS,C,14848,0.025
2368.4251,Jewell,GID,nc,20089,2.38447,39.7847,-98.2184,56100.0,0.816,0.00673,0.08820868549314544,0.188,0.52076,0.04839,0.03347,0.121,1.2,2847.0,KS,C,5647,0.028
1243.8021,Johnson,EAX,ec,20091,133.4879,38.8838,-94.8223,99200.0,1.441,0.09384,0.7981119486071403,0.569,0.37253,0.47971,0.11675,0.053,500.27,622237.0,KS,C,166033,0.024
2257.231,Kearny,DDC,sw,20093,0.29106,38.0002,-101.3199,75800.0,1.101,0.379,0.050932306198811415,0.146,0.62355,0.03503,0.0,0.102,1.69,3823.0,KS,C,657,0.02
2244.6433,Kingman,ICT,sc,20095,3.22949,37.5589,-98.1364,65600.0,0.953,0.0051,0.07041453033917808,0.238,0.43142,0.05106,0.01876,0.119,3.15,7066.0,KS,C,7249,0.027
1871.7622,Kiowa,DDC,sc,20097,1.47564,37.5582,-99.286,61700.0,0.896,0.01593,0.26520240492988123,0.276,0.38454,0.03588,0.0005,0.121,1.27,2374.0,KS,C,2762,0.025
1691.8751,Labette,ICT,se,20099,2.27381,37.1913,-95.2976,52300.0,0.76,0.12061,0.1257061658497249,0.211,0.8157,0.07142,0.08963,0.155,11.66,19728.0,KS,C,3847,0.029
1858.1901,Lane,DDC,wc,20101,0.15053,38.4814,-100.4664,64900.0,0.943,0.04628,0.09166286920914471,0.246,0.60401,0.03429,9e-05,0.102,0.82,1529.0,KS,C,280,0.027
1213.0833,Leavenworth,EAX,ne,20103,18.25496,39.1993,-95.0379,79100.0,1.15,0.07293,0.44648264050281106,0.366,0.61812,0.11636,0.22794,0.083,68.85,83518.0,KS,C,22145,0.027
1864.4658,Lincoln,ICT,cc,20105,0.71817,39.0453,-98.2078,58000.0,0.843,0.00523,0.08123275866106514,0.215,0.41222,0.04297,0.0184,0.118,1.57,2920.0,KS,C,1339,0.021
1570.3114,Linn,EAX,ec,20107,5.01908,38.2122,-94.8429,59700.0,0.867,0.30527,0.16037314565128935,0.225,0.66463,0.0593,0.21464,0.11,6.28,9860.0,KS,C,7882,0.039
2779.3457,Logan,GLD,wc,20109,1.04392,38.9173,-101.1485,63200.0,0.918,0.04963,0.13810657557840172,0.267,0.50497,0.02889,2e-05,0.102,0.96,2665.0,KS,C,2901,0.018
2214.8935,Lyon,TOP,ec,20111,1.86384,38.4563,-96.1527,55900.0,0.812,0.04942,0.2527827352663283,0.277,0.28621,0.06212,0.05899,0.137,14.53,32172.0,KS,C,4128,0.026
2334.2427,McPherson,ICT,cc,20113,5.32394,38.3916,-97.648,73800.0,1.072,0.06301,0.23760696366000855,0.331,0.61712,0.06809,0.0248,0.083,12.89,30091.0,KS,C,12427,0.02
2469.4506,Marion,ICT,cc,20115,2.08443,38.3588,-97.0969,64300.0,0.935,0.02331,0.17884279948813864,0.288,0.46298,0.05298,0.02407,0.109,4.73,11690.0,KS,C,5147,0.025
2342.313,Marshall,TOP,ne,20117,0.5338,39.7836,-96.5229,58900.0,0.856,0.03519,0.11078760420209591,0.189,0.59858,0.04982,0.05958,0.092,4.24,9933.0,KS,C,1250,0.021
2537.222,Meade,DDC,sw,20119,1.68156,37.2383,-100.3662,68000.0,0.989,0.03633,0.17272742016575035,0.228,0.43733,0.03306,5e-05,0.096,1.54,3911.0,KS,C,4266,0.021
1528.5792,Miami,EAX,ec,20121,10.83324,38.5636,-94.8381,82600.0,1.2,0.36553,0.35584679956970705,0.321,0.70146,0.07852,0.18002,0.07,23.11,35320.0,KS,C,16559,0.026
1861.3237,Mitchell,GID,nc,20123,2.1122,39.3933,-98.2095,63900.0,0.929,0.02236,0.13480565651435555,0.254,0.60942,0.04966,0.01681,0.105,3.07,5719.0,KS,C,3931,0.02
1687.1033,Montgomery,ICT,se,20125,1.12441,37.1925,-95.7429,55000.0,0.798,0.14075,0.16409937213089976,0.213,0.62918,0.08429,0.15554,0.173,18.12,30568.0,KS,C,1897,0.03
1820.5326,Morris,TOP,ec,20127,0.80504,38.6875,-96.6499,60700.0,0.883,0.00136,0.10254398473124299,0.273,0.22436,0.04241,0.03715,0.117,2.93,5334.0,KS,C,1466,0.025
1890.6307,Morton,DDC,sw,20129,5.70947,37.1914,-101.7993,62900.0,0.914,0.00352,0.18752378542216833,0.166,0.49297,0.03543,0.0,0.12,1.36,2580.0,KS,C,10795,0.026
1863.2075,Nemaha,TOP,ne,20131,0.52762,39.7835,-96.0141,72700.0,1.057,0.19734,0.08163701935819265,0.301,0.75653,0.0566,0.06076,0.084,5.43,10114.0,KS,C,983,0.017
1497.113,Neosho,ICT,se,20133,3.34444,37.5586,-95.3068,49300.0,0.717,0.66227,0.15900370881901202,0.218,0.80768,0.06494,0.08651,0.149,10.3,15420.0,KS,C,5007,0.035
2784.2367,Ness,DDC,wc,20135,0.18822,38.4795,-99.9162,61500.0,0.894,0.01145,0.05664623414294115,0.23,0.4832,0.03927,3e-05,0.102,0.94,2618.0,KS,C,524,0.024
2282.6738,Norton,GLD,nw,20137,0.581,39.7844,-99.9034,56600.0,0.822,0.00528,0.06307376404518265,0.194,0.464,0.04354,0.00068,0.139,2.33,5330.0,KS,C,1326,0.02
1862.8298,Osage,TOP,ec,20139,6.74469,38.6524,-95.7269,63000.0,0.915,0.16666,0.2725035344999458,0.21,0.58425,0.06092,0.1238,0.108,8.49,15824.0,KS,C,12564,0.026
2316.164,Osborne,GID,nc,20141,0.47454,39.3504,-98.7679,54000.0,0.784,0.11474,0.12628190692703362,0.23,0.43485,0.03965,0.01523,0.121,1.48,3427.0,KS,C,1099,0.022
1869.8355,Ottawa,TOP,nc,20143,2.59276,39.1326,-97.6503,69500.0,1.01,0.00598,0.14659723404827418,0.243,0.42982,0.04232,0.03025,0.102,3.11,5818.0,KS,C,4848,0.023
1954.274,Pawnee,DDC,sc,20145,0.41738,38.1814,-99.2368,47900.0,0.697,0.00123,0.07788916994992652,0.188,0.73831,0.05379,0.00145,0.128,3.13,6126.0,KS,C,816,0.026
2317.39,Phillips,GID,nc,20147,1.04471,39.7845,-99.3469,58800.0,0.855,0.0062,0.08949462997961617,0.223,0.40815,0.04887,0.00743,0.101,2.05,4761.0,KS,C,2421,0.022
2232.7321,Pottawatomie,TOP,ne,20149,12.31424,39.379,-96.3425,85800.0,1.247,0.16858,0.28816398741918575,0.365,0.18464,0.05206,0.09256,0.079,11.82,26382.0,KS,C,27494,0.023
1905.7889,Pratt,DDC,sc,20151,1.59874,37.6478,-98.7396,65800.0,0.956,0.00624,0.15166360817747443,0.266,0.65973,0.05577,0.00322,0.095,4.77,9082.0,KS,C,3047,0.021
2770.5162,Rawlins,GLD,nw,20153,0.54069,39.7852,-101.0757,59100.0,0.859,0.05007,0.05466843604621555,0.173,0.54218,0.03277,4e-05,0.109,0.89,2463.0,KS,C,1498,0.019
3292.5177,Reno,ICT,sc,20155,8.49051,37.9529,-98.0861,57700.0,0.838,0.03711,0.2929784312500728,0.205,0.51661,0.07712,0.01747,0.118,18.68,61497.0,KS,C,27955,0.029
1865.6682,Republic,TOP,nc,20157,3.33367,39.8278,-97.6505,54000.0,0.784,0.07058,0.0946547758253738,0.254,0.64057,0.05212,0.03753,0.119,2.48,4627.0,KS,C,6220,0.021
1886.5313,Rice,ICT,cc,20159,0.61794,38.3471,-98.2011,61700.0,0.897,0.01973,0.13859405659884655,0.243,0.6393,0.05985,0.01289,0.106,4.91,9260.0,KS,C,1166,0.025
1611.0957,Riley,TOP,ne,20161,32.3424,39.2965,-96.7352,55900.0,0.812,0.00983,0.46627974463145677,0.48,0.20689,0.08243,0.10642,0.18,44.32,71402.0,KS,C,52107,0.026
2318.887,Rooks,GID,nc,20163,1.0737,39.3502,-99.3251,57000.0,0.829,0.00402,0.12175997636080278,0.24,0.40716,0.04627,0.00235,0.112,2.06,4778.0,KS,C,2490,0.026
1860.6154,Rush,DDC,cc,20165,0.35257,38.5233,-99.3092,56600.0,0.823,0.25,0.11548747969448718,0.215,0.60723,0.05095,0.0018,0.124,1.52,2830.0,KS,C,656,0.022
2328.3804,Russell,ICT,cc,20167,6.35958,38.9149,-98.7623,48800.0,0.708,0.00412,0.3840448441447407,0.181,0.30091,0.04608,0.00814,0.131,2.89,6723.0,KS,C,14808,0.023
1868.0071,Saline,ICT,cc,20169,3.57012,38.7839,-97.65,57600.0,0.836,0.02234,0.2516367210966086,0.291,0.44137,0.07913,0.02946,0.115,28.42,53098.0,KS,C,6669,0.024
1858.5871,Scott,DDC,wc,20171,4.38211,38.4822,-100.9069,71100.0,1.033,0.00896,0.13707681713366635,0.334,0.81483,0.04143,1e-05,0.079,2.65,4922.0,KS,C,8145,0.02
2614.3752,Sedgwick,ICT,sc,20173,23.07575,37.6848,-97.4611,64700.0,0.94,0.02889,0.3274089940310369,0.316,0.48582,0.24576,0.02586,0.136,202.14,528469.0,KS,C,60329,0.029
1659.0243,Seward,DDC,sw,20175,2.32064,37.1933,-100.8513,63600.0,0.924,0.01714,0.11349406684237227,0.127,0.52638,0.0541,0.0,0.144,12.7,21067.0,KS,C,3850,0.025
1440.6672,Shawnee,TOP,ec,20177,31.01627,39.0415,-95.7564,61300.0,0.89,0.20916,0.49815444109389373,0.323,0.52911,0.19504,0.13407,0.126,123.38,177746.0,KS,C,44684,0.027
2322.2368,Sheridan,GLD,nw,20179,0.51147,39.3503,-100.4418,62900.0,0.914,0.00505,0.11344481847561677,0.243,0.59931,0.04068,0.00017,0.11,1.04,2423.0,KS,C,1188,0.021
2734.9353,Sherman,GLD,nw,20181,1.52764,39.3514,-101.72,57000.0,0.829,0.01891,0.07893985286378935,0.251,0.72501,0.03822,1e-05,0.137,2.14,5844.0,KS,M,4178,0.024
2322.1498,Smith,GID,nc,20183,0.81336,39.7851,-98.7855,52100.0,0.757,0.02647,0.1008807770658924,0.246,0.53538,0.04751,0.01736,0.119,1.55,3590.0,KS,C,1889,0.02
2058.2697,Stafford,DDC,sc,20185,11.75614,38.0311,-98.7175,58000.0,0.843,0.00368,0.1439638118626147,0.263,0.61546,0.05081,0.0029,0.14,1.9,3909.0,KS,C,24197,0.023
1761.3779,Stanton,DDC,sw,20187,0.88853,37.563,-101.7842,76100.0,1.106,0.02172,0.08020891650355094,0.237,0.74321,0.03807,0.0,0.107,1.08,1901.0,KS,C,1565,0.021
1884.7627,Stevens,DDC,sw,20189,0.49889,37.1924,-101.3121,69300.0,1.007,0.02765,0.09319174609775992,0.162,0.6525,0.04424,0.0,0.105,2.69,5077.0,KS,C,940,0.021
3068.5143,Sumner,ICT,sc,20191,4.41031,37.2373,-97.4765,62900.0,0.914,0.02719,0.19765425908814035,0.267,0.70796,0.05817,0.02269,0.112,7.28,22334.0,KS,C,13533,0.027
2784.0521,Thomas,GLD,nw,20193,0.69252,39.3509,-101.0555,62900.0,0.914,0.01037,0.08841533415005001,0.302,0.80531,0.04643,3e-05,0.094,2.83,7865.0,KS,C,1928,0.019
2328.4712,Trego,DDC,wc,20195,1.55335,38.9143,-99.8729,54600.0,0.794,0.00525,0.11743708664639593,0.287,0.43911,0.03993,7e-05,0.107,1.17,2731.0,KS,C,3617,0.03
2071.4768,Wabaunsee,TOP,ec,20197,2.54247,38.9533,-96.2049,68400.0,0.994,0.10215,0.31560953789414103,0.266,0.19039,0.03623,0.06686,0.09,3.41,7057.0,KS,C,5267,0.026
2367.3525,Wallace,GLD,wc,20199,0.49714,38.9166,-101.7636,62300.0,0.905,0.01954,0.06471703624104048,0.227,0.48657,0.02658,2e-05,0.134,0.64,1509.0,KS,M,1177,0.022
2327.9439,Washington,TOP,nc,20201,0.45129,39.7842,-97.0874,63800.0,0.927,0.00666,0.102539385196681,0.233,0.50929,0.04748,0.05019,0.113,2.36,5504.0,KS,C,1051,0.021
1861.0379,Wichita,GLD,wc,20203,0.38849,38.4821,-101.3474,68200.0,0.991,0.04979,0.06612579105515592,0.188,0.78746,0.03941,0.0,0.105,1.12,2082.0,KS,C,723,0.022
1489.0817,Wilson,ICT,se,20205,1.04158,37.5593,-95.7434,52100.0,0.756,0.06447,0.14813705376575684,0.213,0.6682,0.05631,0.1391,0.143,5.63,8382.0,KS,C,1551,0.031
1309.127,Woodson,ICT,se,20207,1.21128,37.8867,-95.7402,49500.0,0.719,0.01387,0.12712240521097154,0.226,0.51752,0.04424,0.10494,0.139,2.38,3115.0,KS,C,1586,0.034
403.234,Wyandotte,EAX,ne,20209,33.53049,39.1145,-94.7646,58700.0,0.853,0.027,0.7563071336584541,0.205,0.21121,0.52758,0.20726,0.171,409.89,165281.0,KS,C,13521,0.034
1067.6718,Adair,LMK,sc,21001,2.86699,37.1041,-85.2805,44200.0,0.745,0.24534,0.19908025327825818,0.188,0.39996,0.07517,0.50144,0.221,18.04,19264.0,KY,C,3061,0.05
911.7887,Allen,LMK,sc,21003,11.01336,36.7513,-86.1904,61700.0,1.041,0.60158,0.3396973470635677,0.174,0.48635,0.07419,0.41404,0.164,23.9,21788.0,KY,C,10042,0.04
529.0888,Anderson,LMK,cc,21005,3.88297,38.004,-84.9909,66800.0,1.128,0.40449,0.529597488753228,0.257,0.37274,0.10902,0.50932,0.09,46.52,24613.0,KY,E,2054,0.033
708.5348,Ballard,PAH,ww,21007,3.11571,37.0584,-88.9992,56600.0,0.955,0.29217,0.3379814835981255,0.187,0.57771,0.05967,0.1254,0.144,10.7,7582.0,KY,C,2208,0.049
1294.747,Barren,LMK,sc,21009,7.93341,36.9656,-85.9336,50700.0,0.855,0.27259,0.285065144615505,0.178,0.63998,0.09994,0.23297,0.18,34.76,45008.0,KY,C,10272,0.044
735.1245,Bath,JKL,ec,21011,1.88345,38.1449,-83.7428,48300.0,0.815,0.065,0.16634158203256366,0.144,0.47305,0.05753,0.44769,0.178,17.65,12975.0,KY,E,1385,0.056
935.6441,Bell,JKL,se,21013,2.11335,36.7307,-83.674,33900.0,0.573,0.00303,0.40048896909016823,0.139,0.01653,0.0749,0.84996,0.289,24.92,23317.0,KY,E,1977,0.056
665.4854,Boone,ILN,nn,21015,50.68555,38.97,-84.7279,90300.0,1.524,0.39383,0.8329602840320197,0.354,0.24534,0.30781,0.39406,0.074,211.12,140496.0,KY,E,33730,0.036
755.7102,Bourbon,LMK,cc,21017,9.07888,38.2068,-84.2171,56900.0,0.96,0.31337,0.3699368351521323,0.255,0.86495,0.06852,0.06388,0.142,26.64,20134.0,KY,E,6861,0.036
419.0394,Boyd,RLX,ne,21019,3.02813,38.3596,-82.6877,55400.0,0.935,0.07723,0.35170962052682486,0.194,0.11328,0.22763,0.62443,0.181,114.13,47826.0,KY,E,1269,0.056
474.7784,Boyle,LMK,cc,21021,6.6557,37.6244,-84.8667,58000.0,0.979,0.32848,0.37318276992028443,0.274,0.60565,0.12832,0.25725,0.147,65.27,30988.0,KY,E,3160,0.045
541.109,Bracken,ILN,nn,21023,0.85126,38.6888,-84.0901,58300.0,0.984,0.07381,0.2682152044663938,0.17,0.33029,0.07337,0.5647,0.143,15.57,8426.0,KY,E,461,0.047
1282.7425,Breathitt,JKL,se,21025,0.54649,37.5216,-83.3241,36300.0,0.613,0.03566,0.18385352012768222,0.165,0.01583,0.05358,0.88694,0.303,10.1,12953.0,KY,E,701,0.075
1516.6573,Breckinridge,LMK,cc,21027,0.62016,37.7732,-86.4293,52400.0,0.884,0.08991,0.18865374477283348,0.149,0.41502,0.06286,0.49333,0.165,13.93,21124.0,KY,C,941,0.049
777.4199,Bullitt,LMK,cc,21029,15.57322,37.97,-85.6959,77200.0,1.303,0.04551,0.8394088098170588,0.189,0.17967,0.18875,0.55078,0.084,109.16,84863.0,KY,E,12107,0.041
1117.1841,Butler,LMK,sc,21031,1.09651,37.2074,-86.6816,50800.0,0.858,0.5249,0.13180084784983062,0.095,0.3481,0.05423,0.5642,0.15,11.08,12375.0,KY,C,1225,0.045
901.2928,Caldwell,PAH,ww,21033,0.60421,37.1453,-87.8679,51600.0,0.87,0.04774,0.21899562962721372,0.181,0.49026,0.07073,0.40317,0.158,13.93,12551.0,KY,C,545,0.039
1063.9551,Calloway,PAH,ww,21035,5.6149,36.6211,-88.2723,51900.0,0.877,0.06796,0.27641509925357977,0.323,0.48734,0.10461,0.30521,0.176,35.98,38280.0,KY,C,5974,0.044
412.9567,Campbell,ILN,nn,21037,44.58215,38.9465,-84.3793,74100.0,1.252,0.01206,0.634575435597213,0.395,0.21938,0.25722,0.4638,0.103,226.91,93702.0,KY,E,18410,0.036
515.5439,Carlisle,PAH,ww,21039,0.5707,36.8532,-88.9709,54500.0,0.92,0.26171,0.1862033902156377,0.146,0.61446,0.0582,0.19789,0.129,9.12,4704.0,KY,C,294,0.039
355.4988,Carroll,ILN,nn,21041,3.76091,38.6679,-85.1235,59200.0,1.0,0.47345,0.6465274388416519,0.089,0.29558,0.11268,0.51925,0.162,30.91,10987.0,KY,E,1337,0.035
1067.5583,Carter,RLX,ne,21043,2.51296,38.3181,-83.0495,48300.0,0.815,0.03392,0.26616061208506536,0.154,0.12603,0.08888,0.76633,0.192,24.7,26366.0,KY,E,2683,0.076
1154.5782,Casey,LMK,cc,21045,2.75414,37.3223,-84.9283,43500.0,0.735,0.11793,0.3329655277376151,0.118,0.32779,0.06831,0.59539,0.211,13.79,15918.0,KY,E,3180,0.041
1875.2031,Christian,PAH,sc,21047,1.28821,36.8941,-87.4904,56600.0,0.956,0.24962,0.3189336029363283,0.2,0.54574,0.10589,0.32794,0.178,38.41,72032.0,KY,C,2416,0.051
661.0904,Clark,LMK,cc,21049,5.46826,37.9709,-84.1475,61600.0,1.04,0.27413,0.4689977018909003,0.222,0.67541,0.10516,0.21331,0.108,56.43,37304.0,KY,E,3615,0.038
1220.0332,Clay,JKL,se,21051,0.3549,37.1598,-83.7146,34500.0,0.582,0.3164,0.15201468074093824,0.166,0.04706,0.06358,0.87524,0.372,16.1,19648.0,KY,E,433,0.064
532.3142,Clinton,LMK,sc,21053,1.5057,36.7275,-85.1361,41700.0,0.705,0.68621,0.1249330136793118,0.165,0.35941,0.07723,0.51348,0.236,17.19,9148.0,KY,C,802,0.052
960.3676,Crittenden,PAH,ww,21055,0.84447,37.3527,-88.0972,50500.0,0.852,0.1344,0.23162236520577328,0.126,0.42619,0.04971,0.46049,0.179,9.34,8974.0,KY,C,811,0.041
804.9784,Cumberland,LMK,sc,21057,0.10441,36.7866,-85.3884,48900.0,0.825,0.13088,0.1390860652572929,0.175,0.18834,0.05583,0.73705,0.231,7.45,6000.0,KY,C,84,0.034
1233.5718,Daviess,PAH,nw,21059,4.0777,37.7318,-87.0873,65900.0,1.113,0.05944,0.3618286472650551,0.252,0.6244,0.14867,0.15703,0.162,83.87,103458.0,KY,C,5030,0.043
797.8556,Edmonson,LMK,sc,21061,18.65626,37.2087,-86.2385,51400.0,0.868,0.00732,0.2970338559103538,0.103,0.2931,0.05927,0.62253,0.16,15.6,12448.0,KY,C,14885,0.051
609.2718,Elliott,JKL,ec,21063,0.35563,38.1179,-83.0976,40300.0,0.68,0.25845,0.3805925436826724,0.062,0.12087,0.06098,0.80648,0.258,11.89,7245.0,KY,E,217,0.082
662.3551,Estill,JKL,ec,21065,1.52727,37.6924,-83.9643,39400.0,0.665,0.32197,0.28788360629670856,0.099,0.15372,0.06861,0.76125,0.227,21.04,13936.0,KY,E,1012,0.05
739.3329,Fayette,LMK,cc,21067,139.86265,38.0423,-84.4588,63700.0,1.075,0.2394,0.747004809978496,0.473,0.5789,0.3548,0.05872,0.157,433.03,320154.0,KY,E,103405,0.034
910.4587,Fleming,JKL,ec,21069,0.52826,38.3701,-83.6967,50000.0,0.844,0.25366,0.14803337523455576,0.164,0.54251,0.06318,0.38699,0.181,16.96,15442.0,KY,E,481,0.048
1024.1607,Floyd,JKL,se,21071,1.19024,37.5572,-82.7457,37300.0,0.63,0.0525,0.22611101088459923,0.151,0.0146,0.09452,0.84844,0.265,33.61,34423.0,KY,E,1219,0.06
549.5153,Franklin,LMK,cc,21073,55.69377,38.2391,-84.877,58500.0,0.987,0.14048,0.7297724570316723,0.318,0.3636,0.16566,0.4544,0.118,93.98,51644.0,KY,E,30605,0.036
596.9641,Fulton,PAH,ww,21075,5.69794,36.5541,-89.1873,40400.0,0.682,0.13906,0.5525220620147563,0.173,0.62559,0.05891,0.04991,0.259,10.62,6338.0,KY,C,3401,0.05
271.1797,Gallatin,ILN,nn,21077,8.98646,38.7569,-84.8592,59200.0,0.999,0.37875,0.6174413613755144,0.132,0.26301,0.12479,0.54444,0.131,32.42,8792.0,KY,E,2437,0.04
605.8368,Garrard,LMK,cc,21079,10.35692,37.6396,-84.5376,57700.0,0.975,0.08797,0.46011017402150034,0.191,0.60031,0.07961,0.30319,0.176,29.43,17829.0,KY,E,6275,0.039
675.4785,Grant,ILN,nn,21081,3.85638,38.6488,-84.6245,66500.0,1.122,0.15851,0.6143298871289007,0.151,0.35073,0.0956,0.54588,0.13,37.93,25619.0,KY,E,2605,0.04
1441.281,Graves,PAH,ww,21083,5.12626,36.723,-88.6512,53400.0,0.901,0.1367,0.19514706442641064,0.174,0.6552,0.09409,0.21302,0.176,25.3,36461.0,KY,C,7388,0.042
1322.4253,Grayson,LMK,cc,21085,1.65832,37.4608,-86.3439,52100.0,0.88,0.20201,0.2188157883941684,0.146,0.41475,0.07938,0.48507,0.178,20.28,26825.0,KY,C,2193,0.046
747.6407,Green,LMK,cc,21087,0.73025,37.2639,-85.5531,46200.0,0.779,0.18316,0.13018567192265112,0.166,0.51475,0.0683,0.40961,0.176,15.34,11468.0,KY,C,546,0.038
918.2137,Greenup,RLX,ne,21089,1.0514,38.5456,-82.9223,54500.0,0.919,0.11912,0.32471394806455145,0.183,0.12519,0.11416,0.72415,0.159,38.36,35221.0,KY,E,965,0.065
515.3497,Hancock,LMK,cc,21091,1.74833,37.8415,-86.778,66300.0,1.119,0.01665,0.1236813406038037,0.168,0.32859,0.09057,0.5004,0.119,17.31,8920.0,KY,C,901,0.046
1631.7061,Hardin,LMK,cc,21093,2.95422,37.6979,-85.9635,61900.0,1.045,0.12489,0.4049014711995754,0.244,0.42151,0.15353,0.39706,0.142,68.81,112273.0,KY,E,4820,0.041
1211.9506,Harlan,JKL,se,21095,0.83805,36.857,-83.2179,36000.0,0.608,0.00098,0.2943553643592752,0.127,0.0057,0.0604,0.88568,0.297,20.9,25324.0,KY,E,1016,0.066
802.4586,Harrison,LMK,cc,21097,2.21242,38.4418,-84.3315,61000.0,1.029,0.11941,0.4511234930835669,0.201,0.59033,0.07252,0.33088,0.139,24.19,19415.0,KY,E,1775,0.038
1082.6877,Hart,LMK,cc,21099,6.24649,37.2999,-85.8847,47200.0,0.797,0.54414,0.29562366908214444,0.107,0.42644,0.06988,0.48789,0.177,18.22,19724.0,KY,C,6763,0.044
1210.0921,Henderson,PAH,nw,21101,27.56207,37.7961,-87.5729,55500.0,0.937,0.19304,0.3219473768188873,0.19,0.66659,0.09816,0.10536,0.132,36.46,44119.0,KY,C,33353,0.04
753.8517,Henry,LMK,cc,21103,1.82754,38.4484,-85.1189,65100.0,1.098,0.08979,0.35946569846926196,0.148,0.53272,0.07112,0.38569,0.146,21.19,15973.0,KY,E,1378,0.037
655.1818,Hickman,PAH,ww,21105,0.67838,36.6781,-88.9761,53800.0,0.909,0.37348,0.5182526024479356,0.144,0.66811,0.05442,0.08856,0.187,6.79,4447.0,KY,C,444,0.045
1435.7727,Hopkins,PAH,nw,21107,9.01048,37.3088,-87.541,52200.0,0.881,0.25415,0.22878632552086528,0.166,0.40834,0.10356,0.354,0.16,31.29,44929.0,KY,C,12937,0.044
897.5506,Jackson,JKL,se,21109,1.36427,37.4198,-84.0058,41000.0,0.692,0.05063,0.30773912800134323,0.103,0.14333,0.06293,0.78073,0.239,14.6,13104.0,KY,E,1224,0.056
1032.3359,Jefferson,LMK,cc,21111,187.74652,38.1872,-85.6595,64700.0,1.092,0.10904,0.9487879009813974,0.366,0.09533,0.66003,0.19431,0.162,747.96,772144.0,KY,E,193817,0.039
451.9305,Jessamine,LMK,cc,21113,34.6254,37.872,-84.5809,69200.0,1.168,0.55659,0.8626181655174233,0.324,0.60359,0.17345,0.21216,0.103,121.74,55017.0,KY,E,15648,0.035
683.4875,Johnson,JKL,ne,21115,1.04025,37.8467,-82.8314,42900.0,0.724,0.01828,0.25057058519217307,0.166,0.04326,0.09181,0.83268,0.25,32.36,22116.0,KY,E,711,0.066
425.731,Kenton,ILN,nn,21117,34.43137,38.9334,-84.5331,77300.0,1.304,0.07531,0.9051487175598567,0.376,0.22243,0.37063,0.38578,0.106,402.42,171321.0,KY,E,14659,0.037
914.3499,Knott,JKL,se,21119,0.35447,37.354,-82.954,38500.0,0.649,0.0,0.24728132387706853,0.178,0.00417,0.05359,0.84792,0.261,14.94,13659.0,KY,E,324,0.067
1004.2019,Knox,JKL,se,21121,0.57359,36.8907,-83.8539,36600.0,0.617,0.23438,0.24117232633507116,0.135,0.09537,0.09028,0.79176,0.35,29.67,29794.0,KY,E,576,0.058
683.1656,Larue,LMK,cc,21123,2.50388,37.5457,-85.698,53900.0,0.91,0.16953,0.43077817224404624,0.156,0.56442,0.07697,0.35193,0.161,22.4,15303.0,KY,E,1711,0.044
1149.4155,Laurel,JKL,sc,21125,4.33685,37.1107,-84.1178,50700.0,0.856,0.01886,0.26623903838626933,0.165,0.24205,0.13957,0.57656,0.218,55.07,63296.0,KY,E,4985,0.045
1087.9853,Lawrence,RLX,ne,21127,0.79872,38.0679,-82.7347,42800.0,0.722,0.06444,0.2078936478377819,0.142,0.04798,0.06912,0.85628,0.206,14.71,16000.0,KY,E,869,0.057
546.9922,Lee,JKL,se,21129,1.77941,37.5947,-83.7163,34600.0,0.585,0.02363,0.4015358323900837,0.075,0.07419,0.06718,0.83895,0.311,13.33,7293.0,KY,E,973,0.058
1047.3493,Leslie,JKL,se,21131,0.0678,37.0941,-83.3811,36700.0,0.619,0.01408,0.17713697219361482,0.104,0.00167,0.043,0.90474,0.267,9.42,9864.0,KY,E,71,0.069
878.2583,Letcher,JKL,se,21133,1.19288,37.1212,-82.8553,37900.0,0.639,0.021,0.36672701669684166,0.137,0.00509,0.06705,0.86229,0.238,23.25,20423.0,KY,E,1048,0.063
1283.7891,Lewis,ILN,ne,21135,0.26162,38.5317,-83.3781,44100.0,0.744,0.13398,0.315990026153226,0.113,0.14962,0.05231,0.76043,0.221,10.11,12973.0,KY,E,336,0.08
870.5845,Lincoln,LMK,cc,21137,7.2654,37.4552,-84.6607,49800.0,0.841,0.4909,0.3428991452867662,0.152,0.57109,0.08713,0.33293,0.191,28.46,24776.0,KY,E,6325,0.051
886.3905,Livingston,PAH,ww,21139,3.73425,37.2097,-88.3536,55400.0,0.934,0.01722,0.2771387844380545,0.139,0.41324,0.05786,0.37166,0.143,10.03,8892.0,KY,C,3310,0.05
1443.0814,Logan,LMK,sc,21141,17.75501,36.8597,-86.8789,56800.0,0.959,0.86888,0.2740760949610392,0.166,0.63101,0.07988,0.27639,0.148,19.6,28283.0,KY,C,25622,0.041
664.0628,Lyon,PAH,ww,21143,16.18048,37.0191,-88.0832,58900.0,0.995,0.11131,0.3967010996334555,0.163,0.22723,0.07504,0.50154,0.159,13.83,9187.0,KY,C,10745,0.044
694.3195,McCracken,PAH,ww,21145,24.32299,37.0539,-88.7127,60000.0,1.013,0.07426,0.5751710857279063,0.279,0.41352,0.22065,0.16538,0.157,97.11,67428.0,KY,C,16888,0.04
1115.1489,McCreary,JKL,sc,21147,2.25741,36.7371,-84.4841,35400.0,0.598,0.03337,0.7653474747006925,0.091,0.03483,0.05693,0.89028,0.359,15.29,17050.0,KY,E,2517,0.059
663.4208,McLean,PAH,nw,21149,0.6768,37.5291,-87.2636,55600.0,0.938,0.06236,0.12027668681537848,0.184,0.70771,0.07791,0.15379,0.147,13.65,9054.0,KY,C,449,0.046
1147.6806,Madison,LMK,cc,21151,33.75161,37.7202,-84.278,61000.0,1.03,0.19383,0.6766968421947384,0.342,0.51663,0.14463,0.32915,0.138,84.29,96735.0,KY,E,38736,0.039
801.5396,Magoffin,JKL,se,21153,1.43723,37.7066,-83.0648,35700.0,0.602,0.09028,0.2278145019269544,0.132,0.044,0.06041,0.86734,0.292,14.01,11228.0,KY,E,1152,0.098
898.1757,Marion,LMK,cc,21155,1.04367,37.5525,-85.2696,53700.0,0.906,0.32857,0.18825719205344188,0.127,0.51703,0.07355,0.40448,0.146,22.08,19834.0,KY,E,937,0.034
881.4284,Marshall,PAH,ww,21157,37.05901,36.8834,-88.3293,64400.0,1.087,0.0427,0.5552258212765481,0.21,0.36436,0.12995,0.30453,0.138,36.01,31744.0,KY,C,32665,0.04
598.0965,Martin,JKL,ne,21159,0.1906,37.8016,-82.5132,34400.0,0.581,0.01754,0.09042931086978585,0.107,0.01483,0.06787,0.83779,0.481,18.27,10928.0,KY,E,114,0.083
638.7164,Mason,ILN,nn,21161,0.43212,38.5952,-83.824,49000.0,0.828,0.08333,0.14246600079553137,0.211,0.57764,0.08933,0.30609,0.17,26.37,16841.0,KY,E,276,0.052
839.6132,Meade,LMK,cc,21163,1.6615,37.9695,-86.2169,69600.0,1.175,0.08674,0.3529355191711353,0.184,0.4133,0.10554,0.41633,0.117,35.89,30131.0,KY,E,1395,0.046
533.6142,Menifee,JKL,ec,21165,6.08998,37.9414,-83.5989,43200.0,0.73,0.05508,0.551543290811211,0.109,0.10949,0.04986,0.82274,0.251,11.78,6286.0,KY,E,3250,0.062
655.408,Mercer,LMK,cc,21167,16.47512,37.8111,-84.8744,65300.0,1.102,0.55242,0.3877801805800081,0.225,0.65614,0.09455,0.2361,0.134,35.24,23097.0,KY,E,10798,0.041
753.7115,Metcalfe,LMK,sc,21169,3.46742,36.9905,-85.6291,45000.0,0.759,0.47179,0.3033767201149569,0.131,0.42899,0.06644,0.49572,0.242,13.91,10482.0,KY,C,2613,0.048
860.2679,Monroe,LMK,sc,21171,1.00434,36.7122,-85.7164,45900.0,0.774,0.21296,0.15132218800608255,0.149,0.46573,0.06704,0.45406,0.237,13.14,11306.0,KY,C,864,0.043
514.756,Montgomery,JKL,ec,21173,1.23554,38.0336,-83.9132,55900.0,0.944,0.06918,0.24709826674708552,0.208,0.61753,0.10667,0.26829,0.146,55.42,28527.0,KY,E,636,0.048
994.0394,Morgan,JKL,se,21175,2.07597,37.9223,-83.2589,41900.0,0.707,0.00533,0.2040874274086143,0.176,0.13385,0.06122,0.79104,0.247,14.37,14283.0,KY,E,2064,0.051
1242.0514,Muhlenberg,PAH,sc,21177,3.75669,37.2157,-87.1421,48200.0,0.813,0.23789,0.16465954723055046,0.13,0.3475,0.09429,0.44466,0.202,24.61,30568.0,KY,C,4666,0.061
1098.7128,Nelson,LMK,cc,21179,4.58587,37.8051,-85.4662,66700.0,1.125,0.53567,0.39149507456560406,0.228,0.47895,0.10634,0.40127,0.129,43.44,47730.0,KY,E,5039,0.036
509.4647,Nicholas,LMK,cc,21181,1.56337,38.3356,-84.0153,51100.0,0.863,0.09165,0.2067732449837671,0.095,0.53115,0.06075,0.40316,0.172,15.09,7686.0,KY,E,796,0.043
1545.4927,Ohio,LMK,cc,21183,1.01937,37.4783,-86.849,50300.0,0.849,0.07454,0.1687602041804067,0.142,0.36089,0.07098,0.5074,0.16,15.29,23626.0,KY,C,1575,0.056
509.0329,Oldham,LMK,cc,21185,43.64815,38.3995,-85.4485,116000.0,1.961,0.47699,0.710984296399183,0.456,0.38681,0.21648,0.35394,0.058,137.88,70183.0,KY,E,22218,0.034
917.3827,Owen,ILN,nn,21187,1.27398,38.5197,-84.828,60600.0,1.023,0.22418,0.26014408155129704,0.173,0.34465,0.06037,0.58559,0.154,12.33,11313.0,KY,E,1169,0.037
512.8999,Owsley,JKL,se,21189,0.46988,37.4192,-83.6832,32800.0,0.553,0.04979,0.4235240234673181,0.114,0.08047,0.0537,0.8548,0.331,7.8,4001.0,KY,E,241,0.066
729.9111,Pendleton,ILN,nn,21191,2.22356,38.6957,-84.3602,65700.0,1.109,0.17067,0.35251443682475153,0.166,0.33271,0.07397,0.57452,0.132,20.29,14810.0,KY,E,1623,0.04
887.4802,Perry,JKL,se,21193,0.46411,37.2443,-83.2215,43900.0,0.742,0.0,0.18215271389144433,0.142,0.00882,0.0843,0.78967,0.297,30.57,27133.0,KY,E,412,0.056
2043.0374,Pike,JKL,se,21195,1.08612,37.469,-82.3958,41800.0,0.706,0.07977,0.2620425782399686,0.16,0.00449,0.06982,0.84815,0.234,27.4,55973.0,KY,E,2219,0.057
466.7114,Powell,JKL,ec,21197,16.33073,37.8312,-83.8238,42400.0,0.716,0.01325,0.5960374419986192,0.173,0.12021,0.08772,0.78168,0.221,27.79,12972.0,KY,E,7622,0.044
1753.3026,Pulaski,JKL,sc,21199,10.99243,37.1039,-84.5771,46400.0,0.783,0.35428,0.5782765435713502,0.179,0.33662,0.11493,0.51401,0.17,37.75,66191.0,KY,E,19273,0.048
259.1582,Robertson,ILN,nn,21201,2.52957,38.5188,-84.0521,53500.0,0.902,0.16627,0.0985136435660889,0.135,0.35722,0.06111,0.57704,0.196,8.93,2313.0,KY,E,656,0.052
823.8387,Rockcastle,JKL,sc,21203,4.19755,37.3652,-84.316,45200.0,0.762,0.64544,0.6771493627155906,0.137,0.20872,0.078,0.69841,0.218,19.65,16190.0,KY,E,3458,0.047
741.6634,Rowan,JKL,ec,21205,9.54605,38.1963,-83.4211,50500.0,0.852,0.03545,0.5011120129014578,0.27,0.11516,0.08488,0.77264,0.24,32.91,24409.0,KY,E,7080,0.052
732.447,Russell,LMK,sc,21207,2.84454,36.9911,-85.0586,44400.0,0.75,0.06,0.35199132353089313,0.158,0.36601,0.09202,0.43319,0.223,24.96,18279.0,KY,C,2083,0.053
738.962,Scott,LMK,cc,21209,8.63367,38.2915,-84.5839,86200.0,1.454,0.22115,0.5157014420449101,0.332,0.54115,0.13037,0.32392,0.1,81.42,60168.0,KY,E,6380,0.033
998.8213,Shelby,LMK,cc,21211,9.81473,38.2155,-85.1948,81800.0,1.381,0.259,0.47196005566954097,0.31,0.62827,0.10487,0.26103,0.116,49.57,49515.0,KY,E,9803,0.035
611.8619,Simpson,LMK,sc,21213,2.37629,36.7419,-86.5823,58600.0,0.988,0.27689,0.28614753756339595,0.168,0.77638,0.1145,0.10157,0.137,33.01,20195.0,KY,C,1454,0.038
496.7076,Spencer,LMK,cc,21215,56.89373,38.0325,-85.3279,102000.0,1.714,0.93721,0.5172938966622799,0.221,0.4635,0.09754,0.41286,0.07,41.33,20531.0,KY,E,28260,0.037
717.6154,Taylor,LMK,cc,21217,1.81797,37.3664,-85.3279,52400.0,0.885,0.31044,0.19099104166959652,0.22,0.44579,0.10353,0.42009,0.194,36.85,26443.0,KY,E,1305,0.038
976.3124,Todd,PAH,sc,21219,3.47777,36.8356,-87.1791,53300.0,0.899,0.33679,0.4050089257280093,0.159,0.63176,0.07062,0.28607,0.163,12.8,12494.0,KY,C,3395,0.038
1246.0162,Trigg,PAH,ww,21221,8.41459,36.8064,-87.8734,56400.0,0.953,0.02232,0.2715834544146823,0.203,0.29946,0.06359,0.53817,0.136,11.53,14369.0,KY,C,10485,0.047
404.6538,Trimble,LMK,cc,21223,3.56077,38.613,-85.3374,65800.0,1.111,0.36575,0.6776509690569361,0.147,0.31289,0.07403,0.55372,0.132,21.27,8607.0,KY,E,1441,0.039
941.315,Union,PAH,nw,21225,2.30639,37.6584,-87.9453,58200.0,0.983,0.19069,0.19245903045072382,0.118,0.69177,0.08112,0.1245,0.145,13.92,13106.0,KY,C,2171,0.049
1418.4252,Warren,LMK,sc,21227,10.89492,36.9936,-86.4239,60700.0,1.024,0.09609,0.3729805655230472,0.334,0.54546,0.15932,0.28395,0.142,100.27,142229.0,KY,C,15454,0.039
780.9353,Washington,LMK,cc,21229,1.1278,37.7534,-85.1747,59900.0,1.012,0.19188,0.27386590537797656,0.189,0.55869,0.06945,0.36777,0.131,15.71,12267.0,KY,E,881,0.033
1254.5563,Wayne,JKL,sc,21231,0.87327,36.8013,-84.8285,39900.0,0.673,0.26379,0.29643301622123314,0.137,0.20416,0.05888,0.67611,0.25,15.61,19580.0,KY,E,1096,0.056
869.6727,Webster,PAH,nw,21233,0.41625,37.5183,-87.6832,56100.0,0.946,0.24586,0.08918620508241093,0.126,0.59756,0.0767,0.26629,0.154,14.63,12726.0,KY,C,362,0.042
1152.8291,Whitley,JKL,sc,21235,2.53479,36.7582,-84.1452,43600.0,0.736,0.03388,0.4034825178070115,0.198,0.13461,0.08887,0.73614,0.269,31.94,36825.0,KY,E,2922,0.048
577.1879,Wolfe,JKL,se,21237,9.27483,37.7393,-83.4931,37700.0,0.637,0.05081,0.39832923286490696,0.074,0.11219,0.06118,0.81369,0.286,10.88,6282.0,KY,E,5353,0.063
496.9741,Woodford,LMK,cc,21239,8.52812,38.0423,-84.7435,76600.0,1.293,0.15007,0.6482416330121157,0.417,0.72537,0.11233,0.15404,0.106,54.87,27268.0,KY,E,4238,0.031
1703.4032,Acadia,LCH,sw,22001,21.9167,30.2906,-92.412,43000.0,0.775,0.19388,0.5111127988371734,0.134,0.70215,0.09837,0.03041,0.25,33.16,56489.0,LA,C,37333,0.037
1983.2568,Allen,LCH,sw,22003,0.44624,30.6528,-92.8279,51400.0,0.927,0.14689,0.18747297297297297,0.116,0.16793,0.0626,0.38139,0.201,11.15,22112.0,LA,C,885,0.042
784.5655,Ascension,LIX,se,22005,14.03735,30.2035,-90.9113,81300.0,1.466,0.00854,0.37926015209630376,0.285,0.22464,0.29101,0.02121,0.107,167.78,131632.0,LA,C,11013,0.03
944.6915,Assumption,LIX,se,22007,4.54988,29.9006,-91.0626,54400.0,0.981,0.01396,0.25738025615333754,0.137,0.27943,0.0616,0.00083,0.183,21.34,20160.0,LA,C,4298,0.043
2241.96,Avoyelles,LCH,cc,22009,0.76545,31.0762,-92.0013,41600.0,0.75,0.23542,0.1286244922406041,0.109,0.49179,0.05594,0.02649,0.27,17.13,38408.0,LA,C,1716,0.042
3019.8429,Beauregard,LCH,sw,22011,0.29581,30.6485,-93.3434,64400.0,1.161,0.07612,0.17889094894576124,0.178,0.12513,0.06942,0.40475,0.157,12.2,36827.0,LA,C,893,0.036
2128.5585,Bienville,SHV,nw,22013,0.70564,32.3472,-93.056,41800.0,0.754,0.00266,0.17490127034197753,0.135,0.03464,0.05612,0.53515,0.253,5.81,12366.0,LA,C,1502,0.043
2245.2921,Bossier,SHV,nw,22015,9.14237,32.6795,-93.6052,63800.0,1.151,0.73665,0.40140948758837375,0.273,0.16059,0.11375,0.40064,0.138,57.81,129795.0,LA,C,20527,0.032
2426.5142,Caddo,SHV,nw,22017,16.05302,32.5797,-93.8821,47700.0,0.86,0.03796,0.37048682605127764,0.253,0.2229,0.19121,0.3006,0.228,93.3,226386.0,LA,C,38953,0.041
2834.134,Calcasieu,LCH,sw,22019,9.20751,30.2292,-93.3579,61800.0,1.114,0.0754,0.470094049238088,0.247,0.34248,0.17459,0.13698,0.176,71.9,203761.0,LA,C,26095,0.034
1399.9041,Caldwell,SHV,nc,22021,0.3586,32.0922,-92.1167,46500.0,0.838,0.00996,0.1527233300926071,0.107,0.14348,0.05356,0.35324,0.203,6.71,9389.0,LA,C,502,0.04
3896.3125,Cameron,LCH,sw,22023,29.59334,29.8717,-93.1618,63400.0,1.143,0.03508,0.5181413691980989,0.15,0.09122,0.0171,0.00089,0.138,1.22,4768.0,LA,C,115305,0.028
1915.0311,Catahoula,JAN,ne,22025,1.24129,31.6661,-91.8471,41700.0,0.751,0.06016,0.10241851924454029,0.166,0.47008,0.03914,0.13516,0.3,4.39,8414.0,LA,C,2377,0.043
1988.1424,Claiborne,SHV,nw,22027,3.41266,32.8226,-92.9957,37800.0,0.681,0.11349,0.2827412601355842,0.11,0.05448,0.0544,0.60472,0.292,6.88,13670.0,LA,C,6785,0.04
1938.9248,Concordia,JAN,ne,22029,1.86011,31.4458,-91.6397,41100.0,0.741,0.08678,0.12684684649842448,0.174,0.48005,0.04111,0.00524,0.252,9.12,17688.0,LA,C,3607,0.047
2317.1127,De Soto,SHV,nw,22031,0.82025,32.0554,-93.7373,52800.0,0.952,0.23203,0.16186748743538748,0.149,0.152,0.0869,0.46848,0.177,11.7,27114.0,LA,C,1901,0.041
1218.7173,East Baton Rouge,LIX,se,22033,107.87756,30.5383,-91.0957,61400.0,1.107,0.06715,0.6098979946442078,0.382,0.18014,0.41382,0.0782,0.2,367.98,448467.0,LA,C,131472,0.034
1146.0473,East Carroll,JAN,ne,22035,0.80974,32.7325,-91.235,30700.0,0.553,0.02263,0.096027264343501,0.11,0.71924,0.03586,0.00055,0.465,5.96,6829.0,LA,C,928,0.088
1179.9895,East Feliciana,LIX,se,22037,2.29082,30.8451,-91.0455,56800.0,1.025,0.10247,0.24151061061241133,0.17,0.25459,0.05355,0.38333,0.199,16.3,19229.0,LA,C,2703,0.035
1760.2817,Evangeline,LCH,cc,22039,1.35931,30.729,-92.4059,40900.0,0.738,0.15943,0.1380892499065357,0.126,0.43645,0.06597,0.20926,0.222,18.04,31754.0,LA,C,2393,0.039
1645.9541,Franklin,JAN,ne,22041,1.68516,32.1333,-91.6738,38600.0,0.696,0.61903,0.12150042224764021,0.162,0.66491,0.05977,0.02853,0.239,11.72,19285.0,LA,C,2774,0.052
1720.9441,Grant,SHV,nc,22043,1.68637,31.5997,-92.5594,52800.0,0.953,0.02481,0.2198400482873095,0.128,0.08666,0.06513,0.52217,0.204,12.73,21911.0,LA,C,2902,0.037
1614.9047,Iberia,LCH,sc,22045,3.67453,29.8941,-91.7307,45100.0,0.813,0.09757,0.3048957136001964,0.147,0.24969,0.08862,0.0061,0.221,41.9,67659.0,LA,C,5934,0.041
1690.9021,Iberville,LIX,se,22047,9.51041,30.2585,-91.3494,53200.0,0.959,0.09754,0.4835892964925223,0.166,0.19852,0.06404,0.00158,0.202,17.52,29617.0,LA,C,16081,0.042
1503.0327,Jackson,SHV,nc,22049,1.02925,32.302,-92.5577,43800.0,0.79,0.00065,0.1319709923310396,0.134,0.0258,0.0695,0.55364,0.194,9.81,14746.0,LA,C,1547,0.033
1038.5824,Jefferson,LIX,se,22051,68.27331,29.7299,-90.1174,61200.0,1.103,0.00111,0.8885178117048347,0.299,0.00545,0.25395,0.00025,0.171,406.11,421777.0,LA,C,70907,0.035
1711.6956,Jefferson Davis,LCH,sw,22053,10.69343,30.2669,-92.8138,52400.0,0.945,0.07223,0.36137941679037405,0.15,0.72233,0.07843,0.05566,0.178,18.43,31553.0,LA,C,18304,0.038
700.1068,Lafayette,LCH,sc,22055,51.2108,30.2063,-92.0639,58600.0,1.057,0.07336,0.7438223742759241,0.349,0.48293,0.43084,0.00395,0.169,356.73,249750.0,LA,C,35853,0.032
3186.6285,Lafourche,LIX,se,22057,5.98028,29.5682,-90.4291,59600.0,1.074,0.10469,0.4476913571390554,0.204,0.12203,0.05612,0.00029,0.194,29.83,95056.0,LA,C,19057,0.032
1715.404,La Salle,SHV,nc,22059,3.45268,31.6767,-92.1604,55600.0,1.003,0.00169,0.31255155121028494,0.174,0.04762,0.0652,0.36477,0.2,8.63,14800.0,LA,C,5923,0.03
1223.1958,Lincoln,SHV,nc,22061,9.68201,32.6016,-92.6647,44800.0,0.807,0.10352,0.25820229081731705,0.36,0.07576,0.12169,0.50322,0.284,39.21,47962.0,LA,C,11843,0.038
1690.3051,Livingston,LIX,se,22063,8.85542,30.4507,-90.7393,72900.0,1.314,0.01737,0.4367803922606601,0.203,0.06035,0.15411,0.25383,0.141,88.83,150145.0,LA,C,14968,0.03
1684.7973,Madison,JAN,ne,22065,1.51961,32.3643,-91.2427,33400.0,0.602,0.03984,0.16184448053447872,0.128,0.58947,0.03587,0.00466,0.341,5.49,9246.0,LA,C,2560,0.055
2085.6922,Morehouse,JAN,ne,22067,0.83412,32.8205,-91.8017,39500.0,0.712,0.41673,0.086937118403246,0.127,0.53636,0.05206,0.14086,0.313,11.49,23955.0,LA,C,1740,0.059
3365.4058,Natchitoches,SHV,nw,22069,1.42955,31.7236,-93.0963,42200.0,0.761,0.11578,0.21401841056623985,0.256,0.21161,0.05392,0.43068,0.243,10.78,36291.0,LA,C,4811,0.041
520.5765,Orleans,LIX,se,22071,285.85966,30.0385,-89.9037,51900.0,0.936,5e-05,0.9846153846153847,0.42,0.00328,0.39799,0.00108,0.231,699.49,364136.0,LA,C,148812,0.045
1638.6297,Ouachita,SHV,nc,22073,10.76355,32.4785,-92.1545,47300.0,0.853,0.28213,0.40059910889422506,0.275,0.15996,0.18991,0.21542,0.214,96.16,157568.0,LA,C,17637,0.038
2652.4126,Plaquemines,LIX,se,22075,8.93929,29.4705,-89.6553,71900.0,1.296,0.00675,0.6211249001157841,0.198,0.02081,0.03489,0.00188,0.156,8.44,22386.0,LA,C,23711,0.033
1528.0319,Pointe Coupee,LIX,se,22077,1.13741,30.7097,-91.6009,56500.0,1.018,0.10299,0.18880943694515384,0.155,0.4843,0.06249,0.00544,0.201,13.09,20000.0,LA,C,1738,0.038
3527.8372,Rapides,LCH,cc,22079,6.16713,31.1986,-92.5332,55900.0,1.007,0.08073,0.3536547272644793,0.224,0.19693,0.1072,0.35942,0.199,35.79,126260.0,LA,C,21757,0.035
1041.1409,Red River,SHV,nw,22081,6.028,32.0933,-93.34,44100.0,0.796,0.82887,0.23903969695089208,0.112,0.32048,0.0641,0.29384,0.245,7.07,7356.0,LA,C,6276,0.035
1462.9194,Richland,JAN,ne,22083,4.98408,32.4177,-91.7636,44500.0,0.802,0.63336,0.19215558176144154,0.181,0.66658,0.0652,0.00873,0.251,13.47,19712.0,LA,C,7291,0.046
2619.9476,Sabine,SHV,nw,22085,0.54263,31.564,-93.5547,45100.0,0.813,0.05416,0.118101779729028,0.145,0.05824,0.06276,0.46499,0.193,8.36,21906.0,LA,C,1422,0.038
1304.1056,St. Bernard,LIX,se,22087,3.56946,29.8628,-89.6178,51500.0,0.928,0.16842,0.790135008688678,0.172,0.00515,0.04146,0.00355,0.18,34.09,44463.0,LA,C,4655,0.042
927.3892,St. Charles,LIX,se,22089,4.45509,29.8836,-90.3631,75200.0,1.356,0.00315,0.47174846083364147,0.272,0.06043,0.09929,0.00065,0.129,54.58,50620.0,LA,C,4132,0.032
1060.5403,St. Helena,LIX,se,22091,0.29513,30.822,-90.7103,45000.0,0.812,0.04153,0.15512887703082567,0.117,0.1426,0.05242,0.41393,0.228,10.16,10774.0,LA,C,313,0.053
667.7318,St. James,LIX,se,22093,1.2501,30.0263,-90.7962,67900.0,1.225,0.02995,0.25248295092581957,0.202,0.25817,0.10979,0.00043,0.151,28.74,19191.0,LA,C,835,0.045
646.6707,St. John The Baptist,LIX,se,22095,3.70979,30.0792,-90.5462,60600.0,1.092,0.00792,0.4158839779005525,0.187,0.10063,0.10934,0.00077,0.168,61.22,39592.0,LA,C,2399,0.044
2431.8332,St. Landry,LCH,cc,22097,4.60719,30.5989,-92.0058,42800.0,0.771,0.08622,0.2665060103794082,0.143,0.5464,0.08507,0.00808,0.232,33.5,81464.0,LA,C,11204,0.045
2114.1901,St. Martin,LCH,sc,22099,8.14273,30.1291,-91.6083,54300.0,0.978,0.13308,0.3930986548044227,0.153,0.19913,0.05972,0.0012,0.181,24.15,51057.0,LA,C,17215,0.036
1773.0465,St. Mary,LCH,sc,22101,5.77526,29.7196,-91.4494,48200.0,0.87,0.04483,0.306942050484364,0.131,0.16893,0.06148,0.00444,0.214,26.54,47055.0,LA,C,10240,0.042
2263.2056,St. Tammany,LIX,se,22103,51.9646,30.4481,-89.9401,78600.0,1.418,0.01043,0.5973483450227637,0.366,0.0646,0.1843,0.31443,0.119,121.77,275583.0,LA,C,117607,0.033
2067.2916,Tangipahoa,LIX,se,22105,7.7749,30.6453,-90.4118,54900.0,0.991,0.013,0.30685679738153315,0.222,0.20868,0.13572,0.26646,0.19,66.78,138064.0,LA,C,16073,0.043
1661.17,Tensas,JAN,ne,22107,0.86288,32.0016,-91.34,33300.0,0.6,0.12976,0.1365142897823903,0.131,0.54792,0.03365,0.00204,0.308,2.27,3764.0,LA,C,1433,0.051
3741.2385,Terrebonne,LIX,se,22109,6.92246,29.4206,-90.8659,57400.0,1.035,0.09213,0.5276014175074365,0.177,0.03551,0.04634,0.00033,0.161,27.7,103616.0,LA,C,25899,0.034
2344.7103,Union,SHV,nc,22111,1.23309,32.8319,-92.3748,48000.0,0.866,0.00726,0.16967877678859028,0.16,0.05601,0.05873,0.47677,0.183,8.81,20650.0,LA,C,2891,0.042
3347.3775,Vermilion,LCH,sw,22113,6.59901,29.8455,-92.3241,50600.0,0.912,0.17905,0.46331451762095655,0.168,0.41711,0.04982,0.00283,0.175,17.03,56992.0,LA,C,22089,0.036
3474.4895,Vernon,LCH,wc,22115,3.71594,31.1083,-93.1842,52600.0,0.949,0.0103,0.24809968344859568,0.191,0.03854,0.0816,0.53676,0.167,13.31,46250.0,LA,C,12911,0.046
1750.5538,Washington,LIX,se,22117,3.03126,30.8534,-90.0406,41800.0,0.753,0.11872,0.14537546992976064,0.127,0.19525,0.08882,0.33192,0.233,25.63,44865.0,LA,C,5306,0.043
1592.765,Webster,SHV,nw,22119,0.80677,32.7135,-93.335,43700.0,0.788,0.01868,0.23713151519512604,0.128,0.09431,0.09781,0.4982,0.203,22.12,35238.0,LA,C,1285,0.044
529.292,West Baton Rouge,LIX,se,22121,6.79024,30.4634,-91.3134,71400.0,1.287,0.34001,0.5512599911190054,0.231,0.30641,0.14572,0.0021,0.136,53.4,28266.0,LA,C,3594,0.033
933.1414,West Carroll,JAN,ne,22123,1.20775,32.7885,-91.4567,41400.0,0.746,0.03372,0.11438512516516455,0.141,0.75046,0.05542,0.02979,0.196,9.99,9323.0,LA,C,1127,0.062
1103.3694,West Feliciana,LIX,se,22125,8.93795,30.8798,-91.42,68300.0,1.231,0.06804,0.3138254579374297,0.226,0.17833,0.04328,0.4543,0.223,13.93,15371.0,LA,C,9862,0.026
2478.6698,Winn,SHV,nc,22127,0.31993,31.9442,-92.6368,45600.0,0.823,0.00126,0.14501088956082295,0.161,0.01717,0.05371,0.56379,0.242,5.33,13216.0,LA,C,793,0.042
1273.4009,Androscoggin,GYX,sw,23001,37.9675,44.1654,-70.2045,62800.0,0.904,0.10859,0.8551019116343841,0.234,0.11161,0.13931,0.54945,0.13,89.34,113765.0,ME,E,48348,0.03
17678.3819,Aroostook,CAR,nn,23003,1.78547,46.6588,-68.5988,51600.0,0.742,0.12821,0.5978924882635968,0.224,0.06971,0.02961,0.64791,0.121,3.81,67351.0,ME,E,31564,0.039
2394.4019,Cumberland,GYX,sw,23005,161.2432,43.8487,-70.4096,88600.0,1.275,0.0346,0.9244197831154353,0.522,0.05938,0.18989,0.51665,0.069,129.56,310230.0,ME,E,386081,0.024
4513.8092,Franklin,GYX,ww,23007,7.50901,44.974,-70.444,52200.0,0.751,0.04933,0.7780278374073818,0.299,0.01727,0.03136,0.79894,0.136,6.83,30828.0,ME,E,33894,0.035
4382.5284,Hancock,CAR,se,23009,53.61948,44.6749,-68.3531,63900.0,0.919,0.01413,0.8841095179874773,0.392,0.01109,0.05016,0.70312,0.101,12.9,56526.0,ME,E,234989,0.032
2465.4896,Kennebec,GYX,sc,23011,30.58333,44.4093,-69.7672,63200.0,0.909,0.05871,0.8275876208342303,0.309,0.10682,0.10026,0.5421,0.115,51.62,127259.0,ME,E,75403,0.026
984.9848,Knox,GYX,sc,23013,82.18687,44.15,-69.173,65600.0,0.944,0.06966,0.9060009960159363,0.391,0.06608,0.10083,0.6045,0.086,41.6,40977.0,ME,E,80953,0.029
1245.3759,Lincoln,GYX,sc,23015,155.89712,44.0752,-69.5431,72700.0,1.046,0.02406,0.8948103869890929,0.4,0.05587,0.07655,0.61683,0.098,29.31,36507.0,ME,E,194151,0.028
5648.3564,Oxford,GYX,ww,23017,7.13826,44.499,-70.7555,58800.0,0.847,0.03693,0.7581566150804061,0.225,0.0237,0.04092,0.77172,0.145,10.61,59905.0,ME,E,40319,0.032
9210.2784,Penobscot,CAR,ec,23019,11.89105,45.4006,-68.6494,60800.0,0.874,0.06782,0.6398098837542232,0.305,0.03581,0.04778,0.64608,0.126,16.86,155312.0,ME,E,109520,0.031
11315.9636,Piscataquis,CAR,nc,23021,2.31722,45.838,-69.2835,52500.0,0.756,0.0045,0.5558028463842739,0.218,0.00661,0.02007,0.73856,0.153,1.55,17486.0,ME,E,26222,0.042
685.8249,Sagadahoc,GYX,sc,23023,64.47121,43.9705,-69.8613,73600.0,1.059,0.01529,0.8530812004875075,0.411,0.069,0.10454,0.61742,0.087,54.7,37513.0,ME,E,44216,0.023
10621.7137,Somerset,GYXCAR,wc,23025,1.96261,45.5138,-69.9582,55100.0,0.793,0.06908,0.7881056809466009,0.203,0.02277,0.02754,0.73325,0.133,4.83,51302.0,ME,E,20846,0.042
1956.4951,Waldo,GYX,sc,23027,35.677,44.5037,-69.1478,63600.0,0.916,0.06414,0.8325474192883905,0.348,0.08259,0.06627,0.65998,0.127,20.76,40620.0,ME,E,69802,0.03
7184.9564,Washington,CAR,se,23029,9.10203,45.0363,-67.6361,55400.0,0.797,0.10404,0.6367420034158555,0.249,0.00755,0.03114,0.65899,0.201,4.39,31555.0,ME,E,65398,0.041
2636.0476,York,GYX,sw,23031,90.6593,43.4796,-70.7156,81300.0,1.17,0.12794,0.8609726222398781,0.346,0.05156,0.13906,0.56269,0.081,82.92,218586.0,ME,E,238982,0.026
1113.0656,Allegany,LWX,ww,24001,52.66412,39.6215,-78.6989,50600.0,0.533,0.04952,0.9355951958186504,0.211,0.08859,0.11521,0.75998,0.188,60.44,67273.0,MD,E,58619,0.028
1107.0878,Anne Arundel,LWX,cc,24003,218.43194,38.9703,-76.56835,113000.0,1.185,0.00805,0.9819742035522977,0.452,0.04619,0.45769,0.29298,0.063,537.07,594582.0,MD,E,483646,0.018
1574.0145,Baltimore,LWX,nn,24005,47.77771,39.3807,-76.5251,86200.0,0.908,0.01759,0.9925654916235209,0.414,0.10815,0.06175,0.01191,0.098,536.66,844703.0,MD,E,4066,0.022
572.8942,Calvert,LWX,ss,24009,12.34974,38.46835,-76.52505,118000.0,1.244,0.03921,0.9930340557275542,0.353,0.06013,0.06427,0.04218,0.049,165.35,94728.0,MD,E,140,0.019
844.408,Caroline,PHI,ee,24011,35.90301,38.8717,-75.8317,66000.0,0.695,0.13569,0.8713267182629048,0.176,0.54189,0.10761,0.13964,0.133,39.78,33593.0,MD,E,30317,0.021
1171.4723,Carroll,LWX,nc,24013,59.63997,39.5631,-77.0228,105000.0,1.107,0.16031,0.8714743274719686,0.397,0.49185,0.21783,0.26535,0.064,150.78,176639.0,MD,E,69867,0.017
910.6742,Cecil,LWX,ne,24015,54.7818,39.5678,-75.97435,84500.0,0.89,0.09953,0.8902052645793946,0.269,0.19114,0.19117,0.34231,0.1,116.04,105672.0,MD,E,99776,0.022
1196.3533,Charles,LWX,ss,24017,31.7131,38.45035,-76.9854,113000.0,1.189,0.03645,0.8282968868302677,0.316,0.06818,0.16897,0.50695,0.078,143.75,171973.0,MD,E,75880,0.022
1512.2685,Dorchester,AKQ,se,24019,15.15496,38.51445,-76.07275,54200.0,0.571,0.16736,0.9530369335350669,0.188,0.1411,0.00845,0.00155,0.157,21.74,32879.0,MD,E,1352,0.023
1728.5883,Frederick,LWX,nc,24021,88.4602,39.4722,-77.3981,117000.0,1.23,0.29895,0.9677781825282543,0.449,0.45618,0.19483,0.32434,0.064,169.73,293391.0,MD,E,152911,0.02
1698.6385,Garrett,LWX,ww,24023,79.62509,39.5286,-79.2739,59100.0,0.622,0.12593,0.9952557066980853,0.246,0.16836,0.07037,0.69389,0.108,16.73,28423.0,MD,E,135254,0.023
1145.5684,Harford,LWX,nn,24025,61.08562,39.5717,-76.25035,100000.0,1.057,0.05279,0.9254262476694858,0.395,0.1453,0.02099,0.01056,0.073,231.02,264644.0,MD,E,2366,0.02
656.5501,Howard,LWX,cc,24027,470.23473,39.251,-76.9315,133000.0,1.401,0.206,0.9976469452522595,0.645,0.22715,0.45326,0.2941,0.056,511.77,336001.0,MD,E,308733,0.017
733.3357,Kent,PHI,ne,24029,25.84139,39.2061,-76.09525,69700.0,0.734,0.15554,0.9571696855879324,0.379,0.308,0.00734,0.01474,0.13,26.32,19303.0,MD,E,2622,0.024
1313.2915,Montgomery,LWX,cc,24031,539.1025,39.1363,-77.2041,118000.0,1.243,0.184,0.9933786566866709,0.603,0.21645,0.46616,0.2594,0.072,805.97,1058474.0,MD,E,707999,0.019
1268.092,Prince Georges,LWX,cc,24033,665.80087,38.76635,-76.92675,93800.0,0.988,0.06068,0.9617618019646234,0.361,0.04409,0.0182,0.12032,0.11,747.13,947430.0,MD,E,958,0.022
991.799,Queen Anne's,PHI,ne,24035,4.74841,39.0314,-76.09825,109000.0,1.152,0.18773,0.9096803853830927,0.372,0.27666,0.0175,0.00408,0.065,52.94,52508.0,MD,E,538,0.018
972.358,St. Marys,LWX,ss,24037,5.22051,38.28905,-76.6139,112000.0,1.181,0.0413,0.7939373991729866,0.351,0.10045,0.00737,0.00812,0.084,118.56,115281.0,MD,E,1322,0.02
856.4277,Somerset,AKQ,se,24039,23.29455,38.105,-75.7845,53600.0,0.564,0.01589,0.8504956703338844,0.171,0.10182,0.07509,0.09578,0.229,29.09,24910.0,MD,E,39900,0.032
713.7148,Talbot,PHI,ee,24041,18.26511,38.7471,-76.11425,76600.0,0.807,0.12663,0.8519941570092249,0.413,0.25802,0.01527,0.00795,0.101,52.99,37823.0,MD,E,3014,0.022
1210.9868,Washington,LWX,nc,24043,58.21262,39.6037,-77.8142,69300.0,0.729,0.18004,0.934653461606028,0.235,0.39278,0.19266,0.38448,0.115,128.67,155813.0,MD,E,70495,0.023
996.5403,Wicomico,AKQ,se,24045,1.79963,38.3127,-75.73205,68900.0,0.725,0.06216,0.9564962537090862,0.291,0.14865,0.00114,0.0,0.154,105.16,104800.0,MD,E,28,0.025
1246.5448,Worcester,AKQ,se,24047,104.96645,38.16905,-75.4272,76000.0,0.8,0.01489,0.9336752074988646,0.327,0.14058,0.10505,0.12144,0.101,43.46,54171.0,MD,E,261690,0.033
209.9439,Baltimore City,LWX,nn,24510,9.96307,39.2809,-76.59605,54700.0,0.576,1e-05,1.0,0.354,0.001,0.44968,0.00214,0.202,2692.33,565239.0,MD,E,6,0.029
1084.6551,Barnstable,BOX,se,25001,508.57649,41.7257,-70.2982,89800.0,0.95,0.00464,1.0,0.474,0.0012,0.48184,0.26206,0.089,213.65,231735.0,MA,E,551630,0.042
2450.6491,Berkshire,ALY,ww,25003,97.24748,42.3706,-73.2064,71100.0,0.752,0.16142,0.9902111047620065,0.383,0.06877,0.09868,0.70841,0.125,51.75,126818.0,MA,E,238319,0.036
1480.3841,Bristol,BOX,se,25005,132.56525,41.802,-71.1153,80700.0,0.854,0.06669,0.9674399040334013,0.306,0.03899,0.3746,0.29544,0.127,393.03,581841.0,MA,E,196247,0.041
280.6717,Dukes,BOX,se,25007,259.33692,41.3966,-70.6561,89100.0,0.943,0.02017,1.0,0.49,0.03003,0.18127,0.48905,0.085,74.18,20819.0,MA,E,72789,0.044
1327.0318,Essex,BOX,ne,25009,499.80227,42.6729,-70.9581,92100.0,0.974,0.03093,0.9989263346257082,0.423,0.03413,0.43626,0.26729,0.096,610.45,810089.0,MA,E,663254,0.035
1876.9602,Franklin,BOX,ww,25011,50.64679,42.5831,-72.5919,69900.0,0.74,0.11664,0.9682281782928517,0.403,0.07556,0.07897,0.75676,0.119,37.74,70836.0,MA,E,95062,0.029
1642.3601,Hampden,BOX,ww,25013,70.07485,42.1351,-72.6316,64000.0,0.677,0.13884,0.8972508184435768,0.289,0.04167,0.26889,0.5641,0.176,280.26,460291.0,MA,E,115088,0.043
1412.8428,Hampshire,BOX,ww,25015,297.30103,42.3401,-72.6638,81900.0,0.866,0.2057,0.9756034116890051,0.511,0.09306,0.13848,0.62877,0.124,115.02,162502.0,MA,E,420040,0.029
2195.4807,Middlesex,BOX,ne,25017,431.16438,42.4855,-71.3918,118000.0,1.253,0.04307,0.9847221575294611,0.59,0.02637,0.50074,0.29887,0.077,739.68,1623952.0,MA,E,946613,0.029
127.3505,Nantucket,BOX,se,25019,532.16613,41.2781,-70.0744,108000.0,1.138,0.02024,1.0,0.584,0.00525,0.31713,0.2101,0.065,113.42,14444.0,MA,E,67772,0.058
1015.0501,Norfolk,BOX,ee,25021,250.2664,42.155,-71.2248,116000.0,1.225,0.0518,0.9942219833378124,0.576,0.01319,0.54881,0.24916,0.077,716.69,727473.0,MA,E,254033,0.031
1818.3376,Plymouth,BOX,se,25023,145.32538,41.9547,-70.8129,103000.0,1.086,0.08622,0.9742881389596085,0.412,0.02744,0.34401,0.3274,0.08,294.39,535308.0,MA,E,264251,0.035
174.8339,Suffolk,BOX,ee,25025,1456.94715,42.3308,-71.0818,84500.0,0.894,0.0,1.0,0.499,4e-05,0.8886,0.02066,0.151,4395.17,768425.0,MA,E,254724,0.032
4089.8612,Worcester,BOX,cc,25027,87.12167,42.3514,-71.9077,86100.0,0.911,0.06709,0.9133573373915103,0.39,0.05018,0.21999,0.53826,0.109,211.95,866866.0,MA,E,356316,0.035
1798.5947,Alcona,APX,nn,26001,9.3153,44.6854,-83.5938,53800.0,0.804,0.02023,0.6528057412845201,0.206,0.08671,0.04926,0.54238,0.158,5.83,10489.0,MI,E,16754,0.073
2442.3654,Alger,MQT,nr,26003,10.51091,46.4099,-86.6018,59400.0,0.887,0.02252,0.4973064660520488,0.203,0.0235,0.02367,0.60235,0.129,3.59,8757.0,MI,E,25671,0.077
2182.9418,Allegan,GRR,sw,26005,27.77756,42.5913,-85.8884,75900.0,1.134,0.16507,0.6857599096108816,0.261,0.43355,0.14287,0.23813,0.099,55.86,121939.0,MI,E,60637,0.034
1540.6744,Alpena,APX,nn,26007,5.08571,45.0348,-83.6277,54200.0,0.809,0.0208,0.2686854801314158,0.177,0.17766,0.0689,0.2083,0.159,18.76,28904.0,MI,E,7835,0.045
1347.2099,Antrim,APX,nn,26009,18.00982,45.0003,-85.1377,71900.0,1.075,0.03817,0.8446522228435127,0.343,0.09437,0.08009,0.45956,0.101,18.12,24409.0,MI,E,24263,0.054
953.0238,Arenac,APX,nn,26011,11.49548,44.0656,-83.8948,53600.0,0.801,0.04783,0.45847347184994225,0.158,0.33191,0.08632,0.1941,0.15,15.89,15145.0,MI,E,10955,0.069
2376.2915,Baraga,MQT,nr,26013,3.13424,46.6626,-88.3652,52500.0,0.784,0.00994,0.41881357709651484,0.161,0.02166,0.02314,0.63494,0.156,3.5,8310.0,MI,E,7448,0.062
1494.2844,Barry,GRR,sw,26015,43.95722,42.595,-85.309,71200.0,1.063,0.07863,0.7559347945834964,0.243,0.40866,0.10686,0.28197,0.083,42.7,63808.0,MI,E,65685,0.035
1159.9349,Bay,DTX,se,26017,26.9753,43.7072,-83.9921,56400.0,0.843,0.15398,0.5290025614364333,0.214,0.61218,0.17329,0.05719,0.128,88.37,102500.0,MI,E,31290,0.049
904.651,Benzie,APX,nn,26019,47.5247,44.6395,-86.0158,65800.0,0.984,0.00335,0.8535850697140019,0.343,0.03205,0.0746,0.48965,0.097,20.38,18441.0,MI,E,42993,0.05
1502.758,Berrien,IWX,sw,26021,88.04934,41.9546,-86.4123,61800.0,0.923,0.14851,0.8233154896917589,0.302,0.46152,0.22641,0.17712,0.136,101.32,152261.0,MI,E,132317,0.042
1345.4945,Branch,IWX,sw,26023,4.20028,41.9161,-85.059,63600.0,0.951,0.4597,0.3243156317768954,0.169,0.63875,0.09944,0.05341,0.149,33.6,45215.0,MI,E,5651,0.039
1860.7362,Calhoun,GRR,sc,26025,34.80577,42.2466,-85.0055,59700.0,0.891,0.10734,0.5805497844002199,0.222,0.48737,0.15236,0.14095,0.14,71.67,133366.0,MI,E,64764,0.043
1316.9587,Cass,IWX,sw,26027,11.51157,41.9153,-85.9936,65700.0,0.982,0.09472,0.5900441830956067,0.216,0.50958,0.11327,0.18993,0.123,39.21,51642.0,MI,E,15160,0.044
1183.2792,Charlevoix,APX,nn,26029,25.23277,45.302,-85.1283,71400.0,1.066,0.13226,0.7923580551679725,0.339,0.07089,0.08081,0.41017,0.091,22.11,26159.0,MI,E,29857,0.046
2065.0025,Cheboygan,APX,nn,26031,12.50041,45.4468,-84.4999,60800.0,0.909,0.01856,0.6701590627678826,0.229,0.05494,0.06259,0.39709,0.14,12.61,26048.0,MI,E,25813,0.082
4092.3217,Chippewa,APX,ee,26033,14.47589,46.3031,-84.5921,58900.0,0.88,0.07343,0.8072170855394388,0.219,0.09252,0.04011,0.36222,0.136,8.86,36264.0,MI,E,59240,0.059
1489.7462,Clare,GRR,cc,26035,2.76385,43.9879,-84.8478,48000.0,0.717,0.01822,0.3768640880727777,0.13,0.14366,0.08428,0.43961,0.211,21.02,31316.0,MI,E,4117,0.063
1488.2307,Clinton,GRR,sc,26037,35.35634,42.9436,-84.6015,80200.0,1.199,0.16837,0.4904299924562727,0.342,0.65504,0.1326,0.08223,0.07,53.57,79720.0,MI,E,52618,0.033
1459.1486,Crawford,APX,nn,26039,27.42106,44.6836,-84.6103,57600.0,0.861,0.0,0.7768556938681421,0.202,0.00134,0.06723,0.59282,0.14,9.28,13538.0,MI,E,40011,0.059
3056.2921,Delta,MQT,sr,26041,7.17346,45.9197,-86.9244,57000.0,0.852,0.01159,0.4471333686483843,0.2,0.07229,0.0512,0.28988,0.141,12.04,36790.0,MI,E,21924,0.052
2015.0695,Dickinson,MQT,sr,26043,3.26396,46.0091,-87.8704,56300.0,0.842,0.00061,0.36238064741499765,0.243,0.03067,0.04801,0.48283,0.118,12.89,25982.0,MI,C,6577,0.038
1499.5585,Eaton,GRR,sc,26045,11.83575,42.5961,-84.8384,71500.0,1.068,0.169,0.540373015066557,0.304,0.58507,0.15002,0.10564,0.101,72.57,108820.0,MI,E,17748,0.036
1250.4675,Emmet,APX,nn,26047,30.14859,45.5205,-84.8905,69800.0,1.043,0.08655,0.8553796648237735,0.402,0.06664,0.09509,0.46356,0.094,27.29,34123.0,MI,E,37700,0.057
1681.7283,Genesee,DTX,se,26049,35.30998,43.0217,-83.7067,57400.0,0.858,0.04458,0.6248785527173445,0.228,0.348,0.364,0.17483,0.179,238.76,401522.0,MI,E,59382,0.05
1337.5129,Gladwin,APX,nn,26051,4.66354,43.9906,-84.3882,55000.0,0.822,0.05066,0.5963524028216014,0.154,0.20383,0.08154,0.25861,0.142,19.33,25853.0,MI,E,6238,0.059
2962.9064,Gogebic,MQT,wu,26053,4.09967,46.4089,-89.6944,50100.0,0.749,0.02017,0.8170824670824672,0.219,0.00877,0.02759,0.61938,0.173,4.8,14224.0,MI,C,12147,0.047
1284.1176,Grand Traverse,APX,nn,26055,59.52159,44.6709,-85.559,74700.0,1.117,0.04295,0.811910889539934,0.403,0.12999,0.15312,0.37742,0.074,75.09,96421.0,MI,E,76433,0.034
1480.3666,Gratiot,GRR,cc,26057,10.56701,43.2927,-84.6048,58100.0,0.868,0.19497,0.43176050564885293,0.19,0.72869,0.09397,0.04082,0.163,27.94,41368.0,MI,E,15643,0.044
1572.5056,Hillsdale,IWX,se,26059,11.77076,41.8878,-84.593,60100.0,0.898,0.1124,0.470423583516361,0.206,0.61014,0.09454,0.1311,0.148,28.99,45587.0,MI,E,18510,0.042
2641.8843,Houghton,MQT,wu,26061,9.46315,46.8934,-88.6918,55600.0,0.831,0.00928,0.5610756955291932,0.366,0.04036,0.04337,0.70582,0.171,14.23,37599.0,MI,E,25001,0.046
2172.2889,Huron,DTX,se,26063,3.04334,43.8333,-83.0193,50200.0,0.75,0.06822,0.20972520203055903,0.176,0.77403,0.08435,0.03495,0.143,14.24,30927.0,MI,E,6611,0.043
1452.7154,Ingham,GRR,sc,26065,72.94559,42.5971,-84.3736,60600.0,0.905,0.05785,0.6999019264116437,0.413,0.52298,0.22805,0.07482,0.162,195.93,284637.0,MI,E,105969,0.039
1502.6451,Ionia,GRR,sc,26067,8.06671,42.9451,-85.0746,74400.0,1.112,0.0514,0.4078392576925701,0.18,0.61443,0.10482,0.14617,0.133,44.1,66262.0,MI,E,12121,0.036
1467.3402,Iosco,APX,nn,26069,77.15202,44.3559,-83.636,46100.0,0.689,0.00511,0.3847310400079017,0.176,0.11174,0.08792,0.43396,0.188,17.29,25373.0,MI,E,113208,0.06
3136.4934,Iron,MQT,sr,26071,1.32245,46.2087,-88.5305,54100.0,0.809,0.00145,0.365070938215103,0.206,0.01567,0.02667,0.60465,0.179,3.74,11740.0,MI,C,4148,0.056
1496.2002,Isabella,GRR,cc,26073,38.69007,43.6406,-84.8467,54600.0,0.816,0.03851,0.7415436564367607,0.308,0.524,0.10887,0.15699,0.21,42.85,64118.0,MI,E,57888,0.045
1874.4439,Jackson,GRR,sc,26075,61.76079,42.2485,-84.4233,61300.0,0.916,0.14485,0.7902876040866945,0.23,0.40664,0.15861,0.15659,0.137,85.05,159424.0,MI,E,115767,0.04
1502.5958,Kalamazoo,GRR,sw,26077,88.87537,42.2454,-85.5311,69700.0,1.041,0.05114,0.8363637246224619,0.408,0.36985,0.24716,0.20295,0.13,174.51,262215.0,MI,E,133544,0.037
1478.2483,Kalkaska,APX,nn,26079,7.33807,44.6846,-85.0902,59200.0,0.884,0.00028,0.5117801610888573,0.182,0.02826,0.05571,0.53041,0.14,12.51,18490.0,MI,E,10847,0.056
2258.8911,Kent,GRR,sw,26081,107.2158,43.0322,-85.5492,76900.0,1.149,0.04893,0.7495446053726286,0.396,0.29061,0.34466,0.20612,0.105,292.78,661354.0,MI,E,242189,0.032
1456.8621,Keweenaw,MQT,wu,26083,15.42514,47.6104,-88.4287,57100.0,0.853,0.0,0.5215827338129496,0.436,0.00052,0.014,0.62648,0.12,1.49,2172.0,MI,E,22472,0.059
1488.0898,Lake,GRR,wc,26085,5.09821,43.99,-85.8017,48500.0,0.725,0.00936,0.3769612970711297,0.125,0.0324,0.0558,0.67167,0.212,8.56,12734.0,MI,E,7587,0.07
1717.3823,Lapeer,DTX,se,26087,34.00656,43.0901,-83.2218,72700.0,1.087,0.08819,0.6674818406218761,0.198,0.50388,0.13317,0.18173,0.094,51.81,88977.0,MI,E,58402,0.041
970.2694,Leelanau,APX,nn,26089,67.43155,44.9366,-85.8123,89000.0,1.33,0.00695,0.8232075014145986,0.499,0.11473,0.08337,0.41306,0.072,23.72,23019.0,MI,E,65427,0.038
1971.8328,Lenawee,DTX,se,26091,16.54066,41.8951,-84.0664,67500.0,1.008,0.19433,0.4486049544363971,0.223,0.69327,0.12209,0.07643,0.106,49.46,97520.0,MI,E,32615,0.042
1516.4666,Livingston,DTX,se,26093,57.09055,42.603,-83.9115,101000.0,1.513,0.06019,0.7810623048934976,0.392,0.30762,0.25163,0.18441,0.056,129.75,196757.0,MI,E,86576,0.027
2401.3312,Luce,MQT,eu,26095,1.83872,46.4707,-85.5443,49400.0,0.738,0.00793,0.669542855209285,0.193,0.01108,0.0196,0.36801,0.202,2.68,6435.0,MI,E,4415,0.059
2764.9706,Mackinac,APX,ee,26097,12.13987,46.0812,-85.0921,56900.0,0.851,0.02012,0.6123121423630762,0.235,0.02586,0.03168,0.34715,0.136,3.92,10851.0,MI,E,33566,0.089
1250.1763,Macomb,DTX,se,26099,129.85403,42.6956,-82.9322,73900.0,1.105,0.02705,0.8901665023887773,0.272,0.25757,0.58356,0.06479,0.106,699.98,875101.0,MI,E,162340,0.035
1445.0137,Manistee,APX,nn,26101,24.44418,44.3332,-86.0571,55800.0,0.834,0.01764,0.5730255971885834,0.234,0.06557,0.07584,0.51388,0.141,17.69,25562.0,MI,E,35322,0.057
4844.4411,Marquette,MQT,nr,26103,10.21435,46.4314,-87.6415,61600.0,0.92,0.00222,0.4643181955981326,0.358,0.00919,0.03926,0.53341,0.143,13.83,66999.0,MI,E,49483,0.046
1318.4979,Mason,GRR,wc,26105,24.5088,43.9673,-86.3459,64000.0,0.956,0.02236,0.6183458780299887,0.25,0.11527,0.0858,0.00033,0.146,22.12,29159.0,MI,E,116,0.049
1479.2298,Mecosta,GRR,cc,26107,23.83822,43.6409,-85.3245,56100.0,0.838,0.07549,0.4844630232062841,0.227,0.29147,0.09721,0.34406,0.184,27.78,41099.0,MI,E,35262,0.053
2733.4112,Menominee,MQT,sr,26109,2.63135,45.5792,-87.5573,50600.0,0.756,0.06576,0.3013052458422718,0.18,0.10728,0.04985,0.23688,0.148,8.39,22945.0,MI,C,7193,0.04
1367.2112,Midland,DTX,se,26111,18.7116,43.6468,-84.3879,77600.0,1.159,0.11787,0.6928165290268576,0.363,0.25796,0.1273,0.17058,0.121,61.47,84039.0,MI,E,25583,0.04
1486.0968,Missaukee,APX,nn,26113,2.963,44.3373,-85.0947,59200.0,0.885,0.20689,0.4627168467685173,0.18,0.20482,0.04923,0.39694,0.115,10.3,15311.0,MI,E,4403,0.048
1460.0737,Monroe,DTX,se,26115,54.87907,41.9292,-83.5373,72200.0,1.078,0.02192,0.624623417524812,0.234,0.59496,0.22048,0.10038,0.113,106.19,155045.0,MI,E,80127,0.042
1867.3636,Montcalm,GRR,cc,26117,6.66133,43.311,-85.1524,61600.0,0.92,0.10901,0.3817146433296436,0.149,0.47291,0.10006,0.18578,0.138,36.5,68154.0,MI,E,12439,0.043
1456.6889,Montmorency,APX,nn,26119,1.84803,45.0276,-84.1273,50700.0,0.757,0.00111,0.2677217576758521,0.16,0.04752,0.04922,0.53194,0.177,6.64,9678.0,MI,E,2692,0.075
1334.2086,Muskegon,GRR,wc,26121,25.58917,43.2917,-86.235,58300.0,0.871,0.00254,0.569710902473382,0.214,0.09444,0.05859,0.00131,0.14,132.34,176564.0,MI,E,1544,0.044
2230.9827,Newaygo,GRR,wc,26123,7.61572,43.5542,-85.8009,58000.0,0.867,0.06198,0.4155919263175319,0.184,0.19746,0.07386,0.47689,0.14,22.91,51108.0,MI,E,16991,0.043
2351.8605,Oakland,DTX,se,26125,121.42427,42.6604,-83.3855,90800.0,1.357,0.0207,0.8491094317522129,0.502,0.07445,0.58972,0.15395,0.083,540.18,1270426.0,MI,E,285573,0.029
1413.5088,Oceana,GRR,wc,26127,7.96012,43.70495,-86.34425,56900.0,0.849,0.05604,0.4746666782781353,0.21,0.1461,0.08259,0.38377,0.148,19.09,26981.0,MI,E,22504,0.057
1488.276,Ogemaw,APX,nn,26129,10.3435,44.3349,-84.1266,53500.0,0.799,0.12044,0.5163777380341048,0.159,0.17074,0.07207,0.46273,0.157,14.1,20990.0,MI,E,15394,0.066
3441.1919,Ontonagon,MQT,wu,26131,2.18126,46.6644,-89.315,45700.0,0.683,0.06994,0.4242490667304345,0.167,0.03937,0.02177,0.78487,0.13,1.72,5906.0,MI,E,7506,0.07
1484.4631,Osceola,GRR,cc,26133,9.459,43.9899,-85.3252,54700.0,0.818,0.09764,0.4084017149052565,0.164,0.22042,0.07602,0.37059,0.168,15.72,23330.0,MI,E,14042,0.048
1480.3437,Oscoda,APX,nn,26135,5.8404,44.6817,-84.1297,46600.0,0.697,0.01747,0.6864138838245136,0.148,0.02634,0.05613,0.68401,0.187,5.77,8545.0,MI,E,8646,0.076
1362.2297,Otsego,APX,nn,26137,9.2969,45.0214,-84.5988,65900.0,0.985,0.01145,0.5360831794240372,0.258,0.04829,0.08238,0.5611,0.104,18.9,25747.0,MI,E,12665,0.048
1479.0938,Ottawa,GRR,sw,26139,213.81171,42.9518,-86.0869,86000.0,1.285,0.02846,0.7295063517929973,0.375,0.20274,0.12657,0.00084,0.09,205.11,303372.0,MI,E,6782,0.03
1776.3712,Presque Isle,APX,nn,26141,2.76007,45.3402,-83.9173,56400.0,0.842,0.01265,0.27241308746958914,0.202,0.13369,0.04851,0.27347,0.131,7.48,13285.0,MI,E,4903,0.077
1501.8748,Roscommon,APX,nn,26143,14.2981,44.3356,-84.6116,49200.0,0.734,0.00289,0.7201497809806415,0.203,0.00848,0.07379,0.43782,0.157,15.89,23863.0,MI,E,21474,0.072
2112.8233,Saginaw,DTX,se,26145,25.43335,43.335,-84.0532,54100.0,0.808,0.08092,0.42734517441118525,0.234,0.58086,0.17097,0.11355,0.162,88.88,187782.0,MI,E,53736,0.052
1889.0717,St. Clair,DTX,se,26147,38.64897,42.9425,-82.6823,64900.0,0.97,0.1289,0.6032815683711145,0.203,0.46648,0.18423,0.19484,0.117,84.63,159874.0,MI,E,73011,0.038
1349.5922,St. Joseph,IWX,sw,26149,9.48035,41.9145,-85.5278,60500.0,0.904,0.1702,0.5340151108726753,0.171,0.59785,0.11957,0.11394,0.117,45.11,60878.0,MI,E,12795,0.044
2496.682,Sanilac,DTX,se,26151,4.95914,43.4235,-82.8201,56100.0,0.838,0.10891,0.4061066823943028,0.16,0.75317,0.08061,0.06305,0.133,16.17,40368.0,MI,E,12381,0.048
3163.9835,Schoolcraft,MQT,er,26153,4.62821,46.1967,-86.1995,56700.0,0.847,0.00143,0.6486093245893343,0.207,0.01349,0.02539,0.28374,0.145,2.58,8149.0,MI,E,14644,0.073
1400.4239,Shiawassee,DTX,se,26155,7.28305,42.9537,-84.1467,62000.0,0.926,0.17117,0.4953054646415655,0.195,0.67375,0.12255,0.06212,0.122,48.57,68025.0,MI,E,10199,0.043
2109.0287,Tuscola,DTX,se,26157,6.68256,43.4641,-83.4168,62000.0,0.926,0.04413,0.4035476018628546,0.155,0.62174,0.09379,0.13934,0.143,25.05,52826.0,MI,E,14094,0.05
1613.9483,Van Buren,GRR,sw,26159,27.62374,42.2513,-86.0189,61600.0,0.921,0.30897,0.5543223385962169,0.229,0.42115,0.13269,0.20342,0.147,46.96,75798.0,MI,E,44583,0.047
1871.3737,Washtenaw,DTX,se,26161,260.8029,42.2534,-83.8384,80900.0,1.209,0.0756,0.9495327862386483,0.581,0.40253,0.2577,0.1674,0.146,195.33,365536.0,MI,E,488060,0.033
1600.0692,Wayne,DTX,se,26163,112.96873,42.284,-83.2865,55900.0,0.836,0.0205,0.8809985019887391,0.269,0.04353,0.82003,0.08193,0.206,1094.43,1751169.0,MI,E,180758,0.044
1491.4614,Wexford,APX,nn,26165,9.8215,44.3384,-85.5785,56400.0,0.842,0.05598,0.6035069554296452,0.212,0.06287,0.07783,0.55371,0.134,22.88,34122.0,MI,E,14648,0.048
5167.7961,Aitkin,DLH,ec,27001,4.08201,46.6083,-93.4154,59100.0,0.717,0.0475,0.43248196963949886,0.19,0.06565,0.02646,0.28548,0.121,3.12,16102.0,MN,C,21095,0.048
1155.5737,Anoka,MPX,ec,27003,79.50876,45.2732,-93.2464,92200.0,1.12,0.15592,0.9095275590551181,0.317,0.17782,0.36237,0.13454,0.065,322.3,372441.0,MN,C,91878,0.028
3742.674,Becker,FGF,nw,27005,5.41982,46.9346,-95.6738,67400.0,0.819,0.11449,0.3269114038530219,0.275,0.35428,0.05404,0.3128,0.118,9.43,35283.0,MN,C,20285,0.03
7914.1344,Beltrami,FGF,nc,27007,2.17669,47.9738,-94.9377,59900.0,0.727,0.03211,0.28138060142258825,0.323,0.07602,0.02661,0.14941,0.171,5.9,46718.0,MN,C,17227,0.035
1069.4815,Benton,MPX,cc,27009,13.60687,45.6991,-93.9989,71500.0,0.868,0.23062,0.4310763893536203,0.245,0.62861,0.10101,0.10813,0.137,38.9,41600.0,MN,C,14552,0.036
1367.2587,Big Stone,ABR,wc,27011,4.29345,45.4261,-96.411,57800.0,0.702,0.05656,0.25934903703754786,0.213,0.76362,0.05118,0.00785,0.118,3.73,5105.0,MN,C,5870,0.034
1983.726,Blue Earth,MPX,sc,27013,5.57552,44.0346,-94.0671,68300.0,0.829,0.24014,0.2751046447617608,0.345,0.7866,0.08359,0.0386,0.143,35.29,70006.0,MN,C,11060,0.023
1601.7721,Brown,MPX,sc,27015,3.13818,44.2421,-94.7277,64100.0,0.778,0.0949,0.2605602408659032,0.242,0.82996,0.06858,0.03187,0.081,16.0,25628.0,MN,C,5027,0.029
2266.4905,Carlton,DLH,ne,27017,7.58229,46.5924,-92.6771,78500.0,0.953,0.03381,0.4982173483706668,0.255,0.11474,0.05184,0.34806,0.091,16.25,36825.0,MN,C,17185,0.037
974.2097,Carver,MPX,ec,27019,59.79287,44.8208,-93.8025,118000.0,1.428,0.24902,0.7159263164577151,0.505,0.59675,0.17003,0.08078,0.046,114.0,111057.0,MN,C,58251,0.024
6252.6376,Cass,DLH,nc,27021,4.41842,46.9496,-94.3253,67100.0,0.815,0.00937,0.32415257391252567,0.254,0.07734,0.03328,0.40519,0.147,5.03,31446.0,MN,C,27627,0.044
1522.197,Chippewa,MPX,wc,27023,5.02843,45.0223,-95.5666,61900.0,0.751,0.22033,0.26978227554500145,0.196,0.8562,0.06365,0.01322,0.135,8.0,12172.0,MN,C,7654,0.028
1145.9238,Chisago,MPX,ec,27025,15.9353,45.5025,-92.9083,98200.0,1.192,0.28777,0.7657771790642655,0.24,0.42105,0.11648,0.19143,0.056,51.08,58535.0,MN,C,18261,0.033
2726.8076,Clay,FGF,nw,27027,12.30515,46.8924,-96.4906,79400.0,0.964,0.18925,0.5176054708526733,0.39,0.81308,0.07407,0.01909,0.131,24.3,66258.0,MN,C,33554,0.021
2666.9986,Clearwater,FGF,nw,27029,3.05671,47.5776,-95.379,64700.0,0.786,0.02895,0.15008445136117893,0.183,0.22881,0.03345,0.36977,0.13,3.24,8644.0,MN,C,8152,0.06
4164.2372,Cook,DLH,ne,27031,7.5157,47.9027,-90.5344,69300.0,0.841,0.00058,0.8585572842998586,0.456,0.00031,0.01213,0.65139,0.107,1.35,5639.0,MN,C,31297,0.036
1680.6615,Cottonwood,FSD,sw,27033,3.83935,44.0071,-95.1812,60000.0,0.728,0.18117,0.3483678727130319,0.229,0.88449,0.06026,0.00958,0.112,6.73,11319.0,MN,C,6453,0.046
2995.3706,Crow Wing,DLH,ec,27035,8.37273,46.4824,-94.0709,67400.0,0.818,0.09737,0.5700544987685374,0.286,0.11471,0.07283,0.37907,0.092,22.8,68304.0,MN,C,25079,0.034
1518.6352,Dakota,MPX,ec,27037,105.62435,44.6718,-93.0656,97700.0,1.187,0.13841,0.8500961010907561,0.446,0.51541,0.31947,0.07024,0.06,294.63,447440.0,MN,C,160405,0.026
1138.6007,Dodge,ARX,se,27039,3.12601,44.0225,-92.862,89000.0,1.081,0.25321,0.4437111621246903,0.297,0.86903,0.07766,0.03895,0.074,18.52,21088.0,MN,C,3559,0.028
1864.5235,Douglas,MPX,wc,27041,5.18445,45.9337,-95.4535,73500.0,0.893,0.14317,0.396923812276106,0.29,0.56959,0.08667,0.09461,0.087,21.43,39953.0,MN,C,9667,0.026
1868.7292,Faribault,MPX,sc,27043,2.06775,43.6739,-93.9478,67300.0,0.817,0.27044,0.17031299951694767,0.216,0.89097,0.059,0.00469,0.113,7.42,13873.0,MN,C,3864,0.031
2232.9115,Fillmore,ARX,se,27045,5.15101,43.674,-92.0901,72100.0,0.875,0.36686,0.3239660881639654,0.237,0.7348,0.06299,0.19116,0.096,9.64,21522.0,MN,C,11502,0.028
1871.7125,Freeborn,MPX,sc,27047,4.96261,43.6738,-93.3489,65600.0,0.797,0.06169,0.21739748908155207,0.181,0.85145,0.074,0.01858,0.105,16.3,30515.0,MN,C,9289,0.027
2021.4207,Goodhue,MPX,se,27049,22.57005,44.4099,-92.7225,82100.0,0.997,0.14153,0.4632693933285649,0.279,0.68477,0.0852,0.16395,0.073,23.76,48035.0,MN,C,45624,0.026
1489.8805,Grant,FGF,wc,27051,7.91594,45.934,-96.0121,68400.0,0.83,0.20003,0.25728422542995916,0.191,0.79873,0.05431,0.01506,0.107,4.12,6139.0,MN,C,11794,0.032
1570.6894,Hennepin,MPX,ec,27053,365.40031,45.0045,-93.4768,89400.0,1.086,0.02782,0.9495992266340388,0.533,0.16053,0.59902,0.06371,0.101,801.38,1258713.0,MN,C,573930,0.026
1473.5246,Houston,ARX,se,27055,9.6054,43.6714,-91.4929,76200.0,0.925,0.13172,0.45471838980537344,0.28,0.47748,0.05795,0.38847,0.078,12.61,18582.0,MN,C,14154,0.025
2588.4343,Hubbard,FGF,nc,27057,4.64742,47.1087,-94.9166,67800.0,0.823,0.0192,0.4553009243342534,0.305,0.14154,0.05049,0.53551,0.107,8.55,22132.0,MN,C,12030,0.043
1170.4293,Isanti,MPX,ec,27059,6.82361,45.5615,-93.2952,83200.0,1.011,0.14502,0.5341206652512385,0.196,0.43455,0.09478,0.15836,0.077,36.89,43182.0,MN,C,7987,0.038
7582.5137,Itasca,DLH,nc,27061,2.50875,47.5095,-93.632,67000.0,0.813,0.01114,0.39203124273559903,0.251,0.02553,0.03158,0.40112,0.127,5.98,45365.0,MN,C,19023,0.046
1863.2064,Jackson,FSD,sw,27063,1.96082,43.6741,-95.1541,66700.0,0.81,0.22472,0.25030313605749743,0.249,0.86617,0.06056,0.01224,0.08,5.32,9919.0,MN,C,3653,0.029
1381.4294,Kanabec,MPX,ec,27065,1.77706,45.9453,-93.2935,69600.0,0.845,0.17308,0.4543871946919607,0.158,0.30953,0.052,0.3583,0.1,12.02,16602.0,MN,C,2455,0.05
2232.5561,Kandiyohi,MPX,cc,27067,3.47466,45.1524,-95.0048,72300.0,0.878,0.14876,0.3483209774144223,0.271,0.6989,0.07964,0.04473,0.121,19.62,43813.0,MN,C,7757,0.029
2859.27,Kittson,FGF,nw,27069,1.36866,48.7766,-96.7826,65200.0,0.792,0.14131,0.13651609308520407,0.28,0.66038,0.04163,0.07692,0.092,1.42,4060.0,MN,C,3913,0.03
8169.3438,Koochiching,DLH,nc,27071,1.23406,48.2453,-93.7834,63000.0,0.766,0.0117,0.3047889679172481,0.203,0.0195,0.01385,0.14393,0.124,1.44,11751.0,MN,C,10081,0.043
2015.2074,Lac qui Parle,MPX,wc,27073,7.91138,44.9955,-96.1735,67600.0,0.82,0.12122,0.2979822853538816,0.221,0.8148,0.05181,0.01049,0.095,3.29,6630.0,MN,C,15943,0.028
5916.6678,Lake,DLH,ne,27075,7.9014,47.642,-91.4452,73700.0,0.895,0.00184,0.9116615853658536,0.258,0.002,0.01426,0.50773,0.087,1.83,10855.0,MN,C,46750,0.039
4608.5478,Lake of the Woods,FGF,nc,27077,0.79845,48.7718,-94.9048,62100.0,0.755,0.01929,0.38448885010942485,0.214,0.05468,0.0133,0.00567,0.105,0.82,3778.0,MN,C,3680,0.035
1227.3636,Le Sueur,MPX,sc,27079,10.81865,44.3714,-93.73,86900.0,1.055,0.09352,0.4494398817396396,0.254,0.71151,0.08044,0.06689,0.074,23.84,29255.0,MN,C,13278,0.039
1420.4705,Lincoln,FSD,sw,27081,4.36468,44.4126,-96.267,64900.0,0.788,0.39888,0.23877844107936425,0.244,0.81282,0.0583,0.01248,0.097,3.89,5521.0,MN,C,6200,0.03
1868.5696,Lyon,FSD,sw,27083,8.16743,44.4135,-95.839,71000.0,0.862,0.1836,0.3158480218821895,0.286,0.85777,0.07272,0.0128,0.112,13.61,25427.0,MN,C,15261,0.025
1309.5183,McLeod,MPX,cc,27085,5.98165,44.8235,-94.2724,80900.0,0.982,0.12856,0.4198916508535635,0.196,0.79885,0.0894,0.02381,0.079,28.09,36785.0,MN,C,7833,0.032
1509.9509,Mahnomen,FGF,nw,27087,0.95237,47.3252,-95.809,52900.0,0.643,0.03755,0.21413492338220166,0.143,0.48853,0.03588,0.24903,0.193,3.5,5280.0,MN,C,1438,0.047
4695.4142,Marshall,FGF,nw,27089,2.79528,48.3581,-96.3685,70600.0,0.857,0.08358,0.17898417398867555,0.189,0.65911,0.04418,0.03761,0.091,1.88,8810.0,MN,C,13125,0.042
1889.5695,Martin,MPX,sc,27091,1.77732,43.6742,-94.5511,61700.0,0.75,0.14,0.19044223319939627,0.238,0.87039,0.06643,0.00578,0.132,10.4,19657.0,MN,C,3358,0.028
1670.6766,Meeker,MPX,cc,27093,6.46247,45.1231,-94.5274,76500.0,0.929,0.10141,0.4634877672411271,0.204,0.7177,0.07218,0.04075,0.084,14.06,23490.0,MN,C,10797,0.031
1765.6763,Mille Lacs,MPX,ec,27095,2.90149,45.938,-93.6301,65300.0,0.793,0.0422,0.37411173816455784,0.176,0.25848,0.05716,0.25528,0.107,15.53,27427.0,MN,C,5123,0.051
2987.1917,Morrison,MPX,cc,27097,3.95486,46.0126,-94.2684,64600.0,0.784,0.0748,0.2772498214427426,0.19,0.42525,0.0671,0.22524,0.102,11.47,34250.0,MN,C,11814,0.044
1843.3218,Mower,ARX,se,27099,4.11989,43.6714,-92.7525,68700.0,0.835,0.06676,0.23286680544534102,0.235,0.88833,0.07699,0.01515,0.131,21.73,40058.0,MN,C,7594,0.026
1863.4562,Murray,FSD,sw,27101,3.24666,44.0221,-95.7632,68700.0,0.834,0.3557,0.23211103304385847,0.239,0.85813,0.05788,0.00664,0.105,4.32,8049.0,MN,C,6050,0.039
1209.8432,Nicollet,MPX,sc,27103,6.50614,44.35,-94.2474,78100.0,0.948,0.17608,0.27961357864488895,0.357,0.7597,0.07606,0.05653,0.087,28.3,34242.0,MN,C,7871,0.022
1870.6139,Nobles,FSD,sw,27105,2.52635,43.6742,-95.7534,65400.0,0.794,0.15786,0.18744304134046108,0.177,0.89772,0.06931,0.00276,0.113,11.61,21727.0,MN,C,4726,0.027
2269.9847,Norman,FGF,nw,27107,1.0607,47.3265,-96.4551,64300.0,0.781,0.16239,0.18518872108634826,0.209,0.85573,0.04895,0.01706,0.123,2.79,6329.0,MN,C,2408,0.035
1695.1519,Olmsted,ARX,se,27109,41.23623,44.0036,-92.4018,88000.0,1.069,0.06262,0.6169552814922429,0.485,0.70077,0.14787,0.12365,0.08,97.21,164784.0,MN,C,69902,0.021
5762.3064,Otter Tail,FGF,wc,27111,5.24638,46.4088,-95.7079,65100.0,0.79,0.09462,0.32054665111862557,0.274,0.5135,0.06395,0.1463,0.106,10.52,60626.0,MN,C,30231,0.033
1601.208,Pennington,FGF,nw,27113,2.68886,48.0662,-96.0367,76400.0,0.928,0.16491,0.2589821134770919,0.193,0.76994,0.059,0.03725,0.103,8.56,13714.0,MN,C,4305,0.033
3715.5672,Pine,DLH,ec,27115,6.07716,46.1208,-92.7414,65100.0,0.791,0.13171,0.4812519683580652,0.163,0.18294,0.04337,0.3711,0.113,8.13,30197.0,MN,C,22580,0.049
1207.3614,Pipestone,FSD,sw,27117,6.26457,44.023,-96.2586,65500.0,0.795,0.06386,0.27338910306242586,0.216,0.89062,0.06739,0.00336,0.103,7.66,9245.0,MN,C,7564,0.028
5173.8801,Polk,FGF,nw,27119,5.23214,47.7738,-96.4018,69500.0,0.844,0.23302,0.2550510268047992,0.281,0.79218,0.05611,0.0321,0.107,5.88,30412.0,MN,C,27070,0.029
1857.7886,Pope,MPX,wc,27121,1.60421,45.5861,-95.4445,68900.0,0.837,0.20938,0.24287836698591703,0.238,0.7013,0.05616,0.03718,0.087,6.14,11400.0,MN,C,2980,0.028
440.6067,Ramsey,MPX,ec,27123,521.05174,45.0171,-93.0994,75000.0,0.911,0.01007,1.0,0.455,0.01362,0.79933,0.03411,0.119,1216.67,536075.0,MN,C,229579,0.027
1120.1445,Red Lake,FGF,nw,27125,1.42405,47.8717,-96.0953,74100.0,0.9,0.20374,0.21638630629455569,0.176,0.78816,0.05133,0.01822,0.099,3.49,3911.0,MN,C,1595,0.039
2282.4617,Redwood,MPX,sw,27127,1.2996,44.4037,-95.2539,66600.0,0.809,0.32768,0.16074100542193676,0.208,0.88804,0.05857,0.01663,0.119,6.7,15288.0,MN,C,2966,0.029
2556.7322,Renville,MPX,cc,27129,2.48756,44.7268,-94.9472,66600.0,0.808,0.1478,0.20415975099605557,0.184,0.88443,0.05848,0.02144,0.112,5.61,14348.0,MN,C,6360,0.037
1336.7731,Rice,MPX,sc,27131,27.62246,44.3541,-93.2966,78000.0,0.947,0.114,0.6618117007217053,0.297,0.68934,0.10642,0.08994,0.103,50.83,67948.0,MN,C,36925,0.026
1250.5534,Rock,FSD,sw,27133,4.6068,43.6747,-96.2532,69800.0,0.848,0.44332,0.3512036299727186,0.263,0.91707,0.06549,0.00393,0.098,7.64,9551.0,MN,C,5761,0.018
4347.4405,Roseau,FGF,nw,27135,0.95853,48.7751,-95.8107,71800.0,0.872,0.09575,0.14834845852626566,0.205,0.473,0.03978,0.03562,0.09,3.51,15252.0,MN,C,4167,0.028
17449.9882,St. Louis,DLH,ne,27137,16.42133,47.604,-92.4708,63100.0,0.767,0.01056,0.6006561354002018,0.325,0.01641,0.03345,0.41464,0.133,11.49,200514.0,MN,C,286552,0.032
954.0522,Scott,MPX,ec,27139,76.66612,44.6484,-93.5358,116000.0,1.405,0.12867,0.8040484279862316,0.431,0.50767,0.22219,0.10477,0.053,163.32,155814.0,MN,C,73143,0.025
1168.0548,Sherburne,MPX,cc,27141,44.41409,45.4439,-93.7745,98000.0,1.19,0.05617,0.7228206381612368,0.281,0.40195,0.15183,0.18708,0.057,87.5,102206.0,MN,C,51878,0.032
1555.3087,Sibley,MPX,cc,27143,3.96342,44.5795,-94.2321,75600.0,0.918,0.11372,0.2976704899577879,0.186,0.83384,0.06041,0.04192,0.088,9.7,15084.0,MN,C,6164,0.033
3599.922,Stearns,MPX,cc,27145,11.63924,45.5522,-94.613,72400.0,0.879,0.16377,0.46652021462488863,0.286,0.64819,0.10711,0.08948,0.11,44.72,160977.0,MN,C,41900,0.028
1119.2294,Steele,MPX,sc,27147,9.791,44.0223,-93.226,75500.0,0.917,0.59786,0.4606442838014628,0.297,0.83779,0.09649,0.02466,0.078,33.43,37421.0,MN,C,10958,0.03
1489.6689,Stevens,MPX,wc,27149,2.80465,45.5861,-96.0003,69200.0,0.84,0.15965,0.14604256212096278,0.308,0.84033,0.0573,0.00567,0.089,6.53,9728.0,MN,C,4178,0.024
1948.6321,Swift,MPX,wc,27151,2.16061,45.2827,-95.6813,67200.0,0.816,0.0759,0.2288476989688881,0.23,0.82705,0.05682,0.00906,0.105,4.99,9719.0,MN,C,4210,0.031
2536.4415,Todd,MPX,cc,27153,3.00963,46.0706,-94.8976,66300.0,0.805,0.22623,0.3072269856019059,0.152,0.51081,0.06253,0.18152,0.117,10.12,25667.0,MN,C,7634,0.036
1517.5396,Traverse,ABR,wc,27155,0.88031,45.7721,-96.4716,63900.0,0.776,0.32338,0.09294096336783472,0.175,0.88032,0.05198,0.00621,0.136,2.07,3136.0,MN,C,1336,0.03
1424.0396,Wabasha,ARX,se,27157,15.95585,44.2842,-92.2303,79000.0,0.959,0.55216,0.44397346395253173,0.266,0.61543,0.06914,0.22306,0.081,15.23,21683.0,MN,C,22722,0.027
1406.3311,Wadena,FGF,cc,27159,1.83877,46.5858,-94.9693,57500.0,0.699,0.09861,0.3167869064283407,0.175,0.33906,0.05729,0.19476,0.135,10.13,14241.0,MN,C,2586,0.047
1120.8972,Waseca,MPX,sc,27161,2.30136,44.0221,-93.5873,71500.0,0.869,0.14537,0.3022203414384946,0.209,0.84351,0.06965,0.01653,0.094,16.93,18981.0,MN,C,2580,0.039
1095.9326,Washington,MPX,ec,27163,176.71438,45.0383,-92.8839,108000.0,1.307,0.12099,0.9738672311680898,0.489,0.34508,0.32086,0.1681,0.05,254.52,278936.0,MN,C,193667,0.024
1139.2641,Watonwan,MPX,sc,27165,3.62788,43.9783,-94.6141,61300.0,0.744,0.34763,0.2799820296134753,0.182,0.88086,0.06388,0.01191,0.1,9.72,11077.0,MN,C,4133,0.029
1946.7194,Wilkin,FGF,wc,27167,2.37938,46.3571,-96.4683,71900.0,0.873,0.0829,0.19294327709078385,0.215,0.89107,0.05563,0.0024,0.101,3.24,6306.0,MN,C,4632,0.025
1661.7974,Winona,ARX,se,27169,10.86882,43.9869,-91.7791,65700.0,0.798,0.05886,0.6060630112920807,0.321,0.5119,0.07926,0.35538,0.121,29.92,49721.0,MN,C,18062,0.023
1850.4111,Wright,MPX,cc,27171,14.12211,45.1739,-93.963,95300.0,1.157,0.0791,0.5911164636503824,0.34,0.54776,0.15182,0.09242,0.054,81.68,151150.0,MN,C,26132,0.029
1977.1741,Yellow Medicine,MPX,wc,27173,2.63431,44.7162,-95.8683,67500.0,0.82,0.12308,0.1870402322805108,0.19,0.86785,0.05802,0.01692,0.097,4.79,9467.0,MN,C,5208,0.03
1259.52,Adams,JAN,sw,28001,6.24921,31.4832,-91.3531,39500.0,0.749,0.33401,0.23981782373215166,0.193,0.14502,0.07011,0.47929,0.252,22.82,28746.0,MS,C,7871,0.044
1039.5747,Alcorn,MEG,ne,28003,1.50254,34.8808,-88.5803,49600.0,0.94,0.12932,0.24754636701525673,0.184,0.27995,0.10977,0.42397,0.187,32.84,34135.0,MS,C,1562,0.03
1895.262,Amite,LIX,ss,28005,0.38464,31.1744,-90.8045,45400.0,0.861,0.49794,0.07832532051282051,0.08,0.14469,0.05082,0.56023,0.228,6.56,12442.0,MS,C,729,0.04
1909.42,Attala,JAN,cc,28007,0.25139,33.0863,-89.5817,44400.0,0.841,0.17083,0.1371172488796385,0.158,0.12573,0.05722,0.52144,0.194,9.09,17359.0,MS,C,480,0.036
1058.5398,Benton,MEG,ne,28009,0.54604,34.8173,-89.1885,43200.0,0.819,0.04325,0.20320878798388603,0.121,0.25488,0.05584,0.58486,0.2,7.03,7438.0,MS,C,578,0.037
2346.1359,Bolivar,JAN,nw,28011,0.67445,33.7955,-90.8804,40000.0,0.757,0.20476,0.11221865201529696,0.266,0.74081,0.0558,0.00097,0.387,12.35,28968.0,MS,C,1582,0.036
1522.7232,Calhoun,MEG,ne,28013,0.20621,33.9364,-89.3364,44200.0,0.837,0.19108,0.12875250047734357,0.131,0.3318,0.0539,0.38302,0.175,8.33,12685.0,MS,C,314,0.034
1643.0935,Carroll,JAN,nc,28015,0.18717,33.4485,-89.9202,49400.0,0.936,0.12356,0.16780783407259325,0.185,0.26317,0.05274,0.51036,0.172,5.8,9535.0,MS,C,308,0.039
1306.0935,Chickasaw,MEG,ne,28017,0.62859,33.9208,-88.9479,43800.0,0.829,0.14495,0.09736151075145535,0.124,0.46518,0.06095,0.28133,0.196,12.91,16866.0,MS,C,821,0.042
1087.3885,Choctaw,JAN,cc,28019,1.60016,33.3473,-89.2484,49200.0,0.933,0.23448,0.22320612029546255,0.186,0.09419,0.06012,0.57949,0.171,7.44,8088.0,MS,C,1740,0.027
1298.0275,Claiborne,JAN,sw,28021,0.51925,31.9737,-90.9118,35600.0,0.674,0.05786,0.15094202088628203,0.206,0.14268,0.03489,0.59296,0.327,6.64,8617.0,MS,C,674,0.073
1795.8083,Clarke,JAN,ec,28023,0.2931,32.0414,-88.6894,46500.0,0.881,0.0304,0.21424862839555733,0.151,0.09372,0.057,0.44918,0.183,8.48,15228.0,MS,C,526,0.036
1077.4024,Clay,JAN,ne,28025,0.54828,33.6557,-88.7815,43500.0,0.823,0.06094,0.21776725962051824,0.182,0.38309,0.0624,0.21153,0.207,16.9,18206.0,MS,C,591,0.033
1509.9249,Coahoma,MEG,nw,28027,1.05701,34.2292,-90.6027,36100.0,0.683,0.11591,0.09683272759976087,0.19,0.67586,0.05976,0.00147,0.308,13.3,20077.0,MS,C,1596,0.049
2018.6856,Copiah,JAN,cc,28029,0.13127,31.8692,-90.4488,43300.0,0.82,0.08302,0.10688703706271405,0.203,0.16068,0.05819,0.57661,0.214,13.7,27664.0,MS,C,265,0.035
1074.8196,Covington,JAN,se,28031,0.5359,31.6332,-89.5526,46600.0,0.883,0.5191,0.1236514860344284,0.159,0.24664,0.08823,0.38018,0.193,16.8,18059.0,MS,C,576,0.027
1286.8003,DeSoto,MEG,nw,28033,7.1782,34.8754,-89.9918,80000.0,1.515,0.11151,0.296510766145888,0.283,0.41986,0.24238,0.19337,0.092,150.18,193247.0,MS,C,9237,0.028
1217.8206,Forrest,JAN,se,28035,14.55972,31.1889,-89.2579,51300.0,0.973,0.04123,0.45704061750599523,0.295,0.11816,0.16061,0.45699,0.19,64.22,78208.0,MS,C,17731,0.03
1467.9338,Franklin,JAN,sw,28037,0.23434,31.4772,-90.8978,47200.0,0.893,0.00872,0.11880257146653311,0.181,0.05992,0.04713,0.72433,0.187,5.18,7610.0,MS,C,344,0.043
1252.3625,George,MOB,se,28039,1.66293,30.8626,-88.644,62000.0,1.174,0.01844,0.20246124263910587,0.171,0.14963,0.07347,0.33773,0.144,20.46,25619.0,MS,C,2083,0.039
1861.4548,Greene,MOB,se,28041,0.20679,31.2142,-88.6392,52600.0,0.996,0.05715,0.09931815168159011,0.119,0.06934,0.05615,0.44372,0.221,7.31,13601.0,MS,C,385,0.041
1163.9877,Grenada,JAN,nc,28043,2.20489,33.77,-89.802,46700.0,0.885,0.11066,0.3724016732792823,0.237,0.21553,0.07575,0.40044,0.209,18.1,21065.0,MS,C,2566,0.035
1252.266,Hancock,LIX,ss,28045,16.52863,30.4164,-89.4887,59900.0,1.134,0.02512,0.23231928075054595,0.246,0.10083,0.12386,0.29735,0.156,36.86,46159.0,MS,C,20698,0.033
1499.8356,Harrison,LIX,ss,28047,32.0332,30.515,-89.1185,55900.0,1.059,0.0025,0.5415599983745784,0.255,0.0591,0.24795,0.31518,0.16,140.42,210612.0,MS,C,48045,0.029
2272.836,Hinds,JAN,cc,28049,10.86855,32.2667,-90.4427,47500.0,0.899,0.00425,0.2817367942191761,0.311,0.32338,0.16235,0.36554,0.21,94.54,214870.0,MS,C,24702,0.031
1978.884,Holmes,JAN,cc,28051,0.56244,33.1235,-90.0922,32000.0,0.606,0.06289,0.08780343245889811,0.137,0.3527,0.04962,0.38341,0.356,7.97,15777.0,MS,C,1113,0.057
1116.6716,Humphreys,JAN,cc,28053,3.23999,33.1287,-90.5265,33100.0,0.628,0.08071,0.17032359243741502,0.194,0.73089,0.04388,0.00022,0.328,6.46,7216.0,MS,C,3618,0.066
1143.0693,Issaquena,JAN,wc,28055,2.58952,32.7414,-90.9892,36900.0,0.699,0.89493,0.08344209414175192,0.044,0.39221,0.02257,0.00376,0.496,1.1,1256.0,MS,C,2960,0.075
1399.7357,Itawamba,MEG,ne,28057,0.9859,34.28,-88.3613,56500.0,1.07,0.58841,0.15755325743913434,0.148,0.18254,0.07803,0.45763,0.14,17.21,24093.0,MS,C,1380,0.029
1908.7152,Jackson,LIX,ss,28059,54.19729,30.5459,-88.6362,61500.0,1.165,0.01704,0.4458341686205124,0.249,0.05404,0.14596,0.23185,0.134,76.7,146389.0,MS,C,103447,0.033
1754.5255,Jasper,JAN,ec,28061,0.41208,32.0191,-89.1189,44800.0,0.849,0.14523,0.18350816624618244,0.13,0.11599,0.06099,0.52277,0.201,9.13,16013.0,MS,C,723,0.037
1365.2439,Jefferson,JAN,sw,28063,0.30617,31.7342,-91.0371,33900.0,0.641,0.23206,0.12860369715004238,0.199,0.11592,0.03614,0.64922,0.302,5.08,6941.0,MS,C,418,0.119
1059.5722,Jefferson Davis,JAN,sc,28065,1.57516,31.5696,-89.823,36600.0,0.694,0.0006,0.036386670246325255,0.135,0.20307,0.07351,0.54251,0.25,10.35,10969.0,MS,C,1669,0.04
1812.5055,Jones,JAN,se,28067,1.74973,31.6226,-89.1688,58000.0,1.099,0.035,0.25921522295257593,0.2,0.19837,0.11881,0.39985,0.19,36.55,66250.0,MS,C,3171,0.032
1986.6142,Kemper,JAN,ec,28069,0.12937,32.7546,-88.6412,39900.0,0.755,0.08171,0.21066299540021352,0.178,0.11309,0.04858,0.52089,0.259,4.32,8584.0,MS,C,257,0.046
1759.3537,Lafayette,MEG,nw,28071,19.05533,34.3568,-89.4849,61700.0,1.17,0.11535,0.29028182429403854,0.443,0.18249,0.08232,0.53163,0.141,33.23,58467.0,MS,C,33525,0.025
1296.2507,Lamar,JAN,se,28073,1.89291,31.2059,-89.5087,62300.0,1.181,0.02812,0.37892276773941275,0.332,0.15243,0.12581,0.43773,0.131,51.08,66217.0,MS,C,2454,0.025
1852.6353,Lauderdale,JAN,ec,28075,1.75372,32.4043,-88.6626,49400.0,0.935,0.0514,0.2161631115731493,0.217,0.08922,0.11717,0.50495,0.236,38.07,70527.0,MS,C,3249,0.032
1128.4335,Lawrence,JAN,sc,28077,0.04963,31.5502,-90.107,46400.0,0.879,0.07143,0.04916450567690684,0.127,0.15054,0.06461,0.48026,0.19,10.4,11741.0,MS,C,56,0.038
1516.107,Leake,JAN,cc,28079,0.16094,32.7535,-89.5241,46400.0,0.88,0.04918,0.1580134995965864,0.177,0.18134,0.06575,0.41173,0.206,14.02,21258.0,MS,C,244,0.032
1173.6391,Lee,MEG,ne,28081,3.64081,34.2899,-88.6804,58300.0,1.104,0.4498,0.24050547868511557,0.287,0.47974,0.18595,0.23957,0.135,70.55,82799.0,MS,C,4273,0.028
1570.7128,Leflore,JAN,nc,28083,0.58381,33.5505,-90.301,35500.0,0.673,0.2181,0.12930565967402877,0.2,0.6947,0.05617,0.00154,0.288,16.79,26378.0,MS,C,917,0.049
1523.198,Lincoln,JAN,sc,28085,0.37356,31.5324,-90.454,48600.0,0.921,0.14411,0.15268287852423998,0.184,0.20881,0.08718,0.53749,0.189,22.78,34702.0,MS,C,569,0.031
1337.7294,Lowndes,JAN,ne,28087,5.4552,33.4729,-88.4433,49300.0,0.935,0.1051,0.3050723792765959,0.266,0.38124,0.13071,0.13243,0.199,42.82,57283.0,MS,C,7298,0.033
1921.5305,Madison,JAN,cc,28089,10.05765,32.6347,-90.0338,80600.0,1.528,0.04517,0.28116969203964276,0.489,0.33296,0.12289,0.30764,0.1,58.55,112511.0,MS,C,19326,0.025
1420.604,Marion,JAN,sc,28091,0.66943,31.2308,-89.8224,44100.0,0.836,0.08517,0.21661812049670398,0.125,0.16141,0.07862,0.44637,0.215,17.05,24224.0,MS,C,951,0.032
1838.2972,Marshall,MEG,nw,28093,1.75539,34.7623,-89.5031,52200.0,0.988,0.09669,0.15810451228911054,0.145,0.34799,0.07707,0.45533,0.211,18.56,34123.0,MS,C,3227,0.036
1999.4705,Monroe,MEG,ne,28095,0.55622,33.8923,-88.4804,51800.0,0.98,0.10251,0.20261573730913404,0.164,0.34003,0.0753,0.26249,0.173,16.81,33609.0,MS,C,1112,0.038
1056.3239,Montgomery,JAN,nc,28097,0.21016,33.4941,-89.6164,42200.0,0.799,0.11712,0.14413685094535192,0.206,0.22512,0.06331,0.50907,0.216,9.09,9600.0,MS,C,222,0.035
1480.4162,Neshoba,JAN,ec,28099,0.18373,32.7535,-89.1176,50300.0,0.953,0.25,0.13390747289883836,0.163,0.18918,0.08362,0.38708,0.205,19.45,28789.0,MS,C,272,0.035
1501.3402,Newton,JAN,ec,28101,0.56416,32.4002,-89.1188,47300.0,0.896,0.24085,0.31925895067022814,0.175,0.17137,0.07338,0.43337,0.183,14.0,21019.0,MS,C,847,0.036
1813.1246,Noxubee,JAN,ec,28103,7.78561,33.1101,-88.5698,36600.0,0.693,0.06588,0.22410421954193085,0.111,0.38791,0.04444,0.2417,0.289,5.47,9914.0,MS,C,14116,0.047
1196.3268,Oktibbeha,JAN,ne,28105,13.77313,33.425,-88.8793,47300.0,0.896,0.19457,0.6456094892612427,0.458,0.2615,0.09,0.35317,0.255,42.8,51203.0,MS,C,16477,0.033
1826.3467,Panola,MEG,nw,28107,3.22502,34.3639,-89.9505,40600.0,0.769,0.14567,0.1775159339793394,0.155,0.50282,0.07562,0.3232,0.262,17.89,32669.0,MS,C,5890,0.039
2121.3733,Pearl River,LIX,ss,28109,2.12935,30.7686,-89.5898,55800.0,1.058,0.43412,0.42460505043820257,0.16,0.17961,0.087,0.33689,0.189,27.33,57978.0,MS,C,4517,0.03
1683.8484,Perry,MOB,se,28111,0.64575,31.172,-88.9923,45100.0,0.854,0.01471,0.22721465076660988,0.114,0.07021,0.056,0.54032,0.196,6.72,11315.0,MS,C,1087,0.038
1063.8045,Pike,LIX,ss,28113,1.42037,31.1749,-90.4042,40900.0,0.776,0.04567,0.21065057619211858,0.159,0.23768,0.11514,0.44111,0.236,37.03,39394.0,MS,C,1511,0.04
1297.6419,Pontotoc,MEG,ne,28115,0.31827,34.2254,-89.0374,51100.0,0.968,0.29298,0.1473764369721045,0.177,0.40818,0.08771,0.36652,0.133,24.3,31535.0,MS,C,413,0.027
1083.1271,Prentiss,MEG,ne,28117,0.49025,34.6183,-88.5201,49200.0,0.932,0.21469,0.09950880449688962,0.186,0.31899,0.09454,0.41526,0.177,23.21,25135.0,MS,C,531,0.028
1052.9283,Quitman,MEG,nw,28119,1.7395,34.2514,-90.2891,40300.0,0.763,0.76983,0.09838478245090979,0.152,0.76514,0.05042,0.00149,0.321,5.27,5546.0,MS,C,1832,0.048
2087.5305,Rankin,JAN,cc,28121,3.08138,32.2641,-89.9457,72900.0,1.381,0.0286,0.2770869536316934,0.328,0.18183,0.1507,0.36537,0.098,76.85,160417.0,MS,C,6432,0.023
1580.9169,Scott,JAN,cc,28123,0.68315,32.4064,-89.5376,45800.0,0.867,0.04352,0.08187475589116,0.121,0.21857,0.06944,0.42969,0.211,17.4,27507.0,MS,C,1080,0.026
1126.5068,Sharkey,JAN,wc,28125,1.10131,32.8797,-90.8132,36400.0,0.689,0.16431,0.1866841631716775,0.154,0.55659,0.03173,9e-05,0.345,2.96,3336.0,MS,C,1241,0.062
1529.4247,Simpson,JAN,cc,28127,1.42838,31.9132,-89.9195,51000.0,0.966,0.52397,0.2047785124655553,0.165,0.19786,0.07492,0.51106,0.201,16.81,25715.0,MS,C,2185,0.03
1650.5032,Smith,JAN,cc,28129,0.29591,32.0177,-89.5067,51700.0,0.98,0.10101,0.151040890346301,0.14,0.16481,0.06045,0.50113,0.168,8.54,14099.0,MS,C,488,0.028
1160.365,Stone,MOB,se,28131,1.81585,30.79,-89.1177,54300.0,1.028,0.01186,0.42241704583287093,0.146,0.10485,0.06769,0.45268,0.156,16.16,18756.0,MS,C,2107,0.034
1831.7197,Sunflower,JAN,nw,28133,0.97668,33.6023,-90.5886,38400.0,0.728,0.7697,0.10475029288183797,0.169,0.82364,0.05536,0.00054,0.325,13.36,24468.0,MS,C,1789,0.046
1688.9776,Tallahatchie,MEG,nw,28135,0.5722,33.9505,-90.1732,39000.0,0.739,0.37147,0.07919759733500252,0.119,0.62425,0.04341,0.1693,0.312,7.01,11837.0,MS,C,966,0.033
1064.043,Tate,MEG,nw,28137,2.22359,34.6503,-89.9448,58600.0,1.111,0.46577,0.1389404961875428,0.209,0.55093,0.07242,0.27718,0.151,26.56,28261.0,MS,C,2366,0.033
1191.2064,Tippah,MEG,ne,28139,0.20232,34.7684,-88.9089,52600.0,0.997,0.24896,0.2537781507191836,0.164,0.26707,0.07995,0.53863,0.173,17.87,21287.0,MS,C,241,0.028
1151.3485,Tishomingo,MEG,ne,28141,6.20263,34.7404,-88.2393,51700.0,0.978,0.0147,0.3418914685133368,0.164,0.14474,0.09316,0.53586,0.154,16.07,18507.0,MS,C,7141,0.032
1245.4855,Tunica,MEG,nw,28143,2.58534,34.652,-90.3755,37700.0,0.714,0.22112,0.15087476820159096,0.161,0.66711,0.05274,0.0008,0.276,7.41,9234.0,MS,C,3220,0.035
1079.8599,Union,MEG,ne,28145,1.99007,34.4905,-89.0038,56100.0,1.062,0.10796,0.18036449682601077,0.171,0.36622,0.09514,0.42349,0.149,26.19,28284.0,MS,C,2149,0.023
1047.391,Walthall,LIX,ss,28147,0.19954,31.1485,-90.1061,40800.0,0.773,0.33971,0.10697712515216477,0.132,0.30459,0.0736,0.40158,0.206,13.24,13863.0,MS,C,209,0.041
1602.6516,Warren,JAN,wc,28149,3.70559,32.3573,-90.8521,52100.0,0.987,0.01364,0.2898927031785222,0.265,0.15861,0.07592,0.3794,0.208,26.39,42298.0,MS,C,5939,0.034
1971.4603,Washington,JAN,nw,28151,0.841,33.2836,-90.9474,39700.0,0.752,0.06031,0.12221561166050438,0.205,0.69384,0.07492,0.00033,0.355,21.28,41946.0,MS,C,1658,0.049
2106.9842,Wayne,MOB,se,28153,0.22037,31.6408,-88.6958,43600.0,0.825,0.06892,0.14375822174250347,0.167,0.10125,0.06226,0.52866,0.21,9.35,19703.0,MS,C,464,0.036
1096.5537,Webster,JAN,nc,28155,0.31736,33.6131,-89.2848,51200.0,0.971,0.1523,0.1566051415543462,0.201,0.18771,0.06052,0.51622,0.164,9.11,9988.0,MS,C,348,0.031
1780.8715,Wilkinson,LIX,ss,28157,0.33074,31.161,-91.3109,36800.0,0.697,0.28862,0.12814926008491379,0.116,0.09042,0.03558,0.6336,0.322,4.52,8058.0,MS,C,589,0.055
1580.1463,Winston,JAN,ec,28159,0.72596,33.0885,-89.0344,50100.0,0.949,0.11333,0.2167799981589469,0.186,0.14234,0.06251,0.51478,0.274,11.02,17416.0,MS,C,1147,0.034
1282.109,Yalobusha,MEG,nw,28161,0.99446,34.0282,-89.7076,45700.0,0.865,0.02824,0.16265835146111002,0.123,0.20852,0.05942,0.51982,0.207,9.66,12386.0,MS,C,1275,0.035
2419.4621,Yazoo,JAN,cc,28163,1.32441,32.7804,-90.3965,39600.0,0.751,0.78523,0.15930484376693846,0.133,0.4493,0.04818,0.28701,0.309,10.66,25796.0,MS,C,3204,0.034
1474.5925,Adair,EAX,ne,29001,5.45371,40.1906,-92.6007,46400.0,0.717,0.0577,0.16035305952134027,0.35,0.62643,0.06532,0.27407,0.182,17.04,25122.0,MO,C,8042,0.036
1130.3135,Andrew,EAX,nw,29003,1.60133,39.9834,-94.8021,72600.0,1.121,0.12873,0.21866047165708313,0.269,0.74604,0.07194,0.15117,0.084,16.04,18127.0,MO,C,1810,0.026
1417.894,Atchison,EAX,nw,29005,0.61447,40.4307,-95.427,57900.0,0.893,0.19671,0.15373647843277397,0.22,0.86271,0.05146,0.05562,0.113,3.6,5107.0,MO,C,871,0.027
1804.951,Audrain,LSX,cc,29007,0.80443,39.2158,-91.8416,56300.0,0.869,0.25345,0.11762703697755156,0.161,0.80749,0.0661,0.09756,0.151,13.52,24394.0,MO,C,1452,0.033
2048.4931,Barry,SGF,sw,29009,3.81772,36.7099,-93.8291,50000.0,0.771,0.17889,0.36484768256434,0.134,0.47052,0.06878,0.43875,0.155,17.22,35265.0,MO,C,7821,0.035
1545.6932,Barton,SGF,sw,29011,4.43258,37.5023,-94.3471,49900.0,0.77,0.64031,0.3236654050194061,0.18,0.7986,0.05795,0.10079,0.155,7.59,11731.0,MO,C,6851,0.03
2205.1087,Bates,EAX,wc,29013,1.18202,38.2573,-94.34,57300.0,0.884,0.37176,0.1030585747416755,0.153,0.77031,0.05372,0.10735,0.139,7.37,16242.0,MO,C,2606,0.032
1948.9243,Benton,SGF,cc,29015,5.50298,38.2948,-93.2879,51500.0,0.795,0.33026,0.2664232410948018,0.152,0.36159,0.05742,0.48535,0.181,10.55,20552.0,MO,C,10725,0.043
1608.883,Bollinger,PAH,se,29017,7.79485,37.3222,-90.0259,53900.0,0.833,0.33052,0.1714396042823553,0.142,0.35795,0.04056,0.56745,0.146,6.55,10544.0,MO,C,12541,0.03
1790.0658,Boone,LSX,cc,29019,92.51147,38.9907,-92.3096,64000.0,0.988,0.12217,0.5422596996419815,0.51,0.46874,0.14642,0.34928,0.144,105.84,189463.0,MO,C,165602,0.025
1073.8384,Buchanan,EAX,nw,29021,22.27006,39.6598,-94.8062,56800.0,0.876,0.20898,0.42453595177881354,0.233,0.64383,0.14213,0.16109,0.151,77.25,82956.0,MO,C,23914,0.029
1810.515,Butler,PAH,se,29023,2.51704,36.7164,-90.4065,44900.0,0.692,0.52774,0.25948417530977097,0.152,0.54933,0.08347,0.28973,0.186,23.17,41948.0,MO,C,4557,0.044
1112.9816,Caldwell,EAX,nc,29025,1.12124,39.6557,-93.9828,56700.0,0.875,0.22197,0.18107262374666364,0.184,0.7587,0.05958,0.15211,0.115,8.05,8955.0,MO,C,1248,0.031
2194.1411,Callaway,LSX,cc,29027,5.13686,38.8355,-91.926,72400.0,1.118,0.2809,0.3276274596062921,0.254,0.47998,0.07174,0.41597,0.13,20.39,44731.0,MO,C,11271,0.028
1835.8737,Camden,SGF,cc,29029,3.47138,38.0271,-92.766,63700.0,0.983,0.04221,0.1958509357333823,0.245,0.19216,0.09867,0.62074,0.109,23.99,44044.0,MO,C,6373,0.038
1518.5226,Cape Girardeau,PAH,se,29031,26.15262,37.3839,-89.6845,64100.0,0.99,0.15277,0.40098122263826874,0.339,0.55766,0.12323,0.27976,0.126,54.65,82984.0,MO,C,39713,0.027
1818.4506,Carroll,EAX,nc,29033,1.51063,39.4268,-93.5052,56800.0,0.877,0.2541,0.1494348155147797,0.202,0.7895,0.05402,0.10504,0.129,4.61,8391.0,MO,C,2747,0.028
1318.4407,Carter,PAH,se,29035,4.34377,36.9413,-90.9623,42900.0,0.662,0.01187,0.23744945418511357,0.133,0.0854,0.03789,0.84603,0.194,4.02,5303.0,MO,C,5727,0.044
1819.791,Cass,EAX,wc,29037,18.17395,38.647,-94.3548,77800.0,1.201,0.34149,0.3282420305280283,0.288,0.6999,0.11599,0.14387,0.07,61.4,111732.0,MO,C,33073,0.03
1291.1657,Cedar,SGF,sw,29039,3.41628,37.7238,-93.8566,46000.0,0.709,0.15624,0.21467985673135537,0.178,0.52513,0.05368,0.3619,0.15,11.36,14672.0,MO,C,4411,0.035
1990.1519,Chariton,EAX,nc,29041,2.82671,39.5145,-92.9626,56600.0,0.874,0.64562,0.12229319378715366,0.194,0.74547,0.04896,0.10004,0.104,3.72,7399.0,MO,C,5626,0.027
1460.7688,Christian,SGF,sw,29043,11.2766,36.9696,-93.1889,73600.0,1.136,0.07576,0.4309684407607295,0.326,0.42335,0.10582,0.46352,0.074,64.64,94422.0,MO,C,16473,0.025
1325.7484,Clark,DVN,ne,29045,0.77239,40.4104,-91.7384,63200.0,0.976,0.39355,0.17000966223727546,0.123,0.65356,0.05214,0.23297,0.145,5.01,6641.0,MO,C,1024,0.038
1058.9346,Clay,EAX,wc,29047,41.99509,39.3105,-94.4208,78900.0,1.218,0.2351,0.6074294283668783,0.36,0.51444,0.28782,0.14154,0.078,245.31,259772.0,MO,C,44470,0.027
1096.736,Clinton,EAX,nw,29049,5.04968,39.6018,-94.4046,68300.0,1.055,0.47525,0.2523515160920432,0.227,0.76185,0.07289,0.1315,0.097,19.65,21548.0,MO,C,5538,0.03
1033.6578,Cole,LSX,cc,29051,22.04218,38.5055,-92.2816,70800.0,1.093,0.0722,0.3847686749796061,0.375,0.44825,0.13622,0.36738,0.094,74.76,77278.0,MO,C,22784,0.025
1476.7279,Cooper,EAX,cc,29053,2.32609,38.8439,-92.8103,63200.0,0.976,0.16536,0.24063580360385803,0.24,0.68682,0.05726,0.22653,0.102,11.48,16947.0,MO,C,3435,0.03
1926.7091,Crawford,LSX,ec,29055,3.97386,37.9764,-91.304,52500.0,0.811,0.59466,0.2835244341106196,0.128,0.22826,0.05358,0.69481,0.147,11.79,22719.0,MO,C,7656,0.034
1311.405,Dade,SGF,sw,29057,8.38333,37.432,-93.8502,49400.0,0.762,0.28707,0.34997357884181846,0.152,0.69673,0.04858,0.21922,0.142,5.88,7716.0,MO,C,10994,0.03
1405.9054,Dallas,SGF,sw,29059,1.67259,37.6804,-93.0236,49800.0,0.769,0.14909,0.3257378273932697,0.148,0.47644,0.0534,0.4626,0.159,12.64,17768.0,MO,C,2352,0.031
1473.9428,Daviess,EAX,nc,29061,4.16328,39.9607,-93.9855,53600.0,0.828,0.6833,0.18140711054083103,0.184,0.73341,0.05433,0.17919,0.128,5.8,8551.0,MO,C,6136,0.028
1102.7701,DeKalb,EAX,nw,29063,1.91213,39.8932,-94.4047,66900.0,1.032,0.07303,0.12236525325428534,0.148,0.7908,0.06078,0.12202,0.116,8.98,9899.0,MO,C,2109,0.029
1954.2502,Dent,SGF,sc,29065,1.22298,37.6066,-91.5079,52900.0,0.817,0.12845,0.18421764933901863,0.181,0.27555,0.04334,0.67148,0.175,7.49,14647.0,MO,C,2390,0.035
2109.6461,Douglas,SGF,sw,29067,0.67093,36.9326,-92.4988,43700.0,0.674,0.38222,0.10496803094995454,0.155,0.35804,0.04322,0.58223,0.163,5.8,12228.0,MO,C,1415,0.033
1416.2228,Dunklin,MEG,se,29069,6.48924,36.2718,-90.0909,39700.0,0.613,0.12433,0.2046795144329253,0.126,0.85519,0.07214,0.01111,0.23,19.09,27032.0,MO,C,9190,0.05
2410.3329,Franklin,LSX,ec,29071,13.29682,38.4112,-91.075,65800.0,1.015,0.22883,0.5220038651547342,0.23,0.34998,0.10839,0.50344,0.098,44.14,106404.0,MO,C,32050,0.028
1362.5805,Gasconade,LSX,ec,29073,1.3658,38.4409,-91.5079,59300.0,0.915,0.07577,0.13556001342564766,0.186,0.33825,0.0573,0.57365,0.105,10.79,14705.0,MO,C,1861,0.027
1273.8643,Gentry,EAX,nw,29075,0.41913,40.2121,-94.4099,52700.0,0.813,0.13298,0.06632333024122986,0.205,0.77178,0.04592,0.15346,0.145,4.94,6287.0,MO,C,534,0.026
1755.4413,Greene,SGF,sw,29077,36.6348,37.2581,-93.342,55800.0,0.861,0.11909,0.47596493606514345,0.324,0.53297,0.22418,0.2348,0.141,173.52,304611.0,MO,C,64310,0.026
1134.4316,Grundy,EAX,nc,29079,1.02695,40.114,-93.5653,48500.0,0.748,0.01803,0.05561934185721885,0.159,0.76133,0.05371,0.13697,0.16,8.65,9815.0,MO,C,1165,0.031
1881.5217,Harrison,EAX,nc,29081,1.91873,40.3547,-93.9921,51900.0,0.801,0.18864,0.16826013141454838,0.176,0.73636,0.04951,0.18725,0.162,4.37,8220.0,MO,C,3610,0.03
1897.2866,Henry,EAX,wc,29083,5.30192,38.3852,-93.7927,54200.0,0.836,0.29038,0.25561584048168606,0.161,0.6255,0.05885,0.16239,0.163,11.85,22485.0,MO,C,10059,0.031
1066.2182,Hickory,SGF,cc,29085,1.8017,37.9408,-93.3207,43500.0,0.671,0.10724,0.26469239899270064,0.12,0.40283,0.05094,0.50189,0.175,8.18,8718.0,MO,C,1921,0.036
1214.682,Holt,EAX,nw,29087,24.97116,40.0946,-95.215,51300.0,0.792,0.03286,0.3173600533175752,0.205,0.77414,0.05473,0.09209,0.122,3.5,4248.0,MO,C,30332,0.024
1218.8599,Howard,EAX,cc,29089,1.28891,39.1428,-92.6958,53900.0,0.831,0.44303,0.2554300427758628,0.28,0.60455,0.04968,0.30021,0.12,8.29,10101.0,MO,C,1571,0.031
2404.3883,Howell,SGF,sc,29091,1.51845,36.774,-91.8865,44900.0,0.692,0.24651,0.16001450711734552,0.175,0.44812,0.06559,0.46512,0.167,16.94,40735.0,MO,C,3651,0.037
1429.6835,Iron,LSX,se,29093,6.48747,37.5552,-90.7735,44300.0,0.684,0.05581,0.3335181162456409,0.183,0.09761,0.04159,0.83329,0.19,6.6,9440.0,MO,C,9275,0.049
1596.2781,Jackson,EAX,wc,29095,50.91781,39.0085,-94.3461,62500.0,0.965,0.053,0.5312243289079683,0.335,0.34042,0.43589,0.17727,0.12,450.15,718560.0,MO,C,81279,0.034
1661.0573,Jasper,SGF,sw,29097,17.49559,37.2035,-94.3406,53500.0,0.827,0.02773,0.3352851234367632,0.251,0.66344,0.1466,0.15966,0.155,75.29,125056.0,MO,C,29061,0.03
1720.0479,Jefferson,LSX,ec,29099,28.83808,38.261,-90.5378,78300.0,1.209,0.16344,0.6905543859649123,0.236,0.14914,0.19962,0.60847,0.092,134.43,231230.0,MO,C,49603,0.028
2157.6487,Johnson,EAX,wc,29101,7.12109,38.7441,-93.8063,60100.0,0.927,0.10186,0.2974152773457781,0.291,0.70181,0.07538,0.18644,0.136,25.47,54962.0,MO,C,15365,0.033
1312.5088,Knox,LSX,ne,29103,0.22945,40.1282,-92.1481,49600.0,0.765,0.44827,0.05694135881728812,0.169,0.7503,0.04588,0.15171,0.166,2.84,3723.0,MO,C,301,0.032
1989.3262,Laclede,SGF,sw,29105,1.56794,37.6583,-92.5903,53200.0,0.822,0.15049,0.2206181160407865,0.157,0.43813,0.06259,0.49072,0.17,18.44,36680.0,MO,C,3119,0.032
1654.5938,Lafayette,EAX,wc,29107,2.47758,39.0656,-93.7855,70500.0,1.088,0.12538,0.17908134829197744,0.244,0.77822,0.07438,0.11339,0.112,20.06,33196.0,MO,C,4099,0.029
1588.564,Lawrence,SGF,sw,29109,1.95259,37.1063,-93.8329,58000.0,0.896,0.52421,0.22595523906564943,0.166,0.73893,0.07985,0.17544,0.149,24.47,38872.0,MO,C,3102,0.031
1323.1021,Lewis,LSX,ne,29111,4.05335,40.0969,-91.7222,57100.0,0.881,0.13183,0.19033696012119697,0.165,0.6862,0.05446,0.20254,0.153,7.42,9818.0,MO,C,5363,0.029
1657.8027,Lincoln,LSX,ec,29113,13.22549,39.0581,-90.9602,77900.0,1.203,0.11685,0.2510171182144049,0.184,0.53154,0.09377,0.3104,0.084,39.03,64699.0,MO,C,21925,0.031
1609.7897,Linn,EAX,nc,29115,4.04092,39.8702,-93.1072,52800.0,0.816,0.06319,0.19824124246468725,0.201,0.75573,0.05703,0.12601,0.153,7.32,11791.0,MO,C,6505,0.038
1394.5547,Livingston,EAX,nc,29117,4.06435,39.7821,-93.5483,56700.0,0.875,0.14273,0.22105737191322256,0.183,0.73243,0.05479,0.13611,0.139,10.44,14557.0,MO,C,5668,0.024
1397.6671,McDonald,SGF,sw,29119,1.80013,36.6287,-94.3484,50100.0,0.773,0.1725,0.47542965007669624,0.134,0.36261,0.06518,0.54732,0.182,17.1,23903.0,MO,C,2516,0.033
2104.4882,Macon,EAX,nc,29121,2.33901,39.8308,-92.5646,52800.0,0.816,0.06602,0.12881302344575923,0.185,0.64877,0.05793,0.24532,0.125,7.2,15161.0,MO,C,4922,0.033
1288.7944,Madison,LSX,se,29123,1.34932,37.4781,-90.345,47100.0,0.727,0.08511,0.3118784216822234,0.153,0.1599,0.04537,0.77335,0.16,9.85,12698.0,MO,C,1739,0.037
1372.6034,Maries,SGF,cc,29125,0.83854,38.1616,-91.9249,54800.0,0.846,0.2563,0.19079762503526868,0.16,0.42761,0.03949,0.50931,0.118,6.14,8430.0,MO,C,1151,0.032
1150.1546,Marion,LSX,ne,29127,2.70761,39.806,-91.6224,57600.0,0.89,0.01381,0.16481156710090933,0.257,0.64661,0.08361,0.22049,0.124,24.64,28336.0,MO,C,3114,0.031
1178.9161,Mercer,EAX,nc,29129,0.27907,40.4223,-93.5685,49700.0,0.767,0.02128,0.08989543965876859,0.179,0.67557,0.04442,0.24555,0.128,2.94,3469.0,MO,C,329,0.028
1554.0581,Miller,SGF,cc,29131,1.53206,38.2145,-92.4284,61700.0,0.953,0.45655,0.20477447529657153,0.21,0.35544,0.06723,0.54298,0.144,16.47,25590.0,MO,C,2381,0.031
1110.776,Mississippi,PAH,se,29133,5.54404,36.8281,-89.2911,42400.0,0.654,0.04872,0.3093207507098865,0.141,0.82409,0.06018,0.00101,0.205,10.64,11822.0,MO,C,6158,0.038
1084.6842,Moniteau,LSX,cc,29135,1.77468,38.6327,-92.583,64500.0,0.996,0.12779,0.25210477140044274,0.172,0.66204,0.05892,0.25839,0.102,14.06,15256.0,MO,C,1925,0.026
1735.8059,Monroe,LSX,ne,29137,0.81148,39.4955,-92.0007,50300.0,0.776,0.11998,0.09307050438811772,0.174,0.66058,0.04904,0.21004,0.123,5.01,8698.0,MO,C,1409,0.032
1399.3468,Montgomery,LSX,ec,29139,2.76272,38.9415,-91.4702,56500.0,0.873,0.05923,0.1902110007470451,0.165,0.56946,0.06021,0.34067,0.147,8.19,11459.0,MO,C,3866,0.03
1589.9477,Morgan,SGF,cc,29141,0.78116,38.4239,-92.8861,51700.0,0.798,0.21014,0.1739742104976799,0.149,0.36374,0.06426,0.52863,0.149,13.82,21970.0,MO,C,1242,0.037
1807.8493,New Madrid,PAH,se,29143,2.51829,36.5942,-89.6516,48200.0,0.743,0.24652,0.17274116374002094,0.133,0.85261,0.06096,0.00031,0.199,8.53,15424.0,MO,C,4553,0.037
1622.9304,Newton,SGF,sw,29145,7.51888,36.9055,-94.3392,57400.0,0.886,0.33042,0.35977407912055676,0.23,0.57438,0.10636,0.3086,0.13,37.39,60677.0,MO,C,12203,0.03
2273.5472,Nodaway,EAX,nw,29147,1.81958,40.3607,-94.8834,57500.0,0.888,0.41359,0.07050689427649752,0.256,0.84339,0.05634,0.08248,0.151,9.1,20695.0,MO,C,4137,0.028
2050.2999,Oregon,SGF,sc,29149,4.09202,36.6867,-91.4033,45300.0,0.699,0.18117,0.16443827794969867,0.144,0.31862,0.03356,0.63148,0.189,4.25,8720.0,MO,C,8390,0.035
1588.7443,Osage,LSX,cc,29151,0.75468,38.4604,-91.8618,69100.0,1.067,0.25438,0.24262090903966996,0.248,0.41186,0.04778,0.50305,0.105,8.48,13468.0,MO,C,1199,0.024
1955.6428,Ozark,SGF,sw,29153,0.88309,36.6493,-92.4446,44200.0,0.683,0.06891,0.1531558394876152,0.124,0.33794,0.04002,0.57843,0.202,4.59,8970.0,MO,C,1727,0.047
1327.1808,Pemiscot,MEG,se,29155,2.65784,36.2111,-89.7858,38500.0,0.594,0.4448,0.2245067931855845,0.128,0.87194,0.05481,0.00108,0.274,11.01,14613.0,MO,C,3527,0.049
1254.4721,Perry,PAH,se,29157,2.68612,37.7071,-89.8244,63100.0,0.974,0.05698,0.2879564527103652,0.221,0.49044,0.07842,0.39168,0.1,15.11,18950.0,MO,C,3370,0.025
1777.7683,Pettis,EAX,cc,29159,1.72191,38.7283,-93.2851,58800.0,0.908,0.37078,0.19750586760284267,0.186,0.74163,0.07309,0.16399,0.14,24.49,43530.0,MO,C,3061,0.031
1746.2607,Phelps,SGF,ec,29161,25.15187,37.8771,-91.7924,54700.0,0.845,0.35245,0.44525536194579096,0.315,0.26738,0.06973,0.64831,0.158,25.93,45284.0,MO,C,43922,0.031
1773.5924,Pike,LSX,ne,29163,4.49032,39.3438,-91.1714,59100.0,0.912,0.21974,0.13843937562520842,0.166,0.58456,0.0578,0.28979,0.146,10.11,17935.0,MO,C,7964,0.032
1106.4649,Platte,EAX,wc,29165,22.59846,39.3804,-94.7736,93900.0,1.45,0.06081,0.4486189905747802,0.456,0.57591,0.16408,0.19543,0.061,101.17,111940.0,MO,C,25004,0.026
1664.045,Polk,SGF,sw,29167,5.03813,37.6165,-93.4005,53700.0,0.829,0.1485,0.32638984529220033,0.21,0.61294,0.06502,0.3087,0.146,19.7,32780.0,MO,C,8384,0.031
1427.9236,Pulaski,SGF,cc,29169,2.96935,37.8246,-92.2076,61700.0,0.953,0.16226,0.2484537402506305,0.279,0.2266,0.08326,0.66431,0.114,37.69,53812.0,MO,C,4240,0.036
1345.7235,Putnam,EAX,nc,29171,1.7797,40.4789,-93.0161,49500.0,0.765,0.21921,0.15120444566495211,0.193,0.64999,0.04655,0.26439,0.153,3.45,4638.0,MO,C,2395,0.031
1253.056,Ralls,LSX,ne,29173,0.74116,39.5276,-91.5219,65000.0,1.004,0.03984,0.17621968986640696,0.175,0.63319,0.05674,0.25627,0.1,8.37,10489.0,MO,C,929,0.028
1262.8498,Randolph,EAX,nc,29175,2.92592,39.4402,-92.4971,48800.0,0.753,0.01624,0.13083742088005165,0.171,0.6081,0.07894,0.26971,0.138,19.09,24109.0,MO,C,3695,0.035
1485.3605,Ray,EAX,wc,29177,1.82851,39.3524,-93.9899,70500.0,1.088,0.17526,0.20555271618452994,0.15,0.70146,0.06703,0.19849,0.099,15.61,23182.0,MO,C,2716,0.033
2109.3582,Reynolds,LSX,se,29179,1.82571,37.3623,-90.9691,44400.0,0.686,0.10889,0.32512490654261067,0.154,0.07194,0.03521,0.85869,0.198,2.82,5950.0,MO,C,3851,0.034
1635.8968,Ripley,PAH,se,29181,1.78857,36.6528,-90.8639,41600.0,0.642,0.83979,0.19771863117870722,0.129,0.25368,0.03648,0.66992,0.205,6.61,10806.0,MO,C,2926,0.041
1535.073,St. Charles,LSX,ec,29183,97.31122,38.7819,-90.6752,98900.0,1.527,0.05835,0.7418014154669589,0.424,0.36379,0.28851,0.20365,0.055,271.43,416659.0,MO,C,149380,0.025
1817.9039,St. Clair,SGF,wc,29185,2.06242,38.0371,-93.776,45200.0,0.697,0.38537,0.323592904896834,0.137,0.46343,0.04351,0.40515,0.182,5.36,9752.0,MO,C,3749,0.038
1318.1251,Ste. Genevieve,LSX,se,29186,3.27207,37.894,-90.1952,63800.0,0.985,0.08556,0.3873287023272157,0.184,0.3034,0.06402,0.59786,0.096,14.14,18642.0,MO,C,4313,0.028
1171.7317,St. Francois,LSX,se,29187,6.53719,37.8104,-90.4729,48600.0,0.75,0.05379,0.4600703721548187,0.16,0.26285,0.12248,0.58266,0.153,57.23,67058.0,MO,C,7660,0.039
1356.3973,St. Louis,LSX,ec,29189,189.81469,38.6407,-90.443,79600.0,1.229,0.00461,0.9749881057568137,0.469,0.06836,0.68568,0.17073,0.097,727.71,987059.0,MO,C,257464,0.03
1980.5177,Saline,EAX,cc,29195,2.56495,39.1366,-93.2022,54600.0,0.843,0.52324,0.18529866779236526,0.26,0.77093,0.05676,0.12133,0.176,11.64,23049.0,MO,C,5080,0.03
798.1043,Schuyler,EAX,ne,29197,0.65156,40.4703,-92.5209,49500.0,0.764,0.42499,0.16337997722370423,0.106,0.71984,0.05204,0.19743,0.145,5.08,4053.0,MO,C,520,0.039
1137.6909,Scotland,DVN,ne,29199,1.70243,40.4526,-92.1471,55000.0,0.848,0.57413,0.12575711448103197,0.145,0.74308,0.04959,0.16637,0.131,4.11,4676.0,MO,C,1937,0.024
1103.2406,Scott,PAH,se,29201,4.35305,37.053,-89.5686,57700.0,0.89,0.47726,0.342081853346965,0.217,0.77393,0.11051,0.07257,0.151,34.34,37889.0,MO,C,4802,0.03
2600.3859,Shannon,SGF,sc,29203,3.08657,37.1574,-91.4005,39700.0,0.612,0.05432,0.2375425839199845,0.146,0.12684,0.03027,0.82054,0.229,2.78,7238.0,MO,C,8026,0.046
1301.269,Shelby,LSX,ne,29205,0.69778,39.7978,-92.0766,54300.0,0.838,0.37115,0.08536369187134389,0.18,0.73755,0.0528,0.16199,0.153,4.56,5931.0,MO,C,908,0.027
2147.2756,Stoddard,PAH,se,29207,7.42765,36.8555,-89.9444,53400.0,0.824,0.42184,0.19827665909515935,0.164,0.79799,0.0713,0.07203,0.137,13.22,28397.0,MO,C,15949,0.039
1323.1568,Stone,SGF,sw,29209,4.08552,36.7469,-93.4559,56400.0,0.871,0.03456,0.25996101996131454,0.23,0.27698,0.09452,0.52667,0.123,24.68,32658.0,MO,C,5406,0.046
1687.1425,Sullivan,EAX,nc,29211,0.60991,40.2107,-93.1115,52400.0,0.809,0.24004,0.09813819230072568,0.147,0.69279,0.04217,0.22663,0.129,3.44,5797.0,MO,C,1029,0.033
1687.5241,Taney,SGF,sw,29213,9.86527,36.6547,-93.041,53000.0,0.818,0.02331,0.2610251733571933,0.254,0.18601,0.09107,0.66355,0.136,33.64,56775.0,MO,C,16648,0.049
3054.1493,Texas,SGF,sc,29215,2.5602,37.3173,-91.9651,46600.0,0.72,0.2412,0.260078868819293,0.158,0.37264,0.04494,0.56148,0.203,8.39,25619.0,MO,C,7819,0.038
2167.9307,Vernon,SGF,wc,29217,2.49943,37.8506,-94.3424,51900.0,0.801,0.42096,0.14892987479911624,0.18,0.70585,0.05697,0.1421,0.169,9.09,19710.0,MO,C,5419,0.035
1133.7587,Warren,LSX,ec,29219,5.15738,38.7646,-91.1607,74400.0,1.148,0.08842,0.39110245454177844,0.196,0.35324,0.08651,0.51722,0.086,33.35,37806.0,MO,C,5847,0.029
1974.5605,Washington,LSX,ec,29221,1.37835,37.9617,-90.8774,47600.0,0.735,0.04556,0.3307273438649767,0.124,0.1271,0.05455,0.79498,0.197,11.92,23534.0,MO,C,2722,0.038
2005.0016,Wayne,PAH,se,29223,3.31039,37.1127,-90.4614,41700.0,0.644,0.03932,0.32917770713658645,0.11,0.11189,0.04122,0.78014,0.224,5.39,10811.0,MO,C,6637,0.045
1537.7416,Webster,SGF,sw,29225,1.25364,37.2809,-92.8759,59800.0,0.923,0.40824,0.2537678649239858,0.186,0.5344,0.07504,0.38341,0.129,26.97,41472.0,MO,C,1928,0.027
690.8358,Worth,EAX,nw,29227,0.67485,40.4791,-94.4222,48400.0,0.747,0.25954,0.14070696748159212,0.176,0.74613,0.0418,0.18525,0.134,2.76,1907.0,MO,C,466,0.025
1769.4232,Wright,SGF,sw,29229,0.52955,37.2701,-92.4687,45000.0,0.695,0.36179,0.10342325317128,0.143,0.4943,0.05333,0.43894,0.175,10.97,19403.0,MO,C,937,0.035
171.2412,St. Louis City,LSX,ec,29510,511.96257,38.6358,-90.245,52300.0,0.807,6e-05,1.0,0.402,0.00222,0.92956,0.00209,0.201,1645.36,281754.0,MO,C,87669,0.037
14427.465,Beaverhead,TFX,sw,30001,1.572,45.1328,-112.8988,57500.0,0.847,0.04953,0.3771234089198137,0.355,0.03961,0.01041,0.27848,0.129,0.69,9885.0,MT,M,22680,0.024
12988.0842,Big Horn,BYZ,sc,30003,0.21567,45.4235,-107.4897,49100.0,0.723,0.0307,0.09698781110236425,0.209,0.09611,0.01393,0.09361,0.217,0.98,12751.0,MT,M,2801,0.044
10977.9134,Blaine,TFX,nc,30005,0.41421,48.4327,-108.9586,53600.0,0.789,0.01869,0.06410820867770978,0.258,0.20615,0.01539,0.03018,0.205,0.63,6899.0,MT,M,4547,0.036
3208.5225,Broadwater,TFX,sw,30007,2.41837,46.3319,-111.4955,67900.0,1.0,0.03921,0.3200072841264576,0.263,0.12938,0.0318,0.21558,0.087,2.5,8032.0,MT,M,7759,0.035
5340.9124,Carbon,BYZ,sc,30009,3.59504,45.2273,-109.0283,67100.0,0.987,0.20088,0.4307222765520724,0.303,0.07841,0.02218,0.11987,0.106,2.14,11419.0,MT,M,19201,0.028
8671.9789,Carter,BYZ,se,30011,0.4247,45.5168,-104.5362,50600.0,0.745,0.00054,0.12212625397197846,0.203,0.0628,0.01244,0.02394,0.137,0.16,1418.0,MT,M,3683,0.02
7022.8161,Cascade,TFX,cc,30013,5.03803,47.308,-111.3472,59200.0,0.871,0.00506,0.16891510302758259,0.287,0.20988,0.03632,0.16921,0.121,12.09,84900.0,MT,M,35381,0.029
10352.3795,Chouteau,TFX,nc,30015,0.45026,47.8806,-110.4352,51100.0,0.753,0.00665,0.043284146492281114,0.226,0.48712,0.01931,0.02798,0.15,0.56,5847.0,MT,M,4661,0.032
9824.011,Custer,BYZ,se,30017,0.31097,46.2527,-105.5718,64700.0,0.953,0.00131,0.08841375010083437,0.298,0.04203,0.0119,0.02924,0.136,1.22,11985.0,MT,M,3055,0.028
3694.2065,Daniels,GGW,ne,30019,0.32054,48.7838,-105.5485,57100.0,0.841,0.03209,0.04938168233930182,0.275,0.52962,0.02049,0.00201,0.107,0.44,1633.0,MT,M,1184,0.019
6172.2929,Dawson,GGW,ne,30021,0.44853,47.2664,-104.8994,60800.0,0.895,0.00072,0.04281459268749065,0.255,0.25254,0.02329,0.00958,0.127,1.43,8810.0,MT,M,2768,0.026
1919.9324,Deer Lodge,MSO,wc,30023,13.84389,46.0608,-113.0677,52800.0,0.778,0.00173,0.7129762048348467,0.223,0.0272,0.02688,0.5023,0.13,5.04,9673.0,MT,M,26579,0.028
4203.4332,Fallon,BYZ,se,30025,1.2397,46.334,-104.4174,65600.0,0.966,0.00403,0.11909164122009329,0.165,0.12762,0.02257,0.00293,0.091,0.71,2994.0,MT,M,5211,0.017
11267.4207,Fergus,TFX,cc,30027,1.31844,47.2636,-109.2243,60500.0,0.89,0.01717,0.16561927938746876,0.238,0.15838,0.01961,0.14803,0.112,1.04,11772.0,MT,M,14855,0.031
13613.9237,Flathead,MSO,nw,30029,6.97746,48.2951,-114.0496,66400.0,0.978,0.15923,0.8815690894098245,0.36,0.02806,0.02765,0.65487,0.099,8.35,113679.0,MT,M,94991,0.035
6818.1551,Gallatin,TFX,sc,30031,18.59838,45.5403,-111.1703,83500.0,1.23,0.03573,0.576785464141599,0.531,0.14603,0.05035,0.41851,0.088,18.54,126409.0,MT,M,126807,0.021
12554.6302,Garfield,GGW,ne,30033,0.07802,47.2777,-106.9928,50800.0,0.747,0.00204,0.02024508554639655,0.213,0.08411,0.00798,0.01287,0.169,0.1,1211.0,MT,M,980,0.034
7843.385,Glacier,TFX,nc,30035,2.68768,48.7058,-112.995,46300.0,0.681,0.0019,0.05260637205662817,0.181,0.20675,0.01471,0.16513,0.28,1.74,13609.0,MT,M,21080,0.054
3046.7915,Golden Valley,BYZ,cc,30037,0.6387,46.3812,-109.1749,45600.0,0.672,0.00308,0.08248040481317714,0.19,0.10565,0.01924,0.07188,0.164,0.27,835.0,MT,M,1946,0.029
4488.1836,Granite,MSO,wc,30039,1.11378,46.4045,-113.4403,58200.0,0.857,0.02521,0.4583122252034199,0.312,0.03207,0.01356,0.55339,0.116,0.8,3595.0,MT,M,4999,0.041
7552.0798,Hill,TFX,nc,30041,0.58034,48.6282,-110.1113,50500.0,0.744,0.01415,0.04171617999429467,0.256,0.61804,0.0268,0.01312,0.19,2.16,16276.0,MT,M,4383,0.025
4296.3654,Jefferson,TFX,sw,30043,4.61859,46.1485,-112.0937,83700.0,1.232,0.01507,0.4755374268416871,0.327,0.03745,0.0244,0.48184,0.085,3.04,13048.0,MT,M,19843,0.029
4844.9363,Judith Basin,TFX,cc,30045,0.33375,47.0455,-110.2661,60700.0,0.893,0.03216,0.11786542738800536,0.283,0.18688,0.01991,0.24623,0.137,0.43,2093.0,MT,M,1617,0.028
4283.6002,Lake,MSO,nw,30047,9.73565,47.6459,-114.0892,57200.0,0.843,0.12591,0.7383940778194917,0.305,0.15492,0.03798,0.4414,0.139,7.78,33338.0,MT,M,41704,0.036
9058.5077,Lewis and Clark,TFX,wc,30049,7.81392,47.1223,-112.3903,72500.0,1.067,0.02002,0.5302026293530038,0.428,0.02903,0.02681,0.39614,0.093,8.28,75011.0,MT,M,70782,0.026
3747.96,Liberty,TFX,nc,30051,0.38901,48.5617,-111.0246,53600.0,0.789,0.01303,0.059184832897248546,0.273,0.63863,0.02045,0.00633,0.165,0.53,1974.0,MT,M,1458,0.025
9518.9285,Lincoln,MSO,nw,30053,0.87781,48.5425,-115.4051,48400.0,0.713,0.00168,0.49693453032625357,0.18,0.00259,0.02087,0.81596,0.152,2.3,21895.0,MT,M,8356,0.052
6948.606,McCone,GGW,ne,30055,0.24674,47.6452,-105.7953,59100.0,0.87,0.0105,0.054913544087686915,0.214,0.27628,0.01509,0.00079,0.146,0.24,1676.0,MT,M,1714,0.02
9331.5552,Madison,TFX,sw,30057,2.07944,45.3008,-111.9203,72500.0,1.067,0.03126,0.36077087514382294,0.343,0.06196,0.01524,0.30053,0.091,1.02,9521.0,MT,M,19404,0.03
6202.6196,Meagher,TFX,cc,30059,0.52082,46.5982,-110.8856,53700.0,0.791,0.03993,0.2813551116895201,0.285,0.04616,0.01121,0.3582,0.138,0.33,2071.0,MT,M,3230,0.026
3168.1158,Mineral,MSO,wc,30061,1.03567,47.1474,-114.9985,56000.0,0.824,0.00152,0.8785116279069769,0.266,0.00305,0.02491,0.78521,0.134,1.61,5090.0,MT,M,3281,0.049
6781.2924,Missoula,MSO,wc,30063,18.40145,47.0364,-113.9237,68200.0,1.004,0.04424,0.8668692332375071,0.459,0.02026,0.04009,0.6496,0.114,17.97,121849.0,MT,M,124786,0.029
4845.3316,Musselshell,BYZ,cc,30065,0.50729,46.4966,-108.3977,55300.0,0.814,0.00407,0.12934037997117284,0.219,0.05838,0.01941,0.09704,0.163,1.1,5308.0,MT,M,2458,0.031
7285.5104,Park,BYZ,sc,30067,2.13318,45.4884,-110.5263,68600.0,1.01,0.00547,0.4138731630172363,0.381,0.04407,0.01816,0.36343,0.113,2.46,17903.0,MT,M,15541,0.029
4335.3021,Petroleum,GGW,ne,30069,0.31232,47.1175,-108.2501,49000.0,0.721,0.0,0.07689350366289277,0.271,0.06857,0.01115,0.03903,0.13,0.13,554.0,MT,M,1354,0.033
13498.9526,Phillips,GGW,ne,30071,2.32197,48.2591,-107.9133,56000.0,0.825,0.00491,0.11620757074110799,0.206,0.119,0.01314,0.02273,0.168,0.31,4249.0,MT,M,31344,0.042
4266.0831,Pondera,TFX,nc,30073,0.45776,48.2283,-112.2288,51100.0,0.752,0.00768,0.07219810420659553,0.195,0.50321,0.02652,0.05646,0.193,1.44,6125.0,MT,M,1953,0.029
8541.6241,Powder River,BYZ,se,30075,0.16063,45.395,-105.6301,54100.0,0.797,0.0,0.06463364903439764,0.252,0.03903,0.01165,0.07201,0.117,0.2,1743.0,MT,M,1372,0.025
6041.546,Powell,MSO,wc,30077,2.42474,46.8566,-112.9362,60400.0,0.889,0.06615,0.4631416296072963,0.19,0.03951,0.01548,0.45614,0.168,1.18,7133.0,MT,M,14649,0.03
4513.0347,Prairie,GGW,ne,30079,0.22845,46.8605,-105.378,49800.0,0.734,0.00679,0.0964660367953598,0.2,0.07042,0.01584,0.00244,0.134,0.25,1112.0,MT,M,1031,0.025
6216.4704,Ravalli,MSO,wc,30081,8.27616,46.0817,-114.1207,65800.0,0.969,0.16724,0.674320342193524,0.298,0.05832,0.0304,0.50119,0.107,7.68,47738.0,MT,M,51449,0.031
5446.9231,Richland,GGW,ne,30083,0.39774,47.7879,-104.5613,73000.0,1.074,0.02262,0.09151820216658466,0.194,0.2801,0.03381,0.0105,0.095,2.05,11173.0,MT,M,2166,0.026
6137.3772,Roosevelt,GGW,ne,30085,0.26868,48.2946,-105.0165,48700.0,0.717,0.02668,0.060817545083289605,0.199,0.44977,0.02673,0.00181,0.243,1.68,10319.0,MT,M,1649,0.038
13018.9185,Rosebud,BYZ,se,30087,0.11499,46.2297,-106.7308,64000.0,0.942,0.02004,0.10324814349800601,0.189,0.03996,0.01286,0.05427,0.202,0.63,8160.0,MT,M,1497,0.034
7226.3796,Sanders,MSO,nw,30089,0.9338,47.6749,-115.1333,48000.0,0.706,0.08403,0.3585016891112558,0.216,0.02429,0.02368,0.60891,0.145,1.89,13684.0,MT,M,6748,0.048
4418.608,Sheridan,GGW,ne,30091,2.15009,48.7212,-104.5046,63000.0,0.927,0.00589,0.06381456547100019,0.247,0.52945,0.02862,0.0058,0.119,0.79,3498.0,MT,M,9500,0.023
1861.8344,Silver Bow,MSO,wc,30093,5.43695,45.9024,-112.6567,58900.0,0.867,0.00879,0.7239141044411909,0.277,0.0099,0.04739,0.51253,0.158,19.53,36360.0,MT,M,10123,0.034
4673.9706,Stillwater,BYZ,sc,30095,1.36447,45.6694,-109.3948,81100.0,1.195,0.01223,0.23753316481083,0.298,0.10134,0.02465,0.12498,0.083,1.96,9173.0,MT,M,6377,0.024
4823.0329,Sweet Grass,BYZ,sc,30097,0.83829,45.8137,-109.941,68000.0,1.001,0.04749,0.34038467462852096,0.231,0.03632,0.01652,0.17821,0.1,0.78,3763.0,MT,M,4043,0.023
5937.1866,Teton,TFX,nc,30099,2.1423,47.8373,-112.2408,57100.0,0.84,0.00173,0.081827706279245,0.259,0.33178,0.0253,0.10065,0.133,1.08,6430.0,MT,M,12719,0.029
5038.7463,Toole,TFX,nc,30101,0.20839,48.6552,-111.6957,49900.0,0.734,0.0381,0.037792508661662186,0.215,0.52509,0.02164,0.00404,0.17,1.02,5133.0,MT,M,1050,0.022
2548.9229,Treasure,BYZ,se,30103,0.26913,46.2115,-107.2717,60500.0,0.89,0.01458,0.2530899302396118,0.328,0.05587,0.01507,0.08324,0.126,0.3,772.0,MT,M,686,0.027
13110.0605,Valley,GGW,ne,30105,0.76734,48.3653,-106.6675,79700.0,1.174,0.01551,0.08771014052017312,0.215,0.22212,0.01497,0.00385,0.154,0.57,7474.0,MT,M,10060,0.025
3699.2142,Wheatland,BYZ,cc,30107,2.09153,46.4664,-109.8444,44000.0,0.648,0.0199,0.2804556931178967,0.178,0.10782,0.01931,0.07738,0.185,0.56,2057.0,MT,M,7737,0.04
2305.1635,Wibaux,GGW,ne,30109,0.69848,46.9653,-104.249,56300.0,0.829,0.01739,0.18422516246121423,0.258,0.18644,0.02394,0.00926,0.127,0.39,910.0,MT,M,1610,0.027
6860.7,Yellowstone,BYZ,sc,30111,3.6602,45.9372,-108.2744,78200.0,1.152,0.01008,0.17296770970771128,0.339,0.15525,0.05664,0.02299,0.099,24.9,170843.0,MT,M,25112,0.026
1461.3493,Adams,GID,sc,31001,1.20765,40.5245,-98.5012,64200.0,0.92,0.12126,0.15799013332500703,0.288,0.78855,0.08336,0.00497,0.119,21.14,30899.0,NE,C,1765,0.021
2223.1271,Antelope,OAX,ne,31003,1.58297,42.177,-98.0667,63300.0,0.906,0.29212,0.17631496571849786,0.199,0.68191,0.04917,0.01168,0.106,2.83,6302.0,NE,C,3519,0.019
1860.3632,Arthur,LBF,wc,31005,0.21532,41.5689,-101.6959,57000.0,0.817,0.0,0.07354682657663332,0.327,0.01921,0.00782,2e-05,0.133,0.22,412.0,NE,M,401,0.028
1933.1365,Banner,CYS,pa,31007,0.56506,41.546,-103.7104,66600.0,0.954,0.065,0.21899796247585704,0.326,0.29834,0.01988,0.01472,0.116,0.35,674.0,NE,M,1092,0.029
1850.056,Blaine,LBF,nc,31009,0.21675,41.9128,-99.9769,54900.0,0.787,0.0,0.16462615766885025,0.256,0.02155,0.01092,0.00104,0.163,0.24,436.0,NE,C,401,0.036
1780.1106,Boone,OAX,ne,31011,0.46458,41.7068,-98.0673,68500.0,0.981,0.03023,0.08138435324916551,0.189,0.68763,0.04622,0.0043,0.097,2.98,5310.0,NE,C,827,0.017
2791.5486,Box Butte,CYS,pa,31013,0.44467,42.2198,-103.0857,66800.0,0.956,0.03706,0.08550705017182772,0.201,0.48346,0.034,3e-05,0.12,3.83,10692.0,NE,M,1241,0.022
1410.4194,Boyd,LBF,nc,31015,0.59693,42.8997,-98.7665,54400.0,0.78,0.0,0.13084710495778482,0.196,0.25463,0.02886,0.04044,0.126,1.22,1725.0,NE,C,842,0.024
3172.8823,Brown,LBF,nc,31017,0.82161,42.43,-99.9295,55400.0,0.793,0.00077,0.13565525590862035,0.212,0.08085,0.01532,0.02656,0.116,0.9,2853.0,NE,C,2607,0.025
2525.8298,Buffalo,GID,sc,31019,10.40726,40.8551,-99.075,67800.0,0.971,0.00692,0.24661707453213366,0.346,0.50747,0.06943,0.00206,0.081,20.07,50697.0,NE,C,26287,0.018
1287.3326,Burt,OAX,ec,31021,3.73443,41.8515,-96.3287,58100.0,0.832,0.2284,0.19611585902547649,0.257,0.86154,0.05226,0.02218,0.103,5.23,6727.0,NE,C,4807,0.025
1521.1301,Butler,OAX,ec,31023,0.95548,41.225,-97.1314,76400.0,1.094,0.05917,0.13520541103921482,0.252,0.763,0.06086,0.025,0.083,5.56,8459.0,NE,C,1453,0.017
1466.4193,Cass,OAX,se,31025,7.04097,40.9098,-96.1408,93200.0,1.335,0.04852,0.27792488423672856,0.319,0.78548,0.08343,0.06475,0.066,18.72,27446.0,NE,C,10325,0.023
1931.6684,Cedar,OAX,ne,31027,0.97135,42.5993,-97.2523,69000.0,0.989,0.02771,0.12761791317035304,0.25,0.7477,0.05328,0.02379,0.086,4.28,8262.0,NE,C,1876,0.018
2324.8641,Chase,LBF,sw,31029,0.37895,40.5242,-101.6979,65000.0,0.931,0.00454,0.030223613319667803,0.241,0.47704,0.0311,2e-05,0.098,1.6,3724.0,NE,M,881,0.017
15564.5051,Cherry,LBF,nc,31031,1.59241,42.5449,-101.1186,58000.0,0.831,0.0,0.18549143885666816,0.242,0.01504,0.00791,0.00677,0.11,0.35,5492.0,NE,MC,24785,0.019
3098.6919,Cheyenne,CYS,pa,31033,0.41953,41.2198,-102.995,56600.0,0.811,0.00462,0.045570955693970634,0.221,0.5967,0.04012,8e-05,0.123,3.08,9541.0,NE,M,1300,0.024
1485.5076,Clay,GID,sc,31035,1.5783,40.5244,-98.0512,64300.0,0.92,0.04478,0.16645196995402284,0.229,0.76882,0.06404,0.0056,0.096,4.12,6116.0,NE,C,2345,0.024
1083.4381,Colfax,OAX,ne,31037,0.87299,41.5733,-97.0865,69500.0,0.996,0.08035,0.09514276141752191,0.141,0.80785,0.06309,0.01097,0.097,9.75,10566.0,NE,C,946,0.018
1488.0914,Cuming,OAX,ne,31039,1.10378,41.9164,-96.7874,65800.0,0.942,0.09315,0.1151927242313052,0.248,0.87088,0.05942,0.00878,0.086,5.99,8918.0,NE,C,1643,0.019
6671.6441,Custer,LBF,cc,31041,0.30992,41.3943,-99.7262,60300.0,0.864,0.04981,0.11754915963355694,0.256,0.23378,0.02688,0.00804,0.089,1.59,10581.0,NE,C,2068,0.017
692.553,Dakota,FSD,ne,31043,17.2653,42.3911,-96.5646,66000.0,0.945,0.03437,0.33940410033565926,0.151,0.74627,0.08334,0.06545,0.136,30.71,21268.0,NE,C,11957,0.027
3628.3737,Dawes,CYS,pa,31045,1.83748,42.7197,-103.1355,52600.0,0.754,0.0033,0.14012693300604212,0.352,0.10752,0.02224,0.05372,0.156,2.24,8133.0,NE,M,6667,0.02
2639.9412,Dawson,GID,sc,31047,0.6855,40.8699,-99.8195,62100.0,0.889,0.021,0.10211318780338924,0.175,0.48094,0.05174,0.00114,0.105,9.12,24085.0,NE,C,1810,0.024
1141.8457,Deuel,LBF,pa,31049,1.01853,41.1116,-102.3339,56100.0,0.803,0.0258,0.10860588811645594,0.225,0.67619,0.04365,3e-05,0.119,1.64,1871.0,NE,M,1163,0.026
1250.1212,Dixon,FSD,ne,31051,7.19537,42.4932,-96.8678,61100.0,0.876,0.19933,0.17847902883180108,0.237,0.73448,0.05019,0.05112,0.084,4.39,5491.0,NE,C,8995,0.02
1405.1919,Dodge,OAX,ec,31053,5.01299,41.578,-96.654,68300.0,0.978,0.01921,0.19950969721228065,0.215,0.82085,0.08719,0.01118,0.098,26.46,37187.0,NE,C,7044,0.022
879.6019,Douglas,OAX,ec,31055,83.80589,41.2953,-96.1544,74400.0,1.066,0.00945,0.8727374872318693,0.422,0.30052,0.56051,0.03744,0.115,670.24,589540.0,NE,C,73716,0.026
2384.9587,Dundy,GLD,sw,31057,0.66165,40.1762,-101.6879,58400.0,0.837,0.00697,0.056311644448066425,0.233,0.33303,0.02538,4e-05,0.135,0.65,1561.0,NE,M,1578,0.017
1493.6342,Fillmore,GID,sc,31059,1.31846,40.5247,-97.5964,68500.0,0.981,0.02641,0.16548542099708097,0.219,0.85744,0.05988,0.00911,0.088,3.71,5548.0,NE,C,1969,0.019
1492.0246,Franklin,GID,sc,31061,0.42772,40.1764,-98.9527,59400.0,0.851,0.06425,0.12958573396173345,0.2,0.45697,0.04318,0.00792,0.126,1.89,2825.0,NE,C,638,0.021
2538.2182,Frontier,LBF,sw,31063,0.69379,40.5301,-100.3942,58200.0,0.834,0.02726,0.060218165392839126,0.261,0.33578,0.0277,0.00093,0.131,1.02,2585.0,NE,C,1761,0.02
1866.2374,Furnas,GID,sc,31065,0.50574,40.1765,-99.9123,54200.0,0.776,0.06463,0.09582060399659438,0.223,0.53922,0.04707,0.00091,0.12,2.44,4556.0,NE,C,944,0.019
2227.035,Gage,OAX,se,31067,3.35917,40.2619,-96.6893,64400.0,0.922,0.03288,0.14748867975237773,0.221,0.71269,0.06383,0.03716,0.103,9.71,21634.0,NE,C,7481,0.026
4483.0938,Garden,LBF,pa,31069,1.20653,41.6194,-102.3354,51700.0,0.741,0.02071,0.08767281217605286,0.207,0.12434,0.01241,0.00035,0.159,0.4,1794.0,NE,M,5409,0.02
1479.5303,Garfield,LBF,nc,31071,0.48191,41.9143,-98.9914,51500.0,0.738,0.0,0.2589954428373291,0.327,0.06143,0.01731,0.00617,0.109,1.19,1763.0,NE,C,713,0.02
1198.605,Gosper,GID,sc,31073,1.17071,40.5148,-99.8307,67700.0,0.969,0.00214,0.09732555642573831,0.288,0.47585,0.04065,7e-05,0.089,1.54,1847.0,NE,C,1403,0.022
2028.5634,Grant,LBF,wc,31075,0.62162,41.915,-101.7405,63500.0,0.909,0.0,0.035137034434293744,0.294,0.00127,0.00941,0.0001,0.103,0.28,565.0,NE,M,1261,0.015
1478.06,Greeley,GID,cc,31077,0.26272,41.5675,-98.5212,58600.0,0.839,0.0412,0.0359573133717674,0.184,0.36292,0.03126,0.00303,0.108,1.5,2219.0,NE,C,388,0.02
1430.1788,Hall,GID,sc,31079,13.54585,40.8725,-98.5022,66300.0,0.949,0.0336,0.38269515229255885,0.211,0.66619,0.10557,0.00091,0.108,43.49,62197.0,NE,C,19373,0.023
1416.0016,Hamilton,GID,sc,31081,1.42732,40.8735,-98.0233,75400.0,1.079,0.06036,0.18619805917332458,0.296,0.83715,0.06388,0.00614,0.074,6.74,9537.0,NE,C,2021,0.019
1487.1564,Harlan,GID,sc,31083,3.34117,40.1765,-99.4046,62100.0,0.889,0.0006,0.1272896363974546,0.242,0.53692,0.04678,0.0033,0.101,2.05,3045.0,NE,C,4969,0.019
1847.6729,Hayes,LBF,sw,31085,0.19588,40.5248,-101.0618,60100.0,0.861,0.23209,0.07218488683102516,0.159,0.33996,0.0249,0.0001,0.135,0.46,846.0,NE,C,362,0.016
1861.0255,Hitchcock,GLD,sw,31087,0.2542,40.1763,-101.0422,54500.0,0.78,0.0148,0.04398044364738787,0.198,0.45325,0.0342,0.00015,0.142,1.37,2552.0,NE,C,473,0.027
6261.771,Holt,LBF,nc,31089,0.31144,42.4557,-98.7838,60500.0,0.866,0.08563,0.06466930658448078,0.27,0.23185,0.02752,0.01165,0.118,1.61,10093.0,NE,C,1950,0.018
1868.6176,Hooker,LBF,wc,31091,0.34143,41.9159,-101.1353,53500.0,0.767,0.0,0.045983901352971396,0.207,0.00562,0.0094,0.00451,0.096,0.36,679.0,NE,M,638,0.025
1491.1464,Howard,GID,cc,31093,0.97957,41.22,-98.5171,69400.0,0.994,0.01985,0.10934104279387453,0.23,0.45483,0.04863,0.01059,0.101,4.38,6527.0,NE,C,1461,0.019
1490.6119,Jefferson,OAX,se,31095,3.13207,40.1757,-97.1426,59500.0,0.852,0.01007,0.31757246049751964,0.197,0.60176,0.05409,0.04596,0.11,4.73,7054.0,NE,C,4669,0.02
975.9864,Johnson,OAX,se,31097,2.1877,40.3926,-96.2649,60500.0,0.867,0.0459,0.18183262703693362,0.19,0.59732,0.05426,0.05562,0.129,5.33,5198.0,NE,C,2135,0.031
1336.8183,Kearney,GID,sc,31099,2.36512,40.5067,-98.948,74700.0,1.07,0.05282,0.21301056196682178,0.329,0.81355,0.05688,0.0004,0.079,5.06,6770.0,NE,C,3162,0.017
2874.3345,Keith,LBF,sw,31101,3.09895,41.1988,-101.6613,60600.0,0.868,0.00269,0.1759181847629919,0.213,0.30457,0.03164,0.0005,0.112,2.82,8113.0,NE,M,8907,0.018
2005.3316,Keya Paha,LBF,nc,31103,1.36334,42.8789,-99.7124,51600.0,0.739,0.0011,0.19145309968921326,0.257,0.08485,0.01961,0.05262,0.173,0.4,805.0,NE,C,2734,0.022
2466.5098,Kimball,CYS,pa,31105,1.81054,41.1977,-103.715,55800.0,0.799,0.02329,0.133263929913328,0.143,0.4287,0.02745,0.00019,0.123,1.33,3289.0,NE,M,4466,0.02
2951.7508,Knox,OAX,ne,31107,2.09858,42.6369,-97.8919,54900.0,0.786,0.01485,0.16442889173248174,0.197,0.40851,0.03972,0.06266,0.137,2.81,8298.0,NE,C,6194,0.022
2193.0279,Lancaster,OAX,se,31109,67.35111,40.7841,-96.6878,68400.0,0.979,0.05991,0.7130546911633062,0.411,0.57763,0.18321,0.03602,0.108,148.98,326716.0,NE,C,147703,0.021
6669.438,Lincoln,LBF,sw,31111,3.45898,41.0478,-100.7452,62400.0,0.894,0.10104,0.26992287068299525,0.204,0.20437,0.02966,0.00913,0.125,5.0,33365.0,NE,C,23069,0.022
1479.3752,Logan,LBF,wc,31113,0.60267,41.5665,-100.4829,68700.0,0.984,0.00673,0.24231918774586292,0.267,0.11105,0.01337,0.00112,0.092,0.44,655.0,NE,C,892,0.024
1478.9507,Loup,LBF,nc,31115,0.81294,41.9138,-99.4544,60500.0,0.866,0.00083,0.19393781806025034,0.26,0.04905,0.01438,0.00246,0.166,0.4,592.0,NE,C,1202,0.029
2227.2041,McPherson,LBF,wc,31117,0.37536,41.5681,-101.0605,52800.0,0.756,0.0,0.07514668764545841,0.244,0.02465,0.00857,0.0006,0.12,0.17,383.0,NE,C,836,0.021
1489.5082,Madison,OAX,ne,31119,4.9225,41.9167,-97.6008,63500.0,0.909,0.02511,0.17870334412596006,0.235,0.76139,0.08073,0.01106,0.116,23.92,35627.0,NE,C,7332,0.02
1281.2957,Merrick,GID,cc,31121,1.54822,41.1698,-98.0376,68800.0,0.985,0.01512,0.11981181969642808,0.176,0.67194,0.0604,0.00193,0.093,6.05,7755.0,NE,C,1984,0.02
3703.1324,Morrill,CYS,pa,31123,0.21306,41.716,-103.0105,58900.0,0.843,0.00634,0.11149801601866399,0.218,0.1821,0.02392,0.0035,0.145,1.22,4504.0,NE,M,789,0.022
1160.4617,Nance,GID,cc,31125,0.59976,41.3973,-97.9923,62900.0,0.9,0.02586,0.13859741708931475,0.184,0.5395,0.04224,0.02241,0.113,2.82,3274.0,NE,C,696,0.021
1066.8218,Nemaha,OAX,se,31127,3.57999,40.3881,-95.8486,61900.0,0.887,0.05603,0.24248257194552586,0.292,0.81775,0.05728,0.0614,0.118,6.63,7076.0,NE,C,3819,0.022
1491.9146,Nuckolls,GID,sc,31129,1.06773,40.1764,-98.0472,57300.0,0.82,0.17954,0.1455149930224104,0.266,0.61703,0.0522,0.0227,0.108,2.74,4095.0,NE,C,1593,0.02
1603.265,Otoe,OAX,se,31131,5.1248,40.6485,-96.1348,70400.0,1.009,0.06743,0.23403909807688322,0.272,0.81191,0.06856,0.04207,0.08,10.19,16335.0,NE,C,8216,0.022
1121.3378,Pawnee,OAX,se,31133,3.00835,40.1314,-96.237,55600.0,0.796,0.01334,0.30206861326296075,0.204,0.56579,0.04887,0.06784,0.137,2.24,2512.0,NE,C,3373,0.02
2290.1874,Perkins,LBF,sw,31135,0.11615,40.8509,-101.6496,67300.0,0.964,0.15414,0.051928191827497645,0.257,0.77255,0.0393,5e-05,0.093,1.22,2795.0,NE,M,266,0.017
1400.1401,Phelps,GID,sc,31137,3.0662,40.5111,-99.4145,66300.0,0.949,0.01211,0.13194170173094605,0.267,0.79962,0.05867,0.00014,0.083,6.47,9057.0,NE,C,4293,0.018
1489.8401,Pierce,OAX,ne,31139,1.43581,42.2644,-97.6013,70900.0,1.015,0.05139,0.20619625137816977,0.229,0.76744,0.05687,0.00738,0.092,4.9,7299.0,NE,C,2139,0.018
1778.0321,Platte,OAX,ne,31141,2.7651,41.5708,-97.5206,67100.0,0.961,0.00895,0.1149861609450861,0.241,0.78624,0.07369,0.0066,0.084,19.46,34609.0,NE,C,4916,0.02
1141.3628,Polk,GID,ec,31143,0.7457,41.1869,-97.5684,70800.0,1.014,0.08342,0.15387622666970957,0.186,0.79497,0.05501,0.00881,0.073,4.58,5228.0,NE,C,851,0.019
1859.7123,Red Willow,GLD,sw,31145,0.91412,40.1758,-100.4768,60100.0,0.861,0.05118,0.06550487660798933,0.26,0.50265,0.04387,0.00033,0.115,5.62,10457.0,NE,C,1700,0.019
1440.0057,Richardson,OAX,se,31147,3.5353,40.1249,-95.7167,56100.0,0.804,0.06698,0.20093336029776135,0.224,0.80953,0.0542,0.07239,0.111,5.34,7689.0,NE,C,5091,0.021
2620.5552,Rock,LBF,nc,31149,1.83173,42.4213,-99.45,55600.0,0.797,0.00125,0.18452426288412685,0.29,0.07662,0.01475,0.01245,0.137,0.49,1271.0,NE,C,4800,0.015
1491.7831,Saline,OAX,se,31151,1.90236,40.524,-97.1408,72900.0,1.045,0.05039,0.1844056279833598,0.201,0.74806,0.06299,0.03961,0.105,9.76,14555.0,NE,C,2838,0.024
640.4745,Sarpy,OAX,ec,31153,95.77876,41.1131,-96.1119,98600.0,1.412,0.00957,0.735373999396449,0.419,0.45168,0.35988,0.05181,0.049,312.09,199886.0,NE,C,61344,0.022
1968.9085,Saunders,OAX,ec,31155,3.11334,41.2265,-96.6374,86200.0,1.234,0.1155,0.25414964508391913,0.303,0.79945,0.06999,0.03044,0.065,11.92,23463.0,NE,C,6130,0.019
1930.8901,Scotts Bluff,CYS,pa,31157,12.10413,41.8506,-103.708,56900.0,0.814,0.01018,0.395328565970223,0.259,0.43789,0.08274,0.00886,0.155,18.49,35699.0,NE,M,23372,0.026
1491.1793,Seward,OAX,se,31159,4.62822,40.8723,-97.1395,77800.0,1.114,0.03391,0.2397025406244638,0.316,0.72086,0.06713,0.03435,0.069,11.85,17671.0,NE,C,6902,0.02
6397.221,Sheridan,LBF,pa,31161,0.49895,42.5048,-102.409,55400.0,0.793,0.00125,0.07864746788637338,0.217,0.11319,0.01555,0.02073,0.146,0.77,4928.0,NE,M,3192,0.02
1480.6266,Sherman,GID,cc,31163,0.6845,41.2205,-98.9763,58500.0,0.837,0.02565,0.12574310109698814,0.188,0.34514,0.04104,0.00352,0.123,2.01,2983.0,NE,C,1013,0.022
5354.0972,Sioux,CYS,pa,31165,1.16805,42.4877,-103.7589,60800.0,0.871,0.00272,0.17108148391651756,0.251,0.045,0.01712,0.02027,0.144,0.22,1154.0,NE,M,6254,0.021
1116.2432,Stanton,OAX,ne,31167,2.9732,41.9169,-97.1939,75100.0,1.075,0.03797,0.1880026771763929,0.223,0.71265,0.05286,0.01571,0.072,5.25,5856.0,NE,C,3319,0.019
1489.8121,Thayer,GID,sc,31169,0.60112,40.1763,-97.5947,61100.0,0.875,0.01563,0.12412431960776167,0.23,0.72691,0.0564,0.02375,0.093,3.24,4829.0,NE,C,896,0.018
1848.4004,Thomas,LBF,nc,31171,1.0858,41.9135,-100.5559,58800.0,0.842,0.0,0.03065713500137476,0.269,0.0106,0.01159,0.01376,0.13,0.37,677.0,NE,C,2007,0.034
1026.4309,Thurston,OAX,ne,31173,0.8087,42.1582,-96.5441,57100.0,0.818,0.06264,0.15702471085229083,0.202,0.78985,0.05305,0.08023,0.196,6.39,6557.0,NE,C,830,0.027
1477.7939,Valley,GID,cc,31175,0.38503,41.5673,-98.9819,55100.0,0.788,0.0,0.06920328795653115,0.276,0.34639,0.04031,0.00718,0.119,2.71,4012.0,NE,C,569,0.022
1019.9275,Washington,OAX,ec,31177,7.88801,41.5311,-96.2218,87400.0,1.251,0.22908,0.16243185062124155,0.365,0.75477,0.0865,0.05302,0.061,20.74,21152.0,NE,C,8045,0.021
1148.4507,Wayne,OAX,ne,31179,1.94122,42.2092,-97.1193,65700.0,0.94,0.05069,0.1637758628593206,0.294,0.87226,0.06151,0.00494,0.124,8.6,9874.0,NE,C,2229,0.02
1489.1967,Webster,GID,sc,31181,0.66862,40.1764,-98.4999,62700.0,0.898,0.00603,0.07309698180204172,0.219,0.50111,0.04981,0.01305,0.125,2.25,3351.0,NE,C,996,0.025
1490.8429,Wheeler,LBF,nc,31183,0.76668,41.9148,-98.5282,56000.0,0.801,0.0,0.062179870047600956,0.296,0.20028,0.01855,0.00146,0.128,0.52,775.0,NE,C,1143,0.017
1491.9001,York,GID,ec,31185,1.89879,40.8727,-97.5971,68400.0,0.98,0.06495,0.15644857358773104,0.239,0.86342,0.06827,0.0111,0.094,9.62,14356.0,NE,C,2833,0.022
13010.1785,Churchill,REV,wc,32001,1.06624,39.5809,-118.3356,70100.0,0.97,0.0842,0.5737993979488256,0.186,0.01581,0.00951,0.04647,0.108,1.98,25803.0,NV,P,13872,0.043
20955.3355,Clark,VEF,ss,32003,14.28023,36.2145,-115.0187,70800.0,0.979,0.00224,0.8137286917902162,0.273,0.00066,0.06082,0.04254,0.129,111.5,2336573.0,NV,P,299247,0.054
1910.6717,Douglas,REV,ww,32005,10.0034,38.9123,-119.6164,92000.0,1.271,0.02224,0.703613988430494,0.321,0.05564,0.05654,0.1937,0.082,25.93,49545.0,NV,P,19113,0.045
44556.0826,Elko,LKN,ne,32007,0.63334,41.1458,-115.3578,88800.0,1.227,0.00344,0.22324563185876356,0.175,0.01143,0.00657,0.05553,0.09,1.22,54293.0,NV,P,28219,0.038
9295.608,Esmeralda,VEF,sc,32009,1.17152,37.7847,-117.6324,57500.0,0.795,0.00239,0.4739265493159437,0.241,0.00439,0.00235,0.05497,0.148,0.08,736.0,NV,P,10890,0.04
10826.2041,Eureka,LKN,nc,32011,0.1476,39.9839,-116.2686,80300.0,1.11,0.0,0.11838306551862358,0.181,0.01638,0.00665,0.12226,0.115,0.18,1917.0,NV,P,1598,0.037
25013.8703,Humboldt,LKN,nw,32013,0.28844,41.4068,-118.112,80300.0,1.109,0.01816,0.08328464495964343,0.198,0.02026,0.00782,0.01063,0.104,0.69,17136.0,NV,P,7215,0.039
14294.1029,Lander,LKN,nc,32015,0.18163,39.9338,-117.0379,90200.0,1.247,0.0,0.07377214409372258,0.166,0.01062,0.00664,0.09603,0.115,0.4,5769.0,NV,P,2596,0.036
27550.7464,Lincoln,VEF,sc,32017,0.37265,37.6433,-114.8775,64000.0,0.884,0.0224,0.29819168173598554,0.19,0.00343,0.00433,0.15617,0.139,0.16,4452.0,NV,P,10267,0.047
5222.9455,Lyon,REV,wc,32019,1.50817,39.018,-119.189,74700.0,1.033,0.02755,0.3989398615542885,0.172,0.04941,0.02681,0.09554,0.096,11.98,62583.0,NV,P,7877,0.058
9875.7841,Mineral,REV,ww,32021,0.55542,38.5388,-118.4352,55700.0,0.77,0.0,0.1770014817475641,0.115,0.00203,0.00416,0.12488,0.173,0.46,4528.0,NV,P,5485,0.068
47030.9761,Nye,VEFLKN,sc,32023,0.5422,38.0466,-116.4732,51900.0,0.718,0.02988,0.16322936712537672,0.127,0.00211,0.00664,0.13596,0.154,1.18,55720.0,NV,P,25500,0.064
15713.7864,Pershing,REV,wc,32027,0.25729,40.4404,-118.4044,65300.0,0.903,0.00866,0.2607535350080556,0.093,0.01273,0.00681,0.01391,0.168,0.4,6364.0,NV,P,4043,0.047
683.2318,Storey,REV,ww,32029,4.71663,39.4466,-119.5291,90200.0,1.246,0.14647,0.968141592920354,0.316,0.00069,0.0367,0.08136,0.074,6.11,4177.0,NV,P,3223,0.043
16968.2804,Washoe,REV,ww,32031,8.89941,40.6639,-119.6637,80200.0,1.109,0.01204,0.4393804521986826,0.332,0.00268,0.02983,0.02719,0.099,29.35,498022.0,NV,P,151008,0.041
23042.1347,White Pine,LKN,ne,32033,0.39629,39.4422,-114.9016,67600.0,0.935,0.0023,0.1788149713326457,0.142,0.00936,0.00546,0.27133,0.121,0.37,8522.0,NV,P,9131,0.034
403.0118,Carson City,REV,ww,32510,40.75587,39.1507,-119.7465,62900.0,0.869,0.00201,0.812051649928264,0.245,0.00778,0.13949,0.24639,0.104,144.01,58036.0,NV,P,16425,0.045
1213.6851,Belknap,GYX,cc,33001,28.28633,43.5188,-71.4233,77500.0,0.854,0.01031,0.8297387448981707,0.326,0.03576,0.10986,0.60164,0.08,53.58,65027.0,NH,E,34331,0.021
2569.7855,Carroll,GYX,nn,33003,30.45922,43.8739,-71.2028,72000.0,0.793,0.01734,0.8668807994289793,0.388,0.01571,0.06598,0.76437,0.088,20.41,52448.0,NH,E,78274,0.023
1888.2735,Cheshire,GYX,ss,33005,55.61298,42.9193,-72.2512,76200.0,0.84,0.04381,0.9715545304935912,0.353,0.03955,0.07296,0.74375,0.09,41.15,77703.0,NH,E,105013,0.023
4741.4532,Coos,GYX,nn,33007,15.73162,44.6893,-71.3057,52300.0,0.576,0.03,0.7211372882959598,0.202,0.02004,0.02834,0.81735,0.135,6.62,31372.0,NH,E,74591,0.026
4530.9942,Grafton,GYX,nn,33009,30.63835,43.9409,-71.8205,81200.0,0.895,0.06824,0.8563076411617362,0.448,0.03464,0.05166,0.82867,0.094,20.56,93146.0,NH,E,138822,0.019
2310.8032,Hillsborough,GYX,ss,33011,60.06255,42.9153,-71.716,96400.0,1.062,0.05267,0.9490394629654453,0.406,0.0378,0.20617,0.61463,0.065,184.94,427354.0,NH,E,138793,0.023
2477.3484,Merrimack,GYX,cc,33013,42.92679,43.2977,-71.6802,84900.0,0.936,0.13066,0.8331508848750228,0.381,0.04382,0.10824,0.68782,0.077,63.42,157103.0,NH,E,106345,0.019
1882.423,Rockingham,GYX,ss,33015,114.39979,42.9877,-71.1251,107000.0,1.184,0.04307,0.9465233783887763,0.448,0.03729,0.25465,0.46953,0.054,170.36,320689.0,NH,E,215349,0.023
994.4887,Strafford,GYX,cc,33017,115.87875,43.2975,-71.0293,82800.0,0.913,0.0526,0.9075001281635025,0.385,0.05297,0.16555,0.58722,0.093,133.98,133243.0,NH,E,115240,0.021
1429.6257,Sullivan,GYX,cc,33019,24.59528,43.3612,-72.2223,74700.0,0.823,0.11345,0.8811244775853966,0.305,0.04955,0.0723,0.76108,0.091,30.76,43969.0,NH,E,35162,0.019
1461.7423,Atlantic,PHI,ss,34001,205.92059,39.4825,-74.6766,76100.0,0.79,0.00357,0.8946389704794708,0.312,0.05845,0.20284,0.30602,0.119,188.28,275213.0,NJ,E,301003,0.059
641.0879,Bergen,OKX,ne,34003,307.37536,40.9599,-74.0743,114000.0,1.182,0.00035,1.0,0.526,0.00062,0.76311,0.09762,0.066,1493.92,957736.0,NJ,E,197055,0.039
2123.8635,Burlington,PHI,ss,34005,86.73174,39.8774,-74.6679,100000.0,1.04,0.16294,0.9259855248172232,0.42,0.11538,0.22967,0.28608,0.068,220.9,469167.0,NJ,E,184206,0.039
589.4287,Camden,PHI,ss,34007,105.55939,39.8038,-74.9599,81400.0,0.845,0.00172,0.9286380597014925,0.353,0.04885,0.57355,0.17848,0.123,894.42,527196.0,NJ,E,62220,0.048
664.7187,Cape May,PHI,ss,34009,1170.51923,39.1519,-74.8072,80800.0,0.839,0.01958,0.9921777221526908,0.374,0.02596,0.23545,0.13947,0.094,142.33,94610.0,NJ,E,778066,0.076
1285.8882,Cumberland,PHI,ss,34011,35.71439,39.3736,-75.1099,60900.0,0.632,0.02099,0.7394600728244946,0.179,0.18002,0.17415,0.22944,0.17,118.46,152326.0,NJ,E,45925,0.065
335.7526,Essex,OKX,ne,34013,248.40484,40.7872,-74.2471,74700.0,0.776,7e-05,1.0,0.379,0.00035,0.83295,0.05819,0.142,2534.95,851117.0,NJ,E,83403,0.055
874.0951,Gloucester,PHI,ss,34015,92.98275,39.7173,-75.1419,97900.0,1.016,0.02505,0.9466228846775828,0.358,0.18758,0.38812,0.17145,0.084,352.85,308423.0,NJ,E,81276,0.043
143.6233,Hudson,OKX,ne,34017,365.9479,40.7368,-74.0784,82400.0,0.855,0.0,1.0,0.479,0.0003,0.74694,0.00251,0.152,4911.96,705472.0,NJ,E,52559,0.044
1133.5674,Hunterdon,PHI,nw,34019,147.36877,40.5672,-74.9123,137000.0,1.425,0.10715,0.9612499683456153,0.565,0.31355,0.20755,0.4003,0.048,114.84,130183.0,NJ,E,167052,0.035
592.4537,Mercer,PHI,cc,34021,324.41157,40.2833,-74.7014,94800.0,0.984,0.08429,0.9870330348873108,0.449,0.16252,0.50835,0.17017,0.106,644.22,381671.0,NJ,E,192199,0.039
822.6554,Middlesex,PHI,nn,34023,133.26308,40.4394,-74.4113,102000.0,1.059,0.0595,0.9895847608606276,0.451,0.05592,0.66447,0.0604,0.086,1049.8,863623.0,NJ,E,109630,0.041
1231.1201,Monmouth,PHI,cc,34025,191.6572,40.259,-74.2257,118000.0,1.222,0.06543,0.9514855612541371,0.506,0.11562,0.53965,0.14887,0.067,522.13,642799.0,NJ,E,235953,0.038
1246.3807,Morris,PHI,nn,34027,112.67279,40.8621,-74.5445,132000.0,1.366,0.02681,0.9799626113944497,0.572,0.03976,0.39705,0.37294,0.048,412.73,514423.0,NJ,E,140433,0.037
1660.0052,Ocean,PHI,ss,34029,155.30056,39.9092,-74.2988,81200.0,0.842,0.01196,0.9544846766860994,0.337,0.01014,0.31494,0.33327,0.1,397.11,659197.0,NJ,E,257800,0.042
510.4119,Passaic,OKX,ne,34031,159.00742,41.0337,-74.3003,78800.0,0.818,0.00075,0.9950298210735586,0.303,0.00177,0.40952,0.43557,0.139,1005.84,513395.0,NJ,E,81159,0.055
879.7537,Salem,PHI,ss,34033,28.05472,39.5873,-75.3459,76000.0,0.789,0.07151,0.7940241974613013,0.24,0.39247,0.14559,0.1106,0.106,74.27,65338.0,NJ,E,24681,0.055
790.0809,Somerset,PHI,nn,34035,188.48553,40.5637,-74.6164,135000.0,1.399,0.06214,0.9894063344612953,0.574,0.15729,0.47356,0.24515,0.055,441.53,348842.0,NJ,E,148919,0.038
1388.1916,Sussex,PHI,nw,34037,65.42534,41.1395,-74.6902,111000.0,1.155,0.18705,0.9596394829426415,0.4,0.1149,0.15554,0.56321,0.054,105.27,146132.0,NJ,E,90823,0.043
273.1173,Union,OKX,ne,34039,204.90469,40.66,-74.3086,96500.0,1.001,0.0,1.0,0.386,0.0007,0.8944,0.04303,0.089,2097.0,572726.0,NJ,E,55963,0.047
939.2883,Warren,PHI,nw,34041,83.16448,40.8574,-74.997,97700.0,1.014,0.07843,0.9172884364685323,0.364,0.24178,0.16964,0.48396,0.083,118.44,111252.0,NJ,E,78115,0.04
3026.2518,Bernalillo,ABQ,cc,35001,117.35882,35.0515,-106.6702,65000.0,1.087,0.21594,0.9640595470972448,0.374,0.00897,0.18132,0.18705,0.135,221.92,671586.0,NM,M,355157,0.035
17946.3214,Catron,ABQ,wc,35003,0.97619,33.9153,-108.4047,44200.0,0.739,0.00023,0.597709049255441,0.207,0.00022,0.00796,0.45394,0.186,0.21,3825.0,NM,M,17519,0.049
15734.1854,Chaves,ABQ,se,35005,1.73588,33.3632,-104.467,47900.0,0.8,0.00509,0.3594176684940627,0.182,0.01946,0.01509,0.01303,0.201,4.04,63561.0,NM,M,27313,0.038
11763.012,Cibola,ABQ,wc,35006,1.01392,34.9126,-107.9997,45700.0,0.763,0.00411,0.45503058701028243,0.188,0.00059,0.0097,0.30485,0.237,2.28,26780.0,NM,M,11927,0.052
9759.2862,Colfax,ABQ,ne,35007,3.0316,36.6061,-104.6468,50000.0,0.835,0.09437,0.2634533406491369,0.24,0.00218,0.01406,0.30053,0.178,1.26,12255.0,NM,M,29586,0.034
3645.7724,Curry,ABQ,ec,35009,1.58987,34.5741,-103.3468,52500.0,0.877,0.02243,0.16828308641794365,0.213,0.37069,0.0543,0.00101,0.189,12.95,47222.0,NM,M,5796,0.029
6044.9317,De Baca,ABQ,ec,35011,1.51317,34.3424,-104.412,45200.0,0.755,0.05674,0.5771688636310043,0.083,0.00632,0.0067,2e-05,0.18,0.27,1657.0,NM,M,9147,0.033
9879.6122,Dona Ana,EPZ,sc,35013,8.92855,32.3527,-106.8328,52000.0,0.869,0.09061,0.661029035699151,0.314,0.03118,0.04068,0.01081,0.198,22.8,225210.0,NM,M,88211,0.043
10871.6896,Eddy,MAF,se,35015,3.34979,32.4715,-104.3043,65100.0,1.087,0.29543,0.34017164468580297,0.198,0.01702,0.03354,0.02601,0.165,5.54,60275.0,NM,M,36418,0.026
10275.2269,Grant,EPZ,sw,35017,5.96816,32.739,-108.3822,47100.0,0.787,0.00243,0.6510831586303284,0.288,0.00125,0.01261,0.27761,0.199,2.67,27472.0,NM,M,61324,0.035
7851.5859,Guadalupe,ABQ,ec,35019,1.18832,34.8633,-104.7907,43900.0,0.733,0.0,0.262398097826087,0.155,0.00067,0.00883,0.00626,0.249,0.55,4292.0,NM,M,9330,0.04
5506.0446,Harding,ABQ,ne,35021,0.29419,35.858,-103.8199,45200.0,0.756,0.0,0.24110671936758896,0.303,0.00141,0.01163,0.02182,0.151,0.11,624.0,NM,M,1620,0.037
8924.7919,Hidalgo,EPZ,sw,35023,3.13217,31.9142,-108.7148,43600.0,0.729,0.00232,0.3863487574305392,0.178,0.0077,0.00678,0.01867,0.24,0.44,3965.0,NM,M,27954,0.033
11380.4609,Lea,MAF,se,35025,0.69019,32.7922,-103.4124,59200.0,0.989,0.00089,0.07013401512488804,0.153,0.0279,0.0374,4e-05,0.17,6.34,72101.0,NM,M,7855,0.035
12513.4911,Lincoln,ABQ,cc,35027,1.14762,33.7453,-105.4592,54300.0,0.908,0.00223,0.7721351119432093,0.288,0.00092,0.01105,0.18803,0.162,1.6,20029.0,NM,M,14361,0.032
283.19,Los Alamos,ABQ,nc,35028,304.9625,35.8693,-106.3072,139000.0,2.326,0.00255,0.9463519313304721,0.682,0.00148,0.10816,0.26962,0.038,68.66,19444.0,NM,M,86362,0.019
7678.5445,Luna,EPZ,sw,35029,1.86956,32.1822,-107.7497,38800.0,0.648,0.00474,0.26486138679972565,0.147,0.01938,0.01524,0.00377,0.264,3.3,25316.0,NM,M,14355,0.1
14129.198,McKinley,ABQ,wc,35031,0.86275,35.5806,-108.2619,43700.0,0.731,0.0041,0.5127261085320954,0.125,0.0004,0.01024,0.18752,0.343,4.87,68797.0,NM,M,12190,0.052
5007.4397,Mora,ABQ,ne,35033,1.28358,36.0099,-104.9446,45200.0,0.755,0.01276,0.5822965003420162,0.254,0.00973,0.01185,0.21967,0.209,0.82,4123.0,NM,M,6427,0.05
17165.4486,Otero,EPZ,sc,35035,1.59746,32.6132,-105.7417,52800.0,0.882,0.00088,0.49863943174188075,0.216,0.00148,0.01261,0.21507,0.194,4.01,68835.0,NM,M,27421,0.04
7463.8408,Quay,ABQ,ec,35037,0.7723,35.1043,-103.5497,39900.0,0.667,0.00104,0.09066528503992027,0.204,0.06075,0.01601,0.01084,0.228,1.14,8510.0,NM,M,5764,0.042
15271.9218,Rio Arriba,ABQ,nc,35039,1.72132,36.5096,-106.6931,56400.0,0.942,0.12523,0.7360092160310435,0.188,0.0068,0.01382,0.42162,0.185,2.61,39876.0,NM,M,26288,0.034
6358.2412,Roosevelt,ABQ,ec,35041,1.57973,34.0213,-103.4802,47900.0,0.8,0.00149,0.14269725448829493,0.213,0.13627,0.02481,0.00012,0.193,2.95,18787.0,NM,M,10044,0.036
9620.582,Sandoval,ABQ,nc,35043,7.4483,35.6887,-106.8659,82900.0,1.385,0.13306,0.7257430606730533,0.334,0.00457,0.02264,0.19281,0.117,16.21,155936.0,NM,M,71657,0.036
14345.1573,San Juan,ABQ,nw,35045,0.99163,36.5085,-108.3206,51900.0,0.867,0.07585,0.3543548510216025,0.166,0.02958,0.01812,0.06442,0.199,8.41,120675.0,NM,M,14225,0.042
12265.5474,San Miguel,ABQ,ne,35047,2.30525,35.4803,-104.8159,47700.0,0.797,0.01553,0.7185211245082676,0.262,0.00229,0.01006,0.19236,0.247,2.17,26668.0,NM,M,28275,0.046
4948.7265,Santa Fe,ABQ,nc,35049,34.46818,35.5068,-105.9761,72800.0,1.217,0.0511,0.815923960351557,0.442,0.01295,0.05309,0.25974,0.122,31.51,155956.0,NM,M,170574,0.034
10970.8928,Sierra,EPZ,sc,35051,6.22086,33.1305,-107.1925,40400.0,0.675,0.02903,0.6293575063613231,0.163,0.00257,0.00878,0.11397,0.235,1.05,11488.0,NM,M,68248,0.06
17220.0668,Socorro,ABQ,cc,35053,8.69787,34.0072,-106.9303,42300.0,0.707,0.02231,0.7270286256137749,0.21,0.00557,0.01095,0.11091,0.252,0.93,15963.0,NM,M,149778,0.042
5709.8528,Taos,ABQ,nc,35055,9.02735,36.5783,-105.6309,48500.0,0.81,0.0214,0.7947401182695301,0.371,0.00912,0.01623,0.46368,0.185,6.03,34405.0,NM,M,51545,0.044
8665.6825,Torrance,ABQ,cc,35057,1.73909,34.6405,-105.8508,48300.0,0.807,0.01539,0.34906645569620254,0.149,0.01313,0.01836,0.10522,0.23,1.8,15633.0,NM,M,15070,0.051
9922.139,Union,ABQ,ne,35059,0.7303,36.4818,-103.471,48500.0,0.811,0.00428,0.1572847017064647,0.181,0.02486,0.0142,0.04539,0.184,0.4,3964.0,NM,M,7246,0.031
2766.6048,Valencia,ABQ,cc,35061,6.77631,34.7154,-106.8091,53300.0,0.89,0.19059,0.8855089364728844,0.208,0.03934,0.0535,0.01333,0.173,28.61,79141.0,NM,M,18747,0.041
1380.9602,Albany,ALY,ec,36001,98.97062,42.6002,-73.9735,77000.0,0.969,0.12749,0.7880963589255068,0.452,0.17576,0.25555,0.47119,0.129,229.3,316659.0,NY,E,136674,0.033
2679.3496,Allegany,BUF,ww,36003,13.07195,42.2574,-78.0276,55500.0,0.698,0.1461,0.5601444592828732,0.246,0.23401,0.07476,0.66701,0.15,17.41,46651.0,NY,E,35024,0.043
123.0708,Bronx,OKX,se,36005,637.21162,40.8497,-73.8673,45900.0,0.577,0.06628,1.0,0.22,0.00079,0.81638,0.03048,0.277,11021.92,1356476.0,NY,E,78422,0.068
1853.1867,Broome,BGM,cc,36007,53.1003,42.1602,-75.8196,60500.0,0.762,0.04309,0.7422067202968609,0.306,0.21363,0.15145,0.59757,0.168,105.81,196077.0,NY,E,98405,0.039
3424.6763,Cattaraugus,BUF,ww,36009,10.80933,42.2486,-78.6789,52400.0,0.659,0.08793,0.6642065805059025,0.207,0.20474,0.07375,0.67351,0.186,22.08,75600.0,NY,E,37018,0.043
1901.5828,Cayuga,BUFBGM,cc,36011,32.92139,42.9169,-76.5543,64100.0,0.807,0.06686,0.7470833970652211,0.239,0.47666,0.1012,0.25823,0.133,39.17,74485.0,NY,E,62603,0.036
2810.0539,Chautauqua,BUF,ww,36013,34.56359,42.2282,-79.3664,55600.0,0.7,0.11197,0.7017752234579159,0.251,0.29613,0.11353,0.50248,0.167,44.44,124891.0,NY,E,97126,0.043
1063.8868,Chemung,BGM,cc,36015,48.07679,42.1413,-76.76,56700.0,0.713,0.09297,0.8086186861446056,0.269,0.22421,0.14294,0.60522,0.169,76.44,81325.0,NY,E,51148,0.04
2327.5719,Chenango,BGM,cc,36017,11.85536,42.4936,-75.6115,60800.0,0.765,0.1002,0.6970773185229384,0.192,0.26954,0.07354,0.60073,0.143,19.73,45920.0,NY,E,27594,0.035
2894.4347,Clinton,BTV,nn,36019,7.26094,44.7462,-73.6781,65300.0,0.821,0.08879,0.5534683574052202,0.268,0.1535,0.07214,0.56081,0.137,26.99,78115.0,NY,E,21016,0.035
1679.0973,Columbia,ALY,ec,36021,52.04935,42.2501,-73.6318,83500.0,1.051,0.28716,0.9369094315018164,0.381,0.25902,0.1022,0.54196,0.137,36.01,60470.0,NY,E,87396,0.03
1298.9518,Cortland,BGM,cc,36023,18.92489,42.595,-76.0702,58300.0,0.733,0.13266,0.7230203682772418,0.283,0.33064,0.08709,0.54076,0.16,35.22,45752.0,NY,E,24583,0.042
3802.2557,Delaware,BGM,cc,36025,10.6271,42.1982,-74.9664,61400.0,0.773,0.11026,0.6341207123463084,0.267,0.15971,0.0599,0.74857,0.163,11.68,44410.0,NY,E,40407,0.04
2137.7368,Dutchess,ALY,ec,36027,97.19991,41.7652,-73.7428,90700.0,1.142,0.08269,0.9489306143683609,0.397,0.16821,0.1919,0.52627,0.08,139.0,297150.0,NY,E,207788,0.033
2709.4927,Erie,BUF,ww,36029,106.27377,42.7621,-78.7308,69900.0,0.88,0.04992,0.8638392449780351,0.369,0.25479,0.32252,0.30581,0.141,349.2,946147.0,NY,E,287948,0.038
4963.5532,Essex,BTV,nn,36031,15.23499,44.1172,-73.7727,62400.0,0.785,0.03209,0.9192057417354669,0.313,0.03193,0.0318,0.79248,0.13,7.41,36775.0,NY,E,75620,0.038
4396.0211,Franklin,BTV,nn,36033,11.04761,44.5929,-74.3038,59200.0,0.745,0.02813,0.514336400642812,0.238,0.0944,0.03731,0.64945,0.146,10.58,46502.0,NY,E,48566,0.038
1380.3355,Fulton,ALY,ee,36035,10.25716,43.1139,-74.4222,61500.0,0.774,0.02839,0.8218844754874459,0.212,0.10361,0.07425,0.61414,0.14,37.84,52234.0,NY,E,14158,0.044
1283.2481,Genesee,BUF,ww,36037,37.66857,43.001,-78.1936,69000.0,0.868,0.05058,0.6846795914135017,0.236,0.53111,0.11023,0.15203,0.104,44.83,57529.0,NY,E,48338,0.033
1704.6434,Greene,ALY,ec,36039,27.59094,42.2766,-74.1227,71400.0,0.899,0.07733,0.8447129844691578,0.289,0.09865,0.08478,0.75105,0.135,27.61,47062.0,NY,E,47033,0.038
4681.7851,Hamilton,ALY,ee,36041,7.79137,43.6611,-74.4974,62100.0,0.782,0.00044,0.7596594629993452,0.269,0.00029,0.01,0.82703,0.106,1.09,5082.0,NY,E,36478,0.05
3777.3091,Herkimer,ALY,ee,36043,10.98249,43.4196,-74.9626,62200.0,0.783,0.24091,0.6799149436415186,0.226,0.15151,0.04353,0.65712,0.141,15.75,59484.0,NY,E,41484,0.041
3319.457,Jefferson,BUF,cc,36045,19.05897,44.0409,-75.9102,58800.0,0.74,0.13026,0.6453145804757584,0.257,0.37844,0.09945,0.35841,0.133,34.58,114787.0,NY,E,63265,0.044
183.4913,Kings,OKX,se,36047,2856.06221,40.6447,-73.9472,73200.0,0.922,8e-05,1.0,0.413,9e-05,0.91392,0.01006,0.191,13958.29,2561225.0,NY,E,524063,0.055
3340.5406,Lewis,BUF,cc,36049,4.40843,43.7847,-75.4488,64500.0,0.811,0.09235,0.5486487158714592,0.194,0.15159,0.03904,0.60053,0.11,7.95,26548.0,NY,E,14727,0.044
1658.5361,Livingston,BUF,ww,36051,36.5874,42.728,-77.7754,75100.0,0.945,0.28783,0.7673600458596294,0.306,0.51098,0.10299,0.32566,0.113,36.87,61158.0,NY,E,60682,0.035
1713.1673,Madison,BGM,cc,36053,24.06787,42.9129,-75.6697,69900.0,0.879,0.2264,0.7072883869511201,0.28,0.38866,0.10057,0.40567,0.11,39.06,66921.0,NY,E,41232,0.037
1725.6788,Monroe,BUF,ww,36055,243.68578,43.1464,-77.6958,68200.0,0.858,0.12248,0.8869693080085138,0.412,0.32079,0.4085,0.15132,0.131,433.73,748482.0,NY,E,420523,0.037
1062.7036,Montgomery,ALY,ee,36057,26.26243,42.9023,-74.4397,58200.0,0.732,0.17511,0.7723765253528437,0.205,0.51196,0.1112,0.29362,0.158,46.46,49368.0,NY,E,27909,0.046
751.6565,Nassau,OKX,se,36059,329.39396,40.7411,-73.5885,136000.0,1.706,0.00217,1.0,0.487,0.00272,0.83704,0.05837,0.058,1838.23,1381715.0,NY,E,247591,0.031
81.8222,New York (Manhattan),OKX,se,36061,6825.89511,40.7786,-73.9671,95500.0,1.202,0.0,0.0,0.64,0.0,0.71254,0.00505,0.165,19523.44,1597451.0,NY,E,558510,0.046
1365.4035,Niagara,BUF,ww,36063,44.15261,43.2011,-78.7427,63600.0,0.8,0.11371,0.8662634734409592,0.272,0.48948,0.20849,0.12992,0.138,153.4,209457.0,NY,E,60286,0.041
3256.0314,Oneida,BGM,cc,36065,19.38576,43.2418,-75.4359,63900.0,0.804,0.15372,0.6761063209797261,0.278,0.26359,0.12228,0.44337,0.157,69.89,227555.0,NY,E,63121,0.037
2086.6674,Onondaga,BGM,cc,36067,85.02651,43.0058,-76.1946,70900.0,0.893,0.12521,0.8669018633399906,0.381,0.30503,0.26052,0.29731,0.136,224.22,467873.0,NY,E,177422,0.035
1715.6623,Ontario,BUF,ww,36069,54.38073,42.8529,-77.2998,76600.0,0.964,0.12698,0.8133690213699422,0.372,0.46492,0.1379,0.30179,0.082,65.57,112494.0,NY,E,93299,0.033
2170.4814,Orange,OKX,se,36071,70.34393,41.4022,-74.3056,88500.0,1.114,0.1322,0.9204139525110319,0.322,0.14996,0.21368,0.50525,0.127,187.73,407470.0,NY,E,152680,0.034
1018.2643,Orleans,BUF,ww,36073,34.0485,43.2522,-78.2312,62900.0,0.792,0.1471,0.8060185079748269,0.175,0.58224,0.09756,0.14107,0.117,38.42,39124.0,NY,E,34670,0.04
2628.4651,Oswego,BUF,cc,36075,39.37937,43.4261,-76.1412,59300.0,0.747,0.28161,0.7567338886651674,0.219,0.15136,0.09769,0.51248,0.149,44.95,118162.0,NY,E,103507,0.043
2629.1484,Otsego,BGM,cc,36077,17.66754,42.6338,-75.0326,69000.0,0.868,0.20279,0.6247484292165718,0.339,0.27893,0.08014,0.54579,0.142,22.87,60126.0,NY,E,46451,0.038
637.8169,Putnam,OKX,se,36079,70.95962,41.4267,-73.7495,112000.0,1.412,0.00555,0.93675409133138,0.435,0.01975,0.20606,0.6517,0.073,153.74,98060.0,NY,E,45259,0.031
298.2129,Queens,OKX,se,36081,728.02819,40.7104,-73.8191,80200.0,1.009,0.0,1.0,0.353,8e-05,0.87298,0.01274,0.138,7552.31,2252196.0,NY,E,217107,0.046
1723.4944,Rensselaer,ALY,ec,36083,48.69316,42.7111,-73.5097,80000.0,1.007,0.06431,0.9208069191156316,0.373,0.17906,0.13339,0.59724,0.124,92.43,159305.0,NY,E,83922,0.033
161.4495,Richmond,OKX,se,36085,739.41691,40.5811,-74.1554,91600.0,1.153,0.05261,1.0,0.358,0.00897,0.72193,0.06678,0.131,3039.26,490687.0,NY,E,119378,0.049
516.3016,Rockland,OKX,se,36087,195.33174,41.1529,-74.0241,99800.0,1.256,0.00096,1.0,0.421,0.00243,0.46343,0.34996,0.152,660.09,340807.0,NY,E,100850,0.031
7170.0497,St. Lawrence,BTV,nn,36089,10.8494,44.4921,-75.0625,59500.0,0.748,0.05581,0.6442270878521825,0.246,0.16361,0.05045,0.54116,0.19,14.91,106940.0,NY,E,77791,0.044
2184.9451,Saratoga,ALY,ec,36091,65.75599,43.1074,-73.8639,93300.0,1.175,0.09073,0.8795723632160818,0.438,0.11974,0.16683,0.50903,0.072,109.25,238711.0,NY,E,143673,0.029
542.8506,Schenectady,ALY,ec,36093,44.20395,42.8182,-74.0585,74200.0,0.934,0.06668,0.7797006032072973,0.351,0.18026,0.2899,0.43587,0.14,294.56,159902.0,NY,E,23996,0.035
1622.2362,Schoharie,ALY,ec,36095,11.41037,42.5882,-74.4421,68000.0,0.855,0.09562,0.7290725864968457,0.25,0.25989,0.07419,0.60835,0.135,18.56,30105.0,NY,E,18510,0.042
886.4239,Schuyler,BGM,cc,36097,32.85156,42.3938,-76.8752,63200.0,0.796,0.15906,0.7984672881632757,0.254,0.3169,0.08365,0.51731,0.133,19.75,17507.0,NY,E,29120,0.039
1011.4076,Seneca,BGM,cc,36099,128.43173,42.781,-76.8237,65400.0,0.822,0.12884,0.8760221081523363,0.241,0.49706,0.10686,0.13968,0.141,31.98,32349.0,NY,E,129897,0.035
3636.5309,Steuben,BGM,cc,36101,10.84577,42.2678,-77.3838,60600.0,0.762,0.14406,0.419560905727151,0.26,0.33779,0.09015,0.53618,0.142,25.34,92162.0,NY,E,39441,0.04
2417.3539,Suffolk,OKX,se,36103,219.87086,40.878,-72.8573,119000.0,1.501,0.03468,0.9892630132279677,0.399,0.05201,0.62287,0.1938,0.07,630.1,1523170.0,NY,E,531506,0.034
2581.566,Sullivan,BGM,cc,36105,31.61102,41.7164,-74.7681,63700.0,0.802,0.03975,0.7367315655814592,0.297,0.07617,0.09444,0.75181,0.145,30.96,79920.0,NY,E,81606,0.033
1354.1913,Tioga,BGM,cc,36107,38.28131,42.1703,-76.3063,76200.0,0.959,0.20806,0.7963344027073965,0.256,0.29821,0.09558,0.57069,0.133,35.24,47715.0,NY,E,51840,0.034
1273.4572,Tompkins,BGM,cc,36109,407.65879,42.452,-76.4737,72000.0,0.906,0.14767,0.9759865999831636,0.592,0.32724,0.12043,0.46635,0.157,81.32,103558.0,NY,E,519136,0.031
3006.4086,Ulster,ALY,ec,36111,59.36367,41.8881,-74.2585,79300.0,0.998,0.23825,0.9338461416209085,0.371,0.07536,0.10147,0.72109,0.127,60.65,182333.0,NY,E,178471,0.034
2413.0829,Warren,ALY,ec,36113,13.41957,43.561,-73.846,69800.0,0.879,0.00414,0.8275790241108161,0.346,0.00715,0.06726,0.77474,0.105,27.09,65380.0,NY,E,32383,0.037
2190.8138,Washington,ALY,ec,36115,17.05318,43.3137,-73.4307,67000.0,0.843,0.22545,0.7854427441589248,0.212,0.29035,0.07593,0.54259,0.115,27.41,60047.0,NY,E,37360,0.034
1586.0041,Wayne,BUF,ww,36117,51.20664,43.1566,-77.0292,70900.0,0.892,0.34187,0.7649089961194621,0.255,0.44213,0.129,0.25565,0.11,57.27,90829.0,NY,E,81214,0.034
1231.1737,Westchester,OKX,se,36119,271.8377,41.1631,-73.7561,108000.0,1.36,0.01658,1.0,0.525,0.01928,0.4845,0.37086,0.093,804.77,990817.0,NY,E,334679,0.034
1544.5693,Wyoming,BUF,ww,36121,24.73355,42.7023,-78.2245,65500.0,0.825,0.47696,0.6641673763918952,0.182,0.47735,0.08241,0.35701,0.106,25.59,39532.0,NY,E,38203,0.039
973.0566,Yates,BGM,cc,36123,25.04521,42.6335,-77.1055,62600.0,0.788,0.31009,0.69751537126194,0.25,0.43286,0.09333,0.33489,0.123,25.15,24472.0,NY,E,24370,0.032
1126.0336,Alamance,RAH,cc,37001,34.72467,36.044,-79.3995,61000.0,0.904,0.06374,0.8931934629224781,0.277,0.28318,0.23178,0.43235,0.125,159.11,179165.0,NC,E,39101,0.034
681.6968,Alexander,GSP,pd,37003,5.06694,35.9211,-81.1772,67700.0,1.003,0.06051,0.4528358449368221,0.154,0.29526,0.14165,0.51267,0.124,53.5,36473.0,NC,E,3454,0.032
609.9121,Alleghany,RNK,nw,37005,9.24204,36.4915,-81.1286,49500.0,0.734,0.14317,0.6498415867366867,0.228,0.30601,0.09923,0.55035,0.163,18.6,11342.0,NC,E,5637,0.045
1391.1391,Anson,RAH,cc,37007,7.58579,34.9738,-80.1027,48300.0,0.715,0.10556,0.6428997428635678,0.109,0.19847,0.07967,0.52024,0.241,15.74,21897.0,NC,E,10553,0.04
1105.5029,Ashe,RNK,nw,37009,17.22225,36.4346,-81.501,54400.0,0.805,0.08476,0.8093525497715766,0.224,0.18417,0.08227,0.70165,0.153,24.48,27063.0,NC,E,19039,0.03
640.2059,Avery,GSP,ww,37011,41.95488,36.0766,-81.9224,53900.0,0.798,0.12431,0.968255083872177,0.219,0.05999,0.10462,0.81645,0.159,27.43,17561.0,NC,E,26860,0.03
2156.0794,Beaufort,MHX,ee,37013,10.70933,35.4947,-76.8631,54400.0,0.806,0.01282,0.3885538154732322,0.206,0.26642,0.06846,0.27974,0.193,20.63,44481.0,NC,E,23090,0.04
1833.7534,Bertie,AKQ,ne,37015,1.69295,36.09295,-76.85185,44400.0,0.658,0.04732,0.405334826398722,0.178,0.11359,0.00183,0.00037,0.243,9.23,16922.0,NC,E,152,0.044
2297.484,Bladen,ILM,se,37017,3.71702,34.6143,-78.5632,46000.0,0.681,0.10972,0.45921186563908684,0.206,0.19126,0.06639,0.28224,0.193,12.83,29484.0,NC,E,8540,0.042
2233.827,Brunswick,ILM,se,37019,40.89047,34.019,-78.152,73500.0,1.089,0.00191,0.7395655558549658,0.332,0.02692,0.16429,0.26495,0.103,71.61,159964.0,NC,E,182684,0.042
1708.981,Buncombe,GSP,ww,37021,146.56908,35.6112,-82.5302,67900.0,1.006,0.03645,0.9724002597622611,0.446,0.11192,0.23436,0.64308,0.129,161.44,275901.0,NC,E,250484,0.027
1333.2332,Burke,GSP,ww,37023,9.37635,35.7495,-81.7045,60600.0,0.898,0.10343,0.6847869261760199,0.202,0.10711,0.15023,0.69185,0.159,66.26,88338.0,NC,E,12501,0.033
945.1359,Cabarrus,GSP,pd,37025,18.88019,35.3868,-80.5519,79600.0,1.18,0.1586,0.8223380006512536,0.377,0.26298,0.30911,0.37448,0.091,253.95,240016.0,NC,E,17844,0.032
1228.5123,Caldwell,GSP,ww,37027,7.91665,35.953,-81.5465,53600.0,0.794,0.01162,0.5967014776220736,0.186,0.09602,0.15191,0.72475,0.136,65.59,80574.0,NC,E,9726,0.034
623.3535,Camden,AKQ,ne,37029,0.44708,36.30705,-76.1189,82600.0,1.224,0.00269,0.43538473117740034,0.258,0.1727,0.00056,1e-05,0.08,17.87,11137.0,NC,E,76,0.033
1328.3615,Carteret,MHX,ee,37031,61.91108,34.8306,-76.6707,67800.0,1.004,0.01177,0.33496182378890427,0.323,0.15005,0.11712,0.14767,0.106,52.41,69615.0,NC,E,82240,0.032
1109.5878,Caswell,RNK,nc,37033,5.78912,36.3934,-79.3337,54200.0,0.803,0.39433,0.4757974365649358,0.16,0.21201,0.07329,0.62389,0.165,20.55,22807.0,NC,E,6424,0.036
1071.0378,Catawba,GSP,pd,37035,20.55413,35.6626,-81.2144,63900.0,0.947,0.23571,0.6941299741945167,0.249,0.29187,0.28253,0.35874,0.119,153.72,164645.0,NC,E,22014,0.033
1836.4856,Chatham,RAH,cc,37037,96.33107,35.7027,-79.2553,84500.0,1.252,0.05689,0.7002636118970397,0.48,0.17745,0.10631,0.59456,0.084,44.45,81624.0,NC,E,176911,0.03
1208.6836,Cherokee,MRX,sw,37039,4.57733,35.1339,-84.0635,51600.0,0.764,0.07917,0.6708672149325449,0.242,0.0644,0.07789,0.825,0.146,24.79,29959.0,NC,E,5533,0.039
447.8595,Chowan,AKQ,ne,37041,1.53091,36.151,-76.6497,55800.0,0.827,0.02872,0.4846441422496378,0.245,0.21486,0.00249,0.00043,0.151,31.02,13891.0,NC,E,154,0.036
571.3652,Clay,MRX,sw,37043,11.20181,35.0572,-83.7502,57700.0,0.855,0.10609,0.8831284331676694,0.314,0.09042,0.06804,0.80708,0.121,20.76,11864.0,NC,E,6400,0.037
1213.7908,Cleveland,GSP,pd,37045,30.02161,35.334,-81.5554,53200.0,0.788,0.0478,0.6149291247481835,0.211,0.36415,0.17809,0.40442,0.172,83.52,101378.0,NC,E,36440,0.035
2470.6601,Columbus,ILM,se,37047,5.11417,34.2655,-78.655,45400.0,0.672,0.0558,0.48038211598531577,0.151,0.24229,0.08047,0.23485,0.201,20.29,50121.0,NC,E,12635,0.04
1870.4391,Craven,MHX,ee,37049,27.89815,35.1262,-77.0969,63100.0,0.934,0.00652,0.49179348060684747,0.26,0.14486,0.10753,0.24686,0.155,54.74,102391.0,NC,E,52182,0.035
1705.3914,Cumberland,RAH,cc,37051,27.49984,35.0485,-78.8273,58000.0,0.859,0.03339,0.48238969948845273,0.272,0.17599,0.28114,0.2353,0.153,198.13,337890.0,NC,E,46898,0.047
681.7081,Currituck,AKQ,ne,37053,0.95798,36.3104,-75.96625,76200.0,1.129,0.00752,0.6241804890399668,0.293,0.12253,0.00143,0.0,0.078,46.34,31593.0,NC,E,66,0.031
998.664,Dare,MHX,ee,37055,256.41638,35.7715,-75.8009,82100.0,1.215,0.02288,0.9999530648643574,0.428,0.0192,0.09228,0.01501,0.089,38.16,38110.0,NC,E,256074,0.04
1467.8487,Davidson,RAH,cc,37057,9.48374,35.7932,-80.2127,63600.0,0.942,0.10272,0.7189013718133306,0.207,0.22897,0.22722,0.46683,0.14,119.09,174804.0,NC,E,13921,0.034
691.0549,Davie,GSP,pd,37059,8.93697,35.9292,-80.5446,63400.0,0.94,0.13229,0.49012178522559535,0.268,0.36258,0.14253,0.4447,0.097,64.54,44599.0,NC,E,6176,0.031
2121.6041,Duplin,MHX,ee,37061,2.53346,34.9365,-77.9333,51300.0,0.759,0.03033,0.24085083300025037,0.175,0.38615,0.08885,0.22887,0.198,23.34,49520.0,NC,E,5375,0.033
771.2629,Durham,RAH,cc,37063,233.84239,36.0359,-78.8764,79500.0,1.178,0.01067,0.9803170450652465,0.535,0.07491,0.42096,0.39466,0.106,436.81,336892.0,NC,E,180354,0.031
1311.9094,Edgecombe,RAH,cc,37065,8.77818,35.9129,-77.5971,48800.0,0.722,0.18166,0.4536822728775668,0.167,0.4169,0.09312,0.18215,0.226,37.22,48832.0,NC,E,11516,0.057
1069.4461,Forsyth,RAH,cc,37067,153.46619,36.1304,-80.2563,63000.0,0.933,0.01061,0.8175704052124455,0.369,0.14002,0.46126,0.36179,0.148,367.41,392921.0,NC,E,164124,0.035
1281.0097,Franklin,RAH,cc,37069,21.71917,36.0827,-78.2857,72400.0,1.073,0.15186,0.5838644672827245,0.244,0.24408,0.11663,0.47666,0.113,60.11,77001.0,NC,E,27822,0.035
941.562,Gaston,GSP,pd,37071,37.65539,35.2945,-81.1801,65400.0,0.969,0.02812,0.7388881140637907,0.26,0.17882,0.34393,0.42038,0.135,251.97,237242.0,NC,E,35455,0.034
897.7109,Gates,AKQ,ne,37073,17.0981,36.4449,-76.7011,66600.0,0.986,0.01863,0.5011888526002225,0.108,0.22367,0.04269,0.28504,0.14,11.52,10343.0,NC,E,15349,0.033
781.0375,Graham,GSP,ww,37075,9.70421,35.3502,-83.8335,50300.0,0.745,0.00567,0.7631677953348383,0.168,0.01838,0.04126,0.90434,0.169,10.31,8052.0,NC,E,7579,0.044
1389.8191,Granville,RAH,cc,37077,15.82772,36.304,-78.653,74100.0,1.098,0.09692,0.5438113064254343,0.24,0.19289,0.10014,0.58782,0.114,44.75,62192.0,NC,E,21998,0.03
688.5159,Greene,MHX,ee,37079,3.30857,35.4852,-77.6756,50000.0,0.74,0.14618,0.3333886885557032,0.122,0.4958,0.07867,0.14873,0.22,29.82,20530.0,NC,E,2278,0.029
1703.4885,Guilford,RAH,cc,37081,81.7957,36.0794,-79.789,63800.0,0.945,0.01791,0.840655932918207,0.381,0.19186,0.41586,0.34431,0.148,322.79,549866.0,NC,E,139338,0.039
1893.9635,Halifax,RAH,cc,37083,3.707,36.2575,-77.6519,44800.0,0.664,0.10967,0.2723870609740175,0.155,0.29121,0.07849,0.34961,0.255,24.97,47298.0,NC,E,7021,0.052
1557.3839,Harnett,RAH,cc,37085,7.47406,35.3687,-78.8693,65200.0,0.966,0.12698,0.5890534686232375,0.239,0.25142,0.161,0.36663,0.137,90.84,141477.0,NC,E,11640,0.039
1436.4049,Haywood,GSP,ww,37087,36.36559,35.5561,-82.9822,62400.0,0.924,0.02772,0.9213486914928588,0.294,0.09338,0.09367,0.80816,0.11,43.84,62969.0,NC,E,52236,0.03
971.2367,Henderson,GSP,ww,37089,118.53789,35.3362,-82.4799,65300.0,0.966,0.1616,0.9840161244961095,0.351,0.13842,0.23098,0.61729,0.106,122.76,119230.0,NC,E,115128,0.029
919.0471,Hertford,AKQ,ne,37091,0.15141,36.33505,-76.8666,43900.0,0.65,0.04703,0.35375212926731037,0.167,0.13263,0.00014,0.00014,0.227,21.17,19453.0,NC,E,4,0.047
1016.2835,Hoke,RAH,cc,37093,6.009,35.0174,-79.2371,60900.0,0.902,0.02686,0.6476378420789843,0.213,0.18624,0.12222,0.34812,0.185,53.57,54446.0,NC,E,6107,0.044
1779.8471,Hyde,MHX,ee,37095,14.3204,35.5318,-76.2485,48100.0,0.712,0.04579,0.43320720074188335,0.137,0.21698,0.02584,0.04721,0.233,2.59,4607.0,NC,E,25488,0.058
1546.4008,Iredell,GSP,pd,37097,7.31148,35.8072,-80.8736,73400.0,1.088,0.05873,0.5047105010045927,0.333,0.33333,0.22498,0.37462,0.092,129.15,199710.0,NC,E,11306,0.032
1281.0506,Jackson,GSP,ww,37099,28.15279,35.2874,-83.1408,58500.0,0.866,0.02523,0.9273163269524951,0.3,0.03401,0.08666,0.86653,0.17,34.79,44574.0,NC,E,36065,0.036
2061.5562,Johnston,RAH,cc,37101,19.81108,35.5176,-78.3657,80600.0,1.194,0.24022,0.5978136470024075,0.276,0.31297,0.18504,0.23102,0.108,117.37,241955.0,NC,E,40842,0.032
1225.9063,Jones,MHX,ee,37103,4.69749,35.0222,-77.3555,56100.0,0.831,0.08735,0.4514600699898449,0.179,0.20103,0.04043,0.28882,0.191,7.67,9401.0,NC,E,5759,0.032
671.5535,Lee,RAH,cc,37105,7.25856,35.475,-79.1716,58200.0,0.863,0.21294,0.547667048230852,0.216,0.15685,0.19379,0.52725,0.147,99.86,67059.0,NC,E,4875,0.04
1041.3743,Lenoir,MHX,ee,37107,8.08308,35.2393,-77.6416,46400.0,0.687,0.40701,0.3839368704994082,0.158,0.40828,0.12752,0.16668,0.231,52.71,54895.0,NC,E,8418,0.034
795.2424,Lincoln,GSP,pd,37109,10.39694,35.4862,-81.2239,78600.0,1.164,0.06047,0.6194844246816061,0.27,0.32788,0.21119,0.40467,0.107,120.31,95675.0,NC,E,8268,0.03
1156.3522,McDowell,GSP,ww,37111,14.05181,35.6813,-82.0487,54000.0,0.8,0.14155,0.7363755037175777,0.176,0.06858,0.10665,0.79431,0.151,38.82,44893.0,NC,E,16249,0.032
1345.2982,Macon,GSP,ww,37113,17.36484,35.1504,-83.4221,53800.0,0.797,0.02474,0.9241266708094211,0.246,0.05491,0.07895,0.85525,0.135,28.55,38412.0,NC,E,23361,0.032
1169.611,Madison,GSP,ww,37115,13.76336,35.8581,-82.7057,54100.0,0.802,0.19256,0.8740824961860626,0.315,0.10695,0.06858,0.81632,0.138,18.87,22071.0,NC,E,16098,0.032
1195.4483,Martin,MHX,ee,37117,8.60608,35.8416,-77.1072,44400.0,0.658,0.1458,0.599120311364765,0.151,0.30779,0.0646,0.23501,0.197,17.94,21447.0,NC,E,10288,0.044
1414.8432,Mecklenburg,GSP,pd,37119,124.66889,35.2468,-80.8328,80600.0,1.194,0.07726,0.9560607120374904,0.486,0.04546,0.698,0.19937,0.102,822.49,1163701.0,NC,E,176387,0.034
575.2839,Mitchell,GSP,ww,37121,13.30326,36.0133,-82.1634,53600.0,0.793,0.11002,0.8957064256238947,0.231,0.06371,0.08775,0.83419,0.148,26.07,14999.0,NC,E,7653,0.036
1299.1464,Montgomery,RAH,cc,37123,8.48391,35.3324,-79.9054,55300.0,0.819,0.06106,0.6165445227513071,0.193,0.09367,0.08285,0.66383,0.156,20.08,26085.0,NC,E,11022,0.036
1827.5379,Moore,RAH,cc,37125,31.2011,35.3107,-79.4813,84500.0,1.251,0.02346,0.5498040270367544,0.409,0.12457,0.16116,0.52008,0.105,58.49,106898.0,NC,E,57021,0.034
1405.6069,Nash,RAH,cc,37127,4.49545,35.9672,-77.9864,55400.0,0.821,0.06299,0.527529675480157,0.217,0.31411,0.15484,0.27455,0.144,68.69,96551.0,NC,E,6319,0.046
528.3953,New Hanover,ILM,se,37129,209.98375,34.17345,-77.88835,71000.0,1.052,0.00064,0.9997577225923684,0.448,0.00703,0.48033,0.09473,0.121,452.03,238852.0,NC,E,221908,0.031
1426.0375,Northampton,AKQ,ne,37131,2.04027,36.4177,-77.3967,51600.0,0.764,0.04468,0.2402883355702813,0.19,0.31447,0.05973,0.3201,0.207,11.72,16715.0,NC,E,2910,0.046
1990.4256,Onslow,MHX,ee,37133,11.28772,34.7374,-77.4342,62200.0,0.921,0.00828,0.5004177838175341,0.261,0.09852,0.14683,0.28429,0.124,107.35,213676.0,NC,E,22467,0.04
1039.1168,Orange,RAH,cc,37135,275.18575,36.0614,-79.1205,87800.0,1.3,0.10734,0.9580013451986755,0.618,0.20111,0.17514,0.5818,0.117,144.96,150626.0,NC,E,285950,0.029
883.376,Pamlico,MHX,ee,37137,24.65169,35.1407,-76.7488,59800.0,0.886,0.01323,0.571900796589657,0.254,0.16921,0.04924,0.18959,0.15,14.06,12423.0,NC,E,21777,0.033
587.7341,Pasquotank,AKQ,ne,37139,6.12095,36.251,-76.2099,59100.0,0.875,0.01279,0.3503173007896626,0.269,0.2667,0.12822,0.05566,0.155,70.51,41444.0,NC,E,7194,0.041
2265.3393,Pender,ILM,se,37141,6.76401,34.45575,-77.76345,73700.0,1.091,0.00924,0.5326639589303754,0.298,0.04817,0.06722,0.26325,0.114,30.25,68521.0,NC,E,30646,0.032
640.4749,Perquimans,AKQ,ne,37143,3.3846,36.17395,-76.3953,60700.0,0.899,0.07937,0.30995573153427197,0.204,0.24822,0.07125,0.1541,0.151,20.89,13377.0,NC,E,4336,0.04
1046.5476,Person,RAH,cc,37145,33.54745,36.3901,-78.9717,61300.0,0.908,0.19186,0.658656751955164,0.198,0.23477,0.10675,0.54481,0.143,37.97,39737.0,NC,E,35109,0.035
1695.0466,Pitt,MHX,ee,37147,13.29129,35.5935,-77.3748,57300.0,0.849,0.16245,0.5699825531319704,0.339,0.36063,0.15037,0.16575,0.194,103.31,175119.0,NC,E,22529,0.039
618.0003,Polk,GSP,ww,37149,40.32789,35.2793,-82.1696,61600.0,0.912,0.08623,0.9635465619874312,0.329,0.1581,0.12446,0.68164,0.128,32.46,20060.0,NC,E,24923,0.033
2045.9814,Randolph,RAH,cc,37151,4.06211,35.7103,-79.806,58000.0,0.86,0.2303,0.5487339139641286,0.176,0.24435,0.15613,0.5248,0.155,72.07,147458.0,NC,E,8311,0.036
1242.1225,Richmond,RAH,cc,37153,7.13107,35.0059,-79.748,44400.0,0.657,0.02337,0.7154244291617221,0.162,0.10139,0.13577,0.46769,0.226,34.07,42324.0,NC,E,8858,0.046
2463.275,Robeson,ILM,se,37155,5.39798,34.6401,-79.1035,39900.0,0.591,0.1186,0.4043984360873836,0.146,0.40224,0.11994,0.09326,0.277,47.65,117365.0,NC,E,13297,0.05
1482.2445,Rockingham,RNK,nc,37157,11.34528,36.3961,-79.7751,52500.0,0.778,0.10335,0.5650876653337434,0.161,0.21691,0.15266,0.55097,0.136,62.42,92518.0,NC,E,16816,0.04
1356.9585,Rowan,GSP,pd,37159,14.50285,35.6396,-80.5247,61100.0,0.905,0.02414,0.4669844506023059,0.215,0.32356,0.20029,0.40715,0.146,111.77,151661.0,NC,E,19680,0.034
1465.6711,Rutherford,GSP,ww,37161,8.29576,35.4023,-81.9202,53500.0,0.792,0.05626,0.3673906714422094,0.207,0.18167,0.13347,0.63433,0.152,44.69,65507.0,NC,E,12159,0.046
2453.9285,Sampson,RAH,cc,37163,3.17047,34.9915,-78.3712,52200.0,0.774,0.05334,0.24716900013084847,0.158,0.39245,0.09164,0.22384,0.185,24.29,59601.0,NC,E,7780,0.035
830.3183,Scotland,RAH,cc,37165,14.57554,34.8411,-79.4805,46000.0,0.681,0.00496,0.5098831052356897,0.148,0.21381,0.13469,0.29179,0.286,41.4,34376.0,NC,E,12102,0.063
1047.2206,Stanly,RAH,cc,37167,13.94025,35.312,-80.2507,58600.0,0.869,0.19988,0.5386689735662957,0.197,0.39841,0.1361,0.39851,0.11,62.74,65699.0,NC,E,14599,0.03
1180.8797,Stokes,RNK,nc,37169,15.39736,36.4018,-80.2395,56300.0,0.833,0.1574,0.5820908570991443,0.185,0.20931,0.11389,0.62326,0.105,38.56,45532.0,NC,E,18182,0.031
1392.9884,Surry,RNK,nw,37171,8.83501,36.4148,-80.6882,49500.0,0.734,0.04558,0.5232009788318581,0.194,0.28613,0.14582,0.53118,0.139,51.3,71462.0,NC,E,12307,0.032
1400.3671,Swain,GSP,ww,37173,14.99041,35.4867,-83.4927,55500.0,0.821,0.05526,0.9788893265064986,0.213,0.00816,0.0351,0.9309,0.156,9.94,13916.0,NC,E,20992,0.029
985.5458,Transylvania,GSP,ww,37175,75.62127,35.2022,-82.7983,62200.0,0.921,0.16347,0.9938973647711512,0.386,0.04935,0.0982,0.8396,0.125,34.04,33549.0,NC,E,74528,0.032
1010.4863,Tyrrell,MHX,ee,37177,9.44646,35.8161,-76.2118,42500.0,0.63,0.1637,0.5142016052200495,0.147,0.25986,0.02548,0.05541,0.214,3.43,3461.0,NC,E,9546,0.051
1656.5829,Union,GSP,pd,37179,9.72405,34.9884,-80.5307,95100.0,1.408,0.19288,0.4781695235099859,0.39,0.4321,0.21729,0.31826,0.084,154.81,256452.0,NC,E,16109,0.03
698.8148,Vance,RAH,cc,37181,9.61455,36.3648,-78.4083,50000.0,0.74,0.08424,0.6462200043211898,0.185,0.18496,0.13863,0.49791,0.232,60.53,42301.0,NC,E,6719,0.054
2219.9315,Wake,RAH,cc,37183,239.9491,35.7901,-78.6504,97100.0,1.438,0.09114,0.9435464022642968,0.563,0.09236,0.49373,0.31449,0.072,536.18,1190275.0,NC,E,532671,0.03
1149.515,Warren,RAH,cc,37185,3.63281,36.3966,-78.1069,47200.0,0.699,0.06825,0.386772254322402,0.19,0.14069,0.06806,0.57437,0.203,16.39,18836.0,NC,E,4176,0.054
977.3465,Washington,MHX,ee,37187,10.50559,35.8221,-76.5767,46100.0,0.682,0.05458,0.5869782191674158,0.122,0.39059,0.04936,0.10848,0.226,10.96,10713.0,NC,E,10268,0.048
809.8895,Watauga,RNK,nw,37189,102.77214,36.2313,-81.6969,57900.0,0.857,0.17273,0.9447205721905686,0.477,0.10998,0.14206,0.73738,0.186,67.6,54748.0,NC,E,83234,0.03
1441.775,Wayne,RAH,cc,37191,11.75496,35.3638,-78.004,55600.0,0.824,0.10054,0.4667727029297029,0.213,0.42658,0.17089,0.13305,0.171,82.32,118686.0,NC,E,16948,0.037
1967.7461,Wilkes,RNK,nw,37193,12.55875,36.2065,-81.1638,48200.0,0.714,0.21249,0.6436986590278686,0.167,0.17144,0.1041,0.69522,0.163,33.55,66013.0,NC,E,24712,0.037
969.5007,Wilson,RAH,cc,37195,21.52427,35.7048,-77.9185,51500.0,0.763,0.06369,0.525854305125138,0.203,0.40214,0.16317,0.1495,0.188,81.45,78970.0,NC,E,20868,0.049
874.0789,Yadkin,RNK,nw,37197,8.95416,36.1605,-80.6653,61500.0,0.91,0.50354,0.48397091949689186,0.158,0.42611,0.1214,0.41834,0.129,43.22,37774.0,NC,E,7827,0.031
810.9679,Yancey,GSP,ww,37199,35.94551,35.8989,-82.3076,54500.0,0.807,0.34459,0.9201302289460714,0.23,0.0743,0.0704,0.84666,0.159,23.35,18938.0,NC,E,29151,0.031
2561.3174,Adams,BIS,sw,38001,0.46968,46.0969,-102.5285,57600.0,0.786,0.01081,0.08890895039108825,0.208,0.5272,0.03983,0.00034,0.118,0.84,2163.0,ND,M,1203,0.018
3919.2075,Barnes,FGF,se,38003,4.68015,46.9361,-98.0716,67100.0,0.916,0.18531,0.20953978012753535,0.3,0.82746,0.04149,0.00644,0.115,2.74,10726.0,ND,C,18342,0.021
3727.8617,Benson,FGF,ne,38005,0.91998,48.0694,-99.366,56600.0,0.773,0.09826,0.06589576813209208,0.221,0.70397,0.03654,0.0125,0.227,1.54,5745.0,ND,C,3430,0.027
2987.0753,Billings,BIS,sw,38007,6.43302,47.0234,-103.3764,85900.0,1.173,0.00187,0.24962373633825016,0.324,0.13147,0.02647,0.07952,0.105,0.35,1034.0,ND,M,19216,0.017
4397.123,Bottineau,BIS,nc,38009,0.98955,48.7921,-100.8335,69400.0,0.947,0.38312,0.09171336564091835,0.274,0.76004,0.04195,0.04426,0.108,1.44,6349.0,ND,C,4351,0.024
3022.3671,Bowman,BIS,sw,38011,1.74206,46.1126,-103.5207,75400.0,1.029,0.01823,0.18882498903430198,0.273,0.37767,0.03333,0.00032,0.095,0.95,2867.0,ND,M,5265,0.013
2924.5926,Burke,BIS,nw,38013,1.76159,48.7909,-102.5182,75900.0,1.037,0.02737,0.10000284556547077,0.235,0.54086,0.04548,0.00523,0.09,0.73,2134.0,ND,C,5152,0.016
4320.2673,Burleigh,BIS,sc,38015,6.60957,46.9774,-100.4688,83100.0,1.135,0.02042,0.2184988018237492,0.387,0.37672,0.05935,0.00245,0.077,23.15,100012.0,ND,C,28555,0.017
4579.0222,Cass,FGF,se,38017,10.08385,46.933,-97.2481,70000.0,0.956,0.15269,0.19903223270072515,0.433,0.88181,0.08961,0.00408,0.097,42.88,196362.0,ND,C,46174,0.017
3914.2821,Cavalier,FGF,ne,38019,0.20745,48.7721,-98.465,73200.0,1.0,0.09236,0.04654320788153989,0.222,0.85546,0.03538,0.04055,0.092,0.92,3596.0,ND,C,812,0.022
2957.0638,Dickey,BIS,se,38021,0.74997,46.1102,-98.5045,56300.0,0.769,0.13979,0.08283236194707748,0.271,0.74959,0.0392,0.00267,0.115,1.66,4900.0,ND,C,2218,0.017
3351.6819,Divide,BIS,nw,38023,0.72639,48.8149,-103.4873,70500.0,0.963,0.03368,0.10080307156414366,0.204,0.6194,0.04572,0.00045,0.098,0.64,2135.0,ND,C,2435,0.012
5392.9268,Dunn,BIS,sw,38025,0.59224,47.3568,-102.6183,82500.0,1.126,0.0047,0.05672283245746153,0.206,0.25197,0.03906,0.08687,0.112,0.75,4019.0,ND,CM,3194,0.011
1668.4878,Eddy,FGF,ne,38027,0.44112,47.7176,-98.9016,58800.0,0.803,0.02989,0.07077542526374477,0.282,0.72374,0.0391,0.01145,0.115,1.36,2263.0,ND,C,736,0.026
4026.4,Emmons,BIS,sc,38029,0.62066,46.2851,-100.2388,61000.0,0.832,0.0052,0.08549529495330727,0.207,0.47498,0.03058,0.00279,0.137,0.8,3224.0,ND,C,2499,0.041
1674.6713,Foster,BIS,se,38031,0.57974,47.4571,-98.8831,83200.0,1.135,0.0412,0.09230711036966407,0.272,0.82489,0.0399,0.00312,0.114,1.98,3309.0,ND,C,971,0.018
2596.2185,Golden Valley,BIS,sw,38033,0.70179,46.9402,-103.8467,64800.0,0.885,0.00329,0.13590464167496205,0.18,0.24391,0.02929,0.02549,0.117,0.67,1743.0,ND,M,1822,0.016
3728.7999,Grand Forks,FGF,ne,38035,7.813,47.9219,-97.457,64900.0,0.886,0.13661,0.22170623364100306,0.372,0.88292,0.07001,0.00992,0.125,19.5,72708.0,ND,C,29133,0.017
4314.4004,Grant,BIS,sc,38037,0.10164,46.3583,-101.6397,44000.0,0.601,0.01368,0.03660852220635805,0.212,0.31343,0.0211,0.00494,0.163,0.51,2215.0,ND,M,439,0.016
1854.7269,Griggs,FGF,se,38039,1.47022,47.4572,-98.2371,59300.0,0.81,0.13825,0.1168193404829561,0.274,0.80342,0.03668,0.00656,0.116,1.21,2248.0,ND,C,2727,0.019
2936.2787,Hettinger,BIS,sw,38041,0.37492,46.4326,-102.4603,66200.0,0.904,0.06904,0.0864156778869969,0.187,0.70174,0.04443,0.00048,0.127,0.82,2415.0,ND,M,1101,0.016
3711.9611,Kidder,BIS,sc,38043,5.95083,46.9802,-99.7801,57000.0,0.778,0.0077,0.22893887191053625,0.213,0.36254,0.02999,0.00071,0.142,0.63,2342.0,ND,C,22089,0.032
2980.4825,LaMoure,BIS,se,38045,0.24709,46.4569,-98.5355,77700.0,1.061,0.08826,0.08647543165339093,0.242,0.82921,0.04109,0.00299,0.094,1.37,4096.0,ND,C,736,0.018
2618.4639,Logan,BIS,se,38047,0.61995,46.4574,-99.4775,60700.0,0.829,0.06407,0.09616132646971694,0.262,0.40025,0.03035,0.00029,0.141,0.71,1869.0,ND,C,1623,0.023
4951.2711,McHenry,BIS,nc,38049,0.93713,48.2346,-100.6363,65400.0,0.893,0.06444,0.08106477842343175,0.209,0.56572,0.03796,0.01036,0.123,1.04,5131.0,ND,C,4640,0.028
2577.1769,McIntosh,BIS,se,38051,0.65081,46.1119,-99.4412,57600.0,0.787,0.00537,0.10791272861307415,0.17,0.48911,0.03334,0.0004,0.135,0.97,2488.0,ND,C,1677,0.019
7409.505,McKenzie,BIS,nw,38053,1.47594,47.7402,-103.3953,84200.0,1.15,0.02149,0.2222653104024243,0.228,0.19577,0.04245,0.07604,0.081,1.92,14252.0,ND,CM,10936,0.013
6029.617,McLean,BIS,sc,38055,1.33658,47.607,-101.3219,79900.0,1.091,0.01179,0.08384956669569182,0.239,0.52183,0.03338,0.00528,0.099,1.63,9832.0,ND,C,8059,0.024
2881.4102,Mercer,BIS,sc,38057,1.63951,47.3092,-101.8315,90100.0,1.23,0.0072,0.1885690795495078,0.226,0.2985,0.03271,0.02025,0.081,2.88,8309.0,ND,C,4724,0.026
5038.0336,Morton,BIS,sc,38059,1.44106,46.7161,-101.2811,75100.0,1.026,0.01047,0.12071819281018752,0.293,0.33079,0.03487,0.01136,0.079,6.73,33895.0,ND,C,7260,0.023
5027.1533,Mountrail,BIS,nw,38061,3.04887,48.2013,-102.3556,74100.0,1.012,0.00887,0.13653498871797495,0.224,0.43412,0.04891,0.0163,0.116,1.87,9383.0,ND,C,15327,0.012
2612.4459,Nelson,FGF,ne,38063,1.02666,47.9216,-98.1921,59900.0,0.819,0.1331,0.10029292975828497,0.282,0.71804,0.03682,0.00523,0.098,1.14,2991.0,ND,C,2682,0.025
1893.7392,Oliver,BIS,sc,38065,0.66204,47.1153,-101.3403,79500.0,1.086,0.00798,0.10166445558696749,0.205,0.33655,0.0283,0.0102,0.108,0.99,1879.0,ND,C,1254,0.031
2903.6291,Pembina,FGF,ne,38067,0.32993,48.7672,-97.5517,69100.0,0.944,0.10543,0.09107470559095718,0.229,0.88088,0.04824,0.02108,0.089,2.29,6661.0,ND,C,958,0.028
2802.5534,Pierce,BIS,nc,38069,0.95877,48.2496,-99.9718,59000.0,0.806,0.04466,0.0925370115453782,0.279,0.66965,0.03949,0.00325,0.11,1.39,3902.0,ND,C,2687,0.025
3369.1912,Ramsey,FGF,ne,38071,0.7343,48.2689,-98.7201,71300.0,0.974,0.05174,0.062135404436618066,0.276,0.69505,0.03759,0.00379,0.124,3.4,11463.0,ND,C,2474,0.021
2238.1067,Ransom,FGF,se,38073,1.03117,46.4561,-97.6575,76100.0,1.039,0.26301,0.12906386605959785,0.21,0.77955,0.04261,0.01771,0.093,2.5,5603.0,ND,C,2308,0.015
2309.9198,Renville,BIS,nc,38075,0.46259,48.7192,-101.6581,71300.0,0.973,0.01684,0.06505453375269604,0.22,0.81434,0.03995,0.00276,0.083,0.99,2279.0,ND,C,1069,0.017
3744.6185,Richland,FGF,se,38077,0.89127,46.2646,-96.9483,74300.0,1.014,0.08026,0.12430293177034804,0.25,0.84004,0.05415,0.01155,0.109,4.42,16558.0,ND,C,3337,0.017
2432.7473,Rolette,BIS,nc,38079,0.57665,48.7724,-99.8411,50600.0,0.691,0.06273,0.07639261953635548,0.166,0.5772,0.04378,0.12963,0.235,4.82,11728.0,ND,C,1403,0.055
2245.5841,Sargent,FGF,se,38081,1.74431,46.1078,-97.6306,75300.0,1.028,0.29461,0.12359060599248722,0.191,0.80152,0.04073,0.00449,0.087,1.68,3776.0,ND,C,3917,0.015
2604.7374,Sheridan,BIS,sc,38083,1.35561,47.5754,-100.3456,56900.0,0.777,0.08355,0.11053023856085753,0.203,0.49056,0.02997,0.00159,0.165,0.49,1266.0,ND,C,3531,0.026
2922.1964,Sioux,BIS,sc,38085,1.69077,46.1127,-101.0404,43700.0,0.597,0.00142,0.0703646430088056,0.112,0.15405,0.01507,0.00874,0.349,1.25,3643.0,ND,CM,4941,0.024
3157.6696,Slope,BIS,sw,38087,1.74937,46.4472,-103.4599,69200.0,0.946,0.00072,0.13511514606372663,0.228,0.33347,0.02493,0.01316,0.143,0.21,674.0,ND,M,5524,0.024
3471.6625,Stark,BIS,sw,38089,3.03434,46.8107,-102.655,87000.0,1.187,0.01196,0.1746132079811141,0.272,0.52415,0.06304,0.00401,0.096,9.51,33001.0,ND,M,10534,0.015
1853.2016,Steele,FGF,se,38091,6.10312,47.4562,-97.7247,81100.0,1.107,0.02918,0.11099195242000745,0.296,0.8894,0.04091,0.00571,0.083,0.96,1782.0,ND,C,11310,0.02
5952.66,Stutsman,BIS,se,38093,4.34034,46.9792,-98.9588,65600.0,0.896,0.03371,0.14398710355992617,0.244,0.65982,0.03817,0.00222,0.11,3.59,21392.0,ND,C,25837,0.018
2697.6112,Towner,FGF,ne,38095,0.25532,48.6856,-99.2459,70700.0,0.965,0.0755,0.04680207694031232,0.189,0.85617,0.03368,0.00182,0.094,0.75,2030.0,ND,C,689,0.02
2234.7342,Traill,FGF,se,38097,0.89185,47.4542,-97.1615,79100.0,1.08,0.09935,0.10548152281387002,0.312,0.91802,0.05641,0.00439,0.084,3.54,7908.0,ND,C,1993,0.017
3351.6091,Walsh,FGF,ne,38099,0.33357,48.3694,-97.7214,67200.0,0.918,0.50537,0.06275927123122996,0.195,0.8623,0.04896,0.01576,0.096,3.07,10305.0,ND,C,1118,0.029
5325.6618,Ward,BIS,nc,38101,2.59262,48.2218,-101.5419,72100.0,0.984,0.12254,0.12235548529963369,0.297,0.64084,0.05625,0.00915,0.074,12.83,68332.0,ND,C,13807,0.021
3342.7891,Wells,BIS,sc,38103,0.35958,47.5876,-99.661,66300.0,0.905,0.15474,0.07770248899381016,0.223,0.80022,0.04294,0.00287,0.121,1.16,3876.0,ND,C,1202,0.028
5562.7689,Williams,BIS,nw,38105,2.0094,48.3437,-103.4802,84100.0,1.149,0.00313,0.1517326825981345,0.237,0.54925,0.06562,0.00674,0.077,7.03,39113.0,ND,C,11178,0.016
1517.1861,Adams,ILN,sc,39001,12.19341,38.8457,-83.472,49100.0,0.746,0.17952,0.5455835999226002,0.143,0.3279,0.07087,0.58799,0.19,18.14,27521.0,OH,E,18500,0.05
1053.9814,Allen,IWX,wc,39003,19.69459,40.7715,-84.1057,60400.0,0.918,0.18191,0.4385813485309707,0.199,0.70231,0.19995,0.0815,0.141,95.67,100838.0,OH,E,20758,0.037
1105.5323,Ashland,CLE,nc,39005,17.75905,40.846,-82.2707,62000.0,0.943,0.35226,0.6632082642004066,0.221,0.57926,0.11922,0.27477,0.135,47.21,52190.0,OH,E,19633,0.034
1837.9184,Ashtabula,CLE,ne,39007,18.67272,41.7074,-80.7485,52500.0,0.798,0.08374,0.6153583642423848,0.16,0.33852,0.1353,0.38719,0.178,52.69,96845.0,OH,E,34319,0.04
1317.1555,Athens,RLX,se,39009,45.26842,39.3337,-82.0452,48300.0,0.734,0.09685,0.7894838984588255,0.354,0.16208,0.10221,0.72364,0.253,47.61,62706.0,OH,E,59626,0.044
1040.2535,Auglaize,ILN,wc,39011,3.33857,40.5609,-84.2217,71700.0,1.089,0.351,0.32327194323954095,0.208,0.7811,0.12795,0.07309,0.085,44.27,46050.0,OH,E,3473,0.026
1402.0488,Belmont,PBZ,ec,39013,5.58153,40.0158,-80.9885,55600.0,0.845,0.2145,0.3743952827752432,0.187,0.29825,0.12126,0.54502,0.153,46.3,64918.0,OH,E,7826,0.044
1282.578,Brown,ILN,sw,39015,7.09739,38.9344,-83.868,64000.0,0.973,0.14589,0.403612928279117,0.158,0.56403,0.10151,0.32014,0.151,34.13,43777.0,OH,E,9103,0.041
1218.0699,Butler,ILN,sw,39017,89.83296,39.4386,-84.5755,74800.0,1.138,0.14156,0.9700077945053116,0.325,0.42191,0.37456,0.1863,0.119,322.68,393043.0,OH,E,109423,0.032
1033.2763,Carroll,PBZ,ec,39019,5.96933,40.5796,-81.0897,62500.0,0.95,0.13651,0.6080867102299338,0.14,0.35152,0.09855,0.52273,0.119,25.9,26758.0,OH,E,6168,0.039
1113.021,Champaign,ILN,wc,39021,9.7536,40.1377,-83.7696,72800.0,1.106,0.12221,0.5834405396107213,0.191,0.77565,0.09398,0.11704,0.088,34.9,38845.0,OH,E,10856,0.032
1045.2301,Clark,ILN,wc,39023,39.56995,39.9168,-83.7835,57300.0,0.87,0.29374,0.6693648007281712,0.185,0.6621,0.21248,0.10264,0.152,128.79,134610.0,OH,E,41360,0.036
1185.3181,Clermont,ILN,sw,39025,78.40172,39.0476,-84.1522,79500.0,1.208,0.24053,0.6778208023332365,0.314,0.32179,0.2374,0.41588,0.089,178.83,211972.0,OH,E,92931,0.032
1067.7745,Clinton,ILN,sw,39027,20.28282,39.415,-83.8084,65900.0,1.002,0.21595,0.5265505263554567,0.201,0.7596,0.11227,0.11932,0.125,39.28,41938.0,OH,E,21657,0.04
1386.2354,Columbiana,PBZ,ec,39029,15.48371,40.7686,-80.7775,54200.0,0.823,0.21741,0.5356881037491648,0.16,0.40017,0.15783,0.422,0.157,72.27,100182.0,OH,E,21464,0.042
1470.0962,Coshocton,PBZ,ec,39031,9.79593,40.3017,-81.92,50700.0,0.771,0.18529,0.43348383889995373,0.167,0.3522,0.08556,0.53917,0.162,25.08,36869.0,OH,E,14401,0.045
1043.4414,Crawford,CLE,nc,39033,5.61588,40.8509,-82.9197,55900.0,0.85,0.19547,0.5400142089782151,0.155,0.77939,0.11878,0.08906,0.124,39.8,41529.0,OH,E,5860,0.043
1188.9263,Cuyahoga,CLE,ne,39035,334.58283,41.4243,-81.6587,60800.0,0.924,0.01951,1.0,0.359,0.00866,0.83061,0.14154,0.16,1037.14,1233088.0,OH,E,397794,0.038
1554.7377,Darke,ILN,wc,39037,6.66555,40.1333,-84.6193,65600.0,0.998,0.33146,0.4123089049035207,0.165,0.82586,0.10621,0.06299,0.098,33.07,51415.0,OH,E,10363,0.031
1072.7123,Defiance,IWX,nw,39039,4.24431,41.3239,-84.4906,63900.0,0.971,0.60796,0.2535417700952295,0.201,0.74396,0.11574,0.0881,0.089,35.72,38315.0,OH,E,4553,0.035
1180.9822,Delaware,ILN,cc,39041,113.55516,40.2785,-83.0052,122000.0,1.847,0.09511,0.8586730510267019,0.58,0.53227,0.26021,0.16481,0.05,196.14,231636.0,OH,E,134107,0.028
659.5016,Erie,CLE,nc,39043,166.89974,41.3635,-82.6178,67900.0,1.033,0.0496,0.7923298457390585,0.279,0.53503,0.23811,0.16219,0.124,112.26,74035.0,OH,E,110071,0.044
1317.2697,Fairfield,ILN,cc,39045,39.86725,39.7516,-82.6305,82400.0,1.253,0.05158,0.6612326817210764,0.319,0.58609,0.17535,0.22608,0.084,125.53,165360.0,OH,E,52516,0.031
1054.3129,Fayette,ILN,cc,39047,3.3485,39.5599,-83.4561,56900.0,0.865,0.32121,0.2989672467406896,0.138,0.85816,0.09125,0.04501,0.144,27.33,28817.0,OH,E,3530,0.036
1407.0486,Franklin,ILN,cc,39049,312.92723,39.9696,-83.0093,69800.0,1.06,0.13841,0.9698714845362661,0.42,0.21559,0.6844,0.07599,0.151,942.44,1326063.0,OH,E,440304,0.031
1054.9257,Fulton,IWX,nw,39051,4.60608,41.6018,-84.1301,75400.0,1.146,0.14097,0.39948517236829223,0.188,0.80156,0.11945,0.04999,0.08,39.82,42007.0,OH,E,4859,0.035
1221.0015,Gallia,RLX,se,39053,2.92052,38.8247,-82.3169,51400.0,0.782,0.26192,0.4347982538374857,0.179,0.2335,0.09395,0.64555,0.174,23.74,28986.0,OH,E,3566,0.043
1057.8309,Geauga,CLE,ne,39055,108.28038,41.4995,-81.1786,102000.0,1.545,0.12243,0.9389414308545642,0.387,0.22631,0.20449,0.49007,0.063,90.19,95407.0,OH,E,114542,0.031
1077.8639,Greene,ILN,wc,39057,61.06933,39.6915,-83.8898,82800.0,1.258,0.28309,0.6127197689270946,0.413,0.60496,0.24086,0.13841,0.099,157.43,169691.0,OH,E,65824,0.032
1368.324,Guernsey,PBZ,ec,39059,7.8471,40.0521,-81.4942,56000.0,0.851,0.08661,0.3542263006240335,0.153,0.27674,0.10266,0.59431,0.154,27.84,38089.0,OH,E,10737,0.043
1069.0857,Hamilton,ILN,sw,39061,190.8724,39.1954,-84.5426,67000.0,1.019,0.19308,0.9880027054897047,0.414,0.07591,0.65988,0.23444,0.136,773.61,827058.0,OH,E,204059,0.032
1382.0181,Hancock,CLE,nw,39063,13.25831,41.0019,-83.6665,72700.0,1.104,0.22638,0.41976610334322373,0.297,0.78751,0.13842,0.06001,0.106,54.05,74704.0,OH,E,18323,0.029
1218.7679,Hardin,ILN,wc,39065,9.59721,40.6615,-83.6594,58800.0,0.894,0.30932,0.36060100611534196,0.189,0.83132,0.08981,0.06706,0.148,24.92,30368.0,OH,E,11697,0.038
1064.0283,Harrison,PBZ,ec,39067,12.36014,40.2938,-81.0911,55100.0,0.838,0.24446,0.5651841091171635,0.13,0.29196,0.08689,0.57028,0.145,13.31,14159.0,OH,E,13152,0.041
1087.7833,Henry,IWX,nw,39069,4.25785,41.3339,-84.0682,72100.0,1.096,0.11033,0.28822134246556363,0.187,0.83566,0.10617,0.03611,0.085,25.3,27520.0,OH,E,4632,0.042
1444.8948,Highland,ILN,sc,39071,12.3735,39.1848,-83.6009,59500.0,0.904,0.12668,0.47239536735475246,0.156,0.63366,0.08833,0.26424,0.121,30.18,43614.0,OH,E,17878,0.046
1096.9916,Hocking,ILN,cc,39073,26.56449,39.497,-82.4792,57400.0,0.872,0.04413,0.8136563036429524,0.144,0.1289,0.07891,0.78,0.159,25.11,27540.0,OH,E,29141,0.037
1098.1561,Holmes,CLE,ne,39075,29.98437,40.5612,-81.9294,75200.0,1.143,0.21167,0.7148732357574397,0.11,0.51465,0.10169,0.36674,0.088,40.42,44386.0,OH,E,32928,0.028
1280.7295,Huron,CLE,nc,39077,7.21799,41.1462,-82.5984,61500.0,0.935,0.2165,0.48554130187164957,0.169,0.7108,0.11703,0.14288,0.132,45.44,58199.0,OH,E,9244,0.045
1091.628,Jackson,RLX,se,39079,3.25413,39.0197,-82.6184,54900.0,0.834,0.0456,0.5145415824090185,0.166,0.24545,0.09681,0.61284,0.173,29.87,32606.0,OH,E,3552,0.046
1064.0767,Jefferson,PBZ,ec,39081,19.08298,40.385,-80.761,54300.0,0.825,0.04733,0.4372933541578914,0.206,0.22682,0.13463,0.61007,0.161,60.17,64026.0,OH,E,20306,0.051
1371.5816,Knox,CLE,nc,39083,23.07123,40.3988,-82.4216,68300.0,1.039,0.20891,0.6649556056756216,0.243,0.57421,0.1076,0.30444,0.114,46.17,63320.0,OH,E,31644,0.033
599.9376,Lake,CLE,ne,39085,234.19907,41.6968,-81.237,76200.0,1.158,0.06185,0.9131619831557143,0.305,0.11003,0.50508,0.34849,0.101,386.11,231640.0,OH,E,140505,0.034
1184.2095,Lawrence,RLX,se,39087,7.7154,38.5985,-82.5368,51100.0,0.776,0.01546,0.5861858092341363,0.186,0.0945,0.11153,0.77372,0.169,47.39,56118.0,OH,E,9137,0.041
1782.8296,Licking,ILN,cc,39089,48.93668,40.0918,-82.4835,76600.0,1.164,0.11124,0.7101846896447077,0.293,0.49293,0.17473,0.32031,0.097,102.76,183201.0,OH,E,87246,0.031
1208.8842,Logan,ILN,wc,39091,22.6947,40.3885,-83.7658,62400.0,0.949,0.21928,0.5688183738671604,0.183,0.69903,0.11632,0.14669,0.112,38.1,46057.0,OH,E,27435,0.03
1280.8844,Lorain,CLE,nc,39093,121.23368,41.2955,-82.1512,67100.0,1.02,0.16171,0.7815128486742023,0.279,0.41217,0.33786,0.15829,0.11,248.2,317910.0,OH,E,155286,0.038
901.4631,Lucas,CLE,nw,39095,939.14738,41.62,-83.6586,58000.0,0.881,0.04147,0.8878602138900641,0.285,0.30405,0.50693,0.10156,0.182,471.99,425484.0,OH,E,846607,0.042
1207.439,Madison,ILN,cc,39097,21.07797,39.8941,-83.3999,78500.0,1.194,0.16389,0.4594805131363391,0.224,0.85519,0.08966,0.0498,0.093,36.94,44602.0,OH,E,25450,0.03
1096.2499,Mahoning,CLE,ne,39099,43.21529,41.0146,-80.7753,54800.0,0.833,0.48814,0.5887031606552044,0.264,0.32342,0.32712,0.28509,0.195,205.79,225596.0,OH,E,47375,0.042
1046.7852,Marion,CLE,nc,39101,36.64805,40.5873,-83.1609,59000.0,0.897,0.39966,0.5469340516064239,0.137,0.78108,0.12747,0.07266,0.16,61.95,64851.0,OH,E,38363,0.034
1095.6876,Medina,CLE,ne,39103,52.07728,41.1176,-81.8997,89100.0,1.355,0.30063,0.786548154241332,0.362,0.43141,0.27024,0.25945,0.076,167.97,184042.0,OH,E,57060,0.031
1119.6015,Meigs,RLX,se,39105,2.29367,39.0821,-82.0229,46400.0,0.705,0.12033,0.35173049312780513,0.118,0.19544,0.0846,0.69807,0.208,19.44,21767.0,OH,E,2568,0.054
1225.8584,Mercer,ILN,wc,39107,4.04001,40.54,-84.6293,72100.0,1.096,0.17668,0.19895331519523418,0.222,0.79413,0.1118,0.04702,0.076,34.62,42439.0,OH,E,4952,0.023
1059.9367,Miami,ILN,wc,39109,30.97611,40.0534,-84.2289,72900.0,1.108,0.32258,0.5146801321306541,0.249,0.71752,0.17686,0.0925,0.096,104.61,110876.0,OH,E,32833,0.032
1184.8886,Monroe,PBZ,ec,39111,1.62477,39.7274,-81.0829,56400.0,0.857,0.16956,0.234994545203352,0.107,0.15933,0.07707,0.75057,0.148,11.1,13153.0,OH,E,1925,0.055
1202.8102,Montgomery,ILN,wc,39113,97.8545,39.7545,-84.2906,62800.0,0.955,0.08694,0.7070444253630392,0.305,0.37553,0.48656,0.12126,0.152,443.79,533796.0,OH,E,117700,0.038
1092.473,Morgan,RLX,se,39115,8.33876,39.6203,-81.8527,58800.0,0.894,0.20044,0.4843060665132572,0.142,0.22474,0.07099,0.69118,0.152,12.49,13646.0,OH,E,9110,0.045
1054.858,Morrow,CLE,nc,39117,11.95274,40.524,-82.7941,71800.0,1.092,0.2827,0.8046315382551428,0.182,0.67119,0.09898,0.21917,0.108,33.74,35595.0,OH,E,12608,0.035
1742.0063,Muskingum,PBZ,ec,39119,19.50065,39.9654,-81.9444,58800.0,0.894,0.20751,0.4769152417450499,0.203,0.32675,0.12501,0.52278,0.173,49.54,86305.0,OH,E,33970,0.038
1047.8022,Noble,PBZ,ec,39121,5.46537,39.766,-81.4556,57100.0,0.867,0.0922,0.431312798550486,0.137,0.22938,0.07756,0.66403,0.15,13.66,14311.0,OH,E,5727,0.049
667.7238,Ottawa,CLE,nw,39123,279.2889,41.5381,-83.1467,72800.0,1.106,0.05918,0.7511014817933159,0.285,0.61179,0.19235,0.03341,0.088,59.61,39803.0,OH,E,186488,0.048
1084.8579,Paulding,IWX,wc,39125,5.65853,41.1166,-84.5801,66300.0,1.008,0.17854,0.25309222835440154,0.157,0.82966,0.09484,0.04643,0.101,17.24,18706.0,OH,E,6139,0.031
1068.7308,Perry,RLX,se,39127,19.9408,39.7371,-82.2361,60400.0,0.919,0.16648,0.43533480704444794,0.15,0.30992,0.0909,0.5719,0.137,33.26,35551.0,OH,E,21311,0.04
1312.5038,Pickaway,ILN,cc,39129,11.06987,39.642,-83.0243,75900.0,1.154,0.25555,0.41067747295554985,0.213,0.79585,0.10881,0.08178,0.116,46.54,61086.0,OH,E,14529,0.033
1149.7445,Pike,ILN,sc,39131,2.16388,39.0774,-83.0668,55000.0,0.836,0.13531,0.46193239355118704,0.146,0.24345,0.08426,0.64396,0.195,23.48,27001.0,OH,E,2488,0.046
1313.4123,Portage,CLE,ne,39133,80.25032,41.1676,-81.1962,73000.0,1.109,0.05583,0.9470588235294117,0.315,0.31191,0.21766,0.36889,0.129,123.85,162665.0,OH,E,105402,0.035
1104.1914,Preble,ILN,wc,39135,28.16912,39.7416,-84.6481,67600.0,1.028,0.16121,0.4977661465752366,0.179,0.73857,0.10446,0.15009,0.104,36.73,40556.0,OH,E,31104,0.031
1254.1547,Putnam,IWX,wc,39137,3.38139,41.0221,-84.1317,81800.0,1.243,0.03584,0.19833010494861827,0.263,0.84731,0.10713,0.02605,0.065,27.27,34199.0,OH,E,4241,0.026
1295.7807,Richland,CLE,nc,39139,41.99024,40.7747,-82.5365,54900.0,0.835,0.16124,0.6313792459446786,0.179,0.51636,0.1854,0.27192,0.144,96.52,125064.0,OH,E,54410,0.041
1794.6931,Ross,ILN,sc,39141,3.73056,39.3376,-83.057,60400.0,0.917,0.28474,0.5903480360932988,0.171,0.44559,0.09763,0.44256,0.165,42.63,76501.0,OH,E,6695,0.034
1071.8752,Sandusky,CLE,nw,39143,40.62065,41.3565,-83.145,62500.0,0.95,0.13062,0.6704111052033297,0.191,0.73254,0.14252,0.05981,0.103,54.77,58709.0,OH,E,43540,0.035
1595.3895,Scioto,ILN,sc,39145,14.80121,38.804,-82.9928,48500.0,0.737,0.09561,0.46888687945309143,0.18,0.17588,0.10519,0.69293,0.186,45.11,71969.0,OH,E,23614,0.048
1430.632,Seneca,CLE,nw,39147,6.96387,41.1239,-83.1277,63200.0,0.961,0.26842,0.39873398428350026,0.207,0.78423,0.11272,0.08939,0.128,38.11,54527.0,OH,E,9963,0.036
1064.6552,Shelby,ILN,wc,39149,2.62701,40.3315,-84.2048,72500.0,1.102,0.0497,0.32455598387442,0.206,0.76634,0.12313,0.0986,0.104,44.86,47765.0,OH,E,2797,0.031
1504.5033,Stark,CLE,ne,39151,74.21775,40.8138,-81.3659,64600.0,0.981,0.12345,0.8467445321687049,0.25,0.39879,0.35976,0.20736,0.123,247.73,372716.0,OH,E,111661,0.037
1088.1463,Summit,CLE,ne,39153,184.67888,41.1259,-81.5321,66000.0,1.004,0.10866,0.9947686297402276,0.353,0.07369,0.62475,0.2539,0.129,492.34,535733.0,OH,E,200958,0.037
1643.8352,Trumbull,CLE,ne,39155,47.1861,41.3174,-80.7604,54400.0,0.827,0.08116,0.5809495755563292,0.203,0.30692,0.22891,0.3302,0.172,121.89,200373.0,OH,E,77566,0.044
1480.0703,Tuscarawas,PBZ,ec,39157,10.52143,40.441,-81.4738,59600.0,0.906,0.15566,0.5098198660705922,0.196,0.32477,0.14073,0.49835,0.134,62.07,91874.0,OH,E,15572,0.036
1131.8445,Union,ILN,cc,39159,30.03047,40.2995,-83.3715,105000.0,1.589,0.21189,0.4728931194224739,0.391,0.765,0.13159,0.09294,0.054,61.53,69637.0,OH,E,33990,0.028
1063.1493,Van Wert,IWX,wc,39161,7.86468,40.8554,-84.5861,59400.0,0.903,0.14579,0.28071707341536156,0.17,0.86075,0.10176,0.03251,0.109,27.0,28704.0,OH,E,8361,0.028
1074.7108,Vinton,RLX,se,39163,15.85488,39.251,-82.4854,51000.0,0.775,0.15758,0.647108645615124,0.151,0.12952,0.05927,0.78127,0.188,11.61,12474.0,OH,E,17039,0.048
1054.332,Warren,ILN,sw,39165,55.58954,39.4277,-84.1668,105000.0,1.589,0.20039,0.8818656090978719,0.457,0.426,0.30671,0.2452,0.059,239.15,252148.0,OH,E,58610,0.03
1657.9629,Washington,RLX,se,39167,10.75469,39.4553,-81.4953,59200.0,0.9,0.0295,0.3853592219115911,0.207,0.21245,0.10549,0.66411,0.128,35.33,58577.0,OH,E,17831,0.042
1440.6597,Wayne,CLE,ne,39169,83.57735,40.8289,-81.8883,70100.0,1.066,0.069,0.7647484933875929,0.247,0.65896,0.16251,0.14582,0.092,80.87,116510.0,OH,E,120407,0.028
1095.7192,Williams,IWX,nw,39171,6.80524,41.5603,-84.5882,61000.0,0.927,0.33339,0.3883461423471272,0.142,0.74735,0.11507,0.05137,0.111,33.39,36591.0,OH,E,7457,0.031
1607.0638,Wood,CLE,nw,39173,21.97262,41.3617,-83.623,67300.0,1.022,0.05488,0.5764498966132852,0.374,0.76121,0.18208,0.0356,0.098,82.54,132650.0,OH,E,35311,0.032
1055.7166,Wyandot,CLE,nw,39175,15.31784,40.8424,-83.3044,65600.0,0.998,0.46928,0.3817907027134244,0.207,0.79118,0.09574,0.0903,0.088,20.32,21457.0,OH,E,16171,0.026
1494.5926,Adair,TSA,ne,40001,0.81795,35.8839,-94.6587,47800.0,0.802,0.14887,0.2635943508475453,0.118,0.34944,0.05564,0.56786,0.231,13.13,19627.0,OK,C,1223,0.038
2282.9035,Alfalfa,OUN,nw,40003,6.35119,36.731,-98.324,58000.0,0.973,0.01676,0.13877886290824312,0.207,0.53392,0.0551,0.00689,0.198,2.48,5673.0,OK,C,14499,0.027
2564.2359,Atoka,OUN,se,40005,0.947,34.3737,-96.0378,46200.0,0.774,0.05395,0.20088146264680953,0.153,0.21732,0.03829,0.51,0.2,5.66,14525.0,OK,C,2428,0.038
4707.5592,Beaver,AMA,pa,40007,1.13512,36.7497,-100.4767,64400.0,1.08,0.00318,0.17996862816735745,0.23,0.20554,0.03646,0.00011,0.135,1.07,5018.0,OK,C,5344,0.021
2341.6878,Beckham,OUN,ww,40009,0.65188,35.2687,-99.682,53100.0,0.891,0.04979,0.16214410120612413,0.133,0.20015,0.07572,0.04333,0.218,9.41,22042.0,OK,C,1527,0.03
2431.5937,Blaine,OUN,nw,40011,0.57987,35.8752,-98.4335,54600.0,0.916,0.03191,0.12149689750016428,0.18,0.39445,0.05664,0.07866,0.163,3.51,8539.0,OK,C,1410,0.023
2442.7687,Bryan,OUN,se,40013,1.33346,33.9623,-96.26,53800.0,0.902,0.16179,0.18794416928673635,0.244,0.41631,0.06301,0.25087,0.181,20.05,48967.0,OK,C,3257,0.029
3341.8365,Caddo,OUN,sw,40015,0.61105,35.1744,-98.3751,51100.0,0.856,0.01371,0.1282121006118287,0.155,0.28912,0.06527,0.09287,0.211,7.84,26214.0,OK,C,2042,0.034
2344.4467,Canadian,OUN,cc,40017,2.59543,35.5425,-97.9825,81800.0,1.371,0.01906,0.18007176259712668,0.318,0.3548,0.12342,0.05747,0.079,75.0,175829.0,OK,C,6085,0.027
2159.5309,Carter,OUN,ss,40019,9.15929,34.2509,-97.2858,56100.0,0.94,0.00061,0.2789878111832839,0.2,0.07016,0.07709,0.26774,0.171,22.5,48596.0,OK,C,19780,0.037
2010.6857,Cherokee,TSA,ec,40021,6.43797,35.9066,-94.9997,49400.0,0.828,0.14956,0.36123904797334,0.294,0.28759,0.06512,0.58599,0.187,23.96,48185.0,OK,C,12945,0.035
2074.039,Choctaw,TSA,se,40023,1.93691,34.0265,-95.5521,42000.0,0.704,0.25416,0.20493963646413962,0.152,0.47693,0.04225,0.30201,0.235,6.88,14276.0,OK,C,4017,0.039
4768.0095,Cimarron,AMA,pa,40025,4.1942,36.7483,-102.5178,50900.0,0.854,0.029,0.2326815213669158,0.317,0.32009,0.02467,0.00105,0.174,0.46,2191.0,OK,C,19998,0.02
1446.281,Cleveland,OUN,cc,40027,36.50685,35.2036,-97.3271,70900.0,1.189,0.01729,0.5460449145855104,0.356,0.05835,0.20355,0.33611,0.129,208.25,301193.0,OK,C,52799,0.028
1350.0015,Coal,OUN,se,40029,0.82626,34.5882,-96.2979,44000.0,0.739,0.08606,0.1468135710796979,0.168,0.18837,0.04313,0.38662,0.213,3.9,5266.0,OK,C,1115,0.04
2806.9745,Comanche,OUN,sw,40031,9.82506,34.6621,-98.4717,55600.0,0.932,0.00073,0.20297290942814597,0.242,0.12273,0.09891,0.06831,0.195,43.31,121574.0,OK,C,27579,0.039
1662.8117,Cotton,OUN,sw,40033,1.35994,34.2902,-98.3721,51000.0,0.856,0.04923,0.19477691293437116,0.209,0.38162,0.06262,0.02779,0.173,3.26,5427.0,OK,C,2261,0.031
1975.3998,Craig,TSA,ne,40035,0.51496,36.7617,-95.2086,48900.0,0.82,0.26739,0.15052021464920753,0.149,0.78832,0.05179,0.12309,0.188,7.34,14494.0,OK,C,1017,0.034
2511.9214,Creek,TSA,ne,40037,1.39829,35.9027,-96.3709,57500.0,0.965,0.03303,0.29452721516326513,0.184,0.11081,0.08135,0.49643,0.157,29.19,73332.0,OK,C,3512,0.034
2595.1073,Custer,OUN,ww,40039,1.07026,35.6389,-99.0015,54100.0,0.906,0.04969,0.17393075953755893,0.333,0.33131,0.06303,0.02171,0.182,10.89,28266.0,OK,C,2777,0.028
2052.2813,Delaware,TSA,ne,40041,2.87356,36.4082,-94.8027,54800.0,0.919,0.10123,0.40387174122825625,0.192,0.40305,0.07613,0.43576,0.21,20.32,41703.0,OK,C,5897,0.033
2611.1533,Dewey,OUN,nw,40043,0.11757,35.9877,-99.008,55400.0,0.93,0.01954,0.07997653160768903,0.198,0.19852,0.03987,0.05566,0.138,1.64,4286.0,OK,C,307,0.02
3190.3615,Ellis,OUN,nw,40045,0.34045,36.2184,-99.7546,54100.0,0.907,0.0,0.13771631845877924,0.2,0.09497,0.05821,0.03794,0.14,1.14,3648.0,OK,C,1086,0.023
2744.9613,Garfield,OUN,nn,40047,2.11406,36.379,-97.7828,55500.0,0.931,0.14286,0.09475930352679346,0.223,0.54734,0.08449,0.01796,0.144,22.6,62023.0,OK,C,5803,0.032
2107.5665,Garvin,OUN,ss,40049,0.34635,34.7045,-97.3093,49200.0,0.826,0.00274,0.13219467561326304,0.177,0.11761,0.0627,0.19382,0.18,12.27,25865.0,OK,C,730,0.031
2862.9965,Grady,OUN,cc,40051,0.69938,35.017,-97.884,66900.0,1.122,0.003,0.11282612301493378,0.219,0.16869,0.08266,0.09872,0.131,20.04,57375.0,OK,C,2002,0.029
2599.2933,Grant,OUN,nn,40053,0.51316,36.7961,-97.7861,55700.0,0.933,0.09147,0.09403334411065972,0.227,0.59121,0.05322,0.00351,0.14,1.57,4083.0,OK,C,1334,0.02
1666.4406,Greer,OUN,sw,40055,1.03583,34.9357,-99.5609,40500.0,0.68,0.00753,0.15507425567191463,0.153,0.30485,0.048,0.02205,0.257,3.28,5466.0,OK,C,1726,0.038
1394.8893,Harmon,OUN,sw,40057,0.41365,34.7441,-99.8463,41200.0,0.69,0.03293,0.11845966659262856,0.163,0.32827,0.04126,0.01933,0.251,1.71,2392.0,OK,C,577,0.026
2696.135,Harper,OUN,nw,40059,2.49021,36.7887,-99.6673,65200.0,1.094,0.0137,0.3793136649990371,0.266,0.16983,0.03212,0.00068,0.125,1.18,3190.0,OK,C,6714,0.023
1619.5118,Haskell,TSA,se,40061,0.26047,35.2248,-95.1166,44500.0,0.747,0.22521,0.06684409690964774,0.152,0.48207,0.04836,0.33568,0.174,7.31,11832.0,OK,C,422,0.048
2109.9189,Hughes,OUN,se,40063,0.5659,35.0484,-96.2502,43800.0,0.734,0.08543,0.13008619798500282,0.151,0.21456,0.04902,0.45327,0.242,6.37,13436.0,OK,C,1194,0.04
2083.3103,Jackson,OUN,sw,40065,1.23698,34.588,-99.4148,53500.0,0.897,0.03027,0.1735677595624141,0.242,0.55233,0.07422,0.00758,0.165,11.84,24669.0,OK,C,2577,0.029
2004.0492,Jefferson,OUN,ss,40067,1.90038,34.1111,-97.8359,44200.0,0.741,0.01444,0.11128992461599084,0.157,0.12199,0.03674,0.06572,0.242,2.67,5347.0,OK,C,3808,0.036
1705.195,Johnston,OUN,se,40069,8.34703,34.3165,-96.6606,48500.0,0.813,0.00569,0.3513688730178973,0.213,0.14908,0.03887,0.3295,0.199,5.99,10216.0,OK,C,14233,0.038
2447.9693,Kay,OUN,nn,40071,1.24636,36.818,-97.1439,53100.0,0.89,0.02556,0.12671687588940841,0.185,0.46288,0.07099,0.0267,0.188,17.83,43641.0,OK,C,3051,0.036
2346.518,Kingfisher,OUN,cc,40073,0.30559,35.9454,-97.9421,73000.0,1.225,0.1297,0.12487122412741765,0.228,0.51438,0.06411,0.02617,0.12,6.6,15481.0,OK,C,717,0.023
2671.132,Kiowa,OUN,sw,40075,1.06355,34.9163,-98.9808,45000.0,0.754,0.07392,0.11238250072537523,0.184,0.43897,0.0652,0.00961,0.217,3.14,8398.0,OK,C,2841,0.036
1888.3597,Latimer,TSA,se,40077,0.31191,34.8761,-95.2504,42400.0,0.711,0.10696,0.14396054667577216,0.104,0.22063,0.04788,0.67644,0.231,5.04,9526.0,OK,C,589,0.047
4164.8961,Le Flore,TSA,se,40079,1.03416,34.9001,-94.7035,47000.0,0.789,0.05851,0.19413251233730414,0.148,0.29003,0.05269,0.58865,0.21,11.91,49596.0,OK,C,4307,0.04
2500.879,Lincoln,OUN,cc,40081,1.60289,35.703,-96.8809,54900.0,0.921,0.0015,0.207442367990324,0.155,0.05477,0.06232,0.308,0.205,13.82,34562.0,OK,C,4009,0.032
1939.8957,Logan,OUN,cc,40083,3.96128,35.9194,-97.4434,76300.0,1.28,0.01523,0.31114366218208284,0.305,0.14952,0.07485,0.18985,0.112,27.34,53029.0,OK,C,7684,0.031
1377.9235,Love,OUN,ss,40085,2.11738,33.9499,-97.2442,64700.0,1.085,0.00103,0.22661675836565348,0.16,0.11576,0.04979,0.31357,0.144,7.47,10296.0,OK,C,2918,0.027
1502.3353,McClain,OUN,cc,40087,2.32018,35.0087,-97.4436,75500.0,1.266,0.04418,0.5194918353735936,0.28,0.11164,0.07925,0.15205,0.095,31.33,47072.0,OK,C,3486,0.029
4929.4356,McCurtain,SHV,se,40089,3.37494,34.115,-94.7712,44500.0,0.746,0.02733,0.24730234617087204,0.155,0.20621,0.05648,0.54537,0.222,6.22,30660.0,OK,C,16637,0.042
1845.1982,McIntosh,TSA,se,40091,0.65368,35.3737,-95.6668,43700.0,0.733,0.10363,0.17251174064535676,0.144,0.32163,0.05755,0.38634,0.192,10.62,19603.0,OK,C,1206,0.054
2481.0767,Major,OUN,nw,40093,0.59772,36.3116,-98.536,63800.0,1.071,0.03372,0.21264481591721862,0.18,0.31375,0.0447,0.06931,0.123,3.06,7581.0,OK,C,1483,0.026
1106.0988,Marshall,OUN,se,40095,1.62041,34.0245,-96.769,51300.0,0.861,0.01618,0.26129451367152895,0.169,0.08265,0.06299,0.28441,0.157,14.44,15970.0,OK,C,1792,0.032
1770.2174,Mayes,TSA,ne,40097,1.46925,36.3018,-95.2309,50200.0,0.841,0.07959,0.24917442926737834,0.165,0.55336,0.07938,0.30574,0.169,22.53,39889.0,OK,C,2601,0.032
1100.4635,Murray,OUN,ss,40099,2.2273,34.4823,-97.0679,60300.0,1.011,0.00082,0.25805483890322195,0.178,0.06816,0.0526,0.24009,0.126,12.5,13754.0,OK,C,2451,0.034
2173.1214,Muskogee,TSA,ec,40101,1.77901,35.6161,-95.3794,53000.0,0.889,0.26332,0.2713708511015518,0.19,0.57698,0.09372,0.25574,0.208,30.68,66677.0,OK,C,3866,0.039
1922.9246,Noble,OUN,nn,40103,3.3499,36.3886,-97.2306,61400.0,1.03,0.01397,0.26304901088263305,0.203,0.29976,0.0573,0.0725,0.133,5.63,10832.0,OK,C,6442,0.026
1504.5381,Nowata,TSA,ne,40105,0.23847,36.7985,-95.6174,54300.0,0.911,0.30658,0.10183202202335409,0.164,0.57597,0.04367,0.15257,0.174,6.27,9438.0,OK,C,359,0.03
1629.1776,Okfuskee,TSA,ec,40107,0.4536,35.4655,-96.3228,43500.0,0.73,0.04465,0.17486669801621144,0.131,0.20794,0.04403,0.42836,0.25,6.94,11300.0,OK,C,739,0.041
1860.3655,Oklahoma,OUN,cc,40109,57.68138,35.5515,-97.4072,61600.0,1.033,0.0006,0.7117469036223286,0.351,0.03629,0.45323,0.19996,0.16,434.79,808866.0,OK,C,107308,0.032
1818.9131,Okmulgee,TSA,ne,40111,1.2414,35.6467,-95.9643,45800.0,0.767,0.38485,0.17569302249132746,0.173,0.42753,0.07189,0.37803,0.193,20.36,37035.0,OK,C,2258,0.042
5966.8585,Osage,TSA,ne,40113,2.08029,36.6292,-96.3984,58700.0,0.984,0.09734,0.2684251284197133,0.215,0.07972,0.03729,0.25122,0.142,7.73,46130.0,OK,C,12413,0.037
1255.4756,Ottawa,TSA,ne,40115,1.35194,36.8355,-94.8105,47900.0,0.803,0.09427,0.29357775841452,0.15,0.61829,0.08466,0.20801,0.216,24.12,30287.0,OK,C,1697,0.03
1540.8984,Pawnee,TSA,ne,40117,2.21175,36.3169,-96.6993,54700.0,0.917,0.00176,0.18589902284873816,0.163,0.0802,0.05653,0.29385,0.172,10.3,15864.0,OK,C,3408,0.035
1805.4215,Payne,OUN,cc,40119,38.9653,36.0773,-96.9757,51200.0,0.859,0.00485,0.4682609775618911,0.401,0.07228,0.09714,0.22176,0.22,46.17,83352.0,OK,C,70349,0.03
3568.8439,Pittsburg,TSA,se,40121,0.52958,34.9239,-95.7484,47900.0,0.804,0.08624,0.11046063204381125,0.197,0.19555,0.06768,0.50328,0.184,12.18,43479.0,OK,C,1890,0.045
1878.9548,Pontotoc,OUN,ec,40123,0.56376,34.7281,-96.6844,56100.0,0.94,0.01322,0.22307115163275967,0.297,0.12192,0.06861,0.35019,0.139,20.43,38396.0,OK,C,1059,0.031
2054.4967,Pottawatomie,OUN,cc,40125,1.48404,35.2068,-96.9483,52700.0,0.884,0.0023,0.1589352155832786,0.21,0.08007,0.08379,0.35358,0.171,35.92,73791.0,OK,C,3049,0.036
3684.8942,Pushmataha,TSA,se,40127,0.3878,34.4162,-95.3758,39300.0,0.658,0.10847,0.25583617355340255,0.143,0.12755,0.0403,0.69471,0.236,2.93,10800.0,OK,C,1429,0.039
2969.5371,Roger Mills,OUN,ww,40129,0.40815,35.6883,-99.6957,55200.0,0.925,0.00825,0.1484882480428689,0.239,0.09915,0.0551,0.05779,0.183,1.11,3295.0,OK,C,1212,0.024
1842.6411,Rogers,TSA,ne,40131,3.51042,36.3716,-95.6044,73000.0,1.223,0.07204,0.3354915275018781,0.256,0.53366,0.12434,0.22778,0.096,54.4,100248.0,OK,C,6468,0.029
1658.8375,Seminole,OUN,ec,40133,0.64766,35.1674,-96.6156,44100.0,0.74,0.00372,0.11333623272053295,0.151,0.13346,0.06645,0.44499,0.19,14.21,23565.0,OK,C,1074,0.048
1851.3906,Sequoyah,TSA,ec,40135,5.00081,35.4953,-94.7549,47500.0,0.796,0.09548,0.309094366310859,0.152,0.35538,0.0683,0.47264,0.223,21.76,40291.0,OK,C,9258,0.037
2307.8938,Stephens,OUN,ss,40137,1.66775,34.4856,-97.8514,55300.0,0.928,0.00156,0.1879376858968696,0.195,0.06623,0.07118,0.15554,0.149,19.07,44014.0,OK,C,3849,0.035
5306.3483,Texas,AMA,pa,40139,0.63391,36.7479,-101.49,60700.0,1.018,0.03062,0.10285788608657608,0.244,0.40116,0.04076,1e-05,0.115,3.84,20371.0,OK,C,3364,0.021
2277.0998,Tillman,OUN,sw,40141,1.25553,34.3728,-98.9242,44300.0,0.743,0.24298,0.14098581403682775,0.173,0.54594,0.06433,0.00593,0.197,3.02,6869.0,OK,C,2859,0.047
1520.1192,Tulsa,TSA,ne,40143,57.65824,36.1211,-95.9414,63400.0,1.064,0.11829,0.7679226157337066,0.337,0.26694,0.46312,0.18833,0.151,449.22,682868.0,OK,C,87647,0.032
1530.8533,Wagoner,TSA,ne,40145,5.55011,35.9609,-95.5212,73900.0,1.238,0.30636,0.4606729131452877,0.269,0.54137,0.11303,0.2512,0.104,58.32,89280.0,OK,C,8496,0.032
1098.6043,Washington,TSA,ne,40147,5.66837,36.7152,-95.9044,61700.0,1.035,0.09073,0.3497118483854361,0.305,0.45625,0.0944,0.17661,0.151,48.89,53706.0,OK,C,6227,0.034
2612.1599,Washita,OUN,ww,40149,0.38936,35.2904,-98.9923,54800.0,0.919,0.05309,0.06943585071156108,0.204,0.50659,0.06881,0.00954,0.174,4.11,10736.0,OK,C,1017,0.031
3341.322,Woods,OUN,nw,40151,0.77652,36.7669,-98.8651,54000.0,0.906,0.01041,0.12340096494416293,0.325,0.22661,0.0385,0.006,0.18,2.56,8564.0,OK,C,2595,0.019
3227.1303,Woodward,OUN,nw,40153,2.04968,36.4227,-99.265,61200.0,1.027,0.00317,0.17864266257057526,0.216,0.13381,0.04662,0.03804,0.147,6.18,19947.0,OK,C,6615,0.03
7998.8893,Baker,BOI,ne,41001,2.62119,44.7092,-117.6753,54400.0,0.719,0.04514,0.5490198495218542,0.27,0.06391,0.02377,0.28151,0.162,2.11,16912.0,OR,P,20967,0.043
1758.3289,Benton,PQR,ww,41003,179.09807,44.4922,-123.4292,70100.0,0.927,0.23449,0.9613691095939404,0.544,0.25738,0.0705,0.55333,0.162,55.57,97713.0,OR,P,314913,0.03
4865.7164,Clackamas,PQR,nw,41005,24.29473,45.1887,-122.2214,96900.0,1.281,0.14556,0.7123807599812925,0.397,0.13371,0.11291,0.57974,0.069,86.97,423173.0,OR,P,118211,0.034
2159.0632,Clatsop,PQR,nw,41007,46.84769,45.9895,-123.6547,63700.0,0.842,0.03795,0.7453447802736289,0.263,0.02126,0.04662,0.66436,0.153,19.04,41102.0,OR,P,101147,0.037
1782.8495,Columbia,PQR,nw,41009,45.73443,45.9439,-123.0881,77600.0,1.026,0.16262,0.7177846793547311,0.192,0.07863,0.0692,0.59257,0.098,30.22,53880.0,OR,P,81538,0.044
4212.6005,Coos,MFR,sw,41011,15.32508,43.1739,-124.0594,56000.0,0.74,0.02138,0.47132209481957443,0.217,0.03471,0.04801,0.72614,0.16,15.24,64212.0,OR,P,64558,0.045
7737.2876,Crook,PDT,cc,41013,3.07916,44.1422,-120.3566,69600.0,0.92,0.10624,0.7262817154404612,0.225,0.0311,0.02092,0.22311,0.128,3.48,26952.0,OR,P,23824,0.055
4232.2819,Curry,MFR,sw,41015,7.21429,42.4578,-124.1567,54600.0,0.722,0.06206,0.7427611125115535,0.242,0.01266,0.03129,0.64448,0.158,5.5,23296.0,OR,P,30533,0.046
7911.789,Deschutes,PDT,cc,41017,25.75237,43.9149,-121.2279,84300.0,1.114,0.002,0.8301616512265,0.434,0.02175,0.06396,0.37456,0.087,26.35,208513.0,OR,P,203747,0.037
13131.9402,Douglas,MFR,sw,41019,3.79421,43.2796,-123.1662,55800.0,0.738,0.06418,0.5810283309285815,0.189,0.06579,0.04046,0.68275,0.16,8.56,112435.0,OR,P,49825,0.047
3167.0473,Gilliam,PDT,nc,41021,1.03909,45.378,-120.2109,69000.0,0.913,0.11702,0.11284438578086574,0.209,0.2645,0.02217,0.00302,0.118,0.64,2026.0,OR,P,3291,0.042
11730.2654,Grant,PDT,cc,41023,1.08142,44.4912,-119.0074,58300.0,0.771,0.00765,0.5043701060798352,0.197,0.0032,0.02159,0.51173,0.153,0.62,7215.0,OR,P,12685,0.05
26486.733,Harney,BOI,se,41025,5.8904,43.064,-118.9679,56000.0,0.74,0.05292,0.4406612494847789,0.156,0.02539,0.00885,0.06643,0.152,0.28,7440.0,OR,P,156018,0.042
1381.7331,Hood River,PQR,nw,41027,17.93708,45.519,-121.6512,75800.0,1.002,0.02724,0.8882929157480852,0.394,0.05732,0.06114,0.66528,0.1,17.18,23745.0,OR,P,24784,0.03
7256.042,Jackson,MFR,sw,41029,26.49891,42.4321,-122.7284,68200.0,0.902,0.09552,0.8503810355885725,0.306,0.04914,0.06936,0.62678,0.126,30.43,220768.0,OR,P,192277,0.043
4639.4513,Jefferson,PDT,cc,41031,4.86228,44.6294,-121.1754,65600.0,0.867,0.01441,0.6819350383095353,0.2,0.05361,0.03249,0.20227,0.139,5.49,25454.0,OR,P,22558,0.046
4251.6172,Josephine,MFR,sw,41033,11.1464,42.3654,-123.5555,55000.0,0.727,0.01859,0.8309011277395562,0.197,0.02385,0.06373,0.57579,0.151,20.66,87821.0,OR,P,47390,0.051
15891.1657,Klamath,MFR,sc,41035,6.00907,42.6863,-121.6501,55000.0,0.727,0.13246,0.4391261807134585,0.215,0.05739,0.04071,0.49684,0.193,4.41,70003.0,OR,P,95491,0.052
21647.6851,Lake,MFR,sc,41037,2.13145,42.7934,-120.3874,54700.0,0.723,0.07078,0.2495410631018281,0.209,0.02344,0.01458,0.13549,0.17,0.38,8293.0,OR,P,46141,0.05
11955.769,Lane,PQR,ww,41039,30.87832,43.9386,-122.847,64200.0,0.849,0.16062,0.9076216911053727,0.334,0.06618,0.051,0.69928,0.147,31.88,381181.0,OR,P,369174,0.04
2545.5483,Lincoln,PQR,ww,41041,53.95414,44.6421,-123.8668,57200.0,0.756,0.00545,0.8844414634674052,0.288,0.01635,0.04336,0.78892,0.154,19.96,50821.0,OR,P,137343,0.042
5983.0838,Linn,PQR,nw,41043,11.18228,44.4886,-122.5342,67300.0,0.889,0.33246,0.7508975428274565,0.208,0.23337,0.05762,0.56259,0.142,21.98,131496.0,OR,P,66905,0.041
25717.8203,Malheur,BOI,se,41045,0.42907,43.1934,-117.6231,49400.0,0.653,0.0251,0.35950354418987474,0.155,0.03639,0.00976,0.00498,0.197,1.25,32044.0,OR,MP,11035,0.037
3093.8611,Marion,PQR,nw,41047,49.6065,44.9035,-122.5826,70900.0,0.937,0.2958,0.6491736407262032,0.26,0.37025,0.12537,0.21779,0.141,112.07,346741.0,OR,P,153476,0.037
5305.6418,Morrow,PDT,ne,41049,1.60022,45.4188,-119.5843,67500.0,0.893,0.1967,0.11640990747963624,0.098,0.2961,0.03194,0.13442,0.132,2.32,12302.0,OR,P,8490,0.034
1205.9211,Multnomah,PQR,nw,41051,412.78013,45.5469,-122.4157,79400.0,1.05,0.07089,0.9863615699348387,0.486,0.08375,0.35596,0.38475,0.128,654.85,789698.0,OR,P,497780,0.036
1927.4079,Polk,PQR,nw,41053,48.57354,44.9034,-123.4134,77200.0,1.02,0.15402,0.8735733157286856,0.306,0.35313,0.06979,0.43731,0.118,46.59,89805.0,OR,P,93621,0.038
2152.9732,Sherman,PDT,nc,41055,9.65886,45.4052,-120.6894,71500.0,0.945,0.03803,0.2934591732264779,0.161,0.43159,0.02981,7e-05,0.145,0.91,1951.0,OR,P,20795,0.038
2857.4457,Tillamook,PQR,nw,41057,41.67972,45.463,-123.7086,64900.0,0.858,0.02323,0.9431876477392749,0.251,0.03131,0.03177,0.77532,0.115,9.59,27417.0,OR,P,119098,0.038
8369.085,Umatilla,PDT,ne,41059,4.67367,45.5919,-118.7369,71000.0,0.939,0.04131,0.2653334322054098,0.18,0.28422,0.04264,0.26657,0.165,9.57,80053.0,OR,P,39114,0.041
5279.4982,Union,PDT,ne,41061,16.62959,45.3104,-118.009,57100.0,0.755,0.14605,0.8446658436036613,0.249,0.11073,0.03232,0.56603,0.136,4.91,25944.0,OR,P,87796,0.039
8163.1996,Wallowa,PDT,ne,41063,2.89906,45.5798,-117.1811,61600.0,0.815,0.02823,0.7692448316402273,0.369,0.03498,0.01389,0.4201,0.13,0.94,7674.0,OR,P,23666,0.044
6203.078,Wasco,PDT,nc,41065,7.16381,45.16,-121.1682,60500.0,0.8,0.04831,0.3680935328727012,0.218,0.09024,0.03112,0.20319,0.136,4.25,26333.0,OR,P,44438,0.04
1881.5901,Washington,PQR,nw,41067,172.69863,45.5601,-123.0985,98700.0,1.305,0.14936,0.9214987522499627,0.467,0.25029,0.21854,0.41403,0.081,318.28,598865.0,OR,P,324948,0.032
4442.9352,Wheeler,PDT,ne,41069,1.29442,44.7261,-120.0275,49700.0,0.657,0.00209,0.4888997526887905,0.204,0.00703,0.01319,0.27593,0.184,0.32,1436.0,OR,P,5751,0.028
1860.3505,Yamhill,PQR,nw,41071,17.26151,45.2326,-123.3081,78000.0,1.031,0.26101,0.8092163758803637,0.292,0.37925,0.08709,0.41832,0.106,58.4,108644.0,OR,P,32112,0.035
1350.5888,Adams,CTP,sc,42001,36.27846,39.8715,-77.2179,76600.0,1.066,0.31308,0.6213359645067584,0.248,0.48294,0.15711,0.32286,0.093,79.04,106748.0,PA,E,48997,0.026
1928.6999,Allegheny,PBZ,sw,42003,171.87974,40.4688,-79.9812,72000.0,1.003,0.08748,0.8785662033650329,0.448,0.05091,0.56834,0.35556,0.116,635.05,1224825.0,PA,E,331504,0.033
1720.9255,Armstrong,PBZ,wc,42005,14.34649,40.8125,-79.4645,57600.0,0.802,0.1256,0.5931855177085545,0.189,0.25879,0.10992,0.59975,0.119,37.23,64074.0,PA,E,24689,0.039
1149.5271,Beaver,PBZ,ww,42007,24.24278,40.6823,-80.3493,67100.0,0.935,0.1569,0.7600420269942617,0.283,0.17443,0.23648,0.55715,0.104,144.09,165631.0,PA,E,27868,0.041
2635.1086,Bedford,CTP,sc,42009,13.3315,40.0066,-78.4902,55500.0,0.773,0.2568,0.5249684900620164,0.163,0.22461,0.07366,0.68689,0.112,17.97,47350.0,PA,E,35130,0.035
2242.3895,Berks,PHI,ee,42011,68.01293,40.4164,-75.926,72200.0,1.005,0.15657,0.8434224071373424,0.272,0.37447,0.22585,0.37367,0.119,193.02,432821.0,PA,E,152511,0.035
1365.1426,Blair,CTP,cc,42013,33.75053,40.4813,-78.3486,57900.0,0.806,0.0209,0.7554677096623511,0.241,0.18912,0.14784,0.64713,0.144,88.1,120273.0,PA,E,46074,0.033
3007.0788,Bradford,BGM,ne,42015,3.04505,41.7886,-76.5157,63500.0,0.885,0.14197,0.2653654630155149,0.212,0.31703,0.08509,0.55759,0.139,19.85,59695.0,PA,E,9157,0.033
1611.1892,Bucks,PHI,se,42017,205.46454,40.337,-75.1067,105000.0,1.465,0.07259,0.9792897751482171,0.439,0.22943,0.40441,0.29256,0.067,400.94,645984.0,PA,E,331042,0.03
2058.4013,Butler,PBZ,wc,42019,50.99761,40.9117,-79.913,81500.0,1.135,0.06724,0.7526854395604395,0.386,0.25441,0.17886,0.5382,0.093,96.39,198413.0,PA,E,104974,0.031
1796.0491,Cambria,CTP,cc,42021,8.54243,40.4954,-78.7136,54600.0,0.761,0.0352,0.5734422697073083,0.23,0.15621,0.13778,0.65295,0.132,72.75,130668.0,PA,E,15343,0.041
1032.5086,Cameron,CTP,nc,42023,14.5836,41.4368,-78.2038,50300.0,0.701,0.09709,0.8082785624388198,0.113,0.01247,0.02402,0.93027,0.153,4.24,4380.0,PA,E,15058,0.05
1002.8749,Carbon,PHI,ne,42025,43.77578,40.9183,-75.7088,64800.0,0.902,0.05412,0.8569361108763627,0.183,0.085,0.12462,0.73492,0.12,65.27,65458.0,PA,E,43902,0.039
2879.7273,Centre,CTP,cc,42027,87.17658,40.919,-77.8196,67700.0,0.942,0.18457,0.9130762467026756,0.465,0.15423,0.09015,0.72185,0.171,54.8,157795.0,PA,E,251045,0.027
1967.7103,Chester,PHI,se,42029,241.06364,39.9733,-75.7483,117000.0,1.634,0.28784,0.9738816863417502,0.566,0.33358,0.34641,0.28428,0.062,279.4,549784.0,PA,E,474343,0.026
1576.9222,Clarion,PBZ,wc,42031,17.58211,41.1925,-79.421,57800.0,0.806,0.21183,0.6167700585707017,0.233,0.26354,0.08453,0.61873,0.142,23.44,36970.0,PA,E,27726,0.042
2988.307,Clearfield,CTP,cc,42033,6.81532,41.0002,-78.4741,59300.0,0.826,0.0301,0.42538746008237377,0.201,0.10029,0.07743,0.73537,0.154,25.8,77090.0,PA,E,20366,0.039
2325.9344,Clinton,CTP,nc,42035,15.22103,41.2341,-77.6385,58900.0,0.82,0.08197,0.8338184735273892,0.213,0.06755,0.04828,0.85705,0.155,16.17,37607.0,PA,E,35403,0.04
1268.7361,Columbia,CTP,cc,42037,11.10223,41.0486,-76.4052,59100.0,0.824,0.05606,0.6227077839042837,0.249,0.31093,0.12012,0.54283,0.126,51.58,65439.0,PA,E,14086,0.036
2687.6548,Crawford,CLE,nw,42039,18.79888,41.6848,-80.1063,54800.0,0.763,0.08378,0.6350846152962397,0.212,0.29123,0.09767,0.49384,0.126,30.51,82001.0,PA,E,50525,0.037
1427.582,Cumberland,CTP,sc,42041,94.46381,40.1637,-77.2651,81300.0,1.132,0.07067,0.9118885638976001,0.396,0.3882,0.24622,0.34363,0.082,189.65,270738.0,PA,E,134855,0.027
1444.0256,Dauphin,CTP,sc,42043,59.80258,40.4155,-76.7793,67800.0,0.945,0.13533,0.7647336293711436,0.343,0.24517,0.23235,0.45357,0.129,200.3,289234.0,PA,E,86356,0.032
494.3787,Delaware,PHI,se,42045,523.63638,39.9166,-75.3991,83900.0,1.168,0.0188,0.9999529411764706,0.416,0.03878,0.70448,0.20375,0.108,1166.56,576720.0,PA,E,258875,0.032
2155.4685,Elk,CTP,nc,42047,5.4924,41.4252,-78.6492,57600.0,0.802,0.01762,0.5897685519580441,0.199,0.03989,0.04258,0.86945,0.1,14.01,30198.0,PA,E,11839,0.033
2082.5636,Erie,CLE,nw,42049,58.2832,41.9917,-80.0322,56500.0,0.787,0.05166,0.6039163056513649,0.296,0.29679,0.18898,0.41952,0.145,128.48,267571.0,PA,E,121378,0.038
2066.7849,Fayette,PBZ,sw,42051,17.71427,39.9198,-79.6474,51500.0,0.717,0.04376,0.5746284804265226,0.189,0.20129,0.13136,0.63818,0.189,59.96,123915.0,PA,E,36612,0.045
1117.3034,Forest,PBZ,nw,42053,10.61625,41.5132,-79.2361,43400.0,0.604,0.15861,0.857567234459438,0.121,0.02547,0.02791,0.90143,0.248,5.77,6449.0,PA,E,11862,0.052
2001.089,Franklin,CTP,sc,42055,59.08133,39.9275,-77.7212,73700.0,1.027,0.10887,0.765139925276052,0.24,0.43251,0.15467,0.39841,0.082,78.88,157854.0,PA,E,118227,0.029
1134.6404,Fulton,CTP,sc,42057,29.77387,39.9255,-78.1124,64400.0,0.897,0.06696,0.7712755487874362,0.171,0.22963,0.06651,0.68905,0.127,12.75,14468.0,PA,E,33783,0.031
1497.0026,Greene,PBZ,sw,42059,7.08523,39.8538,-80.2229,63100.0,0.879,0.20569,0.4757488123551746,0.211,0.19674,0.10028,0.67669,0.155,22.95,34357.0,PA,E,10607,0.037
2302.4062,Huntingdon,CTP,cc,42061,44.14965,40.417,-77.9812,58200.0,0.81,0.16854,0.7816827291178008,0.182,0.16094,0.06471,0.74612,0.13,18.9,43514.0,PA,E,101650,0.043
2160.509,Indiana,PBZ,wc,42063,40.83049,40.6521,-79.0875,53000.0,0.739,0.02993,0.7064493825166671,0.269,0.24763,0.10781,0.61394,0.165,38.46,83094.0,PA,E,88215,0.041
1701.2606,Jefferson,PBZ,wc,42065,10.06963,41.1281,-78.9995,54200.0,0.756,0.41562,0.4534288268705705,0.175,0.21964,0.0841,0.65774,0.188,25.64,43612.0,PA,E,17131,0.038
1019.3185,Juniata,CTP,cc,42067,30.3611,40.5311,-77.402,62700.0,0.873,0.1283,0.7614103417889262,0.15,0.26257,0.08629,0.63504,0.108,22.8,23243.0,PA,E,30948,0.034
1202.7818,Lackawanna,BGM,ne,42069,37.3318,41.437,-75.6092,61200.0,0.852,0.03007,0.7545057972678222,0.301,0.10413,0.22188,0.59105,0.161,179.69,216123.0,PA,E,44902,0.037
2548.1694,Lancaster,CTP,sc,42071,114.29383,40.0424,-76.2477,82400.0,1.148,0.15299,0.8870272649707351,0.31,0.52012,0.26613,0.16783,0.086,219.21,558589.0,PA,E,291240,0.027
939.7349,Lawrence,PBZ,ww,42073,24.47551,40.9912,-80.3342,58700.0,0.818,0.08778,0.7858275177201581,0.228,0.36773,0.18091,0.41191,0.136,89.89,84472.0,PA,E,23000,0.042
939.2998,Lebanon,CTP,sc,42075,78.44019,40.3672,-76.4577,69500.0,0.968,0.16076,0.8860744588587746,0.24,0.42335,0.23008,0.3259,0.087,153.57,144252.0,PA,E,73679,0.028
902.0114,Lehigh,PHI,ee,42077,107.80464,40.6129,-75.5924,72600.0,1.011,0.03169,0.9008707542921383,0.334,0.30349,0.40449,0.27574,0.121,418.79,377754.0,PA,E,97241,0.036
2349.3939,Luzerne,BGM,ne,42079,47.1787,41.1771,-75.9889,59400.0,0.827,0.25797,0.7344792066762108,0.25,0.08778,0.18345,0.65834,0.164,139.35,327388.0,PA,E,110841,0.043
3221.396,Lycoming,CTP,nc,42081,23.07127,41.3433,-77.0645,61700.0,0.86,0.15689,0.587152893944463,0.248,0.14187,0.08134,0.75139,0.128,34.99,112724.0,PA,E,74322,0.035
2548.9931,McKean,CTP,nc,42083,2.29592,41.8078,-78.569,58100.0,0.809,0.10184,0.3120723773083411,0.203,0.04834,0.04386,0.84571,0.159,15.5,39519.0,PA,E,5852,0.044
1767.9178,Mercer,PBZ,nw,42085,19.61712,41.3022,-80.2577,57700.0,0.804,0.06741,0.6604347417454285,0.251,0.34665,0.14766,0.45377,0.126,61.37,108503.0,PA,E,34681,0.038
1073.592,Mifflin,CTP,cc,42087,13.83788,40.6104,-77.6171,57100.0,0.795,0.22018,0.6961380830668746,0.132,0.24566,0.09368,0.64593,0.152,42.77,45922.0,PA,E,14856,0.035
1599.1246,Monroe,PHI,ne,42089,54.75081,41.0582,-75.3394,79800.0,1.112,0.10038,0.912818060280643,0.279,0.05176,0.18193,0.6644,0.096,103.84,166053.0,PA,E,87553,0.045
1262.4766,Montgomery,PHI,se,42091,378.68415,40.2109,-75.3672,107000.0,1.487,0.14613,0.9940550373884378,0.523,0.14168,0.6342,0.19671,0.069,688.13,868742.0,PA,E,478080,0.028
342.5162,Montour,CTP,cc,42093,57.47563,41.028,-76.6586,76200.0,1.062,0.04993,0.8011937248031983,0.366,0.46815,0.15252,0.35789,0.098,52.14,17860.0,PA,E,19686,0.027
977.3069,Northampton,PHI,ee,42095,115.00774,40.7543,-75.3074,75500.0,1.051,0.23824,0.9303057019002268,0.338,0.30175,0.36105,0.29896,0.098,326.5,319091.0,PA,E,112398,0.035
1236.4199,Northumberland,CTP,cc,42097,14.40126,40.852,-76.7091,57800.0,0.805,0.11008,0.5360670293041302,0.192,0.34386,0.13944,0.45648,0.123,72.89,90120.0,PA,E,17806,0.04
1439.2824,Perry,CTP,sc,42099,22.15146,40.3984,-77.2622,67800.0,0.945,0.38153,0.6875250430740875,0.186,0.2497,0.08338,0.65296,0.101,32.02,46083.0,PA,E,31882,0.029
369.3914,Philadelphia,PHI,se,42101,946.66283,40.0076,-75.1338,56400.0,0.785,0.00488,1.0,0.346,0.00373,0.87084,0.05802,0.203,4197.56,1550542.0,PA,E,349689,0.042
1467.5335,Pike,BGM,ne,42103,31.124,41.3321,-75.0338,81900.0,1.141,0.01957,0.809045757159463,0.289,0.01159,0.09306,0.77431,0.1,41.73,61247.0,PA,E,45676,0.046
2800.8624,Potter,CTP,nc,42105,5.16394,41.745,-77.8958,53900.0,0.751,0.03533,0.33894145098276546,0.171,0.09557,0.03528,0.83987,0.127,5.71,15999.0,PA,E,14463,0.048
2026.7792,Schuylkill,CTP,cc,42107,31.32463,40.7059,-76.216,63700.0,0.887,0.10424,0.7093456430191124,0.191,0.16437,0.12588,0.6401,0.142,70.94,143786.0,PA,E,63488,0.04
860.2416,Snyder,CTP,cc,42109,20.06542,40.77,-77.0701,62400.0,0.869,0.15366,0.650096805566847,0.214,0.34754,0.12529,0.5104,0.109,46.17,39717.0,PA,E,17261,0.034
2800.4547,Somerset,CTP,sc,42111,10.73009,39.9725,-79.0283,50500.0,0.704,0.07371,0.638943944322566,0.173,0.23387,0.08556,0.62746,0.12,25.78,72197.0,PA,E,30049,0.04
1171.5679,Sullivan,CTP,nc,42113,8.41785,41.446,-76.5119,60000.0,0.835,0.02048,0.4918446174475154,0.197,0.07668,0.04214,0.8346,0.138,4.98,5834.0,PA,E,9862,0.039
2155.8644,Susquehanna,BGM,ne,42115,23.24078,41.8214,-75.8008,63400.0,0.883,0.27219,0.6077679679836099,0.198,0.24037,0.08732,0.61709,0.12,17.68,38109.0,PA,E,50104,0.032
2945.4363,Tioga,CTP,nc,42117,29.14832,41.7721,-77.2543,61200.0,0.852,0.05003,0.5851923324840748,0.215,0.23001,0.06558,0.6775,0.13,13.87,40840.0,PA,E,85855,0.038
821.3895,Union,CTP,cc,42119,24.77916,40.963,-77.0621,65500.0,0.913,0.30109,0.7405698972353378,0.264,0.29187,0.11077,0.57738,0.113,51.18,42042.0,PA,E,20353,0.029
1769.1371,Venango,PBZ,nw,42121,4.68444,41.401,-79.758,52400.0,0.731,0.09197,0.4948080629617732,0.197,0.12677,0.08069,0.76288,0.138,27.94,49431.0,PA,E,8287,0.042
2325.322,Warren,CTP,nc,42123,4.99517,41.8147,-79.2741,56700.0,0.79,0.02893,0.3891872096340803,0.195,0.09087,0.05308,0.79045,0.114,16.16,37572.0,PA,E,11615,0.037
2229.8482,Washington,PBZ,sw,42125,30.75405,40.1894,-80.2482,70800.0,0.986,0.08321,0.5929200899162506,0.328,0.28421,0.18629,0.51195,0.095,94.28,210232.0,PA,E,68577,0.034
1943.8102,Wayne,BGM,ne,42127,13.22662,41.6487,-75.3033,57000.0,0.794,0.224,0.6282633779432626,0.216,0.16098,0.08719,0.66443,0.128,26.37,51262.0,PA,E,25710,0.039
2684.2282,Westmoreland,PBZ,sw,42129,24.98283,40.3107,-79.4668,71200.0,0.991,0.08463,0.7719741851105073,0.318,0.21532,0.22382,0.54075,0.108,130.82,351163.0,PA,E,67060,0.035
1048.5214,Wyoming,BGM,ne,42131,15.77551,41.5184,-76.0165,67600.0,0.942,0.1541,0.6340862402958929,0.215,0.17613,0.08232,0.67773,0.135,24.7,25902.0,PA,E,16541,0.037
2357.51,York,CTP,sc,42133,45.06366,39.9199,-76.7265,79900.0,1.114,0.08623,0.7532432108162018,0.272,0.4073,0.26414,0.31083,0.085,197.09,464640.0,PA,E,106238,0.03
66.3854,Bristol,BOX,,44001,609.83216,41.7161,-71.2842,101000.0,1.251,0.15779,1.0,0.518,0.04094,0.65664,0.08235,0.079,757.02,50255.0,RI,E,40484,0.025
451.8565,Kent,BOX,,44003,104.75231,41.6719,-71.5943,84200.0,1.042,0.00104,0.9643289810203257,0.343,0.01483,0.37565,0.44714,0.09,379.05,171278.0,RI,E,47333,0.027
279.7195,Newport,BOX,,44005,314.94641,41.556,-71.2366,92800.0,1.147,0.06849,0.9891802406361783,0.53,0.10896,0.44009,0.20256,0.113,299.7,83832.0,RI,E,88097,0.026
1114.4493,Providence,BOX,,44007,96.39117,41.8724,-71.5811,74200.0,0.917,0.01974,0.934652993083711,0.322,0.02031,0.36047,0.46466,0.127,592.77,660615.0,RI,E,107423,0.033
912.2451,Washington,BOX,,44009,259.62748,41.4687,-71.6234,99000.0,1.224,0.02789,0.9981590028990414,0.505,0.04661,0.25717,0.42643,0.091,142.49,129982.0,RI,E,236844,0.025
1323.8227,Abbeville,GSP,up,45001,10.15315,34.2226,-82.4587,50300.0,0.784,0.04553,0.30769771717327316,0.193,0.20234,0.07252,0.58486,0.153,18.46,24434.0,SC,E,13441,0.037
2798.3802,Aiken,CAE,cc,45003,26.58847,33.5444,-81.6348,67700.0,1.055,0.02602,0.5478582077658504,0.311,0.15934,0.16485,0.37138,0.141,63.3,177130.0,SC,E,74405,0.03
1068.5898,Allendale,CHS,se,45005,2.10539,32.9881,-81.3581,35200.0,0.549,0.3427,0.29113993323482734,0.133,0.20004,0.05831,0.30274,0.326,6.9,7369.0,SC,E,2250,0.053
1961.7433,Anderson,GSP,up,45007,26.84314,34.5191,-82.6379,62700.0,0.976,0.12843,0.4698862667380195,0.264,0.31255,0.21492,0.36923,0.135,108.62,213076.0,SC,E,52659,0.028
1024.3085,Bamberg,CAE,cc,45009,1.95156,33.2147,-81.0542,38000.0,0.591,0.0015,0.3290935372300804,0.188,0.21829,0.07217,0.25569,0.277,12.67,12974.0,SC,E,1999,0.053
1443.2227,Barnwell,CAE,cc,45011,2.21766,33.2661,-81.435,45100.0,0.702,0.03312,0.38031255686068377,0.128,0.15403,0.08255,0.39049,0.272,14.17,20447.0,SC,E,3201,0.043
1528.8395,Beaufort,CHS,se,45013,10.98913,32.37205,-80.7153,83700.0,1.303,0.01003,0.7869822485207101,0.448,0.01488,0.0022,0.00157,0.095,130.15,198979.0,SC,E,8302,0.028
3179.9305,Berkeley,CHS,se,45015,9.99021,33.1978,-79.9508,79300.0,1.234,0.00286,0.386905146251695,0.299,0.03069,0.12072,0.30214,0.098,80.26,255217.0,SC,E,31768,0.027
1016.3196,Calhoun,CAE,cc,45017,3.38716,33.6749,-80.7802,55600.0,0.866,0.04067,0.35060475536412006,0.218,0.26546,0.08368,0.25166,0.146,13.96,14186.0,SC,E,3442,0.033
2559.8822,Charleston,CHS,se,45019,123.33789,32.75625,-80.0635,80000.0,1.245,0.00466,0.8644851770577858,0.49,0.01635,0.17956,0.19597,0.11,165.78,424367.0,SC,E,631460,0.024
1028.9264,Cherokee,GSP,up,45021,12.7883,35.0482,-81.6204,50400.0,0.785,0.84905,0.32749934487582166,0.184,0.23703,0.13521,0.54282,0.168,55.12,56714.0,SC,E,13158,0.042
1518.1774,Chester,GSP,up,45023,2.58373,34.6921,-81.1595,53500.0,0.833,0.03671,0.2695181947550315,0.137,0.1459,0.07807,0.65219,0.201,21.23,32226.0,SC,E,3923,0.039
2086.6943,Chesterfield,CAE,cc,45025,4.14234,34.6398,-80.1586,44600.0,0.694,0.028,0.4164309294123083,0.132,0.16782,0.10097,0.38173,0.203,21.1,44031.0,SC,E,8644,0.032
1801.9038,Clarendon,CAE,cc,45027,19.23657,33.6658,-80.2164,46200.0,0.719,0.22393,0.2622480297059715,0.177,0.26376,0.07464,0.16113,0.2,17.21,31004.0,SC,E,34662,0.04
2770.9016,Colleton,CHS,se,45029,23.40043,32.8655,-80.668,47900.0,0.746,0.01439,0.2522964192991473,0.167,0.07394,0.05945,0.29374,0.23,14.03,38874.0,SC,E,64840,0.031
1467.9102,Darlington,ILM,ne,45031,4.5562,34.3323,-79.9577,50400.0,0.785,0.02422,0.2879313554288956,0.197,0.34579,0.12695,0.13231,0.223,42.52,62416.0,SC,E,6688,0.033
1052.8738,Dillon,ILM,ne,45033,1.77894,34.3915,-79.3789,37800.0,0.588,0.05446,0.2395471596860665,0.117,0.33132,0.09712,0.12468,0.244,26.31,27698.0,SC,E,1873,0.044
1493.7837,Dorchester,CHS,se,45035,24.3002,33.0795,-80.4052,74700.0,1.164,0.00342,0.39592402638984353,0.3,0.1025,0.14213,0.28863,0.102,113.69,169833.0,SC,E,36299,0.026
1312.0774,Edgefield,CAE,cc,45037,1.86324,33.7723,-81.9666,61300.0,0.955,0.17916,0.32773118291146736,0.214,0.12743,0.07965,0.62837,0.168,21.04,27607.0,SC,E,2445,0.031
1838.8186,Fairfield,CAE,cc,45039,1.69742,34.3951,-81.1212,50700.0,0.79,0.05575,0.20869976622509184,0.153,0.05275,0.06162,0.6912,0.207,11.11,20422.0,SC,E,3121,0.04
2081.54,Florence,ILM,ne,45041,2.13228,34.0245,-79.7028,52700.0,0.82,0.11648,0.2377296785137565,0.236,0.25461,0.14062,0.15692,0.188,65.92,137214.0,SC,E,4438,0.03
2162.096,Georgetown,ILM,ne,45043,15.75734,33.3621,-79.286,59500.0,0.926,0.00028,0.24839501654543514,0.325,0.01365,0.00175,0.00176,0.138,30.4,65731.0,SC,E,3056,0.033
2058.88,Greenville,GSP,up,45045,58.71817,34.8944,-82.3708,71800.0,1.118,0.04009,0.6906448253006344,0.4,0.13857,0.34108,0.47471,0.113,271.04,558036.0,SC,E,120894,0.026
1198.9802,Greenwood,GSP,up,45047,6.04539,34.1538,-82.1259,49900.0,0.776,0.141,0.33571319506968467,0.256,0.14264,0.14074,0.54653,0.169,57.93,69460.0,SC,E,7248,0.035
1456.9471,Hampton,CHS,se,45049,4.48549,32.7763,-81.1406,44000.0,0.685,0.00398,0.20389953734302713,0.118,0.15896,0.06432,0.27743,0.242,12.44,18122.0,SC,E,6535,0.028
2966.3636,Horry,ILM,ne,45051,26.20598,33.9215,-78.9966,61400.0,0.956,0.0094,0.326390084648286,0.266,0.17623,0.20444,0.12342,0.129,134.0,397478.0,SC,E,77736,0.034
1726.3866,Jasper,CHS,se,45053,1.99033,32.4208,-80.9433,61800.0,0.963,0.00416,0.25061831447474187,0.259,0.01687,0.00016,0.00032,0.162,19.43,33544.0,SC,E,40,0.026
1917.3912,Kershaw,CAE,cc,45055,11.41353,34.3388,-80.5903,61000.0,0.95,0.07517,0.3684140263438947,0.228,0.08446,0.12419,0.4167,0.126,36.46,69905.0,SC,E,21884,0.03
1438.2106,Lancaster,CAE,cc,45057,3.11781,34.6867,-80.7054,70100.0,1.092,0.13158,0.3424189136381399,0.312,0.15375,0.13344,0.55753,0.108,75.24,108215.0,SC,E,4484,0.033
1875.038,Laurens,GSP,up,45059,2.9037,34.4836,-82.006,53800.0,0.838,0.34457,0.2917174162906906,0.179,0.19574,0.10301,0.57074,0.167,36.73,68873.0,SC,E,5445,0.032
1065.3057,Lee,CAE,cc,45061,4.67231,34.1633,-80.2545,41600.0,0.647,0.27424,0.3648529447706907,0.128,0.38011,0.07629,0.15815,0.245,14.99,15967.0,SC,E,4977,0.039
1962.8705,Lexington,CAE,cc,45063,41.90545,33.9022,-81.2722,73000.0,1.137,0.01176,0.4578179946557851,0.331,0.14877,0.28558,0.31346,0.112,157.69,309528.0,SC,E,82255,0.025
1020.0882,McCormick,CAE,cc,45065,5.24661,33.8996,-82.3099,56600.0,0.882,0.04204,0.4889800911584223,0.231,0.04476,0.06008,0.67472,0.176,9.75,9941.0,SC,E,5352,0.033
1279.6269,Marion,ILM,ne,45067,1.52779,34.0801,-79.3625,37200.0,0.58,0.08286,0.22814405673779375,0.138,0.19458,0.0824,0.1359,0.254,22.28,28508.0,SC,E,1955,0.044
1256.9906,Marlboro,ILM,ne,45069,1.97032,34.602,-79.6786,39200.0,0.61,0.0218,0.20324561332106936,0.087,0.26374,0.08575,0.17935,0.272,20.45,25704.0,SC,E,2477,0.072
1676.468,Newberry,CAE,cc,45071,10.87278,34.2898,-81.6001,55100.0,0.857,0.06172,0.35051458936345653,0.235,0.1582,0.08594,0.59078,0.175,23.16,38825.0,SC,E,18228,0.029
1744.44,Oconee,GSP,up,45073,16.74571,34.7535,-83.0659,61700.0,0.961,0.04584,0.6607593970616294,0.285,0.1352,0.13652,0.6215,0.146,46.56,81221.0,SC,E,29212,0.028
2921.6075,Orangeburg,CAE,cc,45075,4.22566,33.439,-80.8003,42200.0,0.657,0.07201,0.2710581086576876,0.194,0.25741,0.11002,0.21783,0.217,28.35,82820.0,SC,E,12346,0.044
1325.4545,Pickens,GSP,up,45077,25.34314,34.8875,-82.7254,55300.0,0.862,0.14763,0.7088059070326568,0.273,0.1428,0.18445,0.60991,0.168,102.23,135495.0,SC,E,33591,0.029
1998.8349,Richland,CAE,cc,45079,37.0457,34.0218,-80.9031,61000.0,0.95,0.0134,0.65618331292636,0.411,0.0772,0.26564,0.3613,0.159,212.69,425138.0,SC,E,74048,0.03
1196.0015,Saluda,CAE,cc,45081,4.41805,34.0061,-81.7269,57300.0,0.892,0.04542,0.35047170378927356,0.198,0.2503,0.07997,0.51163,0.161,15.99,19123.0,SC,E,5284,0.028
2121.8182,Spartanburg,GSP,up,45083,10.38808,34.9313,-81.9907,58500.0,0.911,0.15448,0.4924782499147782,0.257,0.22895,0.28558,0.41908,0.14,168.11,356698.0,SC,E,22042,0.029
1766.373,Sumter,CAE,cc,45085,2.58187,33.9162,-80.3823,56900.0,0.886,0.18441,0.219427019059372,0.232,0.23781,0.13632,0.16186,0.175,58.97,104165.0,SC,E,4561,0.038
1336.4024,Union,GSP,up,45087,1.19282,34.6892,-81.6194,46500.0,0.723,0.17879,0.12623597851853158,0.135,0.11445,0.06983,0.67851,0.234,19.93,26629.0,SC,E,1594,0.041
2427.1092,Williamsburg,ILM,ne,45089,1.58551,33.6199,-79.7277,39800.0,0.619,0.11642,0.19266432246595297,0.154,0.18941,0.06446,0.25263,0.248,12.32,29891.0,SC,E,3848,0.048
1801.7383,York,GSP,up,45091,19.61436,34.9747,-81.1845,83700.0,1.303,0.14027,0.4875057391666096,0.381,0.19692,0.22549,0.49586,0.096,165.57,298320.0,SC,E,35340,0.028
1845.2247,Aurora,FSD,sc,46003,0.70114,43.7182,-98.5616,61000.0,0.864,0.1685,0.10281689751075812,0.187,0.88134,0.04284,0.00259,0.11,1.51,2782.0,SD,C,1294,0.016
3275.9492,Beadle,FSD,ec,46005,0.83087,44.4145,-98.2782,59500.0,0.843,0.36923,0.11069389905782283,0.264,0.87554,0.04918,0.00204,0.163,5.98,19591.0,SD,C,2722,0.018
3083.7782,Bennett,UNR,sw,46007,0.47946,43.1949,-101.6639,49200.0,0.696,0.00271,0.07644150868989606,0.203,0.20705,0.01734,0.02778,0.277,1.07,3305.0,SD,M,1479,0.031
1505.6472,Bon Homme,FSD,se,46009,0.58614,42.9884,-97.8847,63000.0,0.892,0.08612,0.0738952285048338,0.201,0.78276,0.05368,0.01381,0.134,4.69,7065.0,SD,C,883,0.019
2084.4215,Brookings,FSD,ec,46011,6.19216,44.3697,-96.7905,71200.0,1.008,0.26249,0.20378346733623598,0.44,0.77613,0.06936,0.00875,0.112,17.26,35980.0,SD,C,12907,0.02
4483.5696,Brown,ABR,ne,46013,2.18958,45.5898,-98.3516,71700.0,1.016,0.14699,0.15638983750661753,0.332,0.82771,0.05169,0.00289,0.1,8.42,37733.0,SD,C,9817,0.02
2192.536,Brule,FSD,sc,46015,0.41692,43.7181,-99.081,60100.0,0.852,0.10721,0.05795261725895557,0.302,0.73795,0.03719,0.00746,0.126,2.42,5311.0,SD,C,914,0.017
1262.3528,Buffalo,ABR,cc,46017,0.17349,44.0763,-99.205,30700.0,0.434,0.03196,0.09773341374830291,0.07,0.26833,0.0197,0.00479,0.331,1.49,1884.0,SD,C,219,0.044
5869.8512,Butte,UNR,nw,46019,0.38349,44.9058,-103.5081,64500.0,0.914,0.00267,0.08873560348325478,0.194,0.07873,0.02007,0.00301,0.12,1.85,10863.0,SD,M,2251,0.019
1997.5365,Campbell,ABR,nc,46021,0.55511,45.7711,-100.0517,65600.0,0.929,0.00631,0.10604801571870075,0.295,0.44053,0.02887,0.0011,0.11,0.67,1340.0,SD,C,1109,0.025
2978.7934,Charles Mix,FSD,sc,46023,1.15478,43.2079,-98.5879,54400.0,0.77,0.02587,0.07928627242510741,0.251,0.68005,0.04289,0.01564,0.214,3.1,9240.0,SD,C,3440,0.022
2506.4873,Clark,ABR,ne,46025,0.28925,44.8582,-97.7295,62600.0,0.886,0.1931,0.052406117525252045,0.162,0.70859,0.04134,0.00316,0.111,1.58,3948.0,SD,C,725,0.02
1079.1988,Clay,FSD,se,46027,7.55901,42.9146,-96.9757,55300.0,0.783,0.11106,0.18073264617176513,0.46,0.88054,0.06099,0.01576,0.175,14.3,15431.0,SD,C,8158,0.021
1857.1384,Codington,ABR,ne,46029,2.48128,44.9778,-97.1887,65000.0,0.921,0.04253,0.1923287875869856,0.209,0.66137,0.0707,0.00569,0.114,15.6,28971.0,SD,C,4608,0.018
6551.5017,Corson,ABR,nc,46031,0.11293,45.7087,-101.1969,39300.0,0.557,0.03514,0.037070601726373074,0.192,0.17974,0.01477,0.00597,0.337,0.58,3782.0,SD,M,740,0.03
4038.2363,Custer,UNR,sw,46033,6.6668,43.6776,-103.4515,75300.0,1.067,4e-05,0.18536567658562703,0.321,0.02459,0.02989,0.29284,0.085,2.26,9117.0,SD,M,26922,0.025
1131.2201,Davison,FSD,se,46035,0.90747,43.675,-98.1461,63800.0,0.903,0.15002,0.13571801327534905,0.25,0.86936,0.07691,0.00595,0.094,17.61,19922.0,SD,C,1027,0.017
2826.3195,Day,ABR,ne,46037,1.0664,45.3672,-97.6075,62800.0,0.889,0.04413,0.09497615326617924,0.213,0.55103,0.0413,0.00537,0.133,1.93,5451.0,SD,C,3014,0.027
1648.9007,Deuel,ABR,ne,46039,1.06401,44.76,-96.668,77700.0,1.101,0.09396,0.17943663835485807,0.241,0.71816,0.04932,0.0092,0.092,2.64,4354.0,SD,C,1754,0.028
6334.2812,Dewey,ABR,nc,46041,0.1262,45.1566,-100.8719,50000.0,0.709,0.00125,0.03082052554262906,0.173,0.10938,0.01144,0.00187,0.262,0.82,5208.0,SD,M,799,0.057
1124.4573,Douglas,FSD,sc,46043,3.72901,43.3871,-98.3662,73900.0,1.047,0.02576,0.16804494269052886,0.229,0.89067,0.05218,0.00272,0.087,2.52,2838.0,SD,C,4193,0.019
2981.4072,Edmunds,ABR,nc,46045,0.22104,45.4188,-99.2155,72000.0,1.02,0.05159,0.06033823309479156,0.295,0.70256,0.03568,0.00079,0.102,1.36,4057.0,SD,C,659,0.02
4530.1704,Fall River,UNR,sw,46047,1.61634,43.2394,-103.5276,57000.0,0.807,0.00178,0.13135565746988317,0.222,0.04592,0.02404,0.04364,0.141,1.63,7393.0,SD,M,7322,0.026
2604.7332,Faulk,ABR,nc,46049,0.12545,45.0711,-99.1453,60900.0,0.862,0.27542,0.062141453454956495,0.183,0.74032,0.03179,0.00087,0.13,0.83,2151.0,SD,C,327,0.018
1781.7553,Grant,ABR,ne,46051,0.86847,45.172,-96.7677,70400.0,0.997,0.08238,0.14976425873554483,0.255,0.72437,0.05646,0.01292,0.099,4.24,7553.0,SD,C,1547,0.024
2728.7501,Gregory,FSD,sc,46053,0.39693,43.1924,-99.1856,49200.0,0.697,0.00646,0.07448113330382021,0.209,0.25385,0.02803,0.06928,0.145,1.47,4018.0,SD,C,1083,0.019
4732.027,Haakon,UNR,wc,46055,0.08897,44.2944,-101.54,58800.0,0.833,0.02375,0.03185204042835275,0.195,0.23021,0.01645,0.00795,0.106,0.39,1851.0,SD,M,421,0.018
1393.2655,Hamlin,ABR,ne,46057,0.98904,44.6737,-97.1883,74000.0,1.048,0.06386,0.09528034318701102,0.244,0.77397,0.05334,0.00657,0.072,4.63,6451.0,SD,C,1378,0.018
3730.2175,Hand,ABR,cc,46059,0.31104,44.5478,-99.005,64500.0,0.914,0.07499,0.06977127698679975,0.262,0.71547,0.03182,0.00161,0.085,0.83,3107.0,SD,C,1160,0.016
1128.1717,Hanson,FSD,se,46061,0.40071,43.6748,-97.7874,79500.0,1.126,0.14378,0.08058034131113807,0.215,0.86696,0.05278,0.00345,0.09,3.08,3471.0,SD,C,452,0.022
6934.3631,Harding,UNR,nw,46063,0.45391,45.5804,-103.4959,65200.0,0.923,0.00032,0.08669608928374614,0.304,0.08118,0.01541,0.01055,0.121,0.19,1324.0,SD,M,3148,0.019
2072.6934,Hughes,ABR,cc,46065,4.79882,44.389,-99.9961,79300.0,1.123,0.00664,0.08835472977786644,0.359,0.48716,0.03927,0.00175,0.086,8.5,17624.0,SD,C,9946,0.016
2109.2722,Hutchinson,FSD,se,46067,0.85603,43.3348,-97.7546,64400.0,0.913,0.0576,0.1005854746412773,0.257,0.87006,0.05536,0.00295,0.098,3.51,7394.0,SD,C,1806,0.021
2244.3778,Hyde,ABR,cc,46069,0.18312,44.5474,-99.4871,64400.0,0.912,0.00243,0.036689973267228386,0.211,0.46412,0.02455,0.00068,0.112,0.53,1186.0,SD,C,411,0.018
4846.8506,Jackson,UNR,sw,46071,1.30703,43.6943,-101.6281,45200.0,0.64,0.00063,0.11939788371899777,0.114,0.11842,0.01607,0.00996,0.298,0.57,2776.0,SD,M,6335,0.032
1379.4018,Jerauld,FSD,cc,46073,0.11237,44.0664,-98.6298,57600.0,0.815,0.16129,0.03954293290385911,0.211,0.61521,0.03794,0.00408,0.127,1.2,1660.0,SD,C,155,0.017
2516.7992,Jones,ABR,cc,46075,0.36634,43.9604,-100.6896,60900.0,0.862,0.02169,0.08775838613374985,0.253,0.22707,0.01894,0.00021,0.141,0.34,855.0,SD,C,922,0.025
2236.919,Kingsbury,FSD,ec,46077,0.44223,44.3696,-97.4915,64200.0,0.91,0.1021,0.07158358106058788,0.223,0.82129,0.04481,0.00393,0.1,2.36,5276.0,SD,C,989,0.019
1489.3868,Lake,FSD,ec,46079,1.15127,44.022,-97.1294,74700.0,1.058,0.13414,0.13585072698645226,0.347,0.83906,0.06211,0.00635,0.094,7.41,11031.0,SD,C,1715,0.019
2072.8847,Lawrence,UNR,wc,46081,4.66911,44.3586,-103.7922,67600.0,0.958,0.0001,0.3576046108612263,0.341,0.04455,0.06336,0.65642,0.111,13.53,28053.0,SD,M,9679,0.019
1498.5976,Lincoln,FSD,se,46083,4.00815,43.2789,-96.7219,98400.0,1.394,0.05494,0.21104587540481254,0.425,0.8656,0.10013,0.01607,0.033,48.87,73238.0,SD,C,6007,0.016
4420.9352,Lyman,ABR,cc,46085,0.4315,43.8959,-99.8474,54200.0,0.768,0.02307,0.11501264042801335,0.253,0.29357,0.02305,0.00234,0.193,0.84,3705.0,SD,C,1908,0.028
1494.7047,McCook,FSD,se,46087,0.5404,43.6743,-97.3684,70300.0,0.996,0.4135,0.0908988533988534,0.287,0.8823,0.05624,0.00393,0.08,3.89,5809.0,SD,C,808,0.017
2983.1896,McPherson,ABR,nc,46089,0.76276,45.7664,-99.2215,52900.0,0.749,0.04086,0.07004722160856662,0.224,0.46589,0.02921,0.00072,0.154,0.78,2334.0,SD,C,2275,0.024
2293.5372,Marshall,ABR,ne,46091,1.15783,45.7586,-97.5986,65600.0,0.93,0.04858,0.12912918396817458,0.224,0.55813,0.03867,0.01768,0.111,1.91,4390.0,SD,C,2656,0.025
9019.6414,Meade,UNR,wc,46093,0.30212,44.5668,-102.7168,71100.0,1.007,0.00073,0.04421695388809818,0.269,0.13307,0.02431,0.03298,0.079,3.43,30954.0,SD,M,2725,0.021
3391.465,Mellette,UNR,sc,46095,0.22881,43.5811,-100.76,44700.0,0.633,0.0,0.050083263025067465,0.163,0.10816,0.01462,0.00828,0.26,0.55,1851.0,SD,C,776,0.032
1481.5473,Miner,FSD,ec,46097,0.11002,44.022,-97.6102,64100.0,0.908,0.12883,0.05115346979892329,0.161,0.90534,0.04575,0.0022,0.105,1.54,2280.0,SD,C,163,0.017
2107.2183,Minnehaha,FSD,se,46099,8.20644,43.6742,-96.7914,75600.0,1.071,0.15972,0.25529629440656526,0.346,0.79528,0.14634,0.01286,0.097,98.2,206930.0,SD,C,17293,0.018
1349.6894,Moody,FSD,ec,46101,2.59567,44.0221,-96.671,70600.0,1.0,0.1981,0.20748440594242992,0.31,0.89858,0.05788,0.00608,0.098,4.78,6450.0,SD,C,3503,0.02
5430.2679,Oglala Lakota,UNR,sw,46102,0.09196,43.3356,-102.5516,40700.0,0.576,0.002,0.08081436904844251,0.098,0.05034,0.01607,0.03404,0.371,2.47,13434.0,SD,M,499,0.058
7210.7772,Pennington,UNR,wc,46103,3.54523,44.0037,-102.8238,67600.0,0.957,0.00176,0.13956873756235857,0.341,0.11385,0.04692,0.2342,0.116,16.07,115903.0,SD,M,25564,0.019
7486.6954,Perkins,UNR,nw,46105,0.18005,45.4904,-102.4759,57100.0,0.809,0.00074,0.04609604002604072,0.218,0.18177,0.0182,0.00088,0.145,0.38,2834.0,SD,M,1348,0.02
2327.1007,Potter,ABR,nc,46107,0.22405,45.0645,-99.9573,72400.0,1.025,0.01343,0.06428130322912731,0.266,0.59144,0.03125,0.00031,0.092,1.04,2413.0,SD,C,521,0.024
2940.3678,Roberts,ABR,ne,46109,2.35262,45.6296,-96.9461,57800.0,0.819,0.18475,0.21963896005869654,0.183,0.65268,0.04612,0.02074,0.163,3.47,10206.0,SD,C,6918,0.031
1476.7378,Sanborn,FSD,ec,46111,1.76649,44.0235,-98.0914,63300.0,0.896,0.16024,0.10084309803828498,0.192,0.84781,0.04373,0.00306,0.124,1.62,2399.0,SD,C,2609,0.018
3910.9393,Spink,ABR,ne,46115,0.3748,44.9381,-98.3463,61500.0,0.871,0.16169,0.05356565904925241,0.271,0.90599,0.04226,0.00117,0.107,1.58,6166.0,SD,C,1466,0.022
3928.864,Stanley,ABR,cc,46117,1.29286,44.4123,-100.7359,81800.0,1.159,0.00748,0.11334405818230567,0.254,0.21875,0.0146,0.00031,0.076,0.77,3043.0,SD,CM,5079,0.018
2772.1381,Sully,ABR,cc,46119,0.52786,44.7155,-100.1322,76200.0,1.079,0.01093,0.051919759666634355,0.209,0.66999,0.02824,0.00018,0.076,0.54,1494.0,SD,C,1463,0.016
3602.587,Todd,UNR,sc,46121,0.07911,43.1934,-100.7184,41900.0,0.593,0.00351,0.05992189366932804,0.166,0.07611,0.01652,0.02584,0.356,2.55,9199.0,SD,C,285,0.034
4188.8978,Tripp,UNR,sc,46123,0.10146,43.3459,-99.884,55900.0,0.792,0.03765,0.06831389203704688,0.199,0.31512,0.02767,0.00138,0.161,1.34,5621.0,SD,C,425,0.016
1599.3372,Turner,FSD,se,46125,0.74938,43.3108,-97.1488,74500.0,1.055,0.24614,0.11288334630950278,0.262,0.90509,0.06028,0.00603,0.084,5.64,9027.0,SD,C,1199,0.019
1210.0103,Union,FSD,se,46127,3.99854,42.8324,-96.6561,85700.0,1.214,0.01943,0.24999451573982673,0.365,0.84776,0.07117,0.0167,0.057,14.2,17183.0,SD,C,4838,0.021
1927.4733,Walworth,ABR,nc,46129,0.45695,45.4299,-100.0316,57100.0,0.809,0.00795,0.07671338850378151,0.311,0.45853,0.03621,0.00067,0.158,2.73,5269.0,SD,C,881,0.032
1379.3581,Yankton,FSD,se,46135,6.31315,43.009,-97.3947,63000.0,0.892,0.00746,0.14326537910992895,0.277,0.75536,0.07111,0.02865,0.114,17.05,23517.0,SD,C,8708,0.018
5104.7765,Ziebach,UNR,wc,46137,0.03565,44.9806,-101.666,40000.0,0.567,0.0,0.021246839066749366,0.141,0.11823,0.012,0.0021,0.462,0.45,2322.0,SD,M,182,0.044
892.8064,Anderson,MRX,ea,47001,74.95076,36.1184,-84.1985,64600.0,0.991,0.24568,0.7382257384489472,0.263,0.1219,0.18073,0.65758,0.144,89.87,80234.0,TN,E,66917,0.032
1229.8292,Bedford,OHX,mi,47003,4.56273,35.5138,-86.4589,70200.0,1.076,0.19817,0.42187004275505735,0.169,0.58135,0.10209,0.3052,0.133,43.14,53055.0,TN,C,5611,0.033
1129.7932,Benton,MEG,we,47005,9.31131,36.0698,-88.0683,50600.0,0.776,0.07205,0.33807108051150503,0.124,0.1669,0.07042,0.58783,0.176,14.25,16103.0,TN,C,10520,0.041
1053.2958,Bledsoe,MRX,ea,47007,7.85163,35.5964,-85.2051,46200.0,0.708,0.09262,0.5953262200921806,0.088,0.256,0.05928,0.63886,0.216,14.3,15060.0,TN,C,8270,0.053
1467.569,Blount,MRX,ea,47009,75.18991,35.6873,-83.9255,69700.0,1.069,0.27165,0.8743875683184256,0.268,0.23612,0.15669,0.58371,0.097,96.39,141456.0,TN,E,110346,0.03
858.7021,Bradley,MRX,ea,47011,27.97529,35.1541,-84.8596,62700.0,0.961,0.15702,0.692436478565605,0.246,0.31247,0.22606,0.41736,0.15,129.94,111579.0,TN,E,24022,0.035
1290.9055,Campbell,MRX,ea,47013,10.44779,36.4036,-84.1493,44300.0,0.679,0.5509,0.3207262823422605,0.132,0.07681,0.09789,0.76623,0.206,31.16,40223.0,TN,E,13487,0.041
687.9866,Cannon,OHX,mi,47015,10.11363,35.8087,-86.0617,63200.0,0.968,0.70658,0.5074930008391567,0.169,0.35204,0.07184,0.55608,0.144,21.89,15063.0,TN,C,6958,0.029
1553.7244,Carroll,MEG,we,47017,1.98129,35.9731,-88.4503,52700.0,0.808,0.03151,0.16126598739946718,0.189,0.36703,0.08254,0.43209,0.174,18.57,28860.0,TN,C,3078,0.041
900.5642,Carter,MRX,ea,47019,25.06321,36.2927,-82.1274,48900.0,0.75,0.12658,0.9131120882927439,0.207,0.10385,0.11151,0.75858,0.169,63.32,57022.0,TN,E,22571,0.037
795.858,Cheatham,OHX,mi,47021,17.10952,36.2612,-87.0868,78400.0,1.202,0.14203,0.833058096205962,0.251,0.21372,0.11562,0.63038,0.087,53.09,42254.0,TN,C,13617,0.026
748.0389,Chester,MEG,we,47023,2.6242,35.4211,-88.6128,57700.0,0.885,0.08253,0.29249672527350884,0.192,0.32569,0.08356,0.47607,0.167,23.54,17606.0,TN,C,1963,0.031
1143.6804,Claiborne,MRX,ea,47025,2.36536,36.4859,-83.6603,41100.0,0.63,0.05545,0.2834382031555262,0.173,0.23377,0.09968,0.61805,0.186,28.55,32654.0,TN,E,2705,0.039
671.4431,Clay,OHX,mi,47027,3.37631,36.5511,-85.5438,43400.0,0.666,0.17071,0.28399830273683685,0.12,0.21491,0.06429,0.62459,0.212,11.49,7714.0,TN,C,2267,0.044
1147.7532,Cocke,MRX,ea,47029,6.48905,35.9254,-83.1211,45400.0,0.695,0.03518,0.43594494560831676,0.116,0.174,0.08527,0.71362,0.204,32.59,37404.0,TN,E,7448,0.045
1126.1376,Coffee,OHX,mi,47031,7.66777,35.4906,-86.0748,56500.0,0.866,0.27803,0.6395462419088056,0.229,0.42958,0.14002,0.35195,0.145,53.84,60633.0,TN,C,8635,0.034
687.4352,Crockett,MEG,we,47033,0.81491,35.8135,-89.1395,53600.0,0.822,0.18922,0.25783155256740187,0.157,0.77699,0.09076,0.03804,0.149,20.34,13982.0,TN,C,560,0.033
1774.23,Cumberland,OHX,mi,47035,8.32366,35.9504,-84.9983,53400.0,0.818,0.08891,0.5188024431888638,0.185,0.15955,0.10747,0.66037,0.146,36.5,64760.0,TN,C,14768,0.042
1362.6206,Davidson,OHX,mi,47037,169.56708,36.1694,-86.7848,72600.0,1.112,0.10164,0.9210210572424344,0.473,0.10405,0.50194,0.34246,0.123,522.77,712334.0,TN,C,231056,0.027
893.3642,Decatur,MEG,we,47039,2.12928,35.603,-88.1088,52300.0,0.802,0.42214,0.18070019749606314,0.15,0.23154,0.06867,0.58437,0.192,13.05,11656.0,TN,C,1902,0.045
851.8353,De Kalb,OHX,mi,47041,13.85244,35.9798,-85.8328,55400.0,0.849,0.0222,0.4579757480196719,0.2,0.2814,0.08534,0.54217,0.163,24.92,21225.0,TN,C,11800,0.041
1272.3521,Dickson,OHX,mi,47043,5.4804,36.1491,-87.3567,70200.0,1.076,0.09135,0.43831418211140627,0.214,0.27711,0.11187,0.59018,0.099,44.59,56729.0,TN,C,6973,0.027
1363.617,Dyer,MEG,we,47045,3.98522,36.059,-89.4138,53700.0,0.823,0.48746,0.2738869818668098,0.216,0.7008,0.07789,0.03989,0.177,26.77,36498.0,TN,C,5434,0.035
1829.2656,Fayette,MEG,we,47047,7.95118,35.1971,-89.4144,84300.0,1.293,0.41767,0.25165883150735496,0.269,0.51523,0.07432,0.28513,0.128,24.15,44175.0,TN,C,14545,0.036
1292.4049,Fentress,OHX,mi,47049,3.07683,36.3805,-84.9324,41100.0,0.631,0.06815,0.5128235930085892,0.153,0.16231,0.06099,0.73112,0.189,15.24,19696.0,TN,C,3977,0.038
1490.8242,Franklin,HUN,mi,47051,10.90352,35.1549,-86.0922,61400.0,0.942,0.14322,0.5730450299149785,0.231,0.31645,0.09274,0.52765,0.129,29.95,44654.0,TN,C,16255,0.035
1563.4187,Gibson,MEG,we,47053,7.58313,35.9966,-88.9326,55600.0,0.852,0.14083,0.43092037877045924,0.191,0.6883,0.10815,0.09654,0.147,32.65,51045.0,TN,C,11856,0.035
1582.831,Giles,OHX,mi,47055,2.49691,35.2022,-87.0348,54700.0,0.838,0.28668,0.44940035472156686,0.192,0.43923,0.07684,0.46921,0.153,19.41,30721.0,TN,C,3952,0.033
783.2601,Grainger,MRX,ea,47057,23.23525,36.2762,-83.5096,52000.0,0.796,0.82531,0.42608863272741293,0.149,0.29806,0.10068,0.50681,0.155,31.51,24681.0,TN,E,18199,0.037
1616.7723,Greene,MRX,ea,47059,7.24089,36.1754,-82.8458,50400.0,0.773,0.43916,0.5720631722110869,0.177,0.46747,0.12612,0.39429,0.148,44.89,72577.0,TN,E,11707,0.042
935.1389,Grundy,OHX,mi,47061,5.69693,35.3884,-85.7226,44200.0,0.678,0.15204,0.7613126768471523,0.124,0.13029,0.06401,0.74945,0.228,14.92,13955.0,TN,C,5327,0.045
455.3473,Hamblen,MRX,ea,47063,6.03691,36.2172,-83.2666,56700.0,0.87,0.22264,0.5436021513991037,0.201,0.36994,0.28396,0.24905,0.173,145.42,66216.0,TN,E,2749,0.036
1491.0779,Hamilton,MRX,ea,47065,127.91242,35.1809,-85.1648,75100.0,1.152,0.03599,0.7316740302098032,0.37,0.10449,0.36368,0.44906,0.129,254.76,379864.0,TN,E,190727,0.032
578.6439,Hancock,MRX,ea,47067,1.29694,36.5236,-83.2219,38000.0,0.583,0.05597,0.18452507035434385,0.086,0.20515,0.06956,0.69342,0.267,12.02,6956.0,TN,E,750,0.044
1736.3218,Hardeman,MEG,we,47069,2.00308,35.2069,-88.9931,44500.0,0.681,0.22082,0.21531569069470116,0.113,0.29161,0.06108,0.47134,0.215,14.72,25567.0,TN,C,3478,0.044
1544.3912,Hardin,MEG,we,47071,4.76149,35.1987,-88.1845,42600.0,0.653,0.21132,0.30418235231174795,0.148,0.23941,0.0747,0.51004,0.197,17.63,27229.0,TN,C,7354,0.04
1293.8139,Hawkins,MRX,ea,47073,25.27859,36.4412,-82.9447,52800.0,0.81,0.04969,0.5081317436074296,0.168,0.28235,0.12351,0.55629,0.172,45.29,58600.0,TN,E,32706,0.039
1383.5176,Haywood,MEG,we,47075,4.53684,35.5832,-89.2838,46400.0,0.711,0.08874,0.16630472368739146,0.131,0.63731,0.06707,0.06962,0.21,12.52,17328.0,TN,C,6277,0.044
1361.9117,Henderson,MEG,we,47077,1.47192,35.6543,-88.388,53800.0,0.825,0.09029,0.17283503147946788,0.144,0.34494,0.08222,0.48032,0.14,20.61,28070.0,TN,C,2005,0.037
1537.108,Henry,MEG,we,47079,13.39463,36.3317,-88.3013,51200.0,0.785,0.10321,0.19640639704622193,0.186,0.38949,0.08223,0.38011,0.183,21.18,32554.0,TN,C,20589,0.038
1587.0956,Hickman,OHX,mi,47081,1.34498,35.8033,-87.4733,56900.0,0.873,0.20545,0.29368613510689806,0.136,0.17806,0.05653,0.7429,0.159,16.27,25826.0,TN,C,2135,0.028
535.8566,Houston,OHX,mi,47083,18.20636,36.286,-87.7171,60600.0,0.929,0.00779,0.353293881743043,0.137,0.17191,0.06366,0.69974,0.17,15.66,8393.0,TN,C,9756,0.046
1441.8236,Humphreys,OHX,mi,47085,22.58804,36.0408,-87.7757,58900.0,0.903,0.47931,0.35838116043988594,0.164,0.16848,0.0622,0.66594,0.147,13.32,19209.0,TN,C,32568,0.033
827.6937,Jackson,OHX,mi,47087,3.54721,36.3592,-85.6732,43300.0,0.664,0.17507,0.3969715148631596,0.135,0.15767,0.06495,0.74013,0.2,14.94,12363.0,TN,C,2936,0.041
814.248,Jefferson,MRX,ea,47089,6.9158,36.051,-83.4463,60800.0,0.932,0.31,0.510957287950118,0.21,0.38796,0.16866,0.30359,0.129,71.03,57838.0,TN,E,5631,0.035
783.9566,Johnson,MRX,ea,47091,7.11472,36.4549,-81.8518,45500.0,0.697,0.30676,0.6495571040510216,0.157,0.14585,0.06614,0.76542,0.209,23.44,18375.0,TN,E,5578,0.032
1361.8692,Knox,MRX,ea,47093,138.53364,35.9932,-83.9371,70000.0,1.073,0.20846,0.7848118164547213,0.402,0.19305,0.45103,0.30986,0.138,367.63,500669.0,TN,E,188665,0.028
501.8079,Lake,MEG,we,47095,27.53302,36.3352,-89.4935,38100.0,0.584,0.28372,0.8396793702989866,0.094,0.62072,0.04197,0.00323,0.34,12.65,6347.0,TN,C,13816,0.043
1313.8653,Lauderdale,MEG,we,47097,3.72869,35.7609,-89.6314,47600.0,0.729,0.58155,0.1464488227541947,0.109,0.54305,0.0563,0.11589,0.246,18.73,24610.0,TN,C,4899,0.051
1600.7215,Lawrence,OHX,mi,47099,3.04863,35.2173,-87.3956,55600.0,0.852,0.06988,0.3028166687001789,0.155,0.44229,0.09194,0.42825,0.149,28.81,46114.0,TN,C,4880,0.035
731.6209,Lewis,OHX,mi,47101,6.97175,35.5273,-87.4931,53200.0,0.815,0.07842,0.6106214213371037,0.109,0.12257,0.06757,0.76158,0.161,17.86,13066.0,TN,C,5101,0.033
1477.9002,Lincoln,HUN,mi,47103,9.07842,35.1405,-86.5889,61600.0,0.944,0.09577,0.31016429567676584,0.193,0.50508,0.08454,0.38523,0.145,24.47,36169.0,TN,C,13417,0.032
639.1756,Loudon,MRX,ea,47105,17.16593,35.735,-84.3116,79700.0,1.222,0.12501,0.6148154894175075,0.286,0.38715,0.19712,0.32209,0.105,94.8,60591.0,TN,E,10972,0.033
1119.267,McMinn,MRX,ea,47107,3.62018,35.4248,-84.6175,61000.0,0.934,0.03727,0.38197416358643177,0.175,0.36385,0.1379,0.45597,0.149,49.75,55678.0,TN,E,4052,0.042
1452.5569,McNairy,MEG,we,47109,1.25021,35.1746,-88.5637,49700.0,0.762,0.47357,0.18346370605904738,0.118,0.27856,0.07743,0.50743,0.155,18.01,26163.0,TN,C,1816,0.047
795.5201,Macon,OHX,mi,47111,0.89753,36.532,-86.0072,56800.0,0.871,0.12185,0.21372490719452206,0.118,0.3843,0.09362,0.51705,0.162,33.68,26793.0,TN,C,714,0.031
1446.846,Madison,MEG,we,47113,6.07943,35.6082,-88.8385,57100.0,0.875,0.30082,0.28543964525272936,0.26,0.39864,0.15106,0.33632,0.186,68.56,99193.0,TN,C,8796,0.033
1326.7858,Marion,MRX,ea,47115,11.30625,35.1294,-85.622,58700.0,0.9,0.19237,0.6721136130380484,0.165,0.10988,0.07682,0.74224,0.151,22.15,29382.0,TN,C,15001,0.039
974.5885,Marshall,OHX,mi,47117,4.13405,35.4689,-86.765,64000.0,0.981,0.30926,0.522748818925748,0.21,0.4657,0.09861,0.42479,0.107,37.92,36961.0,TN,C,4029,0.032
1593.7545,Maury,OHX,mi,47119,4.76112,35.617,-87.077,70200.0,1.077,0.09191,0.5039539474136686,0.265,0.41062,0.13429,0.43724,0.107,69.5,110760.0,TN,C,7588,0.028
561.4776,Meigs,MRX,ea,47121,39.28403,35.5127,-84.8135,54300.0,0.832,0.02144,0.44737088816753195,0.12,0.27361,0.08794,0.48506,0.156,24.38,13691.0,TN,E,22057,0.05
1691.2982,Monroe,MRX,ea,47123,9.00918,35.4428,-84.2528,56000.0,0.859,0.19682,0.3830746937162429,0.158,0.20186,0.07347,0.68473,0.16,28.73,48594.0,TN,E,15237,0.036
1408.9598,Montgomery,OHX,mi,47125,34.97776,36.4969,-87.3828,67500.0,1.034,0.06876,0.5587137111303722,0.317,0.328,0.21408,0.42189,0.126,170.25,239872.0,TN,C,49282,0.037
337.2103,Moore,HUN,mi,47127,7.19271,35.2847,-86.3588,68100.0,1.044,0.26675,0.5428379035576671,0.247,0.35652,0.09018,0.49444,0.099,20.01,6748.0,TN,C,2425,0.025
1353.0411,Morgan,MRX,ea,47129,2.96459,36.135,-84.6491,60000.0,0.919,0.07579,0.6000485049075553,0.137,0.09323,0.05359,0.79996,0.162,15.94,21573.0,TN,E,4011,0.04
1438.383,Obion,MEG,we,47131,4.16566,36.3582,-89.1488,50200.0,0.769,0.16262,0.43402572619408825,0.181,0.6275,0.08125,0.14803,0.193,21.14,30411.0,TN,C,5992,0.038
1126.2022,Overton,OHX,mi,47133,2.68093,36.345,-85.2881,52100.0,0.799,0.0414,0.3471900826446281,0.135,0.2806,0.0737,0.62354,0.143,20.71,23327.0,TN,C,3019,0.035
1095.0365,Perry,OHX,mi,47135,8.15925,35.6426,-87.859,46400.0,0.712,0.22485,0.4515581343597267,0.127,0.09983,0.04617,0.79237,0.175,8.12,8891.0,TN,C,8935,0.052
452.1439,Pickett,OHX,mi,47137,7.3251,36.5585,-85.0748,47900.0,0.735,0.0631,0.5617975367516272,0.172,0.20686,0.06468,0.65283,0.166,11.34,5128.0,TN,C,3312,0.041
1145.7808,Polk,MRX,ea,47139,5.67274,35.1199,-84.5233,55100.0,0.845,0.08554,0.6469603939433263,0.147,0.11503,0.05599,0.79859,0.15,15.74,18033.0,TN,E,6500,0.039
1042.7894,Putnam,OHX,mi,47141,32.18125,36.1408,-85.4951,55000.0,0.843,0.01818,0.6046706357372466,0.292,0.24309,0.16001,0.57593,0.173,80.4,83844.0,TN,C,33558,0.035
871.1095,Rhea,MRX,ea,47143,10.02515,35.6087,-84.9244,59200.0,0.908,0.06996,0.4468487173844402,0.174,0.21599,0.11341,0.54842,0.16,38.94,33924.0,TN,E,8733,0.045
1023.4189,Roane,MRX,ea,47145,19.25502,35.8478,-84.5233,63400.0,0.972,0.2928,0.4232137246981733,0.22,0.15661,0.15876,0.56758,0.134,54.81,56096.0,TN,E,19706,0.036
1234.1101,Robertson,OHX,mi,47147,3.8912,36.5254,-86.8705,77300.0,1.185,0.21157,0.6162188351480613,0.211,0.62001,0.13363,0.23581,0.099,62.21,76776.0,TN,C,4802,0.027
1616.4162,Rutherford,OHX,mi,47149,39.93038,35.8427,-86.4167,77300.0,1.185,0.14226,0.6997321453570307,0.344,0.35789,0.26249,0.35319,0.091,227.11,367101.0,TN,C,64544,0.026
1381.1519,Scott,MRX,ea,47151,7.57171,36.4286,-84.5035,44600.0,0.684,0.5288,0.3760746434712248,0.102,0.05154,0.05911,0.8599,0.21,16.05,22171.0,TN,E,10458,0.048
689.0206,Sequatchie,MRX,ea,47153,7.7363,35.3712,-85.4106,56300.0,0.863,0.06076,0.7788182882340239,0.189,0.11491,0.07966,0.75357,0.151,24.91,17161.0,TN,C,5330,0.039
1548.0359,Sevier,MRX,ea,47155,28.36794,35.7847,-83.5242,59500.0,0.913,0.15707,0.8288655980801569,0.214,0.13522,0.13528,0.7088,0.122,64.22,99415.0,TN,E,43915,0.03
2029.4361,Shelby,MEG,we,47157,87.49833,35.1837,-89.8956,61500.0,0.942,0.22962,0.468256705153783,0.342,0.24568,0.46098,0.12091,0.182,448.42,910042.0,TN,C,177572,0.043
842.735,Smith,OHX,mi,47159,4.41311,36.2505,-85.9567,64000.0,0.981,0.12342,0.32781825217632415,0.179,0.35075,0.08579,0.52403,0.117,24.37,20538.0,TN,C,3719,0.03
1277.4635,Stewart,OHX,mi,47161,5.66748,36.5012,-87.8385,60200.0,0.924,0.22928,0.39868335908508645,0.162,0.10646,0.05547,0.70999,0.129,11.13,14222.0,TN,C,7240,0.036
1113.2726,Sullivan,MRX,ea,47163,43.34478,36.5129,-82.3042,54400.0,0.833,0.09493,0.7722770544589107,0.266,0.23098,0.27074,0.45512,0.135,145.64,162135.0,TN,E,48255,0.035
1406.6254,Sumner,OHX,mi,47165,16.81054,36.4694,-86.4603,87500.0,1.341,0.09676,0.5098573301698301,0.326,0.40977,0.21528,0.34262,0.089,147.87,207994.0,TN,C,23646,0.026
1229.3457,Tipton,MEG,we,47167,2.81125,35.4966,-89.7594,68800.0,1.054,0.19126,0.17680297432837652,0.185,0.62077,0.09044,0.14659,0.148,50.45,62015.0,TN,C,3456,0.038
302.1845,Trousdale,OHX,mi,47169,0.68832,36.3921,-86.1567,58600.0,0.898,0.27404,0.33148733204666425,0.101,0.48445,0.08642,0.40058,0.158,40.61,12271.0,TN,C,208,0.031
483.0529,Unicoi,MRX,ea,47171,8.48399,36.1108,-82.4322,52300.0,0.801,0.0266,0.9020818630910373,0.2,0.04224,0.08272,0.86972,0.123,36.76,17756.0,TN,E,4098,0.042
640.0201,Union,MRX,ea,47173,11.65974,36.2879,-83.8375,51200.0,0.784,0.22097,0.48544355946168627,0.145,0.17413,0.09689,0.61097,0.159,32.41,20741.0,TN,E,7462,0.038
711.2556,Van Buren,OHX,mi,47175,3.56176,35.696,-85.4525,50300.0,0.77,0.05289,0.5401229884954883,0.14,0.14174,0.05865,0.71341,0.147,9.13,6493.0,TN,C,2533,0.045
1124.218,Warren,OHX,mi,47177,10.23704,35.6787,-85.7785,52500.0,0.805,0.22181,0.503023621377502,0.151,0.48965,0.10527,0.36737,0.176,37.93,42638.0,TN,C,11509,0.041
853.575,Washington,MRX,ea,47179,33.73458,36.2933,-82.4974,64300.0,0.985,0.09432,0.7111767504277995,0.335,0.44537,0.24207,0.30064,0.163,162.17,138420.0,TN,E,28795,0.033
1905.0985,Wayne,OHX,mi,47181,1.37836,35.2399,-87.788,48300.0,0.741,0.12339,0.2729084357729606,0.125,0.16321,0.05097,0.70106,0.18,8.43,16066.0,TN,C,2626,0.04
1506.7742,Weakley,MEG,we,47183,4.11072,36.2983,-88.7178,49800.0,0.764,0.79869,0.16251844979547084,0.216,0.56649,0.08916,0.20613,0.186,21.96,33084.0,TN,C,6194,0.036
982.4829,White,OHX,mi,47185,4.72489,35.9264,-85.4553,49400.0,0.757,0.30008,0.52376938722979,0.142,0.36308,0.08889,0.51306,0.137,29.2,28692.0,TN,C,4642,0.035
1511.3387,Williamson,OHX,mi,47187,46.29223,35.8938,-86.8986,133000.0,2.046,0.07315,0.7934728187831035,0.618,0.31636,0.24396,0.43052,0.049,174.98,264460.0,TN,C,69963,0.025
1510.3603,Wilson,OHX,mi,47189,14.8041,36.1549,-86.2976,88500.0,1.356,0.19795,0.6638208441614498,0.372,0.40029,0.18301,0.38677,0.066,108.37,163674.0,TN,C,22360,0.027
2791.5192,Anderson,FWD,cc,48001,2.75158,31.8134,-95.6525,60800.0,0.841,0.26767,0.3842995779003902,0.145,0.36025,0.05836,0.30479,0.214,20.68,57736.0,TX,C,7681,0.035
3887.691,Andrews,MAF,ww,48003,0.43985,32.305,-102.6378,69000.0,0.955,0.0,0.06675851499192931,0.199,0.02818,0.05109,0.0,0.114,4.8,18664.0,TX,C,1710,0.03
2239.3017,Angelina,SHV,ee,48005,14.34741,31.2548,-94.6118,56800.0,0.786,0.02079,0.4779747054497209,0.18,0.13926,0.10457,0.43883,0.172,38.99,87319.0,TX,C,32128,0.044
677.1076,Aransas,CRP,sc,48007,174.20444,28.1358,-96.9975,60500.0,0.837,0.00793,0.5774397339983375,0.276,0.08011,0.13125,0.03516,0.171,37.47,25374.0,TX,C,117955,0.049
2397.8212,Archer,OUN,nn,48009,2.7123,33.6153,-98.6877,72100.0,0.997,0.05397,0.3698175501706233,0.252,0.15223,0.03435,0.0091,0.097,3.77,9029.0,TX,C,6504,0.035
2366.6589,Armstrong,AMA,pa,48011,0.84089,34.9649,-101.3574,67500.0,0.935,0.03015,0.34147565008266945,0.214,0.20234,0.02225,0.07578,0.105,0.77,1832.0,TX,C,1990,0.033
3200.389,Atascosa,EWX,sc,48013,1.88818,28.8907,-98.5279,59800.0,0.828,0.06437,0.37017031811878065,0.153,0.32393,0.05413,0.00817,0.184,16.18,51784.0,TX,C,6043,0.038
1699.9817,Austin,HGX,se,48015,20.57836,29.887,-96.278,68600.0,0.95,0.19908,0.5049258742027014,0.234,0.75177,0.07321,0.10155,0.116,18.63,31677.0,TX,C,34983,0.037
2143.1074,Bailey,LUB,nw,48017,0.64046,34.0685,-102.8298,52800.0,0.73,0.03351,0.13514638869959875,0.167,0.41366,0.04411,0.00013,0.164,3.11,6672.0,TX,C,1373,0.047
2065.6732,Bandera,EWX,sc,48019,15.92716,29.7472,-99.2462,69300.0,0.959,0.0,0.8706882186302284,0.255,0.00261,0.04301,0.39811,0.129,10.96,22637.0,TX,C,32900,0.035
2320.545,Bastrop,EWX,sc,48021,23.18521,30.1036,-97.3121,73400.0,1.016,0.21697,0.6722678775962209,0.233,0.4496,0.10197,0.29383,0.113,47.74,110778.0,TX,C,53802,0.034
2333.9462,Baylor,OUN,nn,48023,0.84144,33.6165,-99.2135,49100.0,0.679,0.00509,0.20682789565991858,0.284,0.23896,0.027,0.01169,0.174,1.48,3463.0,TX,C,1964,0.025
2279.9795,Bee,CRP,sc,48025,4.52566,28.4174,-97.7412,48200.0,0.667,0.31953,0.3038771143532039,0.114,0.37655,0.04816,0.03455,0.249,13.53,30850.0,TX,C,10318,0.051
2817.8882,Bell,FWD,cc,48027,23.45016,31.0377,-97.4782,62400.0,0.863,0.02473,0.49912547145366076,0.272,0.26636,0.18235,0.14393,0.115,139.53,393193.0,TX,C,66080,0.045
3255.1058,Bexar,EWX,sc,48029,97.98922,29.4491,-98.5199,65800.0,0.911,0.00767,0.8857245287528381,0.315,0.13175,0.46527,0.13136,0.147,641.36,2087679.0,TX,C,318965,0.037
1847.8191,Blanco,EWX,sc,48031,17.29439,30.2664,-98.3998,82200.0,1.138,0.0,0.8857730897864677,0.343,0.00184,0.03782,0.16681,0.085,7.06,13048.0,TX,C,31957,0.028
2346.7249,Borden,MAF,ww,48033,0.25653,32.7437,-101.4317,75200.0,1.04,0.01163,0.16321554329874421,0.353,0.09905,0.01804,0.0034,0.119,0.24,572.0,TX,C,602,0.018
2596.9014,Bosque,FWD,cc,48035,5.10874,31.9004,-97.6343,61000.0,0.845,0.00347,0.45403921446286793,0.207,0.04444,0.05429,0.2082,0.117,7.31,18996.0,TX,C,13267,0.035
2386.4329,Bowie,SHV,ne,48037,6.5924,33.4454,-94.4229,52500.0,0.726,0.05125,0.29767435606781456,0.221,0.36521,0.11469,0.25402,0.148,38.42,91687.0,TX,C,15732,0.042
3726.0117,Brazoria,HGX,se,48039,39.66463,29.1913,-95.4551,86200.0,1.193,0.08787,0.6213587844572163,0.321,0.42739,0.16118,0.05019,0.094,107.07,398938.0,TX,C,147791,0.044
1528.6974,Brazos,HGX,se,48041,77.15294,30.6611,-96.3023,60400.0,0.835,0.11901,0.6993461206841629,0.425,0.55458,0.203,0.13902,0.237,160.07,244703.0,TX,C,117943,0.031
16039.6363,Brewster,MAF,sw,48043,7.87446,29.8119,-103.2517,52400.0,0.725,1e-05,0.3336724313326551,0.453,6e-05,0.00413,0.02364,0.137,0.59,9513.0,TX,C,126303,0.032
2335.1895,Briscoe,LUB,pa,48045,1.43474,34.5303,-101.2086,53200.0,0.736,0.00895,0.1871810512550633,0.19,0.19348,0.01952,0.1079,0.139,0.62,1445.0,TX,C,3350,0.038
2444.0458,Brooks,BRO,ds,48047,1.81389,27.0316,-98.2187,35400.0,0.489,0.11065,0.28244381834933435,0.144,0.16541,0.02024,0.02873,0.297,2.8,6848.0,TX,C,4433,0.055
2478.4473,Brown,SJT,wc,48049,1.4381,31.7743,-98.9998,53500.0,0.74,0.00365,0.2584037712982838,0.199,0.07064,0.07054,0.07332,0.148,15.62,38709.0,TX,C,3564,0.043
1755.496,Burleson,HGX,se,48051,15.676,30.4924,-96.621,62100.0,0.859,0.56408,0.46510440657147245,0.231,0.66805,0.07214,0.18276,0.139,11.09,19475.0,TX,C,27519,0.036
2644.0615,Burnet,EWX,sc,48053,24.85692,30.7883,-98.1824,74900.0,1.036,0.00018,0.6877267609158014,0.287,0.00547,0.06682,0.26507,0.099,20.42,53991.0,TX,C,65723,0.031
1417.5252,Caldwell,EWX,sc,48055,7.08325,29.8372,-97.62,60800.0,0.842,0.16096,0.5322534257953027,0.164,0.51259,0.08863,0.162,0.137,35.17,49859.0,TX,C,10041,0.035
1399.1049,Calhoun,CRP,so,48057,22.20774,28.4909,-96.6495,62700.0,0.868,0.07394,0.4549969844796128,0.169,0.42127,0.06173,0.00602,0.146,14.08,19696.0,TX,C,31071,0.033
2334.3006,Callahan,SJT,wc,48059,1.89462,32.2977,-99.3735,63800.0,0.883,0.00769,0.4130247324052425,0.239,0.09003,0.0437,0.09338,0.127,6.16,14374.0,TX,C,4423,0.036
2494.6462,Cameron,BRO,ds,48061,242.83373,26.1293,-97.5292,49600.0,0.686,0.04904,0.7888187132001004,0.206,0.47314,0.19352,0.00461,0.235,171.05,426710.0,TX,C,605784,0.054
526.3937,Camp,SHV,ne,48063,5.09505,32.9732,-94.9785,52900.0,0.732,0.10328,0.4042030961078325,0.197,0.41492,0.08361,0.27021,0.176,24.7,13000.0,TX,C,2682,0.044
2393.4616,Carson,AMA,pa,48065,1.25244,35.4035,-101.3542,71900.0,0.995,0.04637,0.19724969498160952,0.259,0.42083,0.04483,0.0,0.091,2.46,5878.0,TX,C,2998,0.03
2487.2565,Cass,SHV,ne,48067,1.44247,33.0775,-94.3436,54300.0,0.751,0.03804,0.24096935145210646,0.176,0.16577,0.05516,0.47812,0.165,11.52,28659.0,TX,C,3588,0.047
2329.2508,Castro,LUB,pa,48069,1.27337,34.53,-102.2617,60000.0,0.83,0.10351,0.18987142805201052,0.21,0.69101,0.05015,0.00014,0.177,3.1,7227.0,TX,C,2966,0.031
1630.7929,Chambers,HGX,se,48071,87.10506,29.739,-94.6073,102000.0,1.413,0.08083,0.571025756822503,0.23,0.43621,0.11262,0.01701,0.086,33.04,53876.0,TX,C,142050,0.054
2750.3146,Cherokee,SHV,ne,48073,2.80431,31.837,-95.1652,50400.0,0.697,0.1644,0.29118571459324477,0.185,0.30396,0.06115,0.4005,0.189,18.99,52217.0,TX,C,7713,0.044
1848.4049,Childress,LUB,pa,48075,0.78662,34.5292,-100.2076,49200.0,0.681,0.01307,0.14121817829316982,0.115,0.22839,0.02903,0.01155,0.199,3.67,6788.0,TX,C,1454,0.028
2890.8664,Clay,OUN,nn,48077,3.1764,33.7854,-98.2084,66100.0,0.914,0.00185,0.2136635927659986,0.239,0.10935,0.03882,0.04782,0.117,3.71,10738.0,TX,C,9183,0.037
2008.2184,Cochran,LUB,nw,48079,0.29479,33.6041,-102.8285,45800.0,0.633,0.11655,0.12287002718313954,0.107,0.44008,0.02961,2e-05,0.22,1.25,2509.0,TX,C,592,0.04
2403.3842,Coke,SJT,wc,48081,1.60773,31.8885,-100.5299,43800.0,0.606,0.00104,0.2435218074884994,0.211,0.03211,0.01586,0.04597,0.13,1.39,3352.0,TX,C,3864,0.033
3319.1487,Coleman,SJT,wc,48083,2.17827,31.7732,-99.4536,45800.0,0.634,0.00041,0.18757798093145525,0.179,0.10366,0.03398,0.04139,0.177,2.36,7842.0,TX,C,7230,0.046
2294.4173,Collin,FWD,nc,48085,50.5549,33.1878,-96.5724,114000.0,1.576,0.01261,0.8184081569209205,0.549,0.14392,0.38861,0.09113,0.064,520.99,1195359.0,TX,C,115994,0.035
2381.1188,Collingsworth,AMA,pa,48087,0.35404,34.9649,-100.2701,52100.0,0.721,0.00474,0.10718181254400397,0.26,0.20737,0.02719,0.01911,0.189,1.08,2563.0,TX,C,843,0.036
2521.8379,Colorado,HGX,se,48089,8.91859,29.6208,-96.5263,59700.0,0.826,0.16276,0.5105842195571787,0.24,0.66104,0.05362,0.20708,0.145,8.37,21117.0,TX,C,22491,0.035
1488.083,Comal,EWX,sc,48091,52.57109,29.8082,-98.2781,93000.0,1.286,0.00045,0.970040959625512,0.422,0.01546,0.2133,0.36947,0.071,130.32,193928.0,TX,C,78230,0.036
2454.3239,Comanche,FWD,cc,48093,0.95097,31.948,-98.5583,51600.0,0.713,0.012,0.18631792785505877,0.2,0.13747,0.05618,0.09967,0.176,5.72,14050.0,TX,C,2334,0.036
2573.7602,Concho,SJT,wc,48095,0.96567,31.3265,-99.8639,51200.0,0.708,0.00121,0.14731364647748263,0.132,0.14802,0.0208,0.00462,0.222,1.28,3297.0,TX,C,2485,0.031
2327.8882,Cooke,FWD,nc,48097,2.21876,33.6393,-97.2126,66500.0,0.92,0.03098,0.31947291361639824,0.236,0.14932,0.07047,0.19404,0.125,18.81,43782.0,TX,C,5165,0.033
2736.9891,Coryell,FWD,cc,48099,7.18774,31.3909,-97.7992,63400.0,0.878,0.00264,0.3096228622469041,0.187,0.06786,0.07135,0.18599,0.122,31.01,84878.0,TX,C,19673,0.045
2334.7915,Cottle,LUB,nw,48101,1.31104,34.0777,-100.2787,45400.0,0.627,0.04606,0.1792233379161347,0.218,0.12572,0.01465,0.0335,0.201,0.55,1294.0,TX,C,3061,0.026
2034.6226,Crane,MAF,ww,48103,0.20053,31.4285,-102.5155,67900.0,0.939,0.0,0.3,0.143,0.0,0.04354,0.0,0.117,2.25,4574.0,TX,C,408,0.045
7271.2172,Crockett,SJT,wc,48105,0.60325,30.723,-101.4121,71900.0,0.994,0.0,0.6206199460916442,0.11,0.00018,0.01169,0.00622,0.153,0.39,2858.0,TX,C,4386,0.033
2335.2635,Crosby,LUB,nw,48107,4.58407,33.6146,-101.3,46500.0,0.643,0.04596,0.3984702585389494,0.141,0.51224,0.03558,0.00326,0.217,2.11,4917.0,TX,C,10705,0.042
9876.0183,Culberson,MAF,sw,48109,1.51063,31.4472,-104.5173,52200.0,0.722,0.00027,0.3570691434468525,0.163,0.0037,0.00904,0.01297,0.205,0.22,2196.0,TX,CM,14919,0.032
3899.0304,Dallam,AMA,pa,48111,0.59521,36.2779,-102.6022,61600.0,0.853,0.14909,0.10799045925811294,0.157,0.39444,0.02826,0.0,0.122,1.86,7237.0,TX,C,2321,0.026
2353.1695,Dallas,FWD,nc,48113,91.05991,32.7666,-96.7779,70900.0,0.981,0.02167,0.7821014888936922,0.348,0.06038,0.72486,0.06229,0.138,1107.59,2606358.0,TX,C,214279,0.038
2336.4963,Dawson,MAF,ww,48115,0.72117,32.7425,-101.9477,48800.0,0.675,0.04629,0.12500772315589803,0.145,0.66786,0.04535,0.00097,0.197,5.14,12004.0,TX,C,1685,0.042
3880.1707,Deaf Smith,AMA,pa,48117,0.38942,34.966,-102.6049,55600.0,0.769,0.14692,0.12803789336754262,0.118,0.477,0.04165,0.00038,0.165,4.73,18347.0,TX,C,1511,0.031
719.5097,Delta,FWD,nc,48119,2.54479,33.3863,-95.6723,54600.0,0.755,0.19061,0.2426110600460739,0.195,0.65106,0.04109,0.0814,0.151,7.67,5520.0,TX,C,1831,0.045
2480.8501,Denton,FWD,nc,48121,56.96391,33.2043,-97.1171,103000.0,1.421,0.01117,0.785241410948322,0.484,0.13741,0.34484,0.07734,0.061,406.19,1007703.0,TX,C,141319,0.035
2358.3789,DeWitt,EWX,sc,48123,7.71038,29.0821,-97.3568,55500.0,0.768,0.56467,0.23294495786954594,0.157,0.55563,0.06312,0.13033,0.183,8.45,19929.0,TX,C,18184,0.033
2344.7278,Dickens,LUB,nw,48125,0.50496,33.6166,-100.7789,47100.0,0.651,0.0076,0.19071718973715035,0.191,0.10033,0.02101,0.01885,0.184,0.73,1711.0,TX,C,1184,0.051
3456.0385,Dimmit,EWX,sc,48127,1.04978,28.4225,-99.7567,44300.0,0.613,0.00854,0.19196083483638238,0.11,0.02325,0.02539,0.00051,0.273,2.39,8257.0,TX,C,3628,0.032
2416.6314,Donley,AMA,pa,48129,0.42506,34.9654,-100.814,44900.0,0.621,0.01071,0.2066150943721303,0.161,0.08652,0.02377,0.03586,0.169,1.33,3214.0,TX,C,1027,0.039
4651.1601,Duval,CRP,sc,48131,1.60794,27.6813,-98.5089,40500.0,0.561,0.03142,0.20447557479257766,0.07,0.1044,0.01611,0.00101,0.291,2.06,9604.0,TX,C,7479,0.044
2413.6314,Eastland,FWD,nc,48133,1.39499,32.3271,-98.8323,53400.0,0.738,0.00535,0.20068658598983805,0.222,0.12524,0.06482,0.17123,0.163,7.47,18037.0,TX,C,3367,0.046
2335.4096,Ector,MAF,ww,48135,1.14163,31.8692,-102.5428,64900.0,0.897,0.0,0.24246575342465754,0.166,0.00056,0.14187,2e-05,0.117,70.43,164494.0,TX,C,2666,0.033
5490.7142,Edwards,EWX,sc,48137,2.26955,29.9826,-100.3047,50800.0,0.702,0.0,0.7849462365591396,0.259,0.00012,0.00651,0.08466,0.197,0.25,1393.0,TX,C,12461,0.025
2464.7209,Ellis,FWD,nc,48139,11.73077,32.3484,-96.7945,89300.0,1.236,0.02236,0.4858625588873102,0.286,0.3663,0.15525,0.07553,0.074,90.41,222829.0,TX,C,28913,0.037
2627.5364,El Paso,EPZ,ww,48141,25.94637,31.7686,-106.2348,53400.0,0.739,0.00038,0.3163633899224018,0.254,0.05057,0.24826,0.00316,0.185,331.06,869880.0,TX,M,68175,0.044
2822.5249,Erath,FWD,nc,48143,1.89865,32.2363,-98.218,60100.0,0.831,0.01344,0.2787263537290196,0.325,0.07474,0.06993,0.18755,0.158,15.66,44195.0,TX,C,5359,0.035
2004.2393,Falls,FWD,cc,48145,1.27939,31.2533,-96.9358,47500.0,0.658,0.13065,0.28100911299605663,0.15,0.74052,0.05941,0.05271,0.201,8.62,17286.0,TX,C,2564,0.041
2328.863,Fannin,FWD,nc,48147,1.21476,33.5939,-96.1066,61000.0,0.843,0.09827,0.27664634890521234,0.202,0.38931,0.05767,0.19076,0.142,16.13,37571.0,TX,C,2829,0.034
2486.05,Fayette,EWX,sc,48149,3.9922,29.8768,-96.9198,70500.0,0.975,0.38348,0.4391442667528561,0.272,0.67788,0.06929,0.15446,0.093,10.25,25474.0,TX,C,9925,0.034
2335.4696,Fisher,SJT,wc,48151,2.04284,32.7428,-100.4022,57900.0,0.801,0.08363,0.2144007907653154,0.182,0.33945,0.02506,0.00558,0.143,1.55,3612.0,TX,C,4771,0.033
2570.7598,Floyd,LUB,nw,48153,1.45716,34.0724,-101.3032,45800.0,0.633,0.0323,0.13781971312939634,0.167,0.59793,0.04337,0.0235,0.203,1.98,5090.0,TX,C,3746,0.043
1832.6454,Foard,OUN,nn,48155,0.98426,33.9746,-99.778,47700.0,0.659,0.11088,0.3063783037082191,0.145,0.21197,0.01892,0.04479,0.168,0.59,1079.0,TX,C,1804,0.033
2294.9758,Fort Bend,HGX,se,48157,100.45368,29.5274,-95.7707,106000.0,1.461,0.05842,0.7159831783665155,0.493,0.53765,0.32139,0.02446,0.085,399.47,916778.0,TX,C,230539,0.04
763.602,Franklin,SHV,ne,48159,2.45093,33.1756,-95.2184,56600.0,0.783,0.46913,0.482811827876448,0.293,0.55052,0.06312,0.1756,0.141,14.06,10735.0,TX,C,1872,0.038
2310.6885,Freestone,FWD,cc,48161,3.53674,31.7049,-96.149,56400.0,0.78,0.02741,0.18514986386039423,0.159,0.53013,0.06711,0.18365,0.154,8.85,20441.0,TX,C,8172,0.051
2937.9243,Frio,EWX,sc,48163,1.66461,28.8678,-99.1083,46800.0,0.647,0.1096,0.3546561151439613,0.114,0.19567,0.03112,0.00886,0.256,6.12,17987.0,TX,C,4890,0.033
3892.4273,Gaines,MAF,ww,48165,0.23764,32.7407,-102.6352,62500.0,0.864,0.00649,0.057207584388032376,0.081,0.50847,0.05274,5e-05,0.134,5.79,22523.0,TX,C,925,0.029
1065.7579,Galveston,HGX,se,48167,493.16494,29.3941,-94.965,75900.0,1.051,0.02287,0.9124544349939246,0.343,0.18082,0.41602,0.01051,0.115,339.42,361744.0,TX,C,525594,0.043
2321.1232,Garza,LUB,nw,48169,2.791,33.1799,-101.2984,50300.0,0.695,0.00093,0.42193918755921644,0.106,0.11121,0.01979,0.00711,0.185,1.95,4517.0,TX,C,6478,0.034
2749.3498,Gillespie,EWX,sc,48171,4.8101,30.3181,-98.9464,77000.0,1.065,0.00098,0.5965843184678793,0.353,0.02657,0.04452,0.11492,0.1,10.09,27733.0,TX,C,13225,0.026
2333.3895,Glasscock,MAF,ww,48173,0.33642,31.8694,-101.5208,96500.0,1.336,0.0051,0.07799862745596421,0.399,0.15187,0.04691,7e-05,0.081,0.49,1141.0,TX,C,785,0.024
2225.5661,Goliad,CRP,sc,48175,3.85402,28.6571,-97.4264,62800.0,0.869,0.05398,0.2770657524688204,0.19,0.47428,0.03295,0.09784,0.138,3.21,7144.0,TX,C,8577,0.037
2770.7054,Gonzales,EWX,sc,48177,6.45327,29.4567,-97.4925,57500.0,0.796,0.06902,0.3029414539762879,0.126,0.50269,0.05745,0.10828,0.176,7.19,19930.0,TX,C,17880,0.034
2406.8778,Gray,AMA,pa,48179,0.72105,35.4012,-100.8126,50600.0,0.701,0.00115,0.1406481791323612,0.154,0.20871,0.05474,0.00287,0.173,8.69,20916.0,TX,C,1735,0.041
2536.1959,Grayson,FWD,nc,48181,35.06697,33.6268,-96.6776,66100.0,0.915,0.00519,0.38264906242545715,0.237,0.22908,0.12392,0.18048,0.109,57.92,146907.0,TX,C,88937,0.037
715.8255,Gregg,SHV,ne,48183,5.62995,32.4803,-94.8172,60900.0,0.843,0.04591,0.45724266740453795,0.224,0.18191,0.34533,0.25117,0.16,176.36,126243.0,TX,C,4030,0.042
2075.2984,Grimes,HGX,se,48185,3.72608,30.5436,-95.9855,61200.0,0.847,0.24105,0.3668036614982253,0.195,0.63119,0.06973,0.20437,0.149,15.6,32384.0,TX,C,7733,0.044
1849.9406,Guadalupe,EWX,sc,48187,22.45708,29.5831,-97.9484,86000.0,1.19,0.01409,0.5529648666667422,0.309,0.43005,0.15173,0.12706,0.081,101.87,188454.0,TX,C,41544,0.034
2602.2076,Hale,LUB,nw,48189,0.72904,34.0705,-101.8269,49600.0,0.686,0.02009,0.12349123373762887,0.156,0.75365,0.07111,0.00013,0.193,12.21,31761.0,TX,C,1897,0.049
2341.602,Hall,LUB,pa,48191,0.36574,34.5308,-100.6811,40700.0,0.563,0.01168,0.11449147360554386,0.178,0.22622,0.02082,0.02742,0.221,1.2,2818.0,TX,C,856,0.043
2166.435,Hamilton,FWD,cc,48193,5.24595,31.7048,-98.1107,59800.0,0.827,0.01153,0.23430190284122868,0.243,0.06057,0.05124,0.1248,0.137,3.98,8619.0,TX,C,11365,0.034
2383.4098,Hansford,AMA,pa,48195,1.73113,36.2775,-101.3545,69100.0,0.956,0.00339,0.13606303995391633,0.304,0.52878,0.03878,8e-05,0.116,2.13,5071.0,TX,C,4126,0.026
1805.402,Hardeman,OUN,nn,48197,1.75582,34.2903,-99.7457,49500.0,0.685,0.01199,0.17302978475216155,0.15,0.25327,0.03275,0.04772,0.164,1.93,3490.0,TX,C,3170,0.048
2324.2812,Hardin,LCH,se,48199,6.46572,30.3324,-94.3902,70400.0,0.974,0.04086,0.45084689829329005,0.208,0.05403,0.09411,0.40891,0.115,25.07,58261.0,TX,C,15028,0.049
4553.0421,Harris,HGX,se,48201,124.74749,29.79795,-95.2891,68700.0,0.951,0.0513,0.8661053655447717,0.337,0.06057,0.72763,0.04708,0.16,1061.95,4835125.0,TX,C,1135962,0.043
2370.2173,Harrison,SHV,ne,48203,4.68219,32.5482,-94.3713,64600.0,0.894,0.16039,0.3826986892550285,0.225,0.20326,0.10376,0.43037,0.172,29.91,70895.0,TX,C,11098,0.047
3789.5819,Hartley,AMA,pa,48205,0.63094,35.84,-102.6029,84200.0,1.164,0.00418,0.06541096095726022,0.231,0.3559,0.02754,0.0,0.085,1.36,5145.0,TX,C,2391,0.021
2357.4792,Haskell,SJT,wc,48207,1.37308,33.1782,-99.7303,48600.0,0.672,0.01174,0.14917049470478985,0.225,0.52459,0.03769,0.00867,0.193,2.28,5385.0,TX,C,3237,0.038
1760.7405,Hays,EWX,sc,48209,44.82186,30.0582,-98.0311,89100.0,1.232,0.00858,0.9245484898095987,0.419,0.03961,0.18461,0.33532,0.098,159.3,280486.0,TX,C,78920,0.033
2362.2572,Hemphill,AMA,pa,48211,0.43264,35.8376,-100.2705,73200.0,1.013,0.0,0.11480088852487498,0.244,0.03071,0.05794,0.01074,0.101,1.35,3189.0,TX,C,1022,0.035
2457.8794,Henderson,FWD,cc,48213,11.90884,32.2121,-95.8538,62800.0,0.869,0.47964,0.36047885051522854,0.202,0.48099,0.09554,0.18683,0.169,35.05,86158.0,TX,C,29270,0.041
4099.1099,Hidalgo,BRO,ds,48215,151.1997,26.3968,-98.1811,48800.0,0.676,0.06736,0.6700267928846059,0.203,0.46397,0.22484,0.00295,0.269,219.19,898471.0,TX,C,619784,0.061
2553.025,Hill,FWD,cc,48217,4.91793,31.9907,-97.1324,57600.0,0.796,0.02788,0.2754299884411219,0.185,0.38631,0.08402,0.07961,0.142,14.92,38101.0,TX,C,12556,0.04
2353.1314,Hockley,LUB,nw,48219,0.5601,33.6076,-102.3432,56900.0,0.788,0.0827,0.1587875494235536,0.183,0.62096,0.05939,5e-05,0.151,9.12,21460.0,TX,C,1318,0.036
1131.1549,Hood,FWD,nc,48221,8.32925,32.4299,-97.8323,75500.0,1.045,0.00446,0.545126272821065,0.324,0.03549,0.14654,0.15123,0.081,59.92,67774.0,TX,C,9422,0.037
2053.256,Hopkins,FWD,nc,48223,1.42164,33.1495,-95.564,64200.0,0.889,0.1086,0.21045028290025147,0.2,0.66992,0.06334,0.10763,0.13,18.59,38172.0,TX,C,2919,0.035
3203.168,Houston,HGX,se,48225,2.66906,31.3178,-95.4227,49700.0,0.688,0.23136,0.2023222669907762,0.155,0.4217,0.04255,0.40253,0.218,6.89,22066.0,TX,C,8549,0.032
2341.9297,Howard,MAF,ww,48227,0.83991,32.3062,-101.4355,59600.0,0.825,0.01423,0.11597731956740731,0.153,0.27397,0.07717,0.00328,0.18,13.05,30554.0,TX,C,1967,0.043
11841.5555,Hudspeth,EPZ,ww,48229,0.62323,31.4562,-105.3865,39600.0,0.548,0.38252,0.3488030523925403,0.124,0.01403,0.00726,0.00702,0.32,0.29,3451.0,TX,M,7380,0.038
2284.7085,Hunt,FWD,nc,48231,4.76777,33.1236,-96.0854,68000.0,0.941,0.0818,0.4017842369422537,0.219,0.42837,0.10869,0.15901,0.127,49.61,113347.0,TX,C,10893,0.041
2318.2518,Hutchinson,AMA,pa,48233,1.37333,35.84,-101.3547,65000.0,0.9,0.02136,0.1954943873311719,0.16,0.19034,0.03789,0.00063,0.143,8.64,20033.0,TX,C,3184,0.043
2723.4851,Irion,SJT,wc,48235,1.30993,31.3039,-100.9824,77800.0,1.076,0.0,0.507435879014297,0.221,0.00461,0.01864,0.00317,0.089,0.57,1549.0,TX,C,3568,0.033
2383.2118,Jack,FWD,nc,48237,1.02383,33.2335,-98.1725,54100.0,0.749,0.00041,0.2641835033156241,0.156,0.01948,0.03967,0.23357,0.132,3.72,8875.0,TX,C,2440,0.036
2206.1448,Jackson,HGX,sc,48239,5.76167,28.9557,-96.5787,62000.0,0.857,0.22878,0.4767091232985543,0.159,0.73258,0.0451,0.0983,0.14,6.9,15221.0,TX,C,12711,0.033
2510.9967,Jasper,LCH,se,48241,8.303,30.744,-94.025,50800.0,0.702,0.00729,0.34762678753634035,0.126,0.06994,0.07997,0.43815,0.166,13.02,32694.0,TX,C,20849,0.063
5863.0393,Jeff Davis,MAF,sw,48243,14.60973,30.7154,-104.14,58300.0,0.806,1e-05,0.8828502415458938,0.304,0.00013,0.0077,0.19739,0.128,0.32,1856.0,TX,C,85657,0.032
2476.7665,Jefferson,LCH,se,48245,46.07526,29.8838,-94.1722,55100.0,0.762,0.18414,0.4519250954175182,0.194,0.37227,0.17176,0.01188,0.201,101.54,251496.0,TX,C,114118,0.063
2942.6919,Jim Hogg,BRO,ds,48247,1.80932,27.0434,-98.6973,43800.0,0.606,0.00394,0.22700728928761915,0.19,0.04479,0.01111,6e-05,0.246,1.6,4720.0,TX,C,5324,0.047
2246.801,Jim Wells,CRP,sc,48249,8.22557,27.7311,-98.0902,48300.0,0.668,0.51963,0.44258554287636037,0.152,0.43181,0.05299,0.00935,0.212,17.21,38662.0,TX,C,18481,0.052
1902.1587,Johnson,FWD,nc,48251,19.54565,32.379,-97.3663,76700.0,1.062,0.00479,0.560332266873166,0.235,0.18562,0.19562,0.09563,0.099,106.67,202906.0,TX,C,37179,0.036
2427.2343,Jones,SJT,wc,48253,4.3151,32.7399,-99.8787,51900.0,0.718,0.02836,0.3338341518894118,0.112,0.47738,0.05179,0.02857,0.205,8.4,20381.0,TX,C,10474,0.046
1951.9254,Karnes,EWX,sc,48255,1.84219,28.9057,-97.8594,61900.0,0.856,0.10679,0.2569104756130071,0.16,0.44085,0.08259,0.01957,0.236,7.69,15018.0,TX,C,3596,0.031
2089.8168,Kaufman,FWD,nc,48257,10.24759,32.5996,-96.2879,92800.0,1.284,0.06388,0.4955754228984208,0.253,0.56758,0.13104,0.10594,0.096,88.85,185690.0,TX,C,21416,0.041
1717.3427,Kendall,EWX,sc,48259,47.30054,29.9447,-98.7116,120000.0,1.664,2e-05,0.9299575889988432,0.491,0.00408,0.06814,0.24856,0.069,29.43,50537.0,TX,C,81231,0.033
3727.1013,Kenedy,BRO,ds,48261,9.48598,26.9281,-97.7174,43300.0,0.599,0.00161,0.2220520931484722,0.106,0.04314,0.00759,0.08127,0.149,0.09,343.0,TX,C,35355,0.071
2338.384,Kent,LUB,nw,48263,0.50475,33.1814,-100.7776,58100.0,0.804,0.00085,0.1969365230344035,0.269,0.04282,0.01279,0.01254,0.116,0.31,734.0,TX,C,1180,0.021
2868.8137,Kerr,EWX,sc,48265,18.27382,30.0615,-99.3501,59600.0,0.825,4e-05,0.897193379253624,0.312,0.00305,0.04423,0.2817,0.12,18.79,53915.0,TX,C,52424,0.035
3240.1344,Kimble,SJT,wc,48267,12.06218,30.4868,-99.7487,51900.0,0.717,3e-05,0.7852787456445993,0.256,0.00128,0.00998,0.10707,0.174,1.37,4442.0,TX,C,39083,0.034
2365.6334,King,LUB,nw,48269,0.54996,33.6165,-100.2558,87900.0,1.216,0.00077,0.259046173431915,0.364,0.03112,0.00854,0.04251,0.097,0.09,217.0,TX,C,1301,0.01
3536.2576,Kinney,EWX,sc,48271,5.50259,29.3502,-100.418,52600.0,0.728,0.00714,0.37995049504950495,0.195,0.00678,0.0107,0.02967,0.21,0.89,3148.0,TX,C,19459,0.046
2284.8613,Kleberg,CRP,sc,48273,27.38408,27.4338,-97.7344,51300.0,0.71,0.4692,0.34775763009664895,0.237,0.46803,0.03796,0.00532,0.221,13.16,30069.0,TX,C,62569,0.046
2215.6333,Knox,OUN,nn,48275,1.39787,33.6061,-99.7414,47200.0,0.653,0.03067,0.20821463729345221,0.156,0.36488,0.02283,0.04582,0.205,1.49,3302.0,TX,C,3097,0.035
2415.1245,Lamar,FWD,nc,48277,1.27198,33.6671,-95.5711,62600.0,0.866,0.15202,0.20347030811820305,0.206,0.62069,0.0664,0.17815,0.192,21.17,51127.0,TX,C,3072,0.043
2635.8394,Lamb,LUB,nw,48279,0.81454,34.0686,-102.3517,53000.0,0.733,0.04797,0.18979341906322034,0.143,0.60671,0.05532,0.00024,0.183,4.82,12711.0,TX,C,2147,0.041
1849.1118,Lampasas,FWD,cc,48281,10.24293,31.1962,-98.2414,67900.0,0.94,0.00016,0.47354971168967325,0.216,0.02228,0.05622,0.16731,0.115,12.58,23262.0,TX,C,18940,0.038
3870.1707,La Salle,CRP,sc,48283,1.38211,28.3451,-99.0997,40600.0,0.561,0.08301,0.16212096511248777,0.081,0.05698,0.02155,0.0003,0.271,1.69,6537.0,TX,C,5349,0.026
2513.1,Lavaca,EWX,sc,48285,2.12234,29.3843,-96.9301,58400.0,0.808,0.31348,0.5019586961056642,0.209,0.65278,0.0526,0.21326,0.125,8.19,20571.0,TX,C,5334,0.033
1642.0383,Lee,EWX,sc,48287,8.09123,30.3107,-96.9657,65900.0,0.912,0.10627,0.3939102839414039,0.187,0.69557,0.05781,0.16549,0.112,11.11,18240.0,TX,C,13286,0.032
2798.3022,Leon,FWD,cc,48289,4.36124,31.2965,-95.9957,56700.0,0.785,0.54974,0.2839992862726875,0.171,0.50115,0.05561,0.32237,0.137,5.91,16538.0,TX,C,12204,0.047
3046.6398,Liberty,HGX,se,48291,4.8863,30.1516,-94.8122,61900.0,0.856,0.08565,0.39301833794149305,0.112,0.29533,0.10397,0.16411,0.145,35.54,108272.0,TX,C,14887,0.055
2417.0215,Limestone,FWD,cc,48293,1.904,31.5455,-96.5805,51400.0,0.711,0.1332,0.19239771183589027,0.191,0.59726,0.06791,0.14268,0.18,9.21,22250.0,TX,C,4602,0.042
2414.3711,Lipscomb,AMA,pa,48295,0.1792,36.2777,-100.2731,70200.0,0.972,0.0,0.06568794632065178,0.254,0.11415,0.05409,0.00115,0.126,1.2,2906.0,TX,C,433,0.032
2794.3265,Live Oak,CRP,sc,48297,3.45873,28.3514,-98.1248,58600.0,0.81,0.03197,0.3502050987578681,0.138,0.23408,0.04586,0.01277,0.17,4.15,11584.0,TX,C,9665,0.038
2502.5908,Llano,EWX,sc,48299,4.76988,30.7056,-98.684,59500.0,0.824,0.00067,0.5015558924439479,0.331,0.00446,0.04713,0.09563,0.117,9.14,22875.0,TX,C,11937,0.036
1753.0524,Loving,MAF,ww,48301,0.15635,31.8492,-103.58,94700.0,1.31,0.0,0.0,0.0,0.0,0.06529,0.0,0.047,0.02,43.0,TX,C,274,0.003
2333.0616,Lubbock,LUB,nw,48303,30.45221,33.6102,-101.8205,59100.0,0.818,0.07558,0.45593488781346236,0.333,0.65754,0.19439,0.00153,0.171,137.56,320940.0,TX,C,71047,0.033
2313.913,Lynn,LUB,nw,48305,0.70746,33.1768,-101.8161,56800.0,0.785,0.06903,0.16275208758341686,0.243,0.71935,0.04303,0.00152,0.167,2.49,5761.0,TX,C,1637,0.033
2780.0413,McCulloch,SJT,wc,48307,0.85682,31.1989,-99.3474,45900.0,0.635,0.0021,0.2000569330814476,0.196,0.08769,0.026,0.04291,0.185,2.68,7452.0,TX,C,2382,0.041
2745.8647,McLennan,FWD,cc,48309,20.18791,31.5524,-97.2018,63200.0,0.874,0.02376,0.5304375189612413,0.278,0.37722,0.1648,0.05982,0.167,97.81,268583.0,TX,C,55433,0.037
2959.2846,McMullen,CRP,sc,48311,6.44212,28.3491,-98.5674,67500.0,0.934,0.70992,0.2555140748369379,0.15,0.0567,0.01675,0.00059,0.124,0.19,568.0,TX,C,19064,0.017
1223.754,Madison,HGX,se,48313,3.84531,30.9656,-95.9284,53900.0,0.746,0.12538,0.3476868434020722,0.145,0.71231,0.05929,0.11115,0.183,11.23,13742.0,TX,C,4706,0.046
1088.5789,Marion,SHV,ne,48315,5.34348,32.798,-94.3572,47700.0,0.66,0.02364,0.29925800332387653,0.16,0.09857,0.04897,0.48102,0.217,8.79,9571.0,TX,C,5817,0.048
2371.3603,Martin,MAF,ww,48317,0.719,32.306,-101.9512,73300.0,1.014,0.23812,0.13930309256349702,0.178,0.34833,0.06829,0.00025,0.119,2.2,5216.0,TX,C,1705,0.027
2414.3194,Mason,SJT,wc,48319,1.81169,30.7177,-99.2261,59100.0,0.818,0.00091,0.5590701065165445,0.401,0.00921,0.01927,0.05176,0.124,1.63,3931.0,TX,C,4374,0.035
2964.8748,Matagorda,HGX,se,48321,12.82451,28.8661,-95.9853,58400.0,0.808,0.12053,0.3601284168432777,0.228,0.62766,0.04668,0.05907,0.179,12.26,36359.0,TX,C,38023,0.054
3345.5035,Maverick,EWX,sc,48323,1.03363,28.7426,-100.3145,43400.0,0.601,0.01446,0.5909124149867148,0.153,0.01104,0.02695,0.00023,0.228,17.27,57762.0,TX,C,3458,0.075
3456.1698,Medina,EWX,sc,48325,4.00838,29.3557,-99.1101,70300.0,0.973,0.01169,0.41231116861344463,0.222,0.143,0.04811,0.17157,0.131,15.85,54797.0,TX,C,13854,0.038
2336.7588,Menard,SJT,wc,48327,1.61848,30.8898,-99.8206,44100.0,0.611,0.00053,0.5799412785266248,0.229,0.00576,0.00951,0.01617,0.2,0.84,1958.0,TX,C,3782,0.037
2336.054,Midland,MAF,ww,48329,11.0542,31.8692,-102.0316,81200.0,1.123,0.0048,0.32559978337395074,0.309,0.03573,0.18125,0.00013,0.109,75.82,177108.0,TX,C,25823,0.025
2646.1603,Milam,FWD,cc,48331,4.16862,30.7863,-96.9769,54700.0,0.756,0.30957,0.4753271187458585,0.195,0.67382,0.05464,0.16528,0.159,9.81,25951.0,TX,C,11031,0.042
1941.9855,Mills,FWD,cc,48333,2.15467,31.4952,-98.5955,58100.0,0.803,0.00167,0.32659211476675554,0.281,0.0372,0.0414,0.09349,0.147,2.34,4548.0,TX,C,4184,0.039
2372.4395,Mitchell,MAF,ww,48335,2.21249,32.3062,-100.9212,48400.0,0.669,0.00629,0.21844101244452824,0.139,0.18526,0.0335,0.00418,0.211,3.83,9075.0,TX,C,5249,0.04
2430.5856,Montague,FWD,nc,48337,0.87629,33.6757,-97.7246,57100.0,0.79,0.00188,0.18577707974258822,0.178,0.03633,0.05863,0.20452,0.134,8.89,21598.0,TX,C,2130,0.035
2789.0434,Montgomery,HGX,se,48339,36.20112,30.3002,-95.503,95200.0,1.318,0.02321,0.7145212675963444,0.379,0.11261,0.36855,0.3402,0.101,255.05,711354.0,TX,C,100967,0.039
2356.242,Moore,AMA,pa,48341,0.61878,35.8377,-101.8929,66600.0,0.921,0.01029,0.12250925705775777,0.12,0.41511,0.04527,0.0,0.135,8.99,21190.0,TX,C,1458,0.027
670.1027,Morris,SHV,ne,48343,13.75132,33.1135,-94.7326,49800.0,0.69,0.02963,0.45773553280948936,0.155,0.37493,0.07478,0.2712,0.193,18.01,12066.0,TX,C,9215,0.059
2563.6527,Motley,LUB,nw,48345,0.6912,34.0741,-100.7798,46300.0,0.641,0.00451,0.16140093068821945,0.22,0.06876,0.01327,0.02782,0.168,0.4,1020.0,TX,C,1772,0.04
2541.5067,Nacogdoches,SHV,ee,48347,5.94192,31.616,-94.6158,51700.0,0.715,0.26137,0.3742381233257145,0.265,0.23044,0.0734,0.44001,0.196,25.72,65375.0,TX,C,15101,0.043
2813.1967,Navarro,FWD,nc,48349,2.95287,32.047,-96.4724,50800.0,0.703,0.04538,0.2997855086839434,0.171,0.55247,0.07313,0.10377,0.157,19.78,55635.0,TX,C,8307,0.04
2433.4577,Newton,LCH,se,48351,0.59547,30.7863,-93.7448,47800.0,0.661,0.0138,0.22896962531829756,0.062,0.03249,0.05582,0.47154,0.185,4.95,12039.0,TX,C,1449,0.071
2366.9013,Nolan,SJT,wc,48353,1.86742,32.3035,-100.406,50600.0,0.7,0.00181,0.21309426621917177,0.137,0.15084,0.04336,0.08257,0.204,6.04,14306.0,TX,C,4420,0.035
2177.1804,Nueces,CRP,sc,48355,139.48821,27.7232,-97.6289,60300.0,0.834,0.02783,0.5550768264305196,0.237,0.66142,0.1933,0.00486,0.173,161.81,352289.0,TX,C,303691,0.042
2377.9922,Ochiltree,AMA,pa,48357,0.5185,36.2784,-100.8156,69400.0,0.96,0.08516,0.1400196638378845,0.19,0.52456,0.05898,0.00041,0.111,4.08,9704.0,TX,C,1233,0.033
3888.8879,Oldham,AMA,pa,48359,0.36669,35.405,-102.6029,66400.0,0.919,0.01473,0.2448921050915966,0.253,0.07106,0.01262,3e-05,0.123,0.46,1783.0,TX,C,1426,0.03
945.8424,Orange,LCH,se,48361,7.73171,30.1281,-93.8965,63900.0,0.884,0.00643,0.39146420484743466,0.178,0.13069,0.23997,0.13064,0.145,90.63,85722.0,TX,C,7313,0.054
2552.574,Palo Pinto,FWD,nc,48363,3.69708,32.7532,-98.313,56800.0,0.786,0.00392,0.4309556613226453,0.187,0.02252,0.05737,0.29742,0.169,11.65,29747.0,TX,C,9437,0.037
2127.4857,Panola,SHV,ne,48365,1.74003,32.1624,-94.3056,59800.0,0.827,0.19238,0.26664199002889133,0.179,0.2585,0.07559,0.37929,0.136,10.73,22838.0,TX,C,3702,0.045
2357.2481,Parker,FWD,nc,48367,6.69125,32.7777,-97.8051,95300.0,1.318,0.00095,0.5239967783199886,0.316,0.02416,0.16732,0.14306,0.082,73.6,173494.0,TX,C,15773,0.033
2292.7847,Parmer,LUB,pa,48369,0.58129,34.5301,-102.7845,57800.0,0.799,0.08328,0.16017381285281931,0.167,0.74244,0.05512,0.00012,0.134,4.19,9617.0,TX,C,1333,0.026
12341.1696,Pecos,MAF,sw,48371,0.49256,30.7811,-102.7236,54000.0,0.747,0.00033,0.08725226672517965,0.134,0.0093,0.01554,0.00149,0.212,1.18,14623.0,TX,C,6079,0.036
2874.2314,Polk,HGX,se,48373,4.34849,30.7928,-94.83,58900.0,0.815,0.05345,0.45176218182828104,0.134,0.09019,0.08225,0.47198,0.181,18.85,54186.0,TX,C,12499,0.054
2387.8092,Potter,AMA,pa,48375,3.02682,35.4013,-101.894,51000.0,0.706,0.00996,0.6534976100369059,0.173,0.04028,0.07776,1e-05,0.178,48.01,114647.0,TX,C,7227,0.031
9989.5305,Presidio,MAF,sw,48377,3.87258,29.9998,-104.2405,43700.0,0.604,3e-05,0.669493022434199,0.202,0.00051,0.0064,0.0174,0.229,0.58,5795.0,TX,C,38685,0.063
670.3817,Rains,FWD,nc,48379,6.33318,32.8703,-95.7934,45400.0,0.628,0.37851,0.4468916027110654,0.252,0.56297,0.06269,0.1177,0.138,19.37,12986.0,TX,C,4246,0.035
2388.9642,Randall,AMA,pa,48381,11.24506,34.9659,-101.8969,77100.0,1.066,0.00372,0.300974783398729,0.321,0.30296,0.10106,0.01379,0.087,62.06,148255.0,TX,C,26864,0.029
3045.7624,Reagan,MAF,ww,48383,0.21078,31.3662,-101.523,83200.0,1.151,0.00935,0.015433998768797818,0.17,0.05358,0.03505,2e-05,0.107,1.03,3141.0,TX,C,642,0.036
1813.0422,Real,EWX,sc,48385,4.13151,29.8318,-99.8221,49500.0,0.684,0.0,0.9719626168224299,0.191,0.00011,0.01554,0.38447,0.157,1.57,2854.0,TX,C,7491,0.051
2737.478,Red River,SHV,ne,48387,2.35929,33.6207,-95.0504,47100.0,0.651,0.0422,0.1509371745354938,0.156,0.50318,0.03692,0.20809,0.184,4.27,11678.0,TX,C,6459,0.048
6841.8722,Reeves,MAF,sw,48389,3.02796,31.323,-103.6931,54000.0,0.747,0.00063,0.31868856318794514,0.069,0.01117,0.03712,0.00124,0.176,1.72,11770.0,TX,C,20717,0.031
2018.3929,Refugio,CRP,sc,48391,6.00519,28.3269,-97.1655,50900.0,0.705,0.23799,0.3061831163433499,0.138,0.52764,0.0253,0.02137,0.168,3.3,6666.0,TX,C,12121,0.039
2393.6364,Roberts,AMA,pa,48393,0.21933,35.8385,-100.8135,70800.0,0.98,0.01905,0.10800934003454771,0.22,0.04344,0.03565,0.00282,0.09,0.35,840.0,TX,C,525,0.036
2242.1618,Robertson,FWD,cc,48395,1.86408,31.027,-96.5128,57800.0,0.8,0.19213,0.23470561918561303,0.191,0.65371,0.06811,0.20234,0.17,7.7,17267.0,TX,C,4180,0.036
385.0718,Rockwall,FWD,nc,48397,13.4483,32.8978,-96.4077,124000.0,1.72,0.0083,0.8196080141905842,0.44,0.16157,0.34666,0.05781,0.051,340.99,131307.0,TX,C,5179,0.036
2737.9532,Runnels,SJT,wc,48399,2.01209,31.8311,-99.9762,52700.0,0.73,0.02505,0.26597945831080955,0.191,0.31761,0.03885,0.01676,0.153,3.6,9868.0,TX,C,5509,0.039
2431.482,Rusk,SHV,ne,48401,2.43625,32.1078,-94.7618,55100.0,0.762,0.23631,0.32216428725355944,0.179,0.32454,0.07772,0.38489,0.142,21.83,53079.0,TX,C,5924,0.041
1493.4285,Sabine,SHV,ee,48403,4.20978,31.3432,-93.8518,50600.0,0.7,0.00493,0.28763142884816134,0.178,0.05601,0.05025,0.53356,0.145,6.77,10106.0,TX,C,6287,0.068
1533.7006,San Augustine,SHV,ee,48405,1.64439,31.3943,-94.1682,49600.0,0.686,0.03291,0.25449839783090955,0.115,0.09998,0.05217,0.53702,0.203,5.11,7833.0,TX,C,2522,0.054
1626.1677,San Jacinto,HGX,se,48407,2.67712,30.5796,-95.1669,57900.0,0.8,0.02389,0.375673401680364,0.158,0.1388,0.07722,0.50409,0.167,17.79,28936.0,TX,C,4353,0.047
1825.9591,San Patricio,CRP,sc,48409,54.89734,28.0095,-97.5188,62900.0,0.871,0.13178,0.5411587388713297,0.172,0.65372,0.10448,0.01176,0.172,38.7,70660.0,TX,C,100240,0.048
2948.3757,San Saba,SJT,wc,48411,4.05145,31.1552,-98.8176,51400.0,0.71,0.00067,0.2856947994141803,0.217,0.04255,0.02756,0.15456,0.184,1.98,5845.0,TX,C,11945,0.038
3394.7277,Schleicher,SJT,wc,48413,0.47957,30.8975,-100.5385,54200.0,0.749,0.0,0.16427069659227952,0.242,0.02485,0.01266,0.00297,0.16,0.7,2391.0,TX,C,1628,0.035
2350.6669,Scurry,MAF,ww,48415,2.08366,32.7463,-100.9164,60400.0,0.835,0.01286,0.2290544200723996,0.179,0.22251,0.05036,0.00959,0.157,6.9,16212.0,TX,C,4898,0.041
2371.0902,Shackelford,SJT,wc,48417,1.79795,32.736,-99.3541,64700.0,0.895,0.00235,0.23326166095416515,0.346,0.05349,0.02795,0.01846,0.128,1.36,3229.0,TX,C,4263,0.027
2160.7837,Shelby,SHV,ee,48419,1.56642,31.7924,-94.145,51600.0,0.713,0.17875,0.18934992425469477,0.137,0.21857,0.06545,0.4469,0.18,11.19,24179.0,TX,C,3385,0.045
2390.6776,Sherman,AMA,pa,48421,0.4551,36.2777,-101.8935,73400.0,1.015,0.01287,0.10101746008307957,0.256,0.54105,0.03661,0.0,0.128,1.12,2678.0,TX,C,1088,0.032
2459.206,Smith,SHV,ne,48423,15.31176,32.375,-95.2692,68000.0,0.94,0.07189,0.6155241961111653,0.277,0.34557,0.17318,0.2838,0.132,99.71,245209.0,TX,C,37655,0.036
496.9423,Somervell,FWD,nc,48425,29.89884,32.2223,-97.7744,75600.0,1.046,0.00512,0.8046071200946918,0.25,0.01991,0.08621,0.27968,0.088,19.9,9888.0,TX,C,14858,0.036
3183.6909,Starr,BRO,ds,48427,49.69786,26.5621,-98.7384,35800.0,0.495,0.0009,0.3147341667997434,0.133,0.20874,0.03377,0.0007,0.288,20.71,65934.0,TX,C,158223,0.093
2386.78,Stephens,FWD,nc,48429,0.61143,32.7359,-98.8362,50700.0,0.702,0.0,0.14231939958640238,0.182,0.03245,0.03443,0.14907,0.184,3.91,9343.0,TX,C,1459,0.039
2391.7402,Sterling,SJT,wc,48431,0.17351,31.8279,-101.05,75900.0,1.05,0.0,0.2709997717416115,0.245,0.00659,0.01484,0.00504,0.115,0.58,1397.0,TX,C,415,0.04
2383.6018,Stonewall,LUB,nw,48433,0.6383,33.1791,-100.2533,53200.0,0.735,0.0138,0.23748657885893665,0.141,0.09223,0.01484,0.01762,0.159,0.51,1218.0,TX,C,1521,0.027
3766.8532,Sutton,SJT,wc,48435,1.06764,30.4983,-100.5382,68800.0,0.952,0.0,0.29975278121137205,0.155,0.00039,0.0145,0.00806,0.134,0.86,3221.0,TX,C,4022,0.058
2332.7409,Swisher,LUB,pa,48437,0.66881,34.5304,-101.735,52100.0,0.721,0.04807,0.12359405346484734,0.201,0.54282,0.04676,0.00029,0.194,2.98,6955.0,TX,C,1560,0.046
2324.5806,Tarrant,FWD,nc,48439,109.65878,32.7704,-97.2919,76300.0,1.055,0.00292,0.97715417007102,0.345,0.01236,0.7177,0.05409,0.11,939.07,2182947.0,TX,C,254911,0.037
2380.7896,Taylor,SJT,wc,48441,14.52392,32.3015,-99.8901,61800.0,0.855,0.00353,0.4501796046927255,0.29,0.19212,0.11024,0.16061,0.133,61.68,146836.0,TX,C,34578,0.033
6106.753,Terrell,MAF,sw,48443,0.91015,30.225,-102.0765,48000.0,0.664,0.0,0.0,0.323,0.0,0.00533,0.00137,0.186,0.11,687.0,TX,C,5558,0.035
2307.4958,Terry,LUB,nw,48445,0.46111,33.1738,-102.3352,47000.0,0.65,0.03853,0.09268239395753909,0.11,0.67486,0.05245,0.00013,0.193,5.0,11547.0,TX,C,1064,0.039
2371.2145,Throckmorton,SJT,wc,48447,0.70518,33.1775,-99.2124,51000.0,0.706,0.00658,0.17596859035225174,0.25,0.13019,0.02396,0.00967,0.131,0.64,1526.0,TX,C,1672,0.036
1102.7136,Titus,SHV,ne,48449,6.0992,33.2166,-94.9657,58400.0,0.808,0.09798,0.29157884787269855,0.154,0.4923,0.08296,0.1624,0.157,28.44,31357.0,TX,C,6726,0.042
3990.1488,Tom Green,SJT,wc,48451,8.61197,31.4044,-100.4621,60300.0,0.835,0.00588,0.3151331657569346,0.251,0.20389,0.05781,0.00844,0.146,29.84,119057.0,TX,C,34363,0.035
2647.1173,Travis,EWX,sc,48453,208.15374,30.3347,-97.7819,95200.0,1.316,0.00765,0.8256419333378092,0.555,0.1116,0.39502,0.22411,0.102,504.31,1334961.0,TX,C,551007,0.033
1849.4575,Trinity,HGX,se,48455,0.82975,31.0889,-95.1355,49600.0,0.687,0.10622,0.18307197131141517,0.159,0.16578,0.05948,0.52192,0.189,7.69,14228.0,TX,C,1535,0.05
2424.0162,Tyler,LCH,se,48457,3.5654,30.7713,-94.3765,50700.0,0.702,0.0884,0.38999459865670943,0.12,0.06325,0.06116,0.51286,0.185,8.41,20382.0,TX,C,8643,0.058
1534.8264,Upshur,SHV,ne,48459,1.862,32.7363,-94.9414,59700.0,0.826,0.10882,0.2609077770073267,0.175,0.35122,0.07568,0.37754,0.139,28.2,43281.0,TX,C,2858,0.042
3216.56,Upton,MAF,ww,48461,0.12269,31.3688,-102.0431,61600.0,0.852,0.0,0.12822971094386654,0.088,0.0116,0.04693,4e-05,0.153,0.97,3109.0,TX,C,395,0.017
4037.0308,Uvalde,EWX,sc,48463,8.70954,29.3574,-99.7622,48400.0,0.67,0.01348,0.49466574079919196,0.202,0.1095,0.0282,0.13797,0.21,6.18,24960.0,TX,C,35161,0.042
8372.0166,Val Verde,EWX,sc,48465,5.34736,29.893,-101.1517,52600.0,0.728,0.0,0.6977105161039969,0.213,0.00028,0.01287,0.00927,0.202,5.7,47720.0,TX,C,44768,0.055
2225.9971,Van Zandt,FWD,nc,48467,4.69189,32.5637,-95.8365,57700.0,0.798,0.50887,0.39877635059570105,0.182,0.64788,0.08297,0.15025,0.12,28.75,64000.0,TX,C,10444,0.035
2301.3381,Victoria,CRP,sc,48469,7.70074,28.7964,-96.9715,67900.0,0.939,0.31751,0.4242020554342954,0.197,0.6554,0.0825,0.05675,0.141,39.83,91664.0,TX,C,17722,0.041
2075.7649,Walker,HGX,se,48471,7.28914,30.739,-95.5722,53300.0,0.737,0.0187,0.2856155213815673,0.214,0.30615,0.08376,0.44845,0.224,39.15,81268.0,TX,C,15131,0.046
1342.7915,Waller,HGX,se,48473,20.93097,30.011,-95.9877,75200.0,1.041,0.57399,0.6585151771358198,0.266,0.6856,0.12428,0.09321,0.139,47.33,63553.0,TX,C,28106,0.046
2164.4462,Ward,MAF,ww,48475,0.74166,31.5095,-103.1024,60800.0,0.841,0.0,0.27480519480519483,0.107,0.0008,0.07176,0.0,0.141,5.07,10966.0,TX,C,1605,0.03
1609.3291,Washington,HGX,se,48477,11.80344,30.2145,-96.4036,66900.0,0.926,0.27782,0.5287877771066819,0.31,0.75015,0.08426,0.09867,0.145,23.0,37007.0,TX,C,18996,0.039
8742.9764,Webb,CRP,sc,48479,4.05186,27.7611,-99.3316,56300.0,0.779,6e-05,0.13424606151537885,0.209,0.00824,0.03154,6e-05,0.225,30.78,269148.0,TX,C,35425,0.04
2834.1757,Wharton,HGX,se,48481,4.55549,29.2779,-96.2221,57500.0,0.795,0.47006,0.33470099982935975,0.192,0.83246,0.06082,0.05429,0.153,14.73,41739.0,TX,C,12911,0.039
2370.7406,Wheeler,AMA,pa,48483,0.39491,35.4013,-100.2697,55700.0,0.771,0.00107,0.11992002074649809,0.195,0.10104,0.06431,0.03645,0.143,2.03,4804.0,TX,C,936,0.037
1639.4303,Wichita,OUN,nn,48485,8.73569,33.988,-98.7032,56600.0,0.784,0.03798,0.41051522900888493,0.248,0.26794,0.13607,0.01169,0.176,79.41,130180.0,TX,C,14322,0.039
2533.0626,Wilbarger,OUN,nn,48487,0.39517,34.0807,-99.241,53000.0,0.733,0.23077,0.2166188359159224,0.174,0.34906,0.04096,0.00421,0.169,4.94,12522.0,TX,C,1001,0.05
1566.3728,Willacy,BRO,ds,48489,13.85336,26.4706,-97.6732,41600.0,0.576,0.21042,0.43282003149022513,0.122,0.58326,0.04339,0.0073,0.278,12.79,20037.0,TX,C,21700,0.078
2939.0653,Williamson,EWX,sc,48491,66.76805,30.6481,-97.6008,102000.0,1.41,0.01655,0.7329645909718882,0.474,0.30729,0.23501,0.1074,0.064,237.22,697191.0,TX,C,196236,0.034
2094.0026,Wilson,EWX,sc,48493,5.22597,29.1741,-98.0866,79400.0,1.099,0.09769,0.44803892212020635,0.263,0.54395,0.0785,0.06688,0.099,25.88,54183.0,TX,C,10943,0.032
2178.645,Winkler,MAF,ww,48495,0.24052,31.85,-103.0482,69800.0,0.965,0.0,0.005764966740576497,0.1,0.00093,0.04807,0.0,0.135,3.4,7414.0,TX,C,524,0.034
2390.1147,Wise,FWD,nc,48497,6.89569,33.2159,-97.6544,80100.0,1.108,0.00321,0.6863467482593899,0.206,0.03627,0.10378,0.15917,0.094,32.68,78097.0,TX,C,16481,0.037
1801.8393,Wood,SHV,ne,48499,9.7649,32.7864,-95.3821,57500.0,0.796,0.21972,0.529711845033989,0.223,0.37362,0.08613,0.29216,0.152,26.6,47921.0,TX,C,17595,0.044
2071.3692,Yoakum,LUB,nw,48501,0.52639,33.1729,-102.8278,62700.0,0.868,0.00275,0.07352128992281477,0.142,0.45196,0.05535,3e-05,0.13,3.61,7468.0,TX,C,1090,0.034
2410.8049,Young,FWD,nc,48503,0.93935,33.1767,-98.6878,58300.0,0.807,0.00927,0.2208617694319105,0.236,0.12608,0.04883,0.11317,0.145,7.52,18124.0,TX,C,2265,0.034
2740.2874,Zapata,BRO,ds,48505,10.27869,27.0007,-99.1686,39400.0,0.545,0.00231,0.4408756810785114,0.133,0.02697,0.01731,6e-05,0.304,5.01,13736.0,TX,C,28167,0.064
3371.6139,Zavala,EWX,sc,48507,0.36004,28.8662,-99.7606,36200.0,0.501,0.00906,0.1672543575186561,0.096,0.09041,0.01698,0.00144,0.289,2.76,9312.0,TX,C,1214,0.073
6713.7039,Beaver,SLC,ss,49001,2.21153,38.3577,-113.2358,66400.0,0.75,0.00249,0.3846840434965231,0.227,0.02298,0.01336,0.27748,0.099,1.08,7233.0,UT,M,14848,0.03
17418.3271,Box Elder,SLC,nn,49003,4.60063,41.521,-113.0821,79500.0,0.897,0.07023,0.4278379889925049,0.267,0.04878,0.01349,0.02856,0.085,3.6,62684.0,UT,M,80135,0.025
3037.8426,Cache,SLC,nn,49005,16.91616,41.7224,-111.7435,76600.0,0.866,0.11643,0.6415314581018385,0.404,0.18999,0.0612,0.35069,0.107,46.87,142393.0,UT,M,51389,0.023
3844.8689,Carbon,SLC,cc,49007,2.2986,39.6482,-110.5889,59200.0,0.669,0.00204,0.6160704530058346,0.184,0.01072,0.01689,0.36899,0.14,5.36,20609.0,UT,M,8838,0.037
1871.4857,Daggett,GJT,ne,49009,2.62068,40.8865,-109.5059,66400.0,0.75,0.01285,0.44379068063278587,0.116,0.02235,0.01231,0.49706,0.076,0.53,992.0,UT,M,4905,0.042
1641.2232,Davis,SLC,nn,49011,94.46071,40.9907,-112.1114,103000.0,1.165,0.01416,0.9094758123589909,0.387,0.0374,0.17093,0.09058,0.06,227.4,373207.0,UT,M,155031,0.024
8432.4161,Duchesne,SLC,nn,49013,0.65922,40.2975,-110.4247,67300.0,0.76,0.03161,0.2003751770606026,0.17,0.05851,0.01502,0.31378,0.124,2.43,20477.0,UT,M,5559,0.029
11570.9112,Emery,SLC,cc,49015,0.46525,38.9968,-110.7007,64700.0,0.73,0.00854,0.2921417467383288,0.172,0.01466,0.00745,0.06861,0.108,0.88,10144.0,UT,M,5383,0.031
13473.5193,Garfield,SLC,ss,49017,1.49507,37.8548,-111.4447,66800.0,0.754,0.00516,0.5752489499069857,0.32,0.00794,0.00651,0.28567,0.1,0.39,5314.0,UT,M,20144,0.064
9535.3323,Grand,GJT,ec,49019,3.40244,38.9818,-109.5697,67200.0,0.759,0.16922,0.6730000283583359,0.347,0.00333,0.00797,0.23061,0.106,1.02,9706.0,UT,M,32443,0.036
8551.8564,Iron,SLC,ss,49021,1.73283,37.8592,-113.2893,66500.0,0.751,0.02409,0.4280732717516617,0.303,0.03697,0.01901,0.30419,0.116,7.51,64211.0,UT,M,14819,0.026
8823.4389,Juab,SLC,cc,49023,1.34506,39.7026,-112.7848,94200.0,1.064,0.02848,0.47296443640747443,0.202,0.02113,0.01137,0.09384,0.082,1.48,13023.0,UT,M,11868,0.023
10640.8932,Kane,SLC,ss,49025,1.20271,37.2851,-111.8878,66600.0,0.752,0.0025,0.7626533505949078,0.321,0.00137,0.00582,0.1884,0.089,0.79,8425.0,UT,M,12798,0.027
17683.8022,Millard,SLC,cc,49027,0.369,39.0738,-113.1004,67300.0,0.76,0.08766,0.2936755365903258,0.231,0.03028,0.01087,0.06587,0.093,0.76,13437.0,UT,M,6525,0.023
1581.9101,Morgan,SLC,nn,49029,9.71203,41.0893,-111.5731,119000.0,1.35,0.11078,0.7734455735446091,0.388,0.02643,0.02163,0.45023,0.043,8.22,13000.0,UT,M,15364,0.021
1983.2205,Piute,SLC,cc,49031,0.901,38.3365,-112.1269,54500.0,0.616,0.08283,0.5179849900113385,0.19,0.04201,0.01241,0.39131,0.141,0.78,1550.0,UT,M,1787,0.049
2813.5315,Rich,SLC,nn,49033,2.11587,41.6323,-111.2444,71800.0,0.811,0.00605,0.40886401859627386,0.245,0.08318,0.01056,0.1022,0.076,0.95,2670.0,UT,M,5953,0.024
2092.155,Salt Lake,SLC,nn,49035,109.82463,40.6676,-111.9239,91700.0,1.036,0.02206,0.9118323536928188,0.386,0.01683,0.36732,0.23378,0.095,566.79,1185813.0,UT,M,229770,0.027
20567.2393,San Juan,GJTSLC,se,49037,0.83865,37.6263,-109.8048,50500.0,0.57,0.00325,0.169801752943814,0.202,0.00819,0.00643,0.14933,0.188,0.7,14358.0,UT,M,17249,0.04
4150.9325,Sanpete,SLC,cc,49039,1.82031,39.374,-111.5764,65000.0,0.735,0.02687,0.3620988509067725,0.232,0.08706,0.02796,0.37416,0.129,7.29,30277.0,UT,M,7556,0.029
4968.0178,Sevier,SLC,cc,49041,0.77299,38.7476,-111.8046,73000.0,0.825,0.03281,0.4925080811475852,0.231,0.04364,0.02111,0.45445,0.107,4.5,22344.0,UT,M,3840,0.028
4875.9203,Summit,SLC,nn,49043,8.69022,40.8682,-110.9554,132000.0,1.495,0.05039,0.8173967853766152,0.581,0.0205,0.02689,0.52908,0.051,8.77,42759.0,UT,M,42373,0.024
18880.5677,Tooele,SLC,nn,49045,0.64011,40.4488,-113.1311,91400.0,1.032,0.00273,0.4125032349217673,0.232,0.00682,0.01143,0.04312,0.068,4.35,82051.0,UT,M,12086,0.028
11651.7848,Uintah,GJT,ne,49047,1.61021,40.1247,-109.5186,67600.0,0.763,0.13097,0.4118230172292624,0.168,0.03135,0.01198,0.20459,0.111,3.24,37747.0,UT,M,18762,0.033
5544.9613,Utah,SLC,nn,49049,28.15784,40.1196,-111.6706,95100.0,1.074,0.134,0.7681507397498342,0.438,0.06388,0.1016,0.2825,0.09,129.7,719174.0,UT,M,156134,0.026
3131.6541,Wasatch,SLC,nn,49051,6.19478,40.3304,-111.1694,116000.0,1.308,0.14284,0.883239616969157,0.477,0.02064,0.03218,0.54076,0.05,11.86,37144.0,UT,M,19400,0.024
6287.0596,Washington,SLC,sw,49053,17.86402,37.2804,-113.5049,75600.0,0.854,0.00246,0.8025363439529849,0.333,0.00694,0.03386,0.28791,0.106,32.2,202452.0,UT,M,112312,0.028
6399.7376,Wayne,SLC,ss,49055,1.16833,38.3244,-110.9036,63700.0,0.72,0.19593,0.6245160484575996,0.252,0.01126,0.00521,0.08659,0.114,0.41,2614.0,UT,M,7477,0.043
1708.3415,Weber,SLC,nn,49057,14.80808,41.2699,-111.9133,83500.0,0.943,0.02214,0.7436926805961801,0.28,0.09036,0.15336,0.27753,0.085,159.18,271926.0,UT,M,25297,0.028
2093.6537,Addison,BTV,cc,50001,64.63196,44.0306,-73.1407,79500.0,1.067,0.26689,0.9288756671857739,0.435,0.32295,0.053,0.49509,0.087,18.02,37720.0,VT,E,135317,0.017
1754.7563,Bennington,ALY,ss,50003,30.39421,43.0355,-73.0929,69200.0,0.929,0.165,0.8995783549550036,0.412,0.05707,0.05865,0.82282,0.119,21.19,37183.0,VT,E,53334,0.025
1702.3903,Caledonia,BTV,ne,50005,13.24727,44.4647,-72.1022,61600.0,0.826,0.08718,0.7322516513820304,0.319,0.12368,0.06492,0.68939,0.14,17.98,30610.0,VT,E,22552,0.023
1604.8337,Chittenden,BTV,nw,50007,152.76446,44.4609,-73.0809,86600.0,1.161,0.12679,0.9902566007063176,0.558,0.16006,0.13513,0.50934,0.078,105.61,169481.0,VT,E,245162,0.016
1744.3743,Essex,BTV,ne,50009,15.4818,44.7281,-71.7364,54600.0,0.732,0.01041,0.7945766849768943,0.212,0.0238,0.02234,0.84077,0.144,3.45,6010.0,VT,E,27006,0.029
1791.9588,Franklin,BTV,nw,50011,27.86811,44.8574,-72.912,76400.0,1.025,0.12333,0.7994353129033133,0.288,0.25937,0.07119,0.48986,0.099,28.46,50994.0,VT,E,49939,0.018
503.9093,Grand Isle,BTV,nw,50013,48.35305,44.7968,-73.2948,76300.0,1.023,0.21777,0.9848030103821916,0.432,0.19698,0.05182,0.06344,0.087,14.82,7467.0,VT,E,24366,0.021
1201.169,Lamoille,BTV,nw,50015,20.2325,44.6057,-72.6414,65200.0,0.874,0.23627,0.935414121949184,0.438,0.09874,0.06023,0.77145,0.096,21.7,26060.0,VT,E,24303,0.025
1790.8817,Orange,BTV,cc,50017,23.02844,44.0056,-72.3769,73100.0,0.98,0.07684,0.8104120613966811,0.365,0.12912,0.05685,0.74184,0.097,16.72,29943.0,VT,E,41241,0.02
1866.7601,Orleans,BTV,ne,50019,16.18241,44.8288,-72.2438,56800.0,0.762,0.08816,0.5711086376376242,0.286,0.17981,0.05842,0.58738,0.141,14.74,27516.0,VT,E,30209,0.034
2446.6461,Rutland,BTV,ss,50021,49.88716,43.5801,-73.0366,61300.0,0.822,0.18002,0.902809452497708,0.335,0.11269,0.06386,0.72757,0.118,24.63,60271.0,VT,E,122056,0.024
1801.2331,Washington,BTV,cc,50023,44.22364,44.2734,-72.6149,77400.0,1.039,0.20765,0.9480733044701924,0.47,0.09272,0.0716,0.77441,0.086,33.39,60142.0,VT,E,79657,0.02
2067.0671,Windham,ALY,ss,50025,46.55987,42.9906,-72.7138,62000.0,0.831,0.13559,0.92456917693993,0.424,0.05335,0.06071,0.82186,0.101,22.24,45966.0,VT,E,96242,0.023
2529.9848,Windsor,BTV,ss,50027,51.73004,43.5798,-72.5855,74200.0,0.996,0.20464,0.935710721309688,0.419,0.08482,0.07078,0.79973,0.099,22.96,58101.0,VT,E,130876,0.018
1178.5741,Accomack,AKQ,se,51001,116.74939,37.766,-75.6472,56400.0,0.657,0.05135,0.682120248548674,0.218,0.26189,0.08577,0.08163,0.173,28.2,33239.0,VA,E,137598,0.035
1880.8681,Albemarle,LWX,cc,51003,86.00785,38.0229,-78.5565,94700.0,1.104,0.23838,0.8331711311565373,0.606,0.22316,0.1033,0.63244,0.08,61.5,115676.0,VA,E,161769,0.026
1162.3113,Alleghany,RNK,wc,51005,1.55356,37.7876,-80.007,52400.0,0.611,0.02049,0.421622934888241,0.156,0.04776,0.05316,0.88169,0.139,12.56,14595.0,VA,E,1806,0.035
928.6865,Amelia,AKQ,cc,51007,9.2539,37.336,-77.976,65800.0,0.767,0.1252,0.3551028206358896,0.168,0.20804,0.05457,0.54557,0.1,14.52,13480.0,VA,E,8594,0.03
1240.3546,Amherst,RNK,cc,51009,22.23641,37.6048,-79.1451,61300.0,0.714,0.11805,0.6475634581031116,0.23,0.13973,0.07288,0.74425,0.125,25.31,31396.0,VA,E,27581,0.032
866.8358,Appomattox,RNK,cc,51011,4.51022,37.3722,-78.8121,62400.0,0.727,0.43917,0.3645909511128282,0.205,0.22577,0.06815,0.56644,0.114,19.45,16864.0,VA,E,3910,0.036
67.8841,Arlington,LWX,nn,51013,1230.45442,38.8788,-77.1008,131000.0,1.526,0.0,0.0,0.771,0.0,0.96237,0.02687,0.071,3449.44,234162.0,VA,E,83528,0.021
2514.8463,Augusta,LWX,ww,51015,32.02779,38.1646,-79.1338,77500.0,0.903,0.13087,0.7365320601048644,0.233,0.33979,0.08632,0.56434,0.082,31.11,78247.0,VA,E,80545,0.025
1384.4921,Bath,RNK,wc,51017,8.53051,38.0587,-79.7411,59800.0,0.696,0.27603,0.4928751224341489,0.156,0.06173,0.02846,0.88637,0.105,2.93,4051.0,VA,E,11810,0.028
2010.0933,Bedford,RNK,sc,51019,25.36709,37.3152,-79.5242,71100.0,0.829,0.06715,0.5810190648074419,0.336,0.26379,0.09931,0.58292,0.099,40.56,81525.0,VA,E,50990,0.029
929.1615,Bland,RNK,sw,51021,2.26235,37.134,-81.1302,55700.0,0.649,0.30874,0.3737604081542505,0.154,0.17543,0.0384,0.7707,0.139,6.65,6179.0,VA,E,2102,0.03
1413.9338,Botetourt,RNK,wc,51023,34.85127,37.5571,-79.8123,81100.0,0.945,0.44243,0.7565791756798963,0.275,0.16504,0.08145,0.7328,0.063,24.13,34125.0,VA,E,49277,0.025
1474.4142,Brunswick,AKQ,sc,51025,1.15978,36.7648,-77.859,49100.0,0.572,0.07778,0.30166015233800497,0.156,0.10671,0.05605,0.59343,0.208,10.68,15749.0,VA,E,1710,0.046
1304.68,Buchanan,RLX,sw,51027,2.82036,37.2666,-82.036,39700.0,0.462,0.09349,0.20210601890630608,0.108,0.00575,0.05543,0.89241,0.228,14.63,19087.0,VA,E,3680,0.044
1511.4906,Buckingham,RNK,cc,51029,5.82778,37.5722,-78.5287,56000.0,0.652,0.23861,0.43019311236948743,0.135,0.13532,0.04867,0.63683,0.181,11.23,16978.0,VA,E,8809,0.039
1313.8556,Campbell,RNK,cc,51031,5.0818,37.2056,-79.0963,63500.0,0.74,0.20189,0.3377167315955793,0.257,0.24595,0.10951,0.52212,0.124,42.07,55270.0,VA,E,6677,0.033
1395.8191,Caroline,AKQ,nc,51033,8.72752,38.0272,-77.3475,72200.0,0.841,0.37301,0.6011989540065122,0.232,0.14089,0.07276,0.5646,0.093,23.38,32640.0,VA,E,12182,0.031
1237.0958,Carroll,RNK,sw,51035,4.53379,36.7316,-80.7339,51100.0,0.595,0.12858,0.4320766116074298,0.167,0.28265,0.09144,0.60029,0.161,23.64,29239.0,VA,E,5609,0.037
520.4738,Charles City,AKQ,ec,51036,12.32174,37.2975,-76.98205,67600.0,0.787,0.03181,0.6590119940206453,0.16,0.07427,0.0442,0.42214,0.113,12.7,6610.0,VA,E,12826,0.032
1236.4857,Charlotte,RNK,sc,51037,2.46589,37.0116,-78.6616,50200.0,0.584,0.29452,0.25403650947881995,0.187,0.21108,0.0543,0.53131,0.208,9.17,11336.0,VA,E,3049,0.035
1131.7101,Chesterfield,AKQ,cc,51041,70.8491,37.3785,-77.5868,100000.0,1.167,0.00075,0.6569574723182171,0.427,0.03377,0.38516,0.44497,0.069,339.2,383876.0,VA,E,80181,0.029
461.6325,Clarke,LWX,nw,51043,61.14656,39.1122,-77.9966,107000.0,1.246,0.116,0.7218063056943644,0.373,0.53103,0.08742,0.36823,0.073,33.5,15466.0,VA,E,28227,0.025
856.5618,Craig,RNK,sw,51045,6.88404,37.4813,-80.2123,62700.0,0.73,0.11104,0.8078444455035029,0.173,0.11027,0.03802,0.8402,0.123,5.65,4843.0,VA,E,5897,0.032
990.028,Culpeper,LWX,nn,51047,18.96074,38.4861,-77.9559,94300.0,1.098,0.37616,0.6096734144000564,0.264,0.41301,0.09091,0.42726,0.096,55.53,54973.0,VA,E,18772,0.028
776.2603,Cumberland,AKQ,cc,51049,11.10989,37.512,-78.245,55300.0,0.644,0.096,0.5891275692360683,0.182,0.17511,0.05263,0.59187,0.142,12.73,9878.0,VA,E,8624,0.035
864.3894,Dickenson,RLX,sw,51051,2.38136,37.1258,-82.3503,43300.0,0.504,0.00146,0.23468372423596304,0.107,0.02931,0.05997,0.86761,0.194,15.78,13640.0,VA,E,2058,0.044
1313.0932,Dinwiddie,AKQ,sc,51053,2.14299,37.0759,-77.6323,72700.0,0.847,0.0494,0.25446303873765713,0.205,0.13994,0.07564,0.55445,0.118,21.58,28343.0,VA,E,2814,0.033
684.0966,Essex,AKQ,ec,51057,14.36428,37.9192,-76.87985,58200.0,0.678,0.1558,0.667121277334979,0.175,0.12703,0.05838,0.42943,0.13,15.49,10598.0,VA,E,19654,0.037
1029.398,Fairfax,LWX,nn,51059,555.65948,38.7678,-77.2288,145000.0,1.685,0.0092,1.0,0.643,0.00845,0.67777,0.24744,0.061,1109.27,1141878.0,VA,E,1143990,0.025
1687.2073,Fauquier,LWX,nn,51061,41.9157,38.7386,-77.8094,120000.0,1.401,0.35955,0.7952400756143667,0.397,0.42329,0.0852,0.44526,0.061,44.55,75165.0,VA,E,70720,0.025
987.2497,Floyd,RNK,sw,51063,9.81175,36.9315,-80.3626,62600.0,0.729,0.1645,0.6599963090551181,0.23,0.29653,0.0727,0.61203,0.111,15.88,15679.0,VA,E,9687,0.026
751.5978,Fluvanna,AKQ,cc,51065,24.40485,37.8418,-78.2774,88200.0,1.027,0.38513,0.5986630644086659,0.356,0.16379,0.0803,0.62439,0.076,37.87,28462.0,VA,E,18343,0.025
1843.0782,Franklin,RNK,wc,51067,7.56532,36.9919,-79.881,68100.0,0.793,0.26507,0.4455453333531777,0.243,0.22961,0.09194,0.61247,0.114,30.14,55549.0,VA,E,13943,0.03
1076.491,Frederick,LWX,nw,51069,22.73908,39.2046,-78.2626,97100.0,1.131,0.07899,0.656015540321786,0.303,0.29694,0.15551,0.53038,0.074,89.17,95994.0,VA,E,24478,0.025
933.3429,Giles,RNK,sw,51071,30.97845,37.3141,-80.7037,62700.0,0.731,0.02394,0.7917114464482886,0.18,0.13098,0.06418,0.78519,0.113,17.63,16457.0,VA,E,28914,0.029
573.59,Gloucester,AKQ,ee,51073,151.34564,37.395,-76.5157,77000.0,0.897,0.03214,0.9288067226890756,0.259,0.05855,0.11411,0.39168,0.079,69.84,40057.0,VA,E,173620,0.026
751.1162,Goochland,AKQ,cc,51075,18.62366,37.722,-77.9164,114000.0,1.324,0.16342,0.6841403933820014,0.47,0.18776,0.1085,0.5829,0.067,36.21,27197.0,VA,E,13989,0.029
1154.9269,Grayson,RNK,sw,51077,14.89212,36.6566,-81.225,45400.0,0.529,0.23512,0.4847643918783817,0.139,0.25749,0.06382,0.63154,0.164,13.23,15285.0,VA,E,17199,0.027
406.5801,Greene,LWX,cc,51079,14.70604,38.2977,-78.4669,82800.0,0.964,0.13339,0.7680662721893491,0.285,0.23375,0.09941,0.64993,0.089,52.39,21301.0,VA,E,5979,0.025
769.0537,Greensville,AKQ,se,51081,0.97373,36.6759,-77.5596,47600.0,0.554,0.06677,0.21324421593830334,0.138,0.17114,0.05594,0.40088,0.273,14.48,11133.0,VA,E,749,0.037
2148.466,Halifax,RNK,sc,51083,6.58953,36.767,-78.9367,50600.0,0.589,0.18167,0.20706896245427933,0.182,0.2123,0.06471,0.56156,0.197,15.56,33432.0,VA,E,14157,0.04
1227.9001,Hanover,AKQ,cc,51085,29.82507,37.7601,-77.4909,104000.0,1.207,0.01376,0.5741608449613832,0.424,0.19893,0.15936,0.47062,0.053,92.96,114148.0,VA,E,36622,0.025
633.5139,Henrico,AKQ,cc,51087,147.81878,37.538,-77.4058,82200.0,0.957,0.05149,0.8808178543682463,0.457,0.08036,0.52459,0.19637,0.094,528.42,334760.0,VA,E,93645,0.029
995.363,Henry,RNK,sc,51089,6.12796,36.6828,-79.8739,49400.0,0.575,0.03328,0.355084105430724,0.157,0.12331,0.13171,0.65952,0.169,49.93,49702.0,VA,E,6100,0.035
1077.2317,Highland,LWX,ww,51091,15.25076,38.3623,-79.5685,54500.0,0.635,0.15382,0.7405291927830971,0.355,0.16666,0.02796,0.79196,0.129,2.17,2339.0,VA,E,16429,0.023
834.842,Isle of Wight,AKQ,se,51093,17.0291,36.8908,-76.7269,85200.0,0.993,0.18893,0.5327790457558961,0.299,0.29756,0.0989,0.28728,0.073,48.76,40711.0,VA,E,14217,0.028
399.9263,James City,AKQ,se,51095,232.7496,37.27965,-76.8053,103000.0,1.201,0.00121,0.953394165064037,0.502,0.02752,0.27246,0.38758,0.072,206.67,82654.0,VA,E,186166,0.028
846.4505,King and Queen,AKQ,ec,51097,10.2581,37.7182,-76.8949,62200.0,0.724,0.08522,0.5479228322670171,0.195,0.17324,0.04203,0.532,0.127,7.94,6720.0,VA,E,8683,0.027
478.7127,King George,LWX,cc,51099,21.0348,38.294,-77.1044,100000.0,1.166,0.02103,0.6058208245602119,0.358,0.08323,0.10982,0.51687,0.063,59.68,28568.0,VA,E,20140,0.026
739.6725,King William,AKQ,ec,51101,9.36899,37.7067,-77.0884,82700.0,0.964,0.13333,0.455270354114484,0.243,0.2118,0.0594,0.44748,0.071,25.73,19030.0,VA,E,6930,0.027
349.0292,Lancaster,AKQ,ee,51103,28.55772,37.7278,-76.497,60900.0,0.709,0.01405,0.818725408987368,0.374,0.0998,0.1112,0.46319,0.126,31.11,10859.0,VA,E,19934,0.037
1132.8643,Lee,MRX,sw,51105,7.36186,36.7055,-83.1285,41600.0,0.484,0.35707,0.6495439253009013,0.127,0.22094,0.08256,0.65392,0.25,19.19,21745.0,VA,E,8340,0.038
1349.5471,Loudoun,LWX,nn,51107,160.53485,39.0907,-77.6357,168000.0,1.953,0.12929,0.933717096445612,0.64,0.39831,0.27319,0.30175,0.041,323.33,436347.0,VA,E,216649,0.025
1322.9467,Louisa,AKQ,cc,51109,17.36772,37.9782,-77.963,72600.0,0.845,0.05845,0.5870382887360344,0.277,0.17094,0.08258,0.57048,0.094,31.02,41037.0,VA,E,22977,0.027
1119.9538,Lunenburg,AKQ,sc,51111,3.19083,36.9462,-78.2405,47700.0,0.555,0.16818,0.23984874312983048,0.112,0.15982,0.05412,0.58948,0.191,10.75,12038.0,VA,E,3574,0.033
833.3824,Madison,LWX,nw,51113,39.11576,38.4137,-78.2792,71700.0,0.835,0.30647,0.6854222735903575,0.276,0.32677,0.05326,0.60638,0.101,16.95,14128.0,VA,E,32598,0.023
223.2768,Mathews,AKQ,ee,51115,67.88287,37.45,-76.3418,73800.0,0.86,0.00601,0.8721878201986902,0.301,0.04531,0.09469,0.21904,0.092,38.13,8514.0,VA,E,30314,0.028
1759.3613,Mecklenburg,AKQ,sc,51117,15.53242,36.6804,-78.3627,52100.0,0.607,0.52709,0.39373994442006727,0.212,0.20279,0.07944,0.49522,0.146,17.42,30648.0,VA,E,27327,0.036
346.1884,Middlesex,AKQ,ee,51119,4.63515,37.63885,-76.546,68900.0,0.802,0.04126,0.8705315754620432,0.316,0.10807,0.00446,0.00692,0.129,31.56,10924.0,VA,E,582,0.027
1008.6244,Montgomery,RNK,sw,51121,109.6784,37.174,-80.3869,69700.0,0.812,0.13915,0.8695749342506974,0.484,0.22363,0.15725,0.6086,0.238,97.82,98666.0,VA,E,110624,0.028
1228.5327,Nelson,LWX,cc,51125,19.93893,37.7874,-78.8867,66600.0,0.776,0.18055,0.6952349798277178,0.337,0.13434,0.05721,0.75358,0.138,11.97,14705.0,VA,E,24496,0.027
578.8852,New Kent,AKQ,ec,51127,31.55073,37.5052,-76.9972,116000.0,1.347,0.13097,0.6015262485651,0.355,0.0961,0.09946,0.49506,0.056,45.15,26134.0,VA,E,18264,0.026
553.8809,Northampton,AKQ,ee,51131,202.93552,37.3566,-75.8995,52800.0,0.615,0.04703,0.9339209343519259,0.325,0.34327,0.0809,0.10627,0.175,21.7,12021.0,VA,E,112402,0.035
506.0453,Northumberland,AKQ,ee,51133,24.42316,37.92805,-76.43055,67100.0,0.781,0.05502,0.5769235734572683,0.339,0.141,0.10086,0.40121,0.121,24.49,12391.0,VA,E,24718,0.043
818.6303,Nottoway,AKQ,sc,51135,6.6298,37.1431,-78.0513,50800.0,0.591,0.05564,0.38672989363510984,0.168,0.17442,0.08819,0.55702,0.178,19.01,15566.0,VA,E,5427,0.03
889.4368,Orange,LWX,cc,51137,13.22549,38.2463,-78.0134,81400.0,0.948,0.14749,0.6013397457918241,0.294,0.33592,0.08125,0.51499,0.08,43.37,38574.0,VA,E,11763,0.03
813.487,Page,LWX,nw,51139,47.08944,38.62,-78.4841,60100.0,0.7,0.06772,0.848834666406101,0.152,0.23775,0.08917,0.65851,0.142,29.18,23741.0,VA,E,38307,0.035
1258.431,Patrick,RNK,sw,51141,5.83593,36.6784,-80.2843,49300.0,0.575,0.66523,0.4199969327006642,0.152,0.15408,0.0697,0.73422,0.144,13.91,17509.0,VA,E,7344,0.035
2534.0386,Pittsylvania,RNK,sc,51143,1.77068,36.8213,-79.3971,49700.0,0.579,0.10029,0.2681920979114008,0.154,0.26687,0.08531,0.53538,0.137,23.51,59571.0,VA,E,4487,0.031
679.74,Powhatan,AKQ,cc,51145,29.98364,37.5502,-77.9151,105000.0,1.226,0.02694,0.6629019568031268,0.342,0.15661,0.08975,0.60056,0.061,47.23,32105.0,VA,E,20381,0.027
916.3237,Prince Edward,AKQ,cc,51147,30.02865,37.2243,-78.4411,57400.0,0.669,0.05015,0.6502712204380506,0.242,0.18221,0.07629,0.58551,0.251,24.06,22049.0,VA,E,27516,0.041
730.3525,Prince George,AKQ,sc,51149,7.61527,37.1866,-77.2241,76600.0,0.892,0.0383,0.7024171791401347,0.24,0.13554,0.11328,0.44301,0.113,58.7,42871.0,VA,E,5562,0.034
884.9462,Prince William,LWX,nn,51153,107.93896,38.6374,-77.38235,119000.0,1.387,0.0246,0.9576340020557644,0.445,0.07068,0.01948,0.0135,0.067,553.3,489640.0,VA,E,1000,0.027
853.8634,Pulaski,RNK,sw,51155,20.99444,37.0636,-80.7143,57700.0,0.673,0.19195,0.5616854526241635,0.214,0.28708,0.11731,0.55903,0.165,39.41,33655.0,VA,E,17926,0.028
691.1989,Rappahannock,LWX,nw,51157,22.55304,38.6845,-78.1593,85600.0,0.997,0.49191,0.8879573242251645,0.356,0.27741,0.03927,0.67679,0.09,10.73,7414.0,VA,E,15589,0.026
499.0838,Richmond,AKQ,ec,51159,17.83413,37.9155,-76.746,60200.0,0.701,0.03983,0.5080980567502732,0.174,0.12737,0.06192,0.46039,0.156,18.4,9184.0,VA,E,17802,0.031
649.9546,Roanoke,RNK,wc,51161,51.46096,37.2693,-80.0679,77000.0,0.897,0.01946,0.9186357834438529,0.374,0.08903,0.22758,0.66955,0.072,149.28,97026.0,VA,E,33447,0.026
1556.469,Rockbridge,RNK,wc,51163,11.34582,37.8146,-79.4475,64400.0,0.75,0.17786,0.7066962171864037,0.315,0.23331,0.06983,0.68491,0.114,14.36,22358.0,VA,E,17659,0.027
2210.4456,Rockingham,LWX,ww,51165,42.69074,38.5122,-78.8758,72900.0,0.85,0.30511,0.8278013563336202,0.284,0.32718,0.0966,0.56903,0.101,39.16,86568.0,VA,E,94366,0.025
1235.0147,Russell,MRX,sw,51167,3.22319,36.9338,-82.0956,49500.0,0.577,0.07712,0.40008410492088875,0.141,0.29112,0.07077,0.61194,0.185,20.63,25477.0,VA,E,3981,0.036
1395.3177,Scott,MRX,sw,51169,2.80807,36.7142,-82.603,43700.0,0.51,0.12429,0.3288177384821328,0.142,0.1768,0.06758,0.71812,0.205,15.36,21433.0,VA,E,3918,0.032
1327.218,Shenandoah,LWX,nw,51171,21.80137,38.8585,-78.5704,65300.0,0.761,0.16413,0.6811586032719606,0.214,0.30068,0.09443,0.59455,0.099,34.08,45228.0,VA,E,28935,0.027
1171.4185,Smyth,RNK,sw,51173,19.59848,36.8439,-81.537,45500.0,0.53,0.02923,0.6229310921159448,0.181,0.24154,0.07254,0.67551,0.151,24.94,29216.0,VA,E,22958,0.032
1557.0827,Southampton,AKQ,se,51175,0.76713,36.7201,-77.1066,61200.0,0.714,0.11135,0.28275627064298336,0.186,0.28132,0.05083,0.34465,0.133,11.54,17975.0,VA,E,1194,0.026
1067.6751,Spotsylvania,LWX,cc,51177,25.52176,38.1854,-77.6567,96300.0,1.122,0.03582,0.6851222666747083,0.338,0.12572,0.16736,0.53281,0.066,140.11,149588.0,VA,E,27249,0.03
709.6737,Stafford,LWX,nn,51179,59.30936,38.4019,-77.3945,134000.0,1.566,0.00719,0.7678215909428581,0.433,0.04268,0.24525,0.53586,0.053,233.1,165428.0,VA,E,84180,0.029
725.9219,Surry,AKQ,se,51181,63.33682,37.1601,-76.87875,65300.0,0.761,0.0091,0.4123830890708312,0.254,0.10684,0.00416,0.00562,0.124,9.08,6593.0,VA,E,4496,0.027
1276.4045,Sussex,AKQ,se,51183,6.0767,36.9218,-77.2618,49300.0,0.575,0.01637,0.37784366600927505,0.158,0.15771,0.04511,0.468,0.209,8.43,10757.0,VA,E,7756,0.041
1346.7419,Tazewell,RNK,sw,51185,8.04151,37.125,-81.5606,48400.0,0.563,0.03112,0.3913527364021068,0.164,0.20658,0.08188,0.69027,0.21,29.05,39120.0,VA,E,10830,0.04
560.1315,Warren,LWX,nw,51187,45.9849,38.9087,-78.2072,79900.0,0.931,0.03191,0.8640437580820168,0.245,0.21616,0.14865,0.61577,0.093,74.7,41843.0,VA,E,25758,0.029
1465.8022,Washington,MRX,sw,51191,11.73668,36.7245,-81.9596,61700.0,0.719,0.13613,0.6361808514450725,0.265,0.32536,0.09832,0.55995,0.128,36.87,54050.0,VA,E,17204,0.029
608.8763,Westmoreland,AKQ,ec,51193,8.00048,38.1237,-76.7652,61500.0,0.717,0.14111,0.6936299780899602,0.197,0.13805,0.00998,0.00891,0.125,31.23,19013.0,VA,E,716,0.033
1049.2096,Wise,MRX,sw,51195,2.78181,36.9752,-82.6212,45200.0,0.527,0.00925,0.4931373027890393,0.156,0.03511,0.08876,0.75806,0.182,33.52,35174.0,VA,E,2919,0.042
1203.172,Wythe,RNK,sw,51197,6.12409,36.9171,-81.0786,47300.0,0.551,0.1437,0.3883419075442933,0.197,0.36944,0.08166,0.53672,0.135,23.36,28104.0,VA,E,7368,0.03
283.8557,York,AKQ,se,51199,10.57535,37.2208,-76.51605,111000.0,1.297,0.01627,0.98270126413839,0.5,0.00953,0.05701,0.01596,0.065,249.96,70952.0,VA,E,158,0.027
40.079,City of Alexandria,LWX,nn,51510,1969.86754,38.8185,-77.0861,110000.0,1.283,0.0,0.0,0.658,0.0,0.9621,0.01097,0.085,3873.1,155230.0,VA,E,78950,0.023
34.2046,City of Bristol,MRX,sw,51520,80.8213,36.6181,-82.1606,43100.0,0.502,0.00326,1.0,0.239,0.05831,0.75953,0.16755,0.218,491.37,16807.0,VA,E,2764,0.037
17.578,City of Buena Vista,RNK,wc,51530,57.28738,37.7317,-79.3567,51000.0,0.594,0.0,0.9489329268292682,0.247,0.06795,0.49695,0.40844,0.146,373.53,6566.0,VA,E,1007,0.027
26.5426,City of Charlottesville,LWX,cc,51540,1209.83558,38.0373,-78.4858,67900.0,0.791,6e-05,1.0,0.606,0.00095,0.93678,0.05462,0.196,1694.75,44983.0,VA,E,32112,0.024
908.4956,City of Chesapeake,AKQ,se,51550,50.30083,36.6778,-76.3024,87100.0,1.015,0.01963,0.8627205244384458,0.364,0.19514,0.25861,0.03356,0.1,279.46,253886.0,VA,E,45698,0.029
20.2378,City of Colonial Heights,AKQ,cc,51570,58.7236,37.2647,-77.3968,68500.0,0.798,0.0,0.0,0.295,0.0,0.75453,0.05431,0.104,908.85,18393.0,VA,E,1188,0.031
14.6704,City of Covington,RNK,wc,51580,18.70107,37.7786,-79.9867,46600.0,0.543,0.0,0.8778443113772455,0.096,0.05289,0.56375,0.37251,0.177,377.97,5545.0,VA,E,274,0.041
113.5585,City of Danville,RNK,sc,51590,61.10505,36.5831,-79.4087,40800.0,0.475,0.00072,0.7757400722021661,0.183,0.05481,0.60107,0.30595,0.234,368.42,41837.0,VA,E,6939,0.046
17.8843,City of Emporia,AKQ,se,51595,43.16906,36.6952,-77.5356,43500.0,0.507,0.0,0.9597315436241609,0.152,0.09706,0.54302,0.1905,0.201,305.46,5463.0,VA,E,772,0.046
16.4688,City of Fairfax,LWX,nn,51600,740.75199,38.8533,-77.3003,123000.0,1.43,0.0,0.0,0.623,0.0,0.96944,0.02959,0.074,1526.77,25144.0,VA,E,12199,0.024
5.0869,City of Falls Church,LWX,nn,51610,1010.65447,38.8843,-77.1743,143000.0,1.66,0.0,0.0,0.797,0.0,0.99536,0.00052,0.051,2886.82,14685.0,VA,E,5141,0.023
21.687,City of Franklin,AKQ,se,51620,35.73567,36.6827,-76.9384,54600.0,0.636,0.0,0.9791941006057414,0.264,0.15927,0.47432,0.16516,0.198,384.52,8339.0,VA,E,775,0.038
27.1994,City of Fredericksburg,LWX,cc,51630,285.30617,38.2992,-77.487,71200.0,0.83,0.0,1.0,0.468,0.00814,0.76617,0.1761,0.127,1063.55,28928.0,VA,E,7760,0.034
21.2672,City of Galax,RNK,sw,51640,23.8093,36.6663,-80.9173,44700.0,0.521,0.00395,0.8093163538873995,0.183,0.12585,0.59842,0.25966,0.208,315.84,6717.0,VA,E,506,0.039
135.0698,City of Hampton,AKQ,se,51650,110.22092,37.07455,-76.34905,64100.0,0.747,0.0,0.9852507374631269,0.275,0.00113,0.0324,0.00069,0.134,1015.02,137098.0,VA,E,4256,0.037
45.4333,City of Harrisonburg,LWX,ww,51660,535.1848,38.4362,-78.8735,56100.0,0.653,0.01217,1.0,0.367,0.08077,0.85379,0.05949,0.238,1124.33,51082.0,VA,E,24315,0.035
27.9549,City of Hopewell,AKQ,sc,51670,221.6194,37.2914,-77.2986,53100.0,0.619,0.0,1.0,0.125,0.00032,0.7884,0.05151,0.2,813.88,22752.0,VA,E,6195,0.044
6.3547,City of Lexington,RNK,wc,51678,293.13781,37.7823,-79.4445,62400.0,0.727,0.13549,1.0,0.573,0.00968,0.93686,0.04903,0.214,1184.63,7528.0,VA,E,1863,0.044
128.8824,City of Lynchburg,RNK,cc,51680,313.79509,37.4005,-79.191,50500.0,0.588,0.0004,0.9818142918271288,0.385,0.03256,0.62407,0.32207,0.191,617.11,79535.0,VA,E,40443,0.042
25.8691,City of Manassas,LWX,nn,51683,271.33698,38.7482,-77.4837,97700.0,1.138,0.0,0.9931662870159453,0.332,0.01604,0.95387,0.01695,0.107,1650.46,42696.0,VA,E,7019,0.025
6.4958,City of Manassas Park,LWX,nn,51685,95.47331,38.7714,-77.4445,90800.0,1.058,0.0,0.0,0.255,0.0001,0.91989,0.07958,0.077,2518.72,16361.0,VA,E,620,0.026
28.5195,City of Martinsville,RNK,sc,51690,232.8664,36.6826,-79.8636,41500.0,0.483,0.0,0.9416666666666668,0.212,0.00391,0.70125,0.27674,0.225,482.58,13763.0,VA,E,6641,0.047
180.9164,City of Newport News,AKQ,se,51700,271.38872,37.1051,-76.5189,63400.0,0.738,0.00487,1.0,0.291,0.00744,0.70678,0.0967,0.157,1012.17,183118.0,VA,E,49099,0.034
143.8806,City of Norfolk,AKQ,se,51710,44.18099,36.8915,-76.2827,60000.0,0.699,0.0,1.0,0.327,0.0001,0.14931,0.00227,0.183,1605.01,230930.0,VA,E,1638,0.034
19.5012,City of Norton,MRX,sw,51720,24.94603,36.9317,-82.6259,41300.0,0.481,0.0,1.0,0.166,0.00106,0.36586,0.57644,0.206,179.07,3492.0,VA,E,486,0.041
60.1642,City of Petersburg,AKQ,sc,51730,43.64046,37.2042,-77.3915,42400.0,0.494,0.02514,0.8183118741058655,0.25,0.05217,0.63306,0.2251,0.212,553.64,33309.0,VA,E,2626,0.054
40.9836,City of Poquoson,AKQ,se,51735,3.48895,37.14155,-76.36355,110000.0,1.276,0.0,1.0,0.401,7e-05,0.09442,0.00465,0.058,308.29,12635.0,VA,E,30,0.025
89.6938,City of Portsmouth,AKQ,se,51740,8.33332,36.85735,-76.3507,54800.0,0.639,0.00036,0.5259938837920489,0.232,0.00164,0.08902,0.00068,0.187,1079.15,96793.0,VA,E,246,0.037
26.2833,City of Radford,RNK,sw,51750,1862.86474,37.1231,-80.5583,47900.0,0.558,0.11554,0.967814036656236,0.398,0.07666,0.55739,0.32277,0.264,645.7,16971.0,VA,E,48962,0.036
161.8626,City of Richmond,AKQ,cc,51760,511.79947,37.5293,-77.4754,58700.0,0.684,0.0,1.0,0.441,0.00071,0.88061,0.0591,0.176,1416.31,229247.0,VA,E,82841,0.035
111.4268,City of Roanoke,RNK,wc,51770,248.83625,37.2781,-79.9581,50400.0,0.587,0.00151,1.0,0.289,0.01332,0.892,0.088,0.184,872.06,97171.0,VA,E,27727,0.032
37.6964,City of Salem,RNK,wc,51775,135.67372,37.2864,-80.0556,63700.0,0.742,0.0002,1.0,0.311,0.01726,0.89134,0.0913,0.104,679.11,25600.0,VA,E,5114,0.029
50.8637,City of Staunton,LWX,ww,51790,182.70715,38.1587,-79.0616,61900.0,0.721,0.6635,0.999929962179577,0.351,0.25344,0.57934,0.15488,0.113,509.5,25915.0,VA,E,9293,0.026
1060.6149,City of Suffolk,AKQ,se,51800,1.0108,36.78215,-76.57315,81900.0,0.954,0.01915,0.5225367769666877,0.324,0.11462,0.00659,0.0003,0.111,94.91,100659.0,VA,E,56,0.031
670.7306,City of Virginia Beach,AKQ,se,51810,258.79342,36.7494,-76.0571,83100.0,0.968,0.02266,0.9986385833374439,0.404,0.13622,0.45369,0.02904,0.087,676.35,453649.0,VA,E,173581,0.028
39.84,City of Waynesboro,LWX,ww,51820,204.84422,38.0673,-78.9013,58500.0,0.682,0.10132,1.0,0.263,0.12563,0.65782,0.20972,0.129,581.88,23182.0,VA,E,8161,0.029
23.6416,City of Williamsburg,AKQ,se,51830,1020.63503,37.2691,-76.7074,67500.0,0.787,0.0,1.0,0.485,0.00259,0.61376,0.29599,0.188,670.3,15847.0,VA,E,24129,0.04
24.1853,City of Winchester,LWX,nw,51840,348.72663,39.1733,-78.1744,60600.0,0.705,0.00059,1.0,0.316,0.03911,0.918,0.04043,0.162,1141.89,27617.0,VA,E,8434,0.028
4997.7816,Adams,OTX,ee,53001,2.93684,46.9834,-118.5605,62400.0,0.684,0.04027,0.11321009177653502,0.154,0.5488,0.04928,0.0,0.151,4.17,20820.0,WA,P,14678,0.046
1659.3037,Asotin,OTX,se,53003,8.23316,46.1919,-117.2031,65600.0,0.719,0.0063,0.30304837668080276,0.243,0.13187,0.03756,0.16282,0.149,13.59,22549.0,WA,P,13661,0.034
4558.6625,Benton,PDT,sc,53005,13.12865,46.2398,-119.5112,85100.0,0.933,0.02607,0.19716405848968308,0.33,0.38315,0.09987,7e-05,0.112,47.21,215219.0,WA,P,59849,0.045
7753.0088,Chelan,OTX,nc,53007,13.20957,47.8691,-120.6188,81700.0,0.895,0.06273,0.8335120499691713,0.302,0.00866,0.02544,0.46018,0.102,10.32,79997.0,WA,P,102414,0.043
4572.5789,Clallam,SEW,nw,53009,50.60306,48.0491,-123.9316,66700.0,0.731,0.06146,0.97667387324702,0.307,0.02376,0.04091,0.81149,0.119,16.97,77616.0,WA,P,231386,0.052
1699.6651,Clark,PQR,sw,53011,137.6464,45.7793,-122.4826,91100.0,0.999,0.22546,0.8349242595585009,0.33,0.19434,0.26185,0.37965,0.075,306.62,521150.0,WA,P,233953,0.043
2262.5909,Columbia,PDT,se,53013,3.1367,46.2976,-117.9079,62900.0,0.69,0.02424,0.16131312538438572,0.272,0.31154,0.02653,0.23999,0.136,1.79,4053.0,WA,P,7097,0.044
3020.5615,Cowlitz,PQR,sw,53015,16.45265,46.1933,-122.6808,71800.0,0.787,0.06017,0.7096402193719905,0.17,0.03386,0.08752,0.6624,0.132,37.37,112864.0,WA,P,49696,0.051
4788.2216,Douglas,OTX,nc,53017,3.51964,47.7361,-119.6917,83900.0,0.919,0.0499,0.3030824951606519,0.219,0.28536,0.04302,0.0071,0.118,9.36,44798.0,WA,P,16853,0.047
5846.4055,Ferry,OTX,ne,53019,1.9864,48.47,-118.5165,57100.0,0.625,0.00327,0.47627586206896555,0.183,0.00335,0.02226,0.58474,0.172,1.28,7497.0,WA,P,11613,0.084
3277.1768,Franklin,PDT,sc,53021,7.18207,46.5348,-118.8989,77800.0,0.853,0.10311,0.23245158345718425,0.204,0.47897,0.07695,1e-05,0.128,30.22,99034.0,WA,P,23537,0.057
1859.8767,Garfield,OTX,se,53023,1.79427,46.4316,-117.5452,64400.0,0.706,0.02607,0.14913208995448093,0.268,0.3429,0.02669,0.12223,0.141,1.27,2363.0,WA,P,3337,0.055
7229.0683,Grant,OTX,nc,53025,9.4272,47.2056,-119.4518,63800.0,0.699,0.04647,0.2885726605794284,0.182,0.42823,0.06867,0.00018,0.152,14.2,102678.0,WA,P,68150,0.052
4999.4369,Grays Harbor,SEW,nw,53027,19.11575,47.1508,-123.7726,62300.0,0.682,0.11379,0.7985393606633103,0.176,0.03078,0.04151,0.74915,0.151,15.46,77290.0,WA,P,95568,0.063
543.2617,Island,SEW,nw,53029,183.65138,48.1629,-122.5486,82700.0,0.906,0.05597,0.9769629367573305,0.357,0.15922,0.30967,0.44243,0.086,158.79,86267.0,WA,P,99771,0.043
4709.7926,Jefferson,SEW,nw,53031,34.1323,47.7478,-123.6002,69200.0,0.758,0.06469,0.9427209154481883,0.433,0.00601,0.02497,0.80772,0.11,7.16,33714.0,WA,P,160756,0.05
5671.6494,King,SEW,wc,53033,165.18412,47.4902,-121.8048,116000.0,1.272,0.02469,0.9682214948172395,0.559,0.02676,0.2524,0.59574,0.088,400.48,2271380.0,WA,P,936866,0.034
1031.9639,Kitsap,SEW,nw,53035,164.56938,47.611,-122.6767,93800.0,1.028,0.08331,0.9877830567038933,0.365,0.01413,0.35485,0.51871,0.087,269.06,277658.0,WA,P,169830,0.041
6041.9769,Kittitas,PDT,cc,53037,9.44182,47.1242,-120.6797,71700.0,0.786,0.08989,0.8269727625506992,0.353,0.07305,0.04067,0.39068,0.152,7.53,45508.0,WA,P,57047,0.051
4931.9167,Klickitat,PDT,sc,53039,10.51456,45.8738,-120.7893,70400.0,0.771,0.01352,0.3697035447437602,0.312,0.10722,0.04188,0.27287,0.119,4.78,23589.0,WA,P,51857,0.051
6309.9958,Lewis,SEW,wc,53041,4.51787,46.5777,-122.3924,68000.0,0.745,0.0925,0.6136027551084963,0.202,0.07213,0.04628,0.71186,0.137,13.65,86154.0,WA,P,28508,0.054
6059.8127,Lincoln,OTX,ee,53043,1.72167,47.5762,-118.4188,68300.0,0.749,0.05952,0.12893200855815498,0.237,0.4692,0.0395,0.02485,0.107,1.94,11738.0,WA,P,10433,0.049
2471.9485,Mason,SEW,nw,53045,29.78616,47.3537,-123.2058,78000.0,0.855,0.10276,0.8334663281344458,0.22,0.01507,0.07066,0.73952,0.12,27.67,68389.0,WA,P,73630,0.055
13765.8236,Okanogan,OTX,nc,53047,5.35108,48.5487,-119.7408,58700.0,0.643,0.03479,0.5125799929727145,0.24,0.02271,0.02471,0.29706,0.167,3.18,43712.0,WA,P,73662,0.055
2415.4517,Pacific,PQR,sw,53049,26.1921,46.5549,-123.6982,55600.0,0.609,0.03972,0.7653670341489648,0.234,0.02078,0.03777,0.67545,0.131,10.02,24200.0,WA,P,63266,0.06
3691.4097,Pend Oreille,OTX,ne,53051,2.18056,48.5323,-117.274,59300.0,0.65,0.00994,0.6465988719876944,0.203,0.01716,0.02993,0.79707,0.144,3.89,14361.0,WA,P,8049,0.06
4380.7038,Pierce,SEW,wc,53053,50.10481,47.023,-122.102,92800.0,1.017,0.02279,0.8684424799348611,0.301,0.04768,0.21856,0.55315,0.099,212.0,928696.0,WA,P,219494,0.047
457.4015,San Juan,SEW,nw,53055,172.59412,48.5786,-122.9627,84000.0,0.921,0.18534,0.9978408944865699,0.534,0.1531,0.10466,0.63939,0.094,40.59,18566.0,WA,P,78945,0.034
4549.2818,Skagit,SEW,nw,53057,37.14601,48.4794,-121.7285,79100.0,0.867,0.23637,0.9279708763109994,0.291,0.07989,0.05883,0.67716,0.097,28.89,131417.0,WA,P,168988,0.046
4361.1752,Skamania,PQR,sw,53059,7.6836,46.0227,-121.9151,82100.0,0.9,0.15697,0.9259246445005709,0.282,0.00596,0.03077,0.82168,0.11,2.9,12640.0,WA,P,33510,0.048
5462.8468,Snohomish,SEW,wc,53061,51.03309,48.0473,-121.6966,101000.0,1.112,0.05461,0.943468221523537,0.368,0.04539,0.14483,0.6614,0.088,154.64,844761.0,WA,P,278786,0.035
4611.9721,Spokane,OTX,ne,53063,20.91747,47.6206,-117.404,69100.0,0.757,0.02933,0.3796017685786104,0.321,0.29194,0.16449,0.22415,0.125,119.57,551455.0,WA,P,96471,0.042
6579.0758,Stevens,OTX,ne,53065,2.48799,48.399,-117.8551,65700.0,0.72,0.02303,0.48017588770623326,0.218,0.04469,0.04593,0.60064,0.119,7.42,48837.0,WA,P,16369,0.06
1961.344,Thurston,SEW,wc,53067,112.19385,46.9282,-122.8314,88600.0,0.97,0.04284,0.8018560152716725,0.372,0.12313,0.20755,0.48758,0.099,152.45,299003.0,WA,P,220051,0.041
660.2849,Wahkiakum,PQR,sw,53069,18.78648,46.2998,-123.4248,70100.0,0.768,0.24153,0.8073151821954668,0.223,0.02989,0.03363,0.70721,0.113,7.22,4765.0,WA,P,12404,0.064
3364.893,Walla Walla,PDT,se,53071,42.94876,46.2298,-118.4784,66500.0,0.729,0.20085,0.37602484057228946,0.301,0.55292,0.05805,0.03257,0.149,18.3,61568.0,WA,P,144518,0.042
5600.9792,Whatcom,SEW,nw,53073,23.70179,48.8256,-121.7175,78800.0,0.863,0.0812,0.8494243877506199,0.381,0.08048,0.059,0.60993,0.129,41.41,231919.0,WA,P,132753,0.043
5639.6304,Whitman,OTX,ee,53075,10.79903,46.9012,-117.523,54400.0,0.596,0.03064,0.3030432994247329,0.502,0.68141,0.03815,0.00654,0.248,8.51,48012.0,WA,P,60903,0.04
11167.2486,Yakima,PDT,sc,53077,6.01257,46.4569,-120.7387,63100.0,0.691,0.07137,0.3137780724816582,0.189,0.13177,0.05119,0.30129,0.161,22.98,256643.0,WA,P,67144,0.058
887.6584,Barbour,RLX,ne,54001,6.51039,39.1329,-80.003,46300.0,0.856,0.05399,0.27021599111300815,0.122,0.18532,0.05717,0.73294,0.2,17.32,15378.0,WV,E,5779,0.048
832.836,Berkeley,LWX,pa,54003,27.41476,39.4641,-78.0275,70800.0,1.309,0.48752,0.701061160322883,0.243,0.28582,0.21492,0.47859,0.113,159.02,132440.0,WV,E,22832,0.034
1303.6959,Boone,RLX,cc,54005,0.29581,38.0231,-81.7113,46500.0,0.86,0.31635,0.24919419822723612,0.119,0.00342,0.04266,0.85655,0.208,15.78,20576.0,WV,E,386,0.042
1336.7736,Braxton,RLX,nc,54007,1.76093,38.6998,-80.7193,43300.0,0.801,0.11597,0.35503499362659036,0.119,0.056,0.05126,0.87758,0.197,9.1,12162.0,WV,E,2354,0.051
239.004,Brooke,PBZ,nn,54009,13.50828,40.2733,-80.5765,61600.0,1.138,0.00836,0.5598080266412008,0.219,0.1533,0.17035,0.62988,0.141,89.43,21373.0,WV,E,3229,0.05
746.2474,Cabell,RLX,cc,54011,13.95243,38.4203,-82.2417,51000.0,0.943,0.14541,0.49861523244312556,0.324,0.06087,0.17498,0.73215,0.198,123.39,92082.0,WV,E,10412,0.037
726.9427,Calhoun,RLX,nc,54013,0.34528,38.8445,-81.1175,43600.0,0.806,0.10757,0.14822023730169312,0.101,0.04644,0.04877,0.89772,0.213,8.2,5959.0,WV,E,251,0.072
890.4308,Clay,RLX,nc,54015,0.27739,38.4626,-81.0751,42600.0,0.788,0.0,0.18561669226288197,0.118,0.01908,0.03974,0.91288,0.235,8.74,7783.0,WV,E,247,0.058
830.2392,Doddridge,RLX,nn,54017,1.00329,39.2692,-80.7069,47800.0,0.883,0.4526,0.17173532841041583,0.127,0.04462,0.05473,0.88442,0.189,9.25,7680.0,WV,E,833,0.032
1730.8267,Fayette,RLX,se,54019,12.76683,38.0288,-81.0811,48700.0,0.9,0.01611,0.7413043774438344,0.161,0.03817,0.06287,0.84907,0.167,22.57,39072.0,WV,E,22097,0.044
880.6134,Gilmer,RLX,nc,54021,1.499,38.9241,-80.8571,44900.0,0.831,0.05151,0.16877326229477224,0.199,0.05411,0.04503,0.89761,0.264,8.24,7254.0,WV,E,1320,0.053
1243.7726,Grant,LWX,ee,54023,8.96738,39.1051,-79.1955,58200.0,1.075,0.07146,0.5849888995060637,0.179,0.15224,0.04917,0.73277,0.166,8.78,10921.0,WV,E,11153,0.038
2653.1046,Greenbrier,RNK,se,54025,3.27263,37.9469,-80.4529,45100.0,0.834,0.0812,0.5248030318141019,0.221,0.13602,0.04796,0.76663,0.182,12.12,32149.0,WV,E,8683,0.037
1669.3915,Hampshire,LWX,ee,54027,4.49708,39.3171,-78.6142,58300.0,1.077,0.10128,0.43961624308744235,0.163,0.15633,0.05611,0.77251,0.142,14.17,23649.0,WV,E,7507,0.028
228.8606,Hancock,PBZ,nn,54029,4.58617,40.5213,-80.5739,58100.0,1.074,0.23914,0.6993913814723062,0.202,0.12858,0.20835,0.59422,0.141,122.98,28145.0,WV,E,1050,0.058
1513.8237,Hardy,LWX,ee,54031,7.45495,39.0075,-78.8579,53900.0,0.996,0.4176,0.5380624222882553,0.157,0.14095,0.04955,0.79488,0.138,9.41,14251.0,WV,E,11285,0.043
1078.7805,Harrison,RLX,nn,54033,6.69025,39.2835,-80.3798,57800.0,1.068,0.10503,0.31435972106660326,0.259,0.16857,0.12741,0.68914,0.144,59.92,64639.0,WV,E,7217,0.033
1221.6969,Jackson,RLX,nw,54035,3.96334,38.8344,-81.6748,54700.0,1.012,0.03883,0.293247124978431,0.194,0.14515,0.07694,0.75271,0.148,22.59,27593.0,WV,E,4842,0.042
547.9671,Jefferson,LWX,pa,54037,67.05279,39.3076,-77.8628,87300.0,1.613,0.18835,0.797735681983492,0.337,0.52056,0.1796,0.27564,0.09,109.11,59787.0,WV,E,36743,0.027
2359.8851,Kanawha,RLX,cc,54039,12.61077,38.3365,-81.5281,55200.0,1.02,0.02147,0.444289097497646,0.293,0.01337,0.11151,0.84006,0.156,74.07,174805.0,WV,E,29760,0.036
1009.6263,Lewis,RLX,nn,54041,4.84222,38.9958,-80.5022,53300.0,0.985,0.08509,0.46327543847676245,0.175,0.10443,0.06066,0.81433,0.164,16.34,16500.0,WV,E,4889,0.046
1135.3317,Lincoln,RLX,cc,54043,0.42239,38.1753,-82.0705,43700.0,0.808,0.06673,0.16247139588100687,0.084,0.02493,0.04953,0.89864,0.217,17.35,19701.0,WV,E,480,0.049
1179.7707,Logan,RLX,ss,54045,0.40008,37.8316,-81.9353,42600.0,0.788,0.00424,0.14403553299492386,0.138,0.0024,0.05317,0.86022,0.194,26.13,30827.0,WV,E,472,0.042
1385.312,McDowell,RLX,ss,54047,0.07291,37.3785,-81.6536,29000.0,0.536,0.0,0.129149377593361,0.057,0.00125,0.04542,0.90638,0.362,12.59,17439.0,WV,E,101,0.064
806.7169,Marion,PBZ,nn,54049,20.0702,39.51,-80.2434,58900.0,1.088,0.0265,0.5351551438164974,0.258,0.11032,0.12129,0.74796,0.147,69.18,55807.0,WV,E,16191,0.04
808.511,Marshall,PBZ,nn,54051,4.19963,39.8606,-80.6634,51900.0,0.96,0.02768,0.1712203863491036,0.191,0.14082,0.09628,0.72384,0.151,36.37,29405.0,WV,E,3395,0.05
1151.7934,Mason,RLX,ww,54053,6.30582,38.7697,-82.0265,48100.0,0.889,0.23613,0.4274462330577626,0.162,0.20398,0.07323,0.67492,0.18,21.5,24765.0,WV,E,7263,0.046
1089.7505,Mercer,RNK,se,54055,7.38796,37.4055,-81.1114,43900.0,0.812,0.03763,0.4516398097536737,0.207,0.09305,0.12282,0.76304,0.197,53.28,58057.0,WV,E,8051,0.044
852.5846,Mineral,LWX,ee,54057,2.13935,39.4147,-78.9438,59700.0,1.103,0.03946,0.3777599774529218,0.228,0.14243,0.08322,0.74356,0.139,31.51,26867.0,WV,E,1824,0.041
1097.777,Mingo,RLX,ss,54059,0.05796,37.7264,-82.1346,35800.0,0.661,0.0,0.15019762845849802,0.083,0.00082,0.05385,0.87096,0.288,20.06,22023.0,WV,E,64,0.053
947.72,Monongalia,PBZ,nn,54061,68.58889,39.6303,-80.0465,59100.0,1.092,0.05097,0.7764702314154863,0.479,0.125,0.14697,0.68871,0.183,113.66,107718.0,WV,E,65003,0.031
1226.6273,Monroe,RNK,se,54063,2.75534,37.5604,-80.5505,53200.0,0.983,0.17901,0.4,0.154,0.25773,0.04756,0.68486,0.164,10.09,12382.0,WV,E,3380,0.03
594.8319,Morgan,LWX,pa,54065,11.75174,39.5604,-78.2578,56200.0,1.038,0.08583,0.7128047265398526,0.176,0.10969,0.08692,0.7831,0.107,29.67,17649.0,WV,E,6990,0.031
1694.8306,Nicholas,RLX,se,54067,3.65845,38.2917,-80.7993,46800.0,0.864,0.02322,0.3663979032815827,0.19,0.05837,0.0476,0.82765,0.193,14.26,24169.0,WV,E,6200,0.046
281.8457,Ohio,PBZ,nn,54069,29.65224,40.0969,-80.6189,60200.0,1.114,0.00383,0.5263550207645619,0.325,0.18012,0.22251,0.55758,0.145,146.16,41194.0,WV,E,8357,0.038
1808.2475,Pendleton,LWX,ee,54071,8.95944,38.6808,-79.3509,52600.0,0.971,0.05352,0.5602331924745868,0.205,0.13164,0.035,0.82196,0.139,3.33,6029.0,WV,E,16201,0.026
348.565,Pleasants,RLX,nw,54073,10.30224,39.3709,-81.1606,56400.0,1.042,0.18519,0.3510216301175062,0.146,0.06906,0.0742,0.80931,0.145,21.31,7428.0,WV,E,3591,0.054
2439.5655,Pocahontas,RLX,ne,54075,6.05202,38.3318,-80.0077,44600.0,0.824,0.18023,0.6112464509292375,0.158,0.06406,0.02572,0.89268,0.192,3.18,7765.0,WV,E,14764,0.045
1687.2063,Preston,PBZ,ne,54077,25.09674,39.4693,-79.6681,56000.0,1.035,0.29707,0.7692858666829223,0.179,0.17489,0.06268,0.72936,0.173,20.21,34099.0,WV,E,42343,0.039
907.3885,Putnam,RLX,ww,54079,6.38205,38.5086,-81.909,80000.0,1.479,0.04075,0.4286053057563229,0.284,0.09623,0.12716,0.75096,0.103,62.78,56962.0,WV,E,5791,0.033
1578.2036,Raleigh,RLX,se,54081,11.478,37.7714,-81.2486,51300.0,0.949,0.01308,0.535025715081959,0.216,0.04501,0.10545,0.79226,0.182,45.85,72356.0,WV,E,18115,0.037
2693.0664,Randolph,RLX,ne,54083,5.39319,38.7748,-79.8758,49400.0,0.912,0.30838,0.6723777793684156,0.19,0.05135,0.03327,0.89195,0.189,10.16,27350.0,WV,E,14524,0.048
1174.5618,Ritchie,RLX,nw,54085,3.7878,39.1783,-81.0629,52000.0,0.961,0.00112,0.182514775618497,0.128,0.07741,0.04888,0.86407,0.177,6.95,8167.0,WV,E,4449,0.043
1252.6317,Roane,RLX,cc,54087,0.55084,38.714,-81.3483,42700.0,0.789,0.1087,0.10057137400327862,0.142,0.09024,0.04971,0.85471,0.196,10.97,13743.0,WV,E,690,0.06
952.3964,Summers,RNK,se,54089,16.29881,37.6559,-80.8586,40600.0,0.75,0.04214,0.48949544522504956,0.16,0.11232,0.05547,0.7997,0.226,12.16,11581.0,WV,E,15523,0.039
455.124,Taylor,RLX,nn,54091,9.59324,39.336,-80.0461,54000.0,0.998,0.0655,0.468983694344793,0.174,0.18937,0.08374,0.69497,0.141,36.01,16388.0,WV,E,4366,0.037
1090.4316,Tucker,PBZ,ne,54093,27.70659,39.1136,-79.565,50400.0,0.932,0.03528,0.7524752475247525,0.242,0.03661,0.0333,0.81611,0.176,6.06,6604.0,WV,E,30212,0.034
675.0627,Tyler,RLX,nn,54095,1.29177,39.4653,-80.8849,57600.0,1.064,0.01949,0.1336890786197083,0.157,0.09367,0.05805,0.8183,0.19,11.73,7919.0,WV,E,872,0.059
919.1685,Upshur,RLX,ne,54097,1.59258,38.8978,-80.2334,47000.0,0.869,0.02596,0.3167974623884371,0.174,0.13088,0.06849,0.78055,0.183,25.6,23529.0,WV,E,1464,0.046
1326.5923,Wayne,RLX,ww,54099,2.25396,38.1461,-82.427,52500.0,0.971,0.04214,0.26065001454636133,0.177,0.03263,0.08078,0.86386,0.182,28.41,37686.0,WV,E,2990,0.041
1440.5414,Webster,RLX,ne,54101,0.60602,38.4947,-80.4219,40600.0,0.75,0.00802,0.26073752711496745,0.126,0.01296,0.02587,0.92543,0.263,5.58,8045.0,WV,E,873,0.051
936.1061,Wetzel,PBZ,nn,54103,2.64394,39.6053,-80.6391,48600.0,0.898,0.0497,0.1614553095020873,0.135,0.03485,0.05884,0.88741,0.174,14.84,13890.0,WV,E,2475,0.059
608.4186,Wirt,RLX,nw,54105,2.661,39.0224,-81.3786,43400.0,0.803,0.3391,0.45384308796026607,0.162,0.0966,0.0474,0.83729,0.177,8.22,5000.0,WV,E,1619,0.058
976.2676,Wood,RLX,nw,54107,35.42205,39.2111,-81.515,57600.0,1.065,0.12177,0.4619976694073915,0.229,0.14161,0.16,0.66258,0.137,85.07,83052.0,WV,E,34581,0.041
1299.5892,Wyoming,RLX,ss,54109,0.77654,37.6096,-81.5491,39900.0,0.737,0.02973,0.47750084583286345,0.12,0.00615,0.04661,0.89489,0.215,15.6,20277.0,WV,E,1009,0.043
1783.1368,Adams,ARX,cc,55001,12.31545,43.9696,-89.7706,54700.0,0.77,0.09841,0.5129706810861115,0.173,0.25146,0.07591,0.37843,0.132,12.03,21449.0,WI,C,21960,0.051
2731.7241,Ashland,DLH,nw,55003,16.20045,46.3148,-90.6781,56800.0,0.8,0.03093,0.4992441996719006,0.221,0.05628,0.03395,0.56263,0.141,5.89,16079.0,WI,C,44255,0.037
2305.1245,Barron,MPX,nw,55005,5.55413,45.4238,-91.8484,62300.0,0.877,0.09935,0.40510879319923343,0.223,0.47529,0.08687,0.31006,0.1,20.32,46833.0,WI,C,12803,0.036
3918.3821,Bayfield,DLH,nw,55007,13.19444,46.5241,-91.2006,63700.0,0.896,0.06725,0.6671593088900873,0.35,0.06724,0.03823,0.69992,0.1,4.28,16769.0,WI,C,51701,0.045
1398.7807,Brown,GRB,ne,55009,72.73681,44.4537,-88.0032,72400.0,1.019,0.01319,0.5665427644986829,0.324,0.52908,0.28027,0.05748,0.097,194.04,271417.0,WI,C,101743,0.027
1837.9164,Buffalo,ARX,wc,55011,4.84098,44.3799,-91.7545,64000.0,0.9,0.05103,0.24311864937071173,0.221,0.40086,0.05209,0.41601,0.102,7.3,13419.0,WI,C,8897,0.044
2280.1559,Burnett,DLH,nw,55013,15.66359,45.8627,-92.3675,57400.0,0.808,0.02666,0.623886602771122,0.22,0.12121,0.05647,0.48624,0.135,7.5,17092.0,WI,C,35715,0.046
1028.297,Calumet,GRB,ec,55015,28.82085,44.0817,-88.218,85600.0,1.205,0.10032,0.5836595273554773,0.325,0.55625,0.10682,0.03006,0.046,51.74,53199.0,WI,C,29636,0.024
2696.9678,Chippewa,MPX,wc,55017,9.26611,45.0694,-91.2799,74400.0,1.048,0.06591,0.36688717206109034,0.241,0.42937,0.08497,0.27318,0.09,24.83,66970.0,WI,C,24990,0.035
3157.4421,Clark,ARX,cc,55019,2.49957,44.7347,-90.6121,63600.0,0.896,0.27551,0.23802972190481445,0.134,0.45484,0.0604,0.29627,0.117,11.01,34774.0,WI,C,7892,0.028
2060.7092,Columbia,MKX,sc,55021,20.83538,43.4665,-89.3338,78800.0,1.109,0.2921,0.6685344933325631,0.257,0.55186,0.09243,0.15259,0.079,28.19,58091.0,WI,C,42936,0.026
1551.7913,Crawford,ARX,sw,55023,4.72818,43.2395,-90.931,63900.0,0.899,0.15633,0.37659116403185455,0.183,0.333,0.0595,0.49037,0.14,10.27,15944.0,WI,C,7337,0.039
3207.2648,Dane,MKX,sc,55025,206.7457,43.0674,-89.4183,85200.0,1.199,0.16195,0.8417365063714726,0.544,0.56332,0.19531,0.13345,0.1,179.39,575347.0,WI,C,663088,0.023
2349.2525,Dodge,MKX,se,55027,60.36755,43.4164,-88.7075,69700.0,0.981,0.07512,0.5414269319483249,0.199,0.64468,0.10265,0.03806,0.086,37.56,88231.0,WI,C,141819,0.026
1263.4667,Door,GRB,ne,55029,69.30132,44.9436,-87.3173,72300.0,1.018,0.05388,0.8332213312087569,0.371,0.41137,0.10944,0.17768,0.088,24.19,30562.0,WI,C,87560,0.03
3452.9207,Douglas,DLH,nw,55031,8.23536,46.4309,-91.9147,66200.0,0.931,0.01336,0.5600484809738815,0.278,0.05874,0.05669,0.48305,0.095,12.82,44264.0,WI,C,28436,0.043
2237.5378,Dunn,MPX,wc,55033,9.14548,44.9466,-91.8964,71400.0,1.005,0.27948,0.34395958417245426,0.292,0.51264,0.07262,0.30489,0.109,20.47,45794.0,WI,C,20463,0.034
1671.0963,Eau Claire,MPX,wc,55035,15.07596,44.7268,-91.2861,70600.0,0.993,0.04069,0.5326157874016296,0.357,0.38725,0.11774,0.31186,0.108,64.57,107903.0,WI,C,25193,0.027
1288.4582,Florence,GRB,ne,55037,27.75534,45.8484,-88.3982,64500.0,0.908,0.06115,0.5610024891219669,0.231,0.03677,0.02989,0.55798,0.107,3.63,4682.0,WI,C,35762,0.034
1983.4553,Fond du Lac,MKX,ec,55039,48.91865,43.7536,-88.4883,71200.0,1.002,0.08154,0.7982550634125917,0.226,0.62411,0.11447,0.03584,0.092,52.41,103948.0,WI,C,97028,0.027
2710.1364,Forest,GRB,ne,55041,8.21672,45.6673,-88.7704,56100.0,0.79,0.09924,0.5440643353543668,0.155,0.02096,0.02901,0.51807,0.158,3.44,9325.0,WI,C,22268,0.048
3064.625,Grant,ARX,sw,55043,15.88988,42.8675,-90.7062,63200.0,0.89,0.11828,0.3477217080074546,0.246,0.60275,0.06681,0.27149,0.137,16.77,51409.0,WI,C,48697,0.029
1514.0279,Green,MKX,sc,55045,6.70604,42.6799,-89.6022,79300.0,1.117,0.17207,0.4685624256058428,0.27,0.77162,0.07994,0.11301,0.083,24.41,36951.0,WI,C,10153,0.024
985.4353,Green Lake,MKX,sc,55047,32.75962,43.8003,-89.045,66100.0,0.93,0.09384,0.6667263636496543,0.225,0.50069,0.08,0.08258,0.104,19.63,19344.0,WI,C,32282,0.034
1989.5029,Iowa,MKX,sc,55049,22.72888,43.0005,-90.1354,76400.0,1.075,0.3867,0.4885145897846316,0.285,0.58372,0.06186,0.31258,0.084,12.04,23956.0,WI,C,45219,0.026
2079.1299,Iron,DLH,nw,55051,6.06428,46.2623,-90.242,60700.0,0.854,0.00753,0.7072776115757982,0.234,0.01418,0.02884,0.45622,0.135,3.0,6228.0,WI,C,12608,0.055
2590.2588,Jackson,ARX,wc,55053,2.89826,44.3191,-90.8052,64300.0,0.906,0.02065,0.22383583244342067,0.163,0.23616,0.05753,0.45683,0.126,8.05,20855.0,WI,C,7507,0.039
1509.3924,Jefferson,MKX,se,55055,53.53643,43.0209,-88.7759,78700.0,1.108,0.31367,0.6996947111379005,0.281,0.57967,0.12221,0.06201,0.093,56.81,85743.0,WI,C,80807,0.028
2082.7079,Juneau,ARX,cc,55057,10.85041,43.9245,-90.114,61900.0,0.871,0.01664,0.36267182948713694,0.163,0.24736,0.07329,0.27466,0.125,12.77,26594.0,WI,C,22598,0.032
722.9102,Kenosha,MKX,se,55059,49.61039,42.5767,-88.0418,75100.0,1.057,0.14514,0.8589497587584064,0.308,0.47081,0.30831,0.08477,0.113,231.69,167488.0,WI,C,35864,0.034
890.1817,Kewaunee,GRB,ne,55061,14.72533,44.5161,-87.6154,73700.0,1.038,0.17127,0.4873357205242756,0.206,0.68399,0.09417,0.04481,0.087,23.24,20690.0,WI,C,13108,0.025
1243.0558,La Crosse,ARX,wc,55063,35.16364,43.9065,-91.1152,70100.0,0.986,0.1458,0.49646982425113295,0.361,0.314,0.13569,0.41824,0.121,96.93,120486.0,WI,C,43710,0.026
1643.4854,Lafayette,MKX,sc,55065,3.49618,42.6605,-90.1317,67300.0,0.947,0.19388,0.28132635136711653,0.206,0.82096,0.06086,0.10865,0.112,10.31,16945.0,WI,C,5746,0.023
2299.5228,Langlade,GRB,nc,55067,4.49722,45.2624,-89.0719,57700.0,0.813,0.02572,0.35922812821799793,0.162,0.16611,0.04353,0.46569,0.136,8.44,19404.0,WI,C,10341,0.036
2349.3047,Lincoln,GRB,nc,55069,8.19375,45.3375,-89.7346,59600.0,0.839,0.13273,0.5505132786456748,0.194,0.10699,0.05283,0.46251,0.099,12.09,28405.0,WI,C,19250,0.032
1543.6245,Manitowoc,GRB,ec,55071,39.36521,44.1198,-87.8096,62900.0,0.885,0.14023,0.566440110047123,0.222,0.62437,0.13178,0.05642,0.092,52.69,81331.0,WI,C,60765,0.03
4081.9878,Marathon,GRB,cc,55073,17.46003,44.8983,-89.759,71000.0,0.999,0.14419,0.36685211767538883,0.273,0.42291,0.08967,0.2883,0.096,33.96,138612.0,WI,C,71272,0.027
3690.294,Marinette,GRB,ne,55075,9.70835,45.383,-88.0344,58600.0,0.824,0.00966,0.33934721694480624,0.195,0.12004,0.05756,0.36562,0.114,11.41,42106.0,WI,C,35827,0.04
1202.7869,Marquette,MKX,sc,55077,7.89105,43.8196,-89.3988,58200.0,0.819,0.05626,0.42141464865043443,0.152,0.33996,0.07253,0.22767,0.116,13.17,15838.0,WI,C,9491,0.037
945.1791,Menominee,GRB,ne,55078,1.22375,45.0044,-88.71,51600.0,0.727,0.00692,0.749869178440607,0.196,0.00184,0.02612,0.5353,0.274,4.47,4226.0,WI,C,1157,0.061
628.6161,Milwaukee,MKX,se,55079,510.91355,43.0071,-87.9667,58400.0,0.822,0.01026,0.9917838232609093,0.339,0.04718,0.85603,0.03237,0.171,1457.5,916205.0,WI,C,321169,0.038
2352.3146,Monroe,ARX,wc,55081,3.9485,43.9457,-90.6179,65200.0,0.918,0.47351,0.3711506240684108,0.2,0.34785,0.08506,0.40774,0.128,19.62,46151.0,WI,C,9288,0.027
2644.5886,Oconto,GRB,ne,55083,6.06041,45.0255,-88.2676,68100.0,0.959,0.0302,0.30327892640432996,0.187,0.28138,0.06946,0.27232,0.086,15.04,39775.0,WI,C,16027,0.033
3200.9465,Oneida,GRB,nc,55085,9.98933,45.7056,-89.5217,62200.0,0.876,0.00344,0.6284128360797918,0.284,0.01621,0.05175,0.36772,0.082,11.94,38226.0,WI,C,31975,0.034
1668.9976,Outagamie,GRB,ne,55087,36.08804,44.4161,-88.4649,78800.0,1.109,0.08692,0.5386235325746035,0.32,0.56571,0.18455,0.03772,0.063,115.78,193234.0,WI,C,60231,0.026
606.6965,Ozaukee,MKX,se,55089,213.06405,43.3838,-87.9515,97800.0,1.376,0.14918,0.9200644636545329,0.504,0.49097,0.28798,0.06026,0.048,154.05,93460.0,WI,C,129265,0.026
643.9269,Pepin,MPX,wc,55091,4.59449,44.5829,-92.0017,69500.0,0.979,0.12067,0.4751308976925816,0.236,0.47838,0.06302,0.31829,0.103,11.56,7441.0,WI,C,2959,0.031
1532.1759,Pierce,MPX,wc,55093,10.83354,44.7196,-92.4225,85500.0,1.203,0.19696,0.4058123509943768,0.32,0.58399,0.08563,0.27917,0.083,28.08,43026.0,WI,C,16599,0.035
2476.5487,Polk,MPX,nw,55095,10.12393,45.4614,-92.4414,74000.0,1.041,0.06932,0.5605190380971524,0.237,0.38162,0.07522,0.37927,0.091,18.48,45762.0,WI,C,25072,0.041
2131.043,Portage,GRB,cc,55097,43.25537,44.476,-89.5015,71400.0,1.004,0.13741,0.5982104340727472,0.337,0.43665,0.09655,0.23412,0.098,33.33,71024.0,WI,C,92179,0.03
3310.9826,Price,DLH,nc,55099,2.88855,45.6804,-90.3614,53900.0,0.758,0.02269,0.2550372361049831,0.171,0.06099,0.03535,0.4345,0.12,4.26,14102.0,WI,C,9564,0.034
900.9614,Racine,MKX,se,55101,50.11775,42.7477,-88.0551,72300.0,1.018,0.10384,0.9048536675881695,0.28,0.50331,0.28691,0.07381,0.107,218.23,196613.0,WI,C,45154,0.036
1526.3183,Richland,ARX,sw,55103,9.91957,43.3756,-90.4295,67100.0,0.944,0.19966,0.4475964632474328,0.207,0.42142,0.05999,0.4746,0.13,11.27,17197.0,WI,C,15140,0.03
1880.8403,Rock,MKX,sc,55105,17.60483,42.6712,-89.0716,67400.0,0.949,0.16886,0.5864015762817495,0.257,0.70358,0.15208,0.08284,0.112,87.34,164278.0,WI,C,33112,0.034
2410.9978,Rusk,MPX,nw,55107,4.47936,45.4751,-91.1331,56400.0,0.794,0.10389,0.39612268459183403,0.163,0.18193,0.04293,0.46907,0.137,5.87,14143.0,WI,C,10800,0.037
1905.5729,St. Croix,MPX,wc,55109,16.87114,45.034,-92.4528,97600.0,1.374,0.23375,0.5401382920985796,0.394,0.62972,0.12801,0.1861,0.057,50.78,96763.0,WI,C,32149,0.035
2197.4572,Sauk,MKX,sc,55111,53.95907,43.4268,-89.9484,70500.0,0.992,0.19483,0.7787537196148354,0.265,0.46204,0.09477,0.35876,0.094,30.0,65920.0,WI,C,118573,0.026
3496.9676,Sawyer,DLH,nw,55113,4.6081,45.88,-91.1447,60000.0,0.845,0.01378,0.5388768017405494,0.272,0.03788,0.03655,0.55717,0.15,5.31,18552.0,WI,C,16114,0.042
2355.1785,Shawano,GRB,ne,55115,2.82159,44.7892,-88.7656,66700.0,0.939,0.17621,0.33351740416555764,0.187,0.40364,0.07133,0.20435,0.115,17.45,41109.0,WI,C,6645,0.03
1340.057,Sheboygan,MKX,ec,55117,49.37962,43.7212,-87.9454,65000.0,0.915,0.08846,0.6857053013904166,0.273,0.57005,0.16848,0.10319,0.089,87.87,117752.0,WI,C,66172,0.025
2549.8108,Taylor,ARX,nc,55119,4.66326,45.2115,-90.5012,67500.0,0.951,0.45692,0.23800565101140736,0.167,0.2512,0.04692,0.37631,0.113,7.87,20058.0,WI,C,11890,0.037
1921.6491,Trempealeau,ARX,wc,55121,7.06852,44.304,-91.3585,68200.0,0.96,0.03806,0.1961916159564735,0.202,0.49842,0.07182,0.3487,0.118,16.08,30899.0,WI,C,13583,0.035
2114.5143,Vernon,ARX,sw,55123,15.06698,43.5939,-90.8344,67800.0,0.954,0.17549,0.4880511612251767,0.248,0.45128,0.06763,0.43133,0.125,14.74,31170.0,WI,C,31859,0.028
2635.9864,Vilas,GRB,nc,55125,13.25353,46.0529,-89.5148,63400.0,0.892,0.01757,0.7414852461503452,0.305,0.0045,0.04871,0.44184,0.123,9.06,23885.0,WI,C,34936,0.039
1493.1742,Walworth,MKX,se,55127,13.25742,42.6685,-88.5419,73700.0,1.038,0.04935,0.6715710618743606,0.323,0.60488,0.15775,0.10625,0.105,70.87,105822.0,WI,C,19796,0.029
2209.4139,Washburn,DLH,nw,55129,10.08492,45.8993,-91.7912,59200.0,0.834,0.04609,0.38791716161186846,0.236,0.11219,0.05701,0.5612,0.108,7.66,16930.0,WI,C,22282,0.037
1128.7775,Washington,MKX,se,55131,37.68203,43.3684,-88.2308,90300.0,1.271,0.22453,0.7355513607047349,0.348,0.45594,0.23724,0.10113,0.06,122.4,138168.0,WI,C,42535,0.026
1503.3347,Waukesha,MKX,se,55133,99.42448,43.0181,-88.3045,99500.0,1.401,0.07764,0.9505018008433843,0.479,0.23364,0.43893,0.10178,0.055,274.45,412591.0,WI,C,149468,0.026
1982.1365,Waupaca,GRB,ne,55135,8.46575,44.4704,-88.9648,66000.0,0.928,0.04928,0.33911188071936754,0.202,0.42007,0.09064,0.20407,0.121,25.93,51388.0,WI,C,16780,0.03
1650.749,Waushara,GRB,cc,55137,9.03754,44.1131,-89.2429,56000.0,0.788,0.08607,0.5267648273015,0.174,0.39215,0.07563,0.25132,0.105,15.1,24934.0,WI,C,14919,0.035
1498.7458,Winnebago,GRB,ec,55139,45.99191,44.0689,-88.6446,69900.0,0.984,0.0509,0.6663403138920323,0.31,0.4253,0.16995,0.02382,0.103,114.59,171735.0,WI,C,68930,0.027
2096.3812,Wood,GRB,cc,55141,9.76644,44.4553,-90.0416,64400.0,0.907,0.03996,0.36729348710057225,0.214,0.31837,0.10297,0.21066,0.098,35.27,73939.0,WI,C,20474,0.035
11159.6735,Albany,CYS,se,56001,4.73484,41.6545,-105.7239,53500.0,0.751,0.00089,0.4489428409490397,0.555,0.01125,0.0157,0.08026,0.167,3.43,38257.0,WY,M,52839,0.026
8181.0488,Big Horn,RIW,cc,56003,0.51324,44.5268,-107.9952,59700.0,0.838,0.03001,0.3384461004231137,0.209,0.06383,0.01812,0.09424,0.126,1.47,12018.0,WY,M,4199,0.033
12436.1527,Campbell,UNR,ne,56005,0.59013,44.2476,-105.5488,89900.0,1.261,0.00027,0.06874013855654591,0.222,0.02769,0.02367,0.01978,0.085,3.82,47498.0,WY,M,7339,0.027
20626.7293,Carbon,CYS,sc,56007,0.69227,41.6946,-106.9306,66200.0,0.929,0.01338,0.2047006290138534,0.228,0.01854,0.00961,0.1119,0.114,0.69,14334.0,WY,M,14279,0.03
11046.3503,Converse,CYS,ec,56009,0.49446,42.9723,-105.5071,78000.0,1.095,0.01831,0.20074525704073382,0.229,0.01341,0.02085,0.05665,0.104,1.25,13809.0,WY,M,5462,0.023
7435.5032,Crook,UNR,ne,56011,1.04895,44.5891,-104.5708,70200.0,0.985,0.00064,0.11208453936966958,0.24,0.05473,0.02524,0.2248,0.071,1.02,7592.0,WY,M,7799,0.024
23998.3994,Fremont,RIW,cc,56013,1.68679,43.0405,-108.6304,55100.0,0.773,0.02362,0.34933370228301736,0.253,0.02656,0.01088,0.11174,0.135,1.66,39815.0,WY,M,40480,0.034
5781.1571,Goshen,CYS,se,56015,0.85374,42.088,-104.3533,58700.0,0.824,0.01682,0.24770153919687898,0.246,0.12051,0.02837,0.00624,0.144,2.19,12642.0,WY,M,4936,0.026
5196.2615,Hot Springs,RIW,cc,56017,0.47996,43.7189,-108.442,64700.0,0.908,0.00361,0.32804256662307796,0.264,0.01536,0.01098,0.0561,0.111,0.9,4661.0,WY,M,2494,0.026
10812.0553,Johnson,RIW,nc,56019,0.90926,44.0388,-106.5846,70100.0,0.983,0.01221,0.23423807804653907,0.303,0.01522,0.01369,0.12973,0.084,0.81,8759.0,WY,M,9831,0.028
6960.6317,Laramie,CYS,se,56021,4.95597,41.3071,-104.6896,72000.0,1.01,0.00174,0.12189224408064689,0.32,0.13544,0.0408,0.0069,0.096,14.51,100984.0,WY,M,34497,0.03
10590.0698,Lincoln,RIW,wc,56023,0.69557,42.2624,-110.6556,93000.0,1.305,0.05257,0.3204709728133747,0.241,0.03546,0.0111,0.23541,0.07,1.97,20880.0,WY,M,7366,0.029
13922.5817,Natrona,RIW,cc,56025,0.55169,42.9622,-106.7985,70100.0,0.984,0.00091,0.2368238557558946,0.274,0.00783,0.0185,0.02078,0.105,5.74,79941.0,WY,M,7681,0.032
6806.4697,Niobrara,CYS,ec,56027,0.2032,43.0565,-104.4754,54600.0,0.766,0.0,0.11830705375081313,0.196,0.02296,0.01485,0.01331,0.158,0.35,2354.0,WY,M,1383,0.026
18047.5299,Park,RIW,cc,56029,2.9493,44.5206,-109.5886,69800.0,0.979,0.0031,0.38410477593099096,0.35,0.02844,0.01371,0.25152,0.097,1.7,30735.0,WY,M,53228,0.029
5467.3511,Platte,CYS,se,56031,0.7682,42.1331,-104.9658,61200.0,0.858,0.00048,0.19746684727746477,0.195,0.05723,0.02945,0.02316,0.11,1.56,8546.0,WY,M,4200,0.029
6544.9553,Sheridan,BYZ,nc,56033,1.80092,44.79,-106.8795,70200.0,0.985,0.11402,0.36133106252001085,0.334,0.05108,0.02469,0.19421,0.094,4.97,32519.0,WY,M,11787,0.027
12783.497,Sublette,RIW,wc,56035,1.89664,42.7669,-109.9147,85600.0,1.202,0.00627,0.19320265284411145,0.311,0.04354,0.00827,0.17751,0.076,0.7,8969.0,WY,M,24246,0.033
27171.9388,Sweetwater,RIW,sc,56037,0.50847,41.6595,-108.8794,75800.0,1.063,0.00311,0.34789203107501565,0.204,0.00376,0.00614,0.0057,0.1,1.52,41249.0,WY,M,13816,0.033
10934.218,Teton,RIW,nw,56039,9.14034,43.9337,-110.5901,128000.0,1.791,0.00301,0.851889433170049,0.612,0.0047,0.00966,0.46799,0.062,2.12,23232.0,WY,M,99942,0.021
5406.5913,Uinta,SLC,sw,56041,0.84711,41.2876,-110.5476,73100.0,1.025,0.0083,0.2606970762393478,0.213,0.06491,0.01687,0.06452,0.103,3.84,20745.0,WY,M,4580,0.032
5809.0579,Washakie,RIW,cc,56043,0.8022,43.905,-107.6829,60700.0,0.852,0.0206,0.42112441151012303,0.22,0.03668,0.01336,0.04541,0.123,1.33,7710.0,WY,M,4660,0.033
6214.9257,Weston,UNR,ne,56045,0.71861,43.8404,-104.5679,67700.0,0.95,0.0,0.1417924225787331,0.18,0.01489,0.01933,0.06797,0.114,1.1,6808.0,WY,M,4466,0.021
