FIPS,COUNTYNAME,STATE,TIME_ZONE,CWA,FE_AREA,LATITUDE,LONGITUDE,PERCENTAGE_GBIF_OBS_ON_AG_LAND,PERCENTAGE_OF_AG_LAND_WITHIN_1KM_GBIF_OBS,PERCENT_AGRICULTURE,GEOMEAN_SCORE,TOTAL_GBIF_OBS_COUNT_2023,GBIF_AG_OBS_COUNT_2023,GBIF_OBS_DENSITY_KM2,OBSERVATIONAL_DISPARITY,PERCENT_DEVELOPED,PERCENT_FOREST,AREA_KM2,AG_AREA_KM2,COVERED_AG_AREA_KM2,POPULATION_DENSITY_2023_KM2,POPULATION_ESTIMATE_2023,MEDIAN_HOUSEHOLD_INCOME_2022,MEDIAN_HOUSEHOLD_INCOME_PERCENT_OF_STATE_TOTAL_2022,PERCENT_ADULTS_BACHELORS_DEGREE_2023,PERCENT_POVERTY_2023,UNEMPLOYMENT_RATE_2023
6019,Fresno,CA,P,HNX,cc,36.7584,-119.6503,0.02866,0.22900,0.33800,0.13042,78186,2241,5.01677,11.79344,0.06430,0.14993,15584.9585,5267.7160,1206.3259,65.27,1017162,68700,0.751,0.239,0.177,0.075
30015,Chouteau,MT,M,TFX,nc,47.8806,-110.4352,0.00665,0.04328,0.48712,0.05195,4661,31,0.45026,73.25113,0.01931,0.02798,10352.3795,5042.8511,218.2755,0.56,5847,51100,0.753,0.226,0.150,0.032
31183,Wheeler,NE,C,LBF,nc,41.9148,-98.5282,0.00000,0.06218,0.20028,0.00000,1143,0,0.76668,0.00000,0.01855,0.00146,1490.8429,298.5860,18.5660,0.52,775,56000,0.801,0.296,0.128,0.017
46095,Mellette,SD,C,UNR,sc,43.5811,-100.76,0.00000,0.05008,0.10816,0.00000,776,0,0.22881,0.00000,0.01462,0.00828,3391.4650,366.8209,18.3716,0.55,1851,44700,0.633,0.163,0.260,0.032
46137,Ziebach,SD,M,UNR,wc,44.9806,-101.666,0.00000,0.02125,0.11823,0.00000,182,0,0.03565,0.00000,0.01200,0.00210,5104.7765,603.5377,12.8233,0.45,2322,40000,0.567,0.141,0.462,0.044
48295,Lipscomb,TX,C,AMA,pa,36.2777,-100.2731,0.00000,0.06569,0.11415,0.00000,433,0,0.17920,0.00000,0.05409,0.00115,2414.3711,275.6005,18.1036,1.20,2906,70200,0.972,0.254,0.126,0.032
51790,City of Staunton,VA,E,LWX,ww,38.1587,-79.0616,0.66350,0.99993,0.25344,0.55194,9293,6166,182.70715,0.38197,0.57934,0.15488,50.8637,12.8909,12.8900,509.50,25915,61900,0.721,0.351,0.113,0.026
4007,Gila,AZ,m,PSRFGZ,ec,33.7997,-110.8117,0.00000,0.76629,0.00023,0.00000,52939,0,4.26127,0.00000,0.01249,0.34878,12423.3842,2.8574,2.1896,4.35,54003,51900,0.698,0.188,0.177,0.043
6075,San Francisco,CA,P,MTR,nn,37.7558,-122.4424,0.00000,1.00000,0.00001,0.00000,457700,0,3720.76135,0.00000,0.94748,0.00831,123.0124,0.0012,0.0012,6576.47,808988,135000,1.479,0.601,0.119,0.033
6043,Mariposa,CA,P,HNX,cc,37.5815,-119.9055,0.00000,0.94595,0.00001,0.00000,49472,0,13.05916,0.00000,0.02456,0.30574,3788.3266,0.0379,0.0358,4.47,16919,66500,0.727,0.309,0.173,0.051
6017,El Dorado,CA,P,STOREV,nn,38.7785,-120.5247,0.00000,0.94220,0.00007,0.00000,93136,0,20.11589,0.00000,0.07403,0.47078,4629.9484,0.3241,0.3054,41.52,192215,105000,1.146,0.388,0.070,0.040
6057,Nevada,CA,P,STOREV,nn,39.3014,-120.7683,0.00000,0.92870,0.00099,0.00000,99566,0,39.45202,0.00000,0.08586,0.68160,2523.7115,2.4985,2.3203,40.43,102037,80100,0.875,0.395,0.109,0.039
8111,San Juan,CO,M,GJT,sw,37.764,-107.6761,0.00000,1.00000,0.00001,0.00000,3858,0,3.83508,0.00000,0.00932,0.40694,1005.9577,0.0101,0.0101,0.80,802,62700,0.704,0.472,0.123,0.026
8119,Teller,CO,M,PUB,cc,38.8822,-105.1618,0.00000,0.99762,0.00026,0.00000,31208,0,21.55516,0.00000,0.03813,0.56961,1447.8166,0.3764,0.3755,17.00,24617,81500,0.914,0.378,0.083,0.030
8065,Lake,CO,M,PUB,cc,39.202,-106.3451,0.00000,0.86667,0.00001,0.00000,6907,0,6.92818,0.00000,0.02117,0.43472,996.9378,0.0100,0.0086,7.39,7365,71300,0.801,0.461,0.114,0.025
8117,Summit,CO,M,BOU,cc,39.6342,-106.1163,0.00000,0.64829,0.00334,0.00000,31791,0,19.82253,0.00000,0.03704,0.49654,1603.7984,5.3567,3.4727,19.00,30465,97000,1.089,0.525,0.073,0.023
8055,Huerfano,CO,M,PUB,se,37.6847,-104.9606,0.00000,0.54549,0.00367,0.00000,7169,0,1.73757,0.00000,0.01877,0.23849,4126.1545,15.1430,8.2603,1.71,7055,48000,0.538,0.271,0.183,0.058
8019,Clear Creek,CO,M,BOU,cc,39.6891,-105.6444,0.00000,0.00000,0.00000,0.00000,18854,0,18.36771,0.00000,0.02159,0.61390,1026.4717,0.0000,0.0000,8.91,9147,90400,1.014,0.563,0.077,0.028
8047,Gilpin,CO,M,BOU,cc,39.8576,-105.5226,0.00000,0.00000,0.00000,0.00000,9347,0,24.02750,0.00000,0.04320,0.76414,389.0125,0.0000,0.0000,15.23,5926,89800,1.008,0.484,0.072,0.027
12037,Franklin,FL,E,TAE,bb,29.89835,-84.73895,0.00000,0.93366,0.00026,0.00000,42,0,3.73391,0.00000,0.00310,0.00989,1425.9943,0.3708,0.3462,8.83,12594,52200,0.753,0.253,0.166,0.029
13101,Echols,GA,E,JAX,se,30.7101,-82.8939,0.00000,0.37516,0.03588,0.00000,695,0,0.63768,0.00000,0.05232,0.27503,1089.8876,39.1052,14.6706,3.40,3709,47200,0.649,0.144,0.216,0.028
16079,Shoshone,ID,P,OTX,pa,47.3516,-115.891,0.00000,0.82323,0.00031,0.00000,5483,0,0.80331,0.00000,0.01913,0.83998,6825.5186,2.1159,1.7419,2.05,14026,47000,0.647,0.115,0.157,0.052
21119,Knott,KY,E,JKL,se,37.354,-82.954,0.00000,0.24728,0.00417,0.00000,324,0,0.35447,0.00000,0.05359,0.84792,914.3499,3.8128,0.9428,14.94,13659,38500,0.649,0.178,0.261,0.067
21193,Perry,KY,E,JKL,se,37.2443,-83.2215,0.00000,0.18215,0.00882,0.00000,412,0,0.46411,0.00000,0.08430,0.78967,887.4802,7.8276,1.4258,30.57,27133,43900,0.742,0.142,0.297,0.056
25025,Suffolk,MA,E,BOX,ee,42.3308,-71.0818,0.00000,1.00000,0.00004,0.00000,254724,0,1456.94715,0.00000,0.88860,0.02066,174.8339,0.0070,0.0070,4395.17,768425,84500,0.894,0.499,0.151,0.032
26039,Crawford,MI,E,APX,nn,44.6836,-84.6103,0.00000,0.77686,0.00134,0.00000,40011,0,27.42106,0.00000,0.06723,0.59282,1459.1486,1.9553,1.5190,9.28,13538,57600,0.861,0.202,0.140,0.059
26083,Keweenaw,MI,E,MQT,wu,47.6104,-88.4287,0.00000,0.52158,0.00052,0.00000,22472,0,15.42514,0.00000,0.01400,0.62648,1456.8621,0.7576,0.3951,1.49,2172,57100,0.853,0.436,0.120,0.059
30069,Petroleum,MT,M,GGW,ne,47.1175,-108.2501,0.00000,0.07689,0.06857,0.00000,1354,0,0.31232,0.00000,0.01115,0.03903,4335.3021,297.2717,22.8583,0.13,554,49000,0.721,0.271,0.130,0.033
30075,Powder River,MT,M,BYZ,se,45.395,-105.6301,0.00000,0.06463,0.03903,0.00000,1372,0,0.16063,0.00000,0.01165,0.07201,8541.6241,333.3796,21.5475,0.20,1743,54100,0.797,0.252,0.117,0.025
31071,Garfield,NE,C,LBF,nc,41.9143,-98.9914,0.00000,0.25900,0.06143,0.00000,713,0,0.48191,0.00000,0.01731,0.00617,1479.5303,90.8875,23.5395,1.19,1763,51500,0.738,0.327,0.109,0.020
31031,Cherry,NE,MC,LBF,nc,42.5449,-101.1186,0.00000,0.18549,0.01504,0.00000,24785,0,1.59241,0.00000,0.00791,0.00677,15564.5051,234.0902,43.4217,0.35,5492,58000,0.831,0.242,0.110,0.019
31009,Blaine,NE,C,LBF,nc,41.9128,-99.9769,0.00000,0.16463,0.02155,0.00000,401,0,0.21675,0.00000,0.01092,0.00104,1850.0560,39.8687,6.5634,0.24,436,54900,0.787,0.256,0.163,0.036
31117,McPherson,NE,C,LBF,wc,41.5681,-101.0605,0.00000,0.07515,0.02465,0.00000,836,0,0.37536,0.00000,0.00857,0.00060,2227.2041,54.9006,4.1256,0.17,383,52800,0.756,0.244,0.120,0.021
31005,Arthur,NE,M,LBF,wc,41.5689,-101.6959,0.00000,0.07355,0.01921,0.00000,401,0,0.21532,0.00000,0.00782,0.00002,1860.3632,35.7376,2.6284,0.22,412,57000,0.817,0.327,0.133,0.028
31091,Hooker,NE,M,LBF,wc,41.9159,-101.1353,0.00000,0.04598,0.00562,0.00000,638,0,0.34143,0.00000,0.00940,0.00451,1868.6176,10.5016,0.4829,0.36,679,53500,0.767,0.207,0.096,0.025
31075,Grant,NE,M,LBF,wc,41.915,-101.7405,0.00000,0.03514,0.00127,0.00000,1261,0,0.62162,0.00000,0.00941,0.00010,2028.5634,2.5763,0.0905,0.28,565,63500,0.909,0.294,0.103,0.015
31171,Thomas,NE,C,LBF,nc,41.9135,-100.5559,0.00000,0.03066,0.01060,0.00000,2007,0,1.08580,0.00000,0.01159,0.01376,1848.4004,19.5930,0.6007,0.37,677,58800,0.842,0.269,0.130,0.034
34039,Union,NJ,E,OKX,ne,40.66,-74.3086,0.00000,1.00000,0.00070,0.00000,55963,0,204.90469,0.00000,0.89440,0.04303,273.1173,0.1912,0.1912,2097.00,572726,96500,1.001,0.386,0.089,0.047
34017,Hudson,NJ,E,OKX,ne,40.7368,-74.0784,0.00000,1.00000,0.00030,0.00000,52559,0,365.94790,0.00000,0.74694,0.00251,143.6233,0.0431,0.0431,4911.96,705472,82400,0.855,0.479,0.152,0.044
35019,Guadalupe,NM,M,ABQ,ec,34.8633,-104.7907,0.00000,0.26240,0.00067,0.00000,9330,0,1.18832,0.00000,0.00883,0.00626,7851.5859,5.2606,1.3804,0.55,4292,43900,0.733,0.155,0.249,0.040
35021,Harding,NM,M,ABQ,ne,35.858,-103.8199,0.00000,0.24111,0.00141,0.00000,1620,0,0.29419,0.00000,0.01163,0.02182,5506.0446,7.7635,1.8718,0.11,624,45200,0.756,0.303,0.151,0.037
32021,Mineral,NV,P,REV,ww,38.5388,-118.4352,0.00000,0.17700,0.00203,0.00000,5485,0,0.55542,0.00000,0.00416,0.12488,9875.7841,20.0478,3.5485,0.46,4528,55700,0.770,0.115,0.173,0.068
32011,Eureka,NV,P,LKN,nc,39.9839,-116.2686,0.00000,0.11838,0.01638,0.00000,1598,0,0.14760,0.00000,0.00665,0.12226,10826.2041,177.3332,20.9933,0.18,1917,80300,1.110,0.181,0.115,0.037
32015,Lander,NV,P,LKN,nc,39.9338,-117.0379,0.00000,0.07377,0.01062,0.00000,2596,0,0.18163,0.00000,0.00664,0.09603,14294.1029,151.8034,11.1989,0.40,5769,90200,1.247,0.166,0.115,0.036
36081,Queens,NY,E,OKX,se,40.7104,-73.8191,0.00000,1.00000,0.00008,0.00000,217107,0,728.02819,0.00000,0.87298,0.01274,298.2129,0.0239,0.0239,7552.31,2252196,80200,1.009,0.353,0.138,0.046
40045,Ellis,OK,C,OUN,nw,36.2184,-99.7546,0.00000,0.13772,0.09497,0.00000,1086,0,0.34045,0.00000,0.05821,0.03794,3190.3615,302.9886,41.7265,1.14,3648,54100,0.907,0.200,0.140,0.023
48385,Real,TX,C,EWX,sc,29.8318,-99.8221,0.00000,0.97196,0.00011,0.00000,7491,0,4.13151,0.00000,0.01554,0.38447,1813.0422,0.1994,0.1938,1.57,2854,49500,0.684,0.191,0.157,0.051
48031,Blanco,TX,C,EWX,sc,30.2664,-98.3998,0.00000,0.88577,0.00184,0.00000,31957,0,17.29439,0.00000,0.03782,0.16681,1847.8191,3.4000,3.0116,7.06,13048,82200,1.138,0.343,0.085,0.028
48019,Bandera,TX,C,EWX,sc,29.7472,-99.2462,0.00000,0.87069,0.00261,0.00000,32900,0,15.92716,0.00000,0.04301,0.39811,2065.6732,5.3914,4.6942,10.96,22637,69300,0.959,0.255,0.129,0.035
48137,Edwards,TX,C,EWX,sc,29.9826,-100.3047,0.00000,0.78495,0.00012,0.00000,12461,0,2.26955,0.00000,0.00651,0.08466,5490.7142,0.6589,0.5172,0.25,1393,50800,0.702,0.259,0.197,0.025
48465,Val Verde,TX,C,EWX,sc,29.893,-101.1517,0.00000,0.69771,0.00028,0.00000,44768,0,5.34736,0.00000,0.01287,0.00927,8372.0166,2.3442,1.6355,5.70,47720,52600,0.728,0.213,0.202,0.055
48105,Crockett,TX,C,SJT,wc,30.723,-101.4121,0.00000,0.62062,0.00018,0.00000,4386,0,0.60325,0.00000,0.01169,0.00622,7271.2172,1.3088,0.8123,0.39,2858,71900,0.994,0.110,0.153,0.033
48235,Irion,TX,C,SJT,wc,31.3039,-100.9824,0.00000,0.50744,0.00461,0.00000,3568,0,1.30993,0.00000,0.01864,0.00317,2723.4851,12.5553,6.3710,0.57,1549,77800,1.076,0.221,0.089,0.033
48103,Crane,TX,C,MAF,ww,31.4285,-102.5155,0.00000,0.30000,0.00000,0.00000,408,0,0.20053,0.00000,0.04354,0.00000,2034.6226,0.0000,0.0000,2.25,4574,67900,0.939,0.143,0.117,0.045
48435,Sutton,TX,C,SJT,wc,30.4983,-100.5382,0.00000,0.29975,0.00039,0.00000,4022,0,1.06764,0.00000,0.01450,0.00806,3766.8532,1.4691,0.4404,0.86,3221,68800,0.952,0.155,0.134,0.058
48475,Ward,TX,C,MAF,ww,31.5095,-103.1024,0.00000,0.27481,0.00080,0.00000,1605,0,0.74166,0.00000,0.07176,0.00000,2164.4462,1.7316,0.4758,5.07,10966,60800,0.841,0.107,0.141,0.030
48431,Sterling,TX,C,SJT,wc,31.8279,-101.05,0.00000,0.27100,0.00659,0.00000,415,0,0.17351,0.00000,0.01484,0.00504,2391.7402,15.7616,4.2714,0.58,1397,75900,1.050,0.245,0.115,0.040
48135,Ector,TX,C,MAF,ww,31.8692,-102.5428,0.00000,0.24247,0.00056,0.00000,2666,0,1.14163,0.00000,0.14187,0.00002,2335.4096,1.3078,0.3171,70.43,164494,64900,0.897,0.166,0.117,0.033
48413,Schleicher,TX,C,SJT,wc,30.8975,-100.5385,0.00000,0.16427,0.02485,0.00000,1628,0,0.47957,0.00000,0.01266,0.00297,3394.7277,84.3590,13.8577,0.70,2391,54200,0.749,0.242,0.160,0.035
48429,Stephens,TX,C,FWD,nc,32.7359,-98.8362,0.00000,0.14232,0.03245,0.00000,1459,0,0.61143,0.00000,0.03443,0.14907,2386.7800,77.4510,11.0228,3.91,9343,50700,0.702,0.182,0.184,0.039
48461,Upton,TX,C,MAF,ww,31.3688,-102.0431,0.00000,0.12823,0.01160,0.00000,395,0,0.12269,0.00000,0.04693,0.00004,3216.5600,37.3121,4.7845,0.97,3109,61600,0.852,0.088,0.153,0.017
48211,Hemphill,TX,C,AMA,pa,35.8376,-100.2705,0.00000,0.11480,0.03071,0.00000,1022,0,0.43264,0.00000,0.05794,0.01074,2362.2572,72.5449,8.3282,1.35,3189,73200,1.013,0.244,0.101,0.035
48003,Andrews,TX,C,MAF,ww,32.305,-102.6378,0.00000,0.06676,0.02818,0.00000,1710,0,0.43985,0.00000,0.05109,0.00000,3887.6910,109.5551,7.3137,4.80,18664,69000,0.955,0.199,0.114,0.030
48495,Winkler,TX,C,MAF,ww,31.85,-103.0482,0.00000,0.00576,0.00093,0.00000,524,0,0.24052,0.00000,0.04807,0.00000,2178.6450,2.0261,0.0117,3.40,7414,69800,0.965,0.100,0.135,0.034
48301,Loving,TX,C,MAF,ww,31.8492,-103.58,0.00000,0.00000,0.00000,0.00000,274,0,0.15635,0.00000,0.06529,0.00000,1753.0524,0.0000,0.0000,0.02,43,94700,1.310,0.000,0.047,0.003
48443,Terrell,TX,C,MAF,sw,30.225,-102.0765,0.00000,0.00000,0.00000,0.00000,5558,0,0.91015,0.00000,0.00533,0.00137,6106.7530,0.0000,0.0000,0.11,687,48000,0.664,0.323,0.186,0.035
51760,City of Richmond,VA,E,AKQ,cc,37.5293,-77.4754,0.00000,1.00000,0.00071,0.00000,82841,0,511.79947,0.00000,0.88061,0.05910,161.8626,0.1149,0.1149,1416.31,229247,58700,0.684,0.441,0.176,0.035
51710,City of Norfolk,VA,E,AKQ,se,36.8915,-76.2827,0.00000,1.00000,0.00010,0.00000,1638,0,44.18099,0.00000,0.14931,0.00227,143.8806,0.0144,0.0144,1605.01,230930,60000,0.699,0.327,0.183,0.034
51650,City of Hampton,VA,E,AKQ,se,37.07455,-76.34905,0.00000,0.98525,0.00113,0.00000,4256,0,110.22092,0.00000,0.03240,0.00069,135.0698,0.1526,0.1504,1015.02,137098,64100,0.747,0.275,0.134,0.037
54015,Clay,WV,E,RLX,nc,38.4626,-81.0751,0.00000,0.18562,0.01908,0.00000,247,0,0.27739,0.00000,0.03974,0.91288,890.4308,16.9894,3.1535,8.74,7783,42600,0.788,0.118,0.235,0.058
54059,Mingo,WV,E,RLX,ss,37.7264,-82.1346,0.00000,0.15020,0.00082,0.00000,64,0,0.05796,0.00000,0.05385,0.87096,1097.7770,0.9002,0.1352,20.06,22023,35800,0.661,0.083,0.288,0.053
54047,McDowell,WV,E,RLX,ss,37.3785,-81.6536,0.00000,0.12915,0.00125,0.00000,101,0,0.07291,0.00000,0.04542,0.90638,1385.3120,1.7316,0.2236,12.59,17439,29000,0.536,0.057,0.362,0.064
56045,Weston,WY,M,UNR,ne,43.8404,-104.5679,0.00000,0.14179,0.01489,0.00000,4466,0,0.71861,0.00000,0.01933,0.06797,6214.9257,92.5402,13.1215,1.10,6808,67700,0.950,0.180,0.114,0.021
56027,Niobrara,WY,M,CYS,ec,43.0565,-104.4754,0.00000,0.11831,0.02296,0.00000,1383,0,0.20320,0.00000,0.01485,0.01331,6806.4697,156.2765,18.4886,0.35,2354,54600,0.766,0.196,0.158,0.026
48043,Brewster,TX,C,MAF,sw,29.8119,-103.2517,0.00001,0.33367,0.00006,0.00059,126303,1,7.87446,6.00000,0.00413,0.02364,16039.6363,0.9624,0.3211,0.59,9513,52400,0.725,0.453,0.137,0.032
48243,Jeff Davis,TX,C,MAF,sw,30.7154,-104.14,0.00001,0.88285,0.00013,0.00105,85657,1,14.60973,13.00000,0.00770,0.19739,5863.0393,0.7622,0.6729,0.32,1856,58300,0.806,0.304,0.128,0.032
36047,Kings,NY,E,OKX,se,40.6447,-73.9472,0.00008,1.00000,0.00009,0.00193,524063,42,2856.06221,1.12500,0.91392,0.01006,183.4913,0.0165,0.0165,13958.29,2561225,73200,0.922,0.413,0.191,0.055
8035,Douglas,CO,M,BOU,ne,39.3297,-104.9295,0.00001,0.47947,0.00163,0.00198,135503,1,62.08526,163.00000,0.17240,0.27216,2182.5238,3.5575,1.7057,175.90,383906,141000,1.580,0.609,0.037,0.029
24510,Baltimore City,MD,E,LWX,nn,39.2809,-76.59605,0.00001,1.00000,0.00100,0.00215,6,0,9.96307,100.00000,0.44968,0.00214,209.9439,0.2099,0.2099,2692.33,565239,54700,0.576,0.354,0.202,0.029
48377,Presidio,TX,C,MAF,sw,29.9998,-104.2405,0.00003,0.66949,0.00051,0.00217,38685,1,3.87258,17.00000,0.00640,0.01740,9989.5305,5.0947,3.4108,0.58,5795,43700,0.604,0.202,0.229,0.063
34013,Essex,NJ,E,OKX,ne,40.7872,-74.2471,0.00007,1.00000,0.00035,0.00290,83403,6,248.40484,5.00000,0.83295,0.05819,335.7526,0.1175,0.1175,2534.95,851117,74700,0.776,0.379,0.142,0.055
48267,Kimble,TX,C,SJT,wc,30.4868,-99.7487,0.00003,0.78528,0.00128,0.00311,39083,1,12.06218,42.66667,0.00998,0.10707,3240.1344,4.1474,3.2568,1.37,4442,51900,0.717,0.256,0.174,0.034
35003,Catron,NM,M,ABQ,wc,33.9153,-108.4047,0.00023,0.59771,0.00022,0.00312,17519,4,0.97619,0.95652,0.00796,0.45394,17946.3214,3.9482,2.3599,0.21,3825,44200,0.739,0.207,0.186,0.049
6009,Calaveras,CA,P,STO,nn,38.2046,-120.5541,0.00004,0.95291,0.00113,0.00351,22322,1,8.31202,28.25000,0.05611,0.40154,2685.4731,3.0346,2.8917,17.34,46565,73200,0.800,0.222,0.122,0.042
8093,Park,CO,M,BOU,cc,39.1193,-105.7172,0.00048,0.73908,0.00013,0.00359,33676,16,5.88155,0.27083,0.01949,0.35690,5725.6372,0.7443,0.5501,3.16,18117,88000,0.988,0.388,0.081,0.028
48479,Webb,TX,C,CRP,sc,27.7611,-99.3316,0.00006,0.13425,0.00824,0.00405,35425,2,4.05186,137.33333,0.03154,0.00006,8742.9764,72.0421,9.6714,30.78,269148,56300,0.779,0.209,0.225,0.040
8059,Jefferson,CO,M,BOU,cc,39.5865,-105.2506,0.00014,0.99913,0.00052,0.00417,442351,62,220.68961,3.71429,0.23021,0.41234,2004.4032,1.0423,1.0414,287.55,576366,102000,1.149,0.507,0.074,0.029
48259,Kendall,TX,C,EWX,sc,29.9447,-98.7116,0.00002,0.92996,0.00408,0.00423,81231,2,47.30054,204.00000,0.06814,0.24856,1717.3427,7.0068,6.5160,29.43,50537,120000,1.664,0.491,0.069,0.033
6109,Tuolumne,CA,P,HNXSTO,nn,38.0276,-119.9548,0.00050,0.98661,0.00019,0.00454,62516,31,10.61300,0.38000,0.02850,0.42253,5890.5452,1.1192,1.1042,9.20,54204,70100,0.766,0.239,0.105,0.050
36041,Hamilton,NY,E,ALY,ee,43.6611,-74.4974,0.00044,0.75966,0.00029,0.00459,36478,16,7.79137,0.65909,0.01000,0.82703,4681.7851,1.3577,1.0314,1.09,5082,62100,0.782,0.269,0.106,0.050
48265,Kerr,TX,C,EWX,sc,30.0615,-99.3501,0.00004,0.89719,0.00305,0.00478,52424,2,18.27382,76.25000,0.04423,0.28170,2868.8137,8.7499,7.8503,18.79,53915,59600,0.825,0.312,0.120,0.035
29510,St. Louis City,MO,C,LSX,ec,38.6358,-90.245,0.00006,1.00000,0.00222,0.00511,87669,5,511.96257,37.00000,0.92956,0.00209,171.2412,0.3802,0.3802,1645.36,281754,52300,0.807,0.402,0.201,0.037
27031,Cook,MN,C,DLH,ne,47.9027,-90.5344,0.00058,0.85856,0.00031,0.00536,31297,18,7.51570,0.53448,0.01213,0.65139,4164.2372,1.2909,1.1083,1.35,5639,69300,0.841,0.456,0.107,0.036
22071,Orleans,LA,C,LIX,se,30.0385,-89.9037,0.00005,0.98462,0.00328,0.00545,148812,7,285.85966,65.60000,0.39799,0.00108,520.5765,1.7075,1.6812,699.49,364136,51900,0.936,0.420,0.231,0.045
46033,Custer,SD,M,UNR,sw,43.6776,-103.4515,0.00004,0.18537,0.02459,0.00567,26922,1,6.66680,614.75000,0.02989,0.29284,4038.2363,99.3002,18.4069,2.26,9117,75300,1.067,0.321,0.085,0.025
34003,Bergen,NJ,E,OKX,ne,40.9599,-74.0743,0.00035,1.00000,0.00062,0.00601,197055,69,307.37536,1.77143,0.76311,0.09762,641.0879,0.3975,0.3975,1493.92,957736,114000,1.182,0.526,0.066,0.039
6105,Trinity,CA,P,EKA,nw,40.6507,-123.1126,0.00090,0.72179,0.00039,0.00633,17851,16,2.14876,0.43333,0.02721,0.44582,8307.6883,3.2400,2.3386,1.89,15670,49500,0.541,0.180,0.208,0.057
48371,Pecos,TX,C,MAF,sw,30.7811,-102.7236,0.00033,0.08725,0.00930,0.00645,6079,2,0.49256,28.18182,0.01554,0.00149,12341.1696,114.7729,10.0142,1.18,14623,54000,0.747,0.134,0.212,0.036
4005,Coconino,AZ,Mm,FGZ,nc,35.8387,-111.7705,0.00602,0.58817,0.00010,0.00707,193710,1166,4.00791,0.01661,0.00990,0.24035,48331.9912,4.8332,2.8427,2.99,144472,64000,0.861,0.396,0.178,0.042
48109,Culberson,TX,CM,MAF,sw,31.4472,-104.5173,0.00027,0.35707,0.00370,0.00709,14919,4,1.51063,13.70370,0.00904,0.01297,9876.0183,36.5413,13.0478,0.22,2196,52200,0.722,0.163,0.205,0.032
8079,Mineral,CO,M,PUB,sc,37.669,-106.9241,0.00046,0.71191,0.00125,0.00743,4395,2,1.93275,2.71739,0.01062,0.52994,2273.7396,2.8422,2.0234,0.42,944,69800,0.783,0.545,0.097,0.025
8025,Crowley,CO,M,PUB,se,38.3266,-103.7849,0.00017,0.22189,0.01303,0.00789,5962,1,2.87637,76.64706,0.01644,0.00000,2072.8043,27.0086,5.9929,2.72,5636,49800,0.559,0.127,0.375,0.042
4015,Mohave,AZ,m,VEF,nw,35.7044,-113.7582,0.00072,0.30743,0.00228,0.00796,38738,28,1.11020,3.16667,0.01082,0.07000,34892.7496,79.5555,24.4575,6.41,223682,54800,0.738,0.149,0.168,0.045
56005,Campbell,WY,M,UNR,ne,44.2476,-105.5488,0.00027,0.06874,0.02769,0.00801,7339,2,0.59013,102.55556,0.02367,0.01978,12436.1527,344.3571,23.6712,3.82,47498,89900,1.261,0.222,0.085,0.027
35035,Otero,NM,M,EPZ,sc,32.6132,-105.7417,0.00088,0.49864,0.00148,0.00866,27421,24,1.59746,1.68182,0.01261,0.21507,17165.4486,25.4049,12.6679,4.01,68835,52800,0.882,0.216,0.194,0.040
48053,Burnet,TX,C,EWX,sc,30.7883,-98.1824,0.00018,0.68773,0.00547,0.00878,65723,12,24.85692,30.38889,0.06682,0.26507,2644.0615,14.4630,9.9466,20.42,53991,74900,1.036,0.287,0.099,0.031
12087,Mainland Monroe,FL,E,KEY,sw,25.01715,-80.9976,0.01339,0.97048,0.00006,0.00920,182012,2437,1415.47614,0.00448,0.48415,0.00124,2014.6302,0.1209,0.1173,40.01,80614,79500,1.147,0.378,0.100,0.019
35031,McKinley,NM,M,ABQ,wc,35.5806,-108.2619,0.00410,0.51273,0.00040,0.00944,12190,50,0.86275,0.09756,0.01024,0.18752,14129.1980,5.6517,2.8978,4.87,68797,43700,0.731,0.125,0.343,0.052
13051,Chatham,GA,E,CHS,se,31.9698,-81.0905,0.00026,0.79847,0.00425,0.00959,6648,2,19.30853,16.34615,0.00601,0.00161,1157.3107,4.9186,3.9273,262.38,303655,64000,0.880,0.368,0.152,0.029
45043,Georgetown,SC,E,ILM,ne,33.3621,-79.286,0.00028,0.24840,0.01365,0.00983,3056,1,15.75734,48.75000,0.00175,0.00176,2162.0960,29.5126,7.3308,30.40,65731,59500,0.926,0.325,0.138,0.033
35006,Cibola,NM,M,ABQ,wc,34.9126,-107.9997,0.00411,0.45503,0.00059,0.01033,11927,49,1.01392,0.14355,0.00970,0.30485,11763.0120,6.9402,3.1580,2.28,26780,45700,0.763,0.188,0.237,0.052
8071,Las Animas,CO,M,PUB,se,37.3159,-104.0387,0.00070,0.33400,0.00489,0.01046,10058,7,0.81325,6.98571,0.01199,0.16407,12368.2589,60.4808,20.2008,1.16,14348,49100,0.551,0.173,0.171,0.050
32003,Clark,NV,P,VEF,ss,36.2145,-115.0187,0.00224,0.81373,0.00066,0.01064,299247,670,14.28023,0.29464,0.06082,0.04254,20955.3355,13.8305,11.2543,111.50,2336573,70800,0.979,0.273,0.129,0.054
34031,Passaic,NJ,E,OKX,ne,41.0337,-74.3003,0.00075,0.99503,0.00177,0.01097,81159,61,159.00742,2.36000,0.40952,0.43557,510.4119,0.9034,0.8989,1005.84,513395,78800,0.818,0.303,0.139,0.055
12103,Pinellas,FL,E,TBW,wc,28.0272,-82.72615,0.00045,1.00000,0.00300,0.01105,1090,0,39.54099,6.66667,0.09378,0.00098,738.7355,2.2162,2.2162,1301.68,961596,66400,0.959,0.358,0.113,0.028
8101,Pueblo,CO,M,PUB,se,38.1734,-104.5128,0.00026,0.34432,0.01629,0.01134,102951,27,16.57806,62.65385,0.04778,0.04639,6210.0629,101.1619,34.8318,27.28,169422,58300,0.655,0.250,0.135,0.044
54045,Logan,WV,E,RLX,ss,37.8316,-81.9353,0.00424,0.14404,0.00240,0.01136,472,2,0.40008,0.56604,0.05317,0.86022,1179.7707,2.8314,0.4078,26.13,30827,42600,0.788,0.138,0.194,0.042
48299,Llano,TX,C,EWX,sc,30.7056,-98.684,0.00067,0.50156,0.00446,0.01144,11937,8,4.76988,6.65672,0.04713,0.09563,2502.5908,11.1616,5.5981,9.14,22875,59500,0.824,0.331,0.117,0.036
35027,Lincoln,NM,M,ABQ,cc,33.7453,-105.4592,0.00223,0.77214,0.00092,0.01166,14361,32,1.14762,0.41256,0.01105,0.18803,12513.4911,11.5124,8.8891,1.60,20029,54300,0.908,0.288,0.162,0.032
46081,Lawrence,SD,M,UNR,wc,44.3586,-103.7922,0.00010,0.35760,0.04455,0.01168,9679,1,4.66911,445.50000,0.06336,0.65642,2072.8847,92.3470,33.0237,13.53,28053,67600,0.958,0.341,0.111,0.019
21095,Harlan,KY,E,JKL,se,36.857,-83.2179,0.00098,0.29436,0.00570,0.01180,1016,1,0.83805,5.81633,0.06040,0.88568,1211.9506,6.9081,2.0334,20.90,25324,36000,0.608,0.127,0.297,0.066
56025,Natrona,WY,M,RIW,cc,42.9622,-106.7985,0.00091,0.23682,0.00783,0.01191,7681,7,0.55169,8.60440,0.01850,0.02078,13922.5817,109.0138,25.8171,5.74,79941,70100,0.984,0.274,0.105,0.032
48281,Lampasas,TX,C,FWD,cc,31.1962,-98.2414,0.00016,0.47355,0.02228,0.01191,18940,3,10.24293,139.25000,0.05622,0.16731,1849.1118,41.1982,19.5094,12.58,23262,67900,0.940,0.216,0.115,0.038
8053,Hinsdale,CO,M,GJT,sw,37.8213,-107.3003,0.00053,0.72204,0.00444,0.01193,5706,3,1.96165,8.37736,0.00869,0.51642,2908.9076,12.9155,9.3255,0.26,765,70700,0.793,0.471,0.053,0.029
6003,Alpine,CA,P,STOREV,nn,38.5973,-119.8207,0.00082,0.96176,0.00218,0.01198,17106,14,8.88602,2.65854,0.00792,0.41922,1925.0102,4.1965,4.0361,0.59,1141,71600,0.783,0.421,0.156,0.065
35025,Lea,NM,M,MAF,se,32.7922,-103.4124,0.00089,0.07013,0.02790,0.01203,7855,7,0.69019,31.34831,0.03740,0.00004,11380.4609,317.5149,22.2686,6.34,72101,59200,0.989,0.153,0.170,0.035
48327,Menard,TX,C,SJT,wc,30.8898,-99.8206,0.00053,0.57994,0.00576,0.01210,3782,2,1.61848,10.86792,0.00951,0.01617,2336.7588,13.4597,7.8059,0.84,1958,44100,0.611,0.229,0.200,0.037
35017,Grant,NM,M,EPZ,sw,32.739,-108.3822,0.00243,0.65108,0.00125,0.01255,61324,149,5.96816,0.51440,0.01261,0.27761,10275.2269,12.8440,8.3625,2.67,27472,47100,0.787,0.288,0.199,0.035
48237,Jack,TX,C,FWD,nc,33.2335,-98.1725,0.00041,0.26418,0.01948,0.01283,2440,1,1.02383,47.51220,0.03967,0.23357,2383.2118,46.4250,12.2647,3.72,8875,54100,0.749,0.156,0.132,0.036
30053,Lincoln,MT,M,MSO,nw,48.5425,-115.4051,0.00168,0.49693,0.00259,0.01293,8356,14,0.87781,1.54167,0.02087,0.81596,9518.9285,24.6540,12.2514,2.30,21895,48400,0.713,0.180,0.152,0.052
22049,Jackson,LA,C,SHV,nc,32.302,-92.5577,0.00065,0.13197,0.02580,0.01303,1547,1,1.02925,39.69231,0.06950,0.55364,1503.0327,38.7782,5.1176,9.81,14746,43800,0.790,0.134,0.194,0.033
48389,Reeves,TX,C,MAF,sw,31.323,-103.6931,0.00063,0.31869,0.01117,0.01309,20717,13,3.02796,17.73016,0.03712,0.00124,6841.8722,76.4237,24.3554,1.72,11770,54000,0.747,0.069,0.176,0.031
46063,Harding,SD,M,UNR,nw,45.5804,-103.4959,0.00032,0.08670,0.08118,0.01311,3148,1,0.45391,253.68750,0.01541,0.01055,6934.3631,562.9316,48.8040,0.19,1324,65200,0.923,0.304,0.121,0.019
13191,McIntosh,GA,E,CHS,se,31.5168,-81.33975,0.00111,0.77370,0.00266,0.01317,308,0,2.04993,2.39640,0.00166,0.00016,1166.0615,3.1017,2.3998,9.86,11501,51400,0.707,0.186,0.187,0.030
11001,District of Columbia,DC,E,LWX,,38.9093,-77.0146,0.00396,1.00000,0.00058,0.01319,394152,1561,2409.59524,0.14646,0.88467,0.07267,163.5761,0.0949,0.0949,4150.80,678972,99900,1.000,0.636,0.152,0.049
36087,Rockland,NY,E,OKX,se,41.1529,-74.0241,0.00096,1.00000,0.00243,0.01326,100850,97,195.33174,2.53125,0.46343,0.34996,516.3016,1.2546,1.2546,660.09,340807,99800,1.256,0.421,0.152,0.031
4019,Pima,AZ,m,TWC,se,32.0974,-111.7899,0.00063,0.81577,0.00481,0.01352,1405830,886,59.07088,7.63492,0.04527,0.00915,23799.0274,114.4733,93.3839,44.67,1063162,64000,0.861,0.359,0.140,0.038
49025,Kane,UT,M,SLC,ss,37.2851,-111.8878,0.00250,0.76265,0.00137,0.01377,12798,32,1.20271,0.54800,0.00582,0.18840,10640.8932,14.5780,11.1180,0.79,8425,66600,0.752,0.321,0.089,0.027
13049,Charlton,GA,E,JAX,se,30.7818,-82.138,0.00068,0.30868,0.01304,0.01399,8834,6,4.35531,19.17647,0.04367,0.28763,2028.3609,26.4498,8.1645,6.38,12934,48100,0.662,0.114,0.262,0.031
13029,Bryan,GA,E,CHS,se,31.89865,-81.31965,0.00071,0.33440,0.01227,0.01428,6,0,0.17937,17.28169,0.00051,0.00056,1154.2249,14.1623,4.7358,43.09,49739,93100,1.279,0.346,0.082,0.026
12045,Gulf,FL,CE,TAE,pa,29.951,-85.1859,0.00071,0.53809,0.00768,0.01432,28186,20,9.80034,10.81690,0.07608,0.06651,1437.9604,11.0435,5.9424,10.91,15693,55900,0.807,0.245,0.149,0.027
8041,El Paso,CO,M,PUB,ec,38.8321,-104.5256,0.00130,0.55570,0.00408,0.01434,293852,382,53.27846,3.13846,0.12541,0.11124,5515.4025,22.5028,12.5048,134.93,744215,82200,0.923,0.411,0.073,0.033
13179,Liberty,GA,E,CHS,se,31.77005,-81.35505,0.00244,0.25294,0.00481,0.01437,22976,56,8.34966,1.97131,0.09535,0.34463,1375.8169,6.6177,1.6739,50.30,69210,59800,0.822,0.199,0.162,0.033
22127,Winn,LA,C,SHV,nc,31.9442,-92.6368,0.00126,0.14501,0.01717,0.01464,793,1,0.31993,13.62698,0.05371,0.56379,2478.6698,42.5588,6.1715,5.33,13216,45600,0.823,0.161,0.242,0.042
27075,Lake,MN,C,DLH,ne,47.642,-91.4452,0.00184,0.91166,0.00200,0.01497,46750,86,7.90140,1.08696,0.01426,0.50773,5916.6678,11.8333,10.7880,1.83,10855,73700,0.895,0.258,0.087,0.039
30033,Garfield,MT,M,GGW,ne,47.2777,-106.9928,0.00204,0.02025,0.08411,0.01514,980,2,0.07802,41.23039,0.00798,0.01287,12554.6302,1055.9699,21.3782,0.10,1211,50800,0.747,0.213,0.169,0.034
13065,Clinch,GA,E,JAX,se,30.9151,-82.7063,0.00129,0.20281,0.01351,0.01523,6996,9,3.27724,10.47287,0.05571,0.32331,2134.7208,28.8401,5.8490,3.16,6746,45600,0.627,0.130,0.233,0.028
35028,Los Alamos,NM,M,ABQ,nc,35.8693,-106.3072,0.00255,0.94635,0.00148,0.01529,86362,220,304.96250,0.58039,0.10816,0.26962,283.1900,0.4191,0.3966,68.66,19444,139000,2.326,0.682,0.038,0.019
32033,White Pine,NV,P,LKN,ne,39.4422,-114.9016,0.00230,0.17881,0.00936,0.01567,9131,21,0.39629,4.06957,0.00546,0.27133,23042.1347,215.6744,38.5658,0.37,8522,67600,0.935,0.142,0.121,0.034
56011,Crook,WY,M,UNR,ne,44.5891,-104.5708,0.00064,0.11208,0.05473,0.01578,7799,5,1.04895,85.51563,0.02524,0.22480,7435.5032,406.9451,45.6123,1.02,7592,70200,0.985,0.240,0.071,0.024
26079,Kalkaska,MI,E,APX,nn,44.6846,-85.0902,0.00028,0.51178,0.02826,0.01594,10847,3,7.33807,100.92857,0.05571,0.53041,1478.2483,41.7753,21.3798,12.51,18490,59200,0.884,0.182,0.140,0.056
56037,Sweetwater,WY,M,RIW,sc,41.6595,-108.8794,0.00311,0.34789,0.00376,0.01596,13816,43,0.50847,1.20900,0.00614,0.00570,27171.9388,102.1665,35.5429,1.52,41249,75800,1.063,0.204,0.100,0.033
30061,Mineral,MT,M,MSO,wc,47.1474,-114.9985,0.00152,0.87851,0.00305,0.01597,3281,5,1.03567,2.00658,0.02491,0.78521,3168.1158,9.6628,8.4888,1.61,5090,56000,0.824,0.266,0.134,0.049
30011,Carter,MT,M,BYZ,se,45.5168,-104.5362,0.00054,0.12213,0.06280,0.01606,3683,2,0.42470,116.29630,0.01244,0.02394,8671.9789,544.6003,66.5100,0.16,1418,50600,0.745,0.203,0.137,0.020
21131,Leslie,KY,E,JKL,se,37.0941,-83.3811,0.01408,0.17714,0.00167,0.01609,71,1,0.06780,0.11861,0.04300,0.90474,1047.3493,1.7491,0.3098,9.42,9864,36700,0.619,0.104,0.267,0.069
46041,Dewey,SD,M,ABR,nc,45.1566,-100.8719,0.00125,0.03082,0.10938,0.01615,799,1,0.12620,87.50400,0.01144,0.00187,6334.2812,692.8437,21.3538,0.82,5208,50000,0.709,0.173,0.262,0.057
46093,Meade,SD,M,UNR,wc,44.5668,-102.7168,0.00073,0.04422,0.13307,0.01626,2725,2,0.30212,182.28767,0.02431,0.03298,9019.6414,1200.2437,53.0711,3.43,30954,71100,1.007,0.269,0.079,0.021
28065,Jefferson Davis,MS,C,JAN,sc,31.5696,-89.823,0.00060,0.03639,0.20307,0.01643,1669,1,1.57516,338.45000,0.07351,0.54251,1059.5722,215.1673,7.8292,10.35,10969,36600,0.694,0.135,0.250,0.040
56001,Albany,WY,M,CYS,se,41.6545,-105.7239,0.00089,0.44894,0.01125,0.01650,52839,47,4.73484,12.64045,0.01570,0.08026,11159.6735,125.5463,56.3631,3.43,38257,53500,0.751,0.555,0.167,0.026
37129,New Hanover,NC,E,ILM,se,34.17345,-77.88835,0.00064,0.99976,0.00703,0.01651,221908,142,209.98375,10.98438,0.48033,0.09473,528.3953,3.7146,3.7137,452.03,238852,71000,1.052,0.448,0.121,0.031
49037,San Juan,UT,M,GJTSLC,se,37.6263,-109.8048,0.00325,0.16980,0.00819,0.01653,17249,56,0.83865,2.52000,0.00643,0.14933,20567.2393,168.4457,28.6024,0.70,14358,50500,0.570,0.202,0.188,0.040
48319,Mason,TX,C,SJT,wc,30.7177,-99.2261,0.00091,0.55907,0.00921,0.01673,4374,4,1.81169,10.12088,0.01927,0.05176,2414.3194,22.2359,12.4314,1.63,3931,59100,0.818,0.401,0.124,0.035
5103,Ouachita,AR,C,LZK,sw,33.5933,-92.882,0.00132,0.11707,0.03139,0.01693,759,1,0.39636,23.78030,0.06316,0.49270,1915.6500,60.1323,7.0396,11.38,21793,49300,0.888,0.151,0.188,0.039
30017,Custer,MT,M,BYZ,se,46.2527,-105.5718,0.00131,0.08841,0.04203,0.01695,3055,4,0.31097,32.08397,0.01190,0.02924,9824.0110,412.9032,36.5063,1.22,11985,64700,0.953,0.298,0.136,0.028
32009,Esmeralda,NV,P,VEF,sc,37.7847,-117.6324,0.00239,0.47393,0.00439,0.01707,10890,26,1.17152,1.83682,0.00235,0.05497,9295.6080,40.8077,19.3399,0.08,736,57500,0.795,0.241,0.148,0.040
13039,Camden,GA,E,JAX,se,30.9335,-81.682,0.00205,0.52837,0.00475,0.01726,24911,51,15.02622,2.31707,0.07784,0.30118,1657.8161,7.8746,4.1607,35.06,58118,67600,0.930,0.224,0.116,0.030
53019,Ferry,WA,P,OTX,ne,48.47,-118.5165,0.00327,0.47628,0.00335,0.01734,11613,38,1.98640,1.02446,0.02226,0.58474,5846.4055,19.5855,9.3281,1.28,7497,57100,0.625,0.183,0.172,0.084
22051,Jefferson,LA,C,LIX,se,29.7299,-90.1174,0.00111,0.88852,0.00545,0.01752,70907,79,68.27331,4.90991,0.25395,0.00025,1038.5824,5.6603,5.0293,406.11,421777,61200,1.103,0.299,0.171,0.035
56031,Platte,WY,M,CYS,se,42.1331,-104.9658,0.00048,0.19747,0.05723,0.01757,4200,2,0.76820,119.22917,0.02945,0.02316,5467.3511,312.8965,61.7867,1.56,8546,61200,0.858,0.195,0.110,0.029
25001,Barnstable,MA,E,BOX,se,41.7257,-70.2982,0.00464,1.00000,0.00120,0.01772,551630,2560,508.57649,0.25862,0.48184,0.26206,1084.6551,1.3016,1.3016,213.65,231735,89800,0.950,0.474,0.089,0.042
35037,Quay,NM,M,ABQ,ec,35.1043,-103.5497,0.00104,0.09067,0.06075,0.01789,5764,6,0.77230,58.41346,0.01601,0.01084,7463.8408,453.4283,41.1102,1.14,8510,39900,0.667,0.204,0.228,0.042
8023,Costilla,CO,M,PUB,sc,37.2781,-105.4283,0.00042,0.27927,0.05022,0.01806,4780,2,1.49968,119.57143,0.02048,0.26271,3187.2004,160.0612,44.6998,1.14,3628,37000,0.415,0.278,0.226,0.044
36059,Nassau,NY,E,OKX,se,40.7411,-73.5885,0.00217,1.00000,0.00272,0.01807,247591,537,329.39396,1.25346,0.83704,0.05837,751.6565,2.0445,2.0445,1838.23,1381715,136000,1.706,0.487,0.058,0.031
48141,El Paso,TX,M,EPZ,ww,31.7686,-106.2348,0.00038,0.31636,0.05057,0.01825,68175,26,25.94637,133.07895,0.24826,0.00316,2627.5364,132.8745,42.0366,331.06,869880,53400,0.739,0.254,0.185,0.044
46105,Perkins,SD,M,UNR,nw,45.4904,-102.4759,0.00074,0.04610,0.18177,0.01837,1348,1,0.18005,245.63514,0.01820,0.00088,7486.6954,1360.8566,62.7301,0.38,2834,57100,0.809,0.218,0.145,0.020
48269,King,TX,C,LUB,nw,33.6165,-100.2558,0.00077,0.25905,0.03112,0.01838,1301,1,0.54996,40.41558,0.00854,0.04251,2365.6334,73.6185,19.0706,0.09,217,87900,1.216,0.364,0.097,0.010
8109,Saguache,CO,M,PUB,cc,38.0806,-106.2815,0.00069,0.24390,0.03717,0.01843,10158,7,1.23704,53.86957,0.01003,0.35526,8211.2410,305.2118,74.4408,0.81,6688,45000,0.506,0.307,0.206,0.035
4001,Apache,AZ,Mm,FGZ,ne,35.3957,-109.4888,0.01424,0.65844,0.00071,0.01881,38064,542,1.31005,0.04986,0.01107,0.23714,29055.5000,20.6294,13.5833,2.24,65036,40600,0.546,0.153,0.296,0.079
16085,Valley,ID,M,BOI,sw,44.7667,-115.5661,0.00090,0.86732,0.00863,0.01889,26704,24,2.76170,9.58889,0.01242,0.44245,9669.2672,83.4458,72.3746,1.31,12644,74200,1.021,0.354,0.078,0.037
48091,Comal,TX,C,EWX,sc,29.8082,-98.2781,0.00045,0.97004,0.01546,0.01890,78230,35,52.57109,34.35556,0.21330,0.36947,1488.0830,23.0058,22.3165,130.32,193928,93000,1.286,0.422,0.071,0.036
12129,Wakulla,FL,E,TAE,bb,30.0882,-84.43875,0.00075,0.88221,0.01023,0.01892,52,0,5.23771,13.64000,0.00530,0.01429,1591.8719,16.2848,14.3666,22.90,36449,63500,0.916,0.213,0.104,0.027
26043,Dickinson,MI,C,MQT,sr,46.0091,-87.8704,0.00061,0.36238,0.03067,0.01893,6577,4,3.26396,50.27869,0.04801,0.48283,2015.0695,61.8022,22.3959,12.89,25982,56300,0.842,0.243,0.118,0.038
35023,Hidalgo,NM,M,EPZ,sw,31.9142,-108.7148,0.00232,0.38635,0.00770,0.01904,27954,65,3.13217,3.31897,0.00678,0.01867,8924.7919,68.7209,26.5502,0.44,3965,43600,0.729,0.178,0.240,0.033
48263,Kent,TX,C,LUB,nw,33.1814,-100.7776,0.00085,0.19694,0.04282,0.01928,1180,1,0.50475,50.37647,0.01279,0.01254,2338.3840,100.1296,19.7192,0.31,734,58100,0.804,0.269,0.116,0.021
41069,Wheeler,OR,P,PDT,ne,44.7261,-120.0275,0.00209,0.48890,0.00703,0.01929,5751,12,1.29442,3.36364,0.01319,0.27593,4442.9352,31.2338,15.2702,0.32,1436,49700,0.657,0.204,0.184,0.028
49045,Tooele,UT,M,SLC,nn,40.4488,-113.1311,0.00273,0.41250,0.00682,0.01973,12086,33,0.64011,2.49817,0.01143,0.04312,18880.5677,128.7655,53.1162,4.35,82051,91400,1.032,0.232,0.068,0.028
48383,Reagan,TX,C,MAF,ww,31.3662,-101.523,0.00935,0.01543,0.05358,0.01977,642,6,0.21078,5.73048,0.03505,0.00002,3045.7624,163.1919,2.5187,1.03,3141,83200,1.151,0.170,0.107,0.036
30041,Hill,MT,M,TFX,nc,48.6282,-110.1113,0.01415,0.04172,0.61804,0.07145,4383,62,0.58034,43.67774,0.02680,0.01312,7552.0798,4667.4874,194.7097,2.16,16276,50500,0.744,0.256,0.190,0.025
31115,Loup,NE,C,LBF,nc,41.9138,-99.4544,0.00083,0.19394,0.04905,0.01991,1202,1,0.81294,59.09639,0.01438,0.00246,1478.9507,72.5425,14.0687,0.40,592,60500,0.866,0.260,0.166,0.029
48083,Coleman,TX,C,SJT,wc,31.7732,-99.4536,0.00041,0.18758,0.10366,0.01998,7230,3,2.17827,252.82927,0.03398,0.04139,3319.1487,344.0630,64.5386,2.36,7842,45800,0.634,0.179,0.177,0.046
48081,Coke,TX,C,SJT,wc,31.8885,-100.5299,0.00104,0.24352,0.03211,0.02011,3864,4,1.60773,30.87500,0.01586,0.04597,2403.3842,77.1727,18.7932,1.39,3352,43800,0.606,0.211,0.130,0.033
46102,Oglala Lakota,SD,M,UNR,sw,43.3356,-102.5516,0.00200,0.08081,0.05034,0.02011,499,1,0.09196,25.17000,0.01607,0.03404,5430.2679,273.3597,22.0914,2.47,13434,40700,0.576,0.098,0.371,0.058
48411,San Saba,TX,C,SJT,wc,31.1552,-98.8176,0.00067,0.28569,0.04255,0.02012,11945,8,4.05145,63.50746,0.02756,0.15456,2948.3757,125.4534,35.8414,1.98,5845,51400,0.710,0.217,0.184,0.038
26071,Iron,MI,C,MQT,sr,46.2087,-88.5305,0.00145,0.36507,0.01567,0.02024,4148,6,1.32245,10.80690,0.02667,0.60465,3136.4934,49.1489,17.9428,3.74,11740,54100,0.809,0.206,0.179,0.056
31017,Brown,NE,C,LBF,nc,42.43,-99.9295,0.00077,0.13566,0.08085,0.02036,2607,2,0.82161,105.00000,0.01532,0.02656,3172.8823,256.5275,34.7993,0.90,2853,55400,0.793,0.212,0.116,0.025
32007,Elko,NV,P,LKN,ne,41.1458,-115.3578,0.00344,0.22325,0.01143,0.02063,28219,97,0.63334,3.32267,0.00657,0.05553,44556.0826,509.2760,113.6936,1.22,54293,88800,1.227,0.175,0.090,0.038
46071,Jackson,SD,M,UNR,sw,43.6943,-101.6281,0.00063,0.11940,0.11842,0.02073,6335,4,1.30703,187.96825,0.01607,0.00996,4846.8506,573.9640,68.5301,0.57,2776,45200,0.640,0.114,0.298,0.032
26103,Marquette,MI,E,MQT,nr,46.4314,-87.6415,0.00222,0.46432,0.00919,0.02116,49483,110,10.21435,4.13964,0.03926,0.53341,4844.4411,44.5204,20.6716,13.83,66999,61600,0.920,0.358,0.143,0.046
55078,Menominee,WI,C,GRB,ne,45.0044,-88.71,0.00692,0.74987,0.00184,0.02121,1157,8,1.22375,0.26590,0.02612,0.53530,945.1791,1.7391,1.3041,4.47,4226,51600,0.727,0.196,0.274,0.061
51051,Dickenson,VA,E,RLX,sw,37.1258,-82.3503,0.00146,0.23468,0.02931,0.02157,2058,3,2.38136,20.07534,0.05997,0.86761,864.3894,25.3353,5.9458,15.78,13640,43300,0.504,0.107,0.194,0.044
32023,Nye,NV,P,VEFLKN,sc,38.0466,-116.4732,0.02988,0.16323,0.00211,0.02175,25500,762,0.54220,0.07062,0.00664,0.13596,47030.9761,99.2354,16.1981,1.18,55720,51900,0.718,0.127,0.154,0.064
16015,Boise,ID,M,BOI,sw,43.9892,-115.7301,0.00618,0.92678,0.00182,0.02184,17948,111,3.63377,0.29450,0.01755,0.48162,4939.1358,8.9892,8.3310,1.72,8517,74100,1.020,0.299,0.101,0.042
8097,Pitkin,CO,M,GJT,wc,39.2171,-106.9166,0.00128,0.91307,0.00913,0.02202,26002,33,10.31703,7.13281,0.02071,0.62663,2520.2686,23.0101,21.0098,6.60,16640,111000,1.249,0.640,0.064,0.033
46047,Fall River,SD,M,UNR,sw,43.2394,-103.5276,0.00178,0.13136,0.04592,0.02206,7322,13,1.61634,25.79775,0.02404,0.04364,4530.1704,208.0254,27.3253,1.63,7393,57000,0.807,0.222,0.141,0.026
5013,Calhoun,AR,C,LZK,sw,33.558,-92.5031,0.00116,0.37803,0.02524,0.02229,1727,2,1.05378,21.75862,0.05814,0.50484,1638.4081,41.3534,15.6327,2.83,4641,52500,0.946,0.181,0.143,0.029
31161,Sheridan,NE,M,LBF,pa,42.5048,-102.409,0.00125,0.07865,0.11319,0.02233,3192,4,0.49895,90.55200,0.01555,0.02073,6397.2210,724.1014,56.9487,0.77,4928,55400,0.793,0.217,0.146,0.020
40019,Carter,OK,C,OUN,ss,34.2509,-97.2858,0.00061,0.27899,0.07016,0.02286,19780,12,9.15929,115.01639,0.07709,0.26774,2159.5309,151.5127,42.2702,22.50,48596,56100,0.940,0.200,0.171,0.037
48367,Parker,TX,C,FWD,nc,32.7777,-97.8051,0.00095,0.52400,0.02416,0.02291,15773,15,6.69125,25.43158,0.16732,0.14306,2357.2481,56.9511,29.8422,73.60,173494,95300,1.318,0.316,0.082,0.033
56039,Teton,WY,M,RIW,nw,43.9337,-110.5901,0.00301,0.85189,0.00470,0.02293,99942,301,9.14034,1.56146,0.00966,0.46799,10934.2180,51.3908,43.7793,2.12,23232,128000,1.791,0.612,0.062,0.021
8033,Dolores,CO,M,GJT,sw,37.7516,-108.5172,0.00077,0.29500,0.05379,0.02303,5183,4,1.87374,69.85714,0.01759,0.59346,2766.3240,148.8006,43.8964,0.91,2513,56700,0.636,0.247,0.135,0.029
41023,Grant,OR,P,PDT,cc,44.4912,-119.0074,0.00765,0.50437,0.00320,0.02311,12685,97,1.08142,0.41830,0.02159,0.51173,11730.2654,37.5368,18.9325,0.62,7215,58300,0.771,0.197,0.153,0.050
8027,Custer,CO,M,PUB,se,38.1087,-105.3674,0.00083,0.52934,0.02837,0.02319,9639,8,5.02964,34.18072,0.02263,0.39810,1916.4464,54.3696,28.7798,2.89,5534,67800,0.761,0.353,0.118,0.032
26153,Schoolcraft,MI,E,MQT,er,46.1967,-86.1995,0.00143,0.64861,0.01349,0.02322,14644,21,4.62821,9.43357,0.02539,0.28374,3163.9835,42.6821,27.6840,2.58,8149,56700,0.847,0.207,0.145,0.073
48337,Montague,TX,C,FWD,nc,33.6757,-97.7246,0.00188,0.18578,0.03633,0.02332,2130,4,0.87629,19.32447,0.05863,0.20452,2430.5856,88.3032,16.4047,8.89,21598,57100,0.790,0.178,0.134,0.035
32510,Carson City,NV,P,REV,ww,39.1507,-119.7465,0.00201,0.81205,0.00778,0.02333,16425,33,40.75587,3.87065,0.13949,0.24639,403.0118,3.1354,2.5461,144.01,58036,62900,0.869,0.245,0.104,0.045
51680,City of Lynchburg,VA,E,RNK,cc,37.4005,-79.191,0.00040,0.98181,0.03256,0.02338,40443,16,313.79509,81.40000,0.62407,0.32207,128.8824,4.1964,4.1201,617.11,79535,50500,0.588,0.385,0.191,0.042
4003,Cochise,AZ,m,TWC,se,31.8796,-109.7511,0.00104,0.42903,0.02873,0.02340,900876,937,55.93100,27.62500,0.02023,0.05989,16106.9103,462.7515,198.5327,7.74,124640,55300,0.743,0.277,0.163,0.045
48483,Wheeler,TX,C,AMA,pa,35.4013,-100.2697,0.00107,0.11992,0.10104,0.02349,936,1,0.39491,94.42991,0.06431,0.03645,2370.7406,239.5396,28.7256,2.03,4804,55700,0.771,0.195,0.143,0.037
49007,Carbon,UT,M,SLC,cc,39.6482,-110.5889,0.00204,0.61607,0.01072,0.02379,8838,18,2.29860,5.25490,0.01689,0.36899,3844.8689,41.2170,25.3926,5.36,20609,59200,0.669,0.184,0.140,0.037
5139,Union,AR,C,SHV,sc,33.1713,-92.5973,0.00342,0.17075,0.02332,0.02388,1171,4,0.42832,6.81871,0.06954,0.51023,2733.2673,63.7398,10.8837,13.68,37397,50300,0.905,0.189,0.190,0.046
49053,Washington,UT,M,SLC,sw,37.2804,-113.5049,0.00246,0.80254,0.00694,0.02393,112312,276,17.86402,2.82114,0.03386,0.28791,6287.0596,43.6322,35.0164,32.20,202452,75600,0.854,0.333,0.106,0.028
26119,Montmorency,MI,E,APX,nn,45.0276,-84.1273,0.00111,0.26772,0.04752,0.02417,2692,3,1.84803,42.81081,0.04922,0.53194,1456.6889,69.2219,18.5322,6.64,9678,50700,0.757,0.160,0.177,0.075
32031,Washoe,NV,P,REV,ww,40.6639,-119.6637,0.01204,0.43938,0.00268,0.02420,151008,1818,8.89941,0.22259,0.02983,0.02719,16968.2804,45.4750,19.9808,29.35,498022,80200,1.109,0.332,0.099,0.041
40099,Murray,OK,C,OUN,ss,34.4823,-97.0679,0.00082,0.25805,0.06816,0.02434,2451,2,2.22730,83.12195,0.05260,0.24009,1100.4635,75.0076,19.3561,12.50,13754,60300,1.011,0.178,0.126,0.034
4025,Yavapai,AZ,m,FGZ,wc,34.5999,-112.5538,0.01384,0.66524,0.00157,0.02436,242460,3356,11.51753,0.11344,0.02168,0.15826,21051.3664,33.0506,21.9867,11.83,249081,64200,0.863,0.296,0.128,0.036
8049,Grand,CO,M,BOU,nc,40.1026,-106.1184,0.00152,0.77080,0.01239,0.02439,30271,46,6.25124,8.15132,0.01766,0.38420,4842.3252,59.9964,46.2450,3.29,15935,88100,0.988,0.418,0.082,0.027
44003,Kent,RI,E,BOX,,41.6719,-71.5943,0.00104,0.96433,0.01483,0.02459,47333,49,104.75231,14.25962,0.37565,0.44714,451.8565,6.7010,6.4620,379.05,171278,84200,1.042,0.343,0.090,0.027
6041,Marin,CA,P,MTR,nn,38.0725,-122.7185,0.00137,1.00000,0.01099,0.02469,535061,733,393.17660,8.02190,0.14118,0.29817,1360.8669,14.9559,14.9559,186.94,254407,136000,1.486,0.605,0.087,0.033
38085,Sioux,ND,CM,BIS,sc,46.1127,-101.0404,0.00142,0.07036,0.15405,0.02488,4941,7,1.69077,108.48592,0.01507,0.00874,2922.1964,450.1644,31.6757,1.25,3643,43700,0.597,0.112,0.349,0.024
48261,Kenedy,TX,C,BRO,ds,26.9281,-97.7174,0.00161,0.22205,0.04314,0.02489,35355,57,9.48598,26.79503,0.00759,0.08127,3727.1013,160.7872,35.7031,0.09,343,43300,0.599,0.106,0.149,0.071
40109,Oklahoma,OK,C,OUN,cc,35.5515,-97.4072,0.00060,0.71175,0.03629,0.02493,107308,64,57.68138,60.48333,0.45323,0.19996,1860.3655,67.5127,48.0519,434.79,808866,61600,1.033,0.351,0.160,0.032
48171,Gillespie,TX,C,EWX,sc,30.3181,-98.9464,0.00098,0.59658,0.02657,0.02495,13225,13,4.81010,27.11224,0.04452,0.11492,2749.3498,73.0502,43.5806,10.09,27733,77000,1.065,0.353,0.100,0.026
54085,Ritchie,WV,E,RLX,nw,39.1783,-81.0629,0.00112,0.18251,0.07741,0.02511,4449,5,3.78780,69.11607,0.04888,0.86407,1174.5618,90.9228,16.5948,6.95,8167,52000,0.961,0.128,0.177,0.043
46121,Todd,SD,C,UNR,sc,43.1934,-100.7184,0.00351,0.05992,0.07611,0.02520,285,1,0.07911,21.68376,0.01652,0.02584,3602.5870,274.1929,16.4302,2.55,9199,41900,0.593,0.166,0.356,0.034
22013,Bienville,LA,C,SHV,nw,32.3472,-93.056,0.00266,0.17490,0.03464,0.02526,1502,4,0.70564,13.02256,0.05612,0.53515,2128.5585,73.7333,12.8960,5.81,12366,41800,0.754,0.135,0.253,0.043
23021,Piscataquis,ME,E,CAR,nc,45.838,-69.2835,0.00450,0.55580,0.00661,0.02547,26222,118,2.31722,1.46889,0.02007,0.73856,11315.9636,74.7985,41.5732,1.55,17486,52500,0.756,0.218,0.153,0.042
51041,Chesterfield,VA,E,AKQ,cc,37.3785,-77.5868,0.00075,0.65696,0.03377,0.02553,80181,60,70.84910,45.02667,0.38516,0.44497,1131.7101,38.2179,25.1075,339.20,383876,100000,1.167,0.427,0.069,0.029
35059,Union,NM,M,ABQ,ne,36.4818,-103.471,0.00428,0.15728,0.02486,0.02558,7246,31,0.73030,5.80841,0.01420,0.04539,9922.1390,246.6644,38.7965,0.40,3964,48500,0.811,0.181,0.184,0.031
40081,Lincoln,OK,C,OUN,cc,35.703,-96.8809,0.00150,0.20744,0.05477,0.02573,4009,6,1.60289,36.51333,0.06232,0.30800,2500.8790,136.9731,28.4140,13.82,34562,54900,0.921,0.155,0.205,0.032
45053,Jasper,SC,E,CHS,se,32.4208,-80.9433,0.00416,0.25062,0.01687,0.02601,40,0,1.99033,4.05529,0.00016,0.00032,1726.3866,29.1241,7.2990,19.43,33544,61800,0.963,0.259,0.162,0.026
26143,Roscommon,MI,E,APX,nn,44.3356,-84.6116,0.00289,0.72015,0.00848,0.02604,21474,62,14.29810,2.93426,0.07379,0.43782,1501.8748,12.7359,9.1718,15.89,23863,49200,0.734,0.203,0.157,0.072
31149,Rock,NE,C,LBF,nc,42.4213,-99.45,0.00125,0.18452,0.07662,0.02605,4800,6,1.83173,61.29600,0.01475,0.01245,2620.5552,200.7869,37.0501,0.49,1271,55600,0.797,0.290,0.137,0.015
6081,San Mateo,CA,P,MTR,nn,37.4218,-122.3293,0.00193,1.00000,0.00922,0.02611,441382,852,375.90702,4.77720,0.30131,0.36415,1174.1779,10.8259,10.8259,618.61,726353,144000,1.571,0.531,0.073,0.030
31103,Keya Paha,NE,C,LBF,nc,42.8789,-99.7124,0.00110,0.19145,0.08485,0.02614,2734,3,1.36334,77.13636,0.01961,0.05262,2005.3316,170.1524,32.5762,0.40,805,51600,0.739,0.257,0.173,0.022
40031,Comanche,OK,C,OUN,sw,34.6621,-98.4717,0.00073,0.20297,0.12273,0.02630,27579,20,9.82506,168.12329,0.09891,0.06831,2806.9745,344.5000,69.9242,43.31,121574,55600,0.932,0.242,0.195,0.039
56017,Hot Springs,WY,M,RIW,cc,43.7189,-108.442,0.00361,0.32804,0.01536,0.02630,2494,9,0.47996,4.25485,0.01098,0.05610,5196.2615,79.8146,26.1826,0.90,4661,64700,0.908,0.264,0.111,0.026
16033,Clark,ID,M,PIH,se,44.284,-112.3512,0.00336,0.13120,0.04129,0.02630,1489,5,0.32566,12.28869,0.01184,0.16470,4572.2141,188.7867,24.7680,0.18,801,53400,0.735,0.173,0.153,0.032
42101,Philadelphia,PA,E,PHI,se,40.0076,-75.1338,0.00488,1.00000,0.00373,0.02631,349689,1706,946.66283,0.76434,0.87084,0.05802,369.3914,1.3778,1.3778,4197.56,1550542,56400,0.785,0.346,0.203,0.042
48271,Kinney,TX,C,EWX,sc,29.3502,-100.418,0.00714,0.37995,0.00678,0.02640,19459,139,5.50259,0.94958,0.01070,0.02967,3536.2576,23.9758,9.1096,0.89,3148,52600,0.728,0.195,0.210,0.046
46019,Butte,SD,M,UNR,nw,44.9058,-103.5081,0.00267,0.08874,0.07873,0.02652,2251,6,0.38349,29.48689,0.02007,0.00301,5869.8512,462.1334,41.0077,1.85,10863,64500,0.914,0.194,0.120,0.019
6071,San Bernardino,CA,P,VEFSGXPSR,ss,34.8415,-116.1784,0.02546,0.55637,0.00137,0.02687,294751,7504,5.66037,0.05381,0.03557,0.01423,52072.6397,71.3395,39.6912,42.16,2195611,78800,0.861,0.229,0.132,0.047
40137,Stephens,OK,C,OUN,ss,34.4856,-97.8514,0.00156,0.18794,0.06623,0.02688,3849,6,1.66775,42.45513,0.07118,0.15554,2307.8938,152.8518,28.7266,19.07,44014,55300,0.928,0.195,0.149,0.035
21013,Bell,KY,E,JKL,se,36.7307,-83.674,0.00303,0.40049,0.01653,0.02717,1977,6,2.11335,5.45545,0.07490,0.84996,935.6441,15.4662,6.1940,24.92,23317,33900,0.573,0.139,0.289,0.056
51770,City of Roanoke,VA,E,RNK,wc,37.2781,-79.9581,0.00151,1.00000,0.01332,0.02720,27727,42,248.83625,8.82119,0.89200,0.08800,111.4268,1.4842,1.4842,872.06,97171,50400,0.587,0.289,0.184,0.032
48333,Mills,TX,C,FWD,cc,31.4952,-98.5955,0.00167,0.32659,0.03720,0.02727,4184,7,2.15467,22.27545,0.04140,0.09349,1941.9855,72.2419,23.5936,2.34,4548,58100,0.803,0.281,0.147,0.039
6073,San Diego,CA,P,SGX,sw,33.0354,-116.7335,0.00501,0.97483,0.00417,0.02731,1607915,8056,146.31990,0.83234,0.17815,0.04462,10989.0367,45.8243,44.6709,297.57,3269973,98400,1.075,0.421,0.101,0.039
30035,Glacier,MT,M,TFX,nc,48.7058,-112.995,0.00190,0.05261,0.20675,0.02744,21080,40,2.68768,108.81579,0.01471,0.16513,7843.3850,1621.6198,85.3075,1.74,13609,46300,0.681,0.181,0.280,0.054
31165,Sioux,NE,M,CYS,pa,42.4877,-103.7589,0.00272,0.17108,0.04500,0.02756,6254,17,1.16805,16.54412,0.01712,0.02027,5354.0972,240.9344,41.2194,0.22,1154,60800,0.871,0.251,0.144,0.021
13127,Glynn,GA,E,JAX,se,31.2365,-81.5512,0.00495,0.64960,0.00661,0.02770,141272,699,130.59373,1.33535,0.14924,0.27129,1081.7639,7.1505,4.6450,79.66,86172,63500,0.873,0.304,0.157,0.028
49001,Beaver,UT,M,SLC,ss,38.3577,-113.2358,0.00249,0.38468,0.02298,0.02803,14848,37,2.21153,9.22892,0.01336,0.27748,6713.7039,154.2809,59.3494,1.08,7233,66400,0.750,0.227,0.099,0.030
32017,Lincoln,NV,P,VEF,sc,37.6433,-114.8775,0.02240,0.29819,0.00343,0.02840,10267,230,0.37265,0.15313,0.00433,0.15617,27550.7464,94.4991,28.1788,0.16,4452,64000,0.884,0.190,0.139,0.047
12031,Duval,FL,E,JAX,ne,30.3302,-81.674,0.00116,0.77468,0.02554,0.02842,238144,276,109.87547,22.01724,0.42866,0.18174,2167.4006,55.3554,42.8827,475.60,1030822,70200,1.013,0.331,0.145,0.031
21159,Martin,KY,E,JKL,ne,37.8016,-82.5132,0.01754,0.09043,0.01483,0.02865,114,2,0.19060,0.84550,0.06787,0.83779,598.0965,8.8698,0.8021,18.27,10928,34400,0.581,0.107,0.481,0.083
49017,Garfield,UT,M,SLC,ss,37.8548,-111.4447,0.00516,0.57525,0.00794,0.02867,20144,104,1.49507,1.53876,0.00651,0.28567,13473.5193,106.9797,61.5400,0.39,5314,66800,0.754,0.320,0.100,0.064
35029,Luna,NM,M,EPZ,sw,32.1822,-107.7497,0.00474,0.26486,0.01938,0.02898,14355,68,1.86956,4.08861,0.01524,0.00377,7678.5445,148.8102,39.4141,3.30,25316,38800,0.648,0.147,0.264,0.100
36113,Warren,NY,E,ALY,ec,43.561,-73.846,0.00414,0.82758,0.00715,0.02904,32383,134,13.41957,1.72705,0.06726,0.77474,2413.0829,17.2535,14.2787,27.09,65380,69800,0.879,0.346,0.105,0.037
22059,La Salle,LA,C,SHV,nc,31.6767,-92.1604,0.00169,0.31255,0.04762,0.02930,5923,10,3.45268,28.17751,0.06520,0.36477,1715.4040,81.6875,25.5316,8.63,14800,55600,1.003,0.174,0.200,0.030
27119,Polk,MN,C,FGF,nw,47.7738,-96.4018,0.23302,0.25505,0.79218,0.36109,27070,6308,5.23214,3.39962,0.05611,0.03210,5173.8801,4098.6443,1045.3634,5.88,30412,69500,0.844,0.281,0.107,0.029
35047,San Miguel,NM,M,ABQ,ne,35.4803,-104.8159,0.01553,0.71852,0.00229,0.02945,28275,439,2.30525,0.14746,0.01006,0.19236,12265.5474,28.0881,20.1819,2.17,26668,47700,0.797,0.262,0.247,0.046
5039,Dallas,AR,C,LZK,sw,33.9698,-92.6545,0.00879,0.11452,0.02581,0.02962,797,7,0.46031,2.93629,0.04873,0.63186,1730.5586,44.6657,5.1149,3.57,6185,44500,0.801,0.111,0.196,0.039
40117,Pawnee,OK,C,TSA,ne,36.3169,-96.6993,0.00176,0.18590,0.08020,0.02972,3408,6,2.21175,45.56818,0.05653,0.29385,1540.8984,123.5801,22.9734,10.30,15864,54700,0.917,0.163,0.172,0.035
48095,Concho,TX,C,SJT,wc,31.3265,-99.8639,0.00121,0.14731,0.14802,0.02977,2485,3,0.96567,122.33058,0.02080,0.00462,2573.7602,380.9680,56.1218,1.28,3297,51200,0.708,0.132,0.222,0.031
30037,Golden Valley,MT,M,BYZ,cc,46.3812,-109.1749,0.00308,0.08248,0.10565,0.02994,1946,6,0.63870,34.30195,0.01924,0.07188,3046.7915,321.8935,26.5499,0.27,835,45600,0.672,0.190,0.164,0.029
40085,Love,OK,C,OUN,ss,33.9499,-97.2442,0.00103,0.22662,0.11576,0.03001,2918,3,2.11738,112.38835,0.04979,0.31357,1377.9235,159.5084,36.1473,7.47,10296,64700,1.085,0.160,0.144,0.027
54101,Webster,WV,E,RLX,ne,38.4947,-80.4219,0.00802,0.26074,0.01296,0.03004,873,7,0.60602,1.61596,0.02587,0.92543,1440.5414,18.6694,4.8678,5.58,8045,40600,0.750,0.126,0.263,0.051
48505,Zapata,TX,C,BRO,ds,27.0007,-99.1686,0.00231,0.44088,0.02697,0.03017,28167,65,10.27869,11.67532,0.01731,0.00006,2740.2874,73.9056,32.5832,5.01,13736,39400,0.545,0.133,0.304,0.064
4017,Navajo,AZ,Mm,FGZ,nc,35.3996,-110.3214,0.04041,0.61638,0.00111,0.03024,43971,1777,1.70472,0.02747,0.01201,0.14567,25793.9030,28.6312,17.6478,4.23,109175,49900,0.672,0.176,0.247,0.057
13141,Hancock,GA,E,FFC,ec,33.2703,-83.001,0.00224,0.19272,0.06466,0.03033,1787,4,1.44113,28.86607,0.04845,0.65563,1240.2385,80.1938,15.4547,7.00,8676,38600,0.530,0.084,0.303,0.055
46103,Pennington,SD,M,UNR,wc,44.0037,-102.8238,0.00176,0.13957,0.11385,0.03035,25564,45,3.54523,64.68750,0.04692,0.23420,7210.7772,820.9470,114.5785,16.07,115903,67600,0.957,0.341,0.116,0.019
6037,Los Angeles,CA,P,LOX,sw,34.3203,-118.2252,0.00238,0.70868,0.01671,0.03043,1445017,3439,136.04400,7.02101,0.33759,0.03915,10621.6901,177.4884,125.7833,909.77,9663345,82500,0.901,0.355,0.137,0.050
56021,Laramie,WY,M,CYS,se,41.3071,-104.6896,0.00174,0.12189,0.13544,0.03063,34497,60,4.95597,77.83908,0.04080,0.00690,6960.6317,942.7480,114.9137,14.51,100984,72000,1.010,0.320,0.096,0.030
32027,Pershing,NV,P,REV,wc,40.4404,-118.4044,0.00866,0.26075,0.01273,0.03063,4043,35,0.25729,1.46998,0.00681,0.01391,15713.7864,200.0365,52.1602,0.40,6364,65300,0.903,0.093,0.168,0.047
35041,Roosevelt,NM,M,ABQ,ec,34.0213,-103.4802,0.00149,0.14270,0.13627,0.03071,10044,15,1.57973,91.45638,0.02481,0.00012,6358.2412,866.4375,123.6383,2.95,18787,47900,0.800,0.213,0.193,0.036
40125,Pottawatomie,OK,C,OUN,cc,35.2068,-96.9483,0.00230,0.15894,0.08007,0.03082,3049,7,1.48404,34.81304,0.08379,0.35358,2054.4967,164.5036,26.1454,35.92,73791,52700,0.884,0.210,0.171,0.036
48417,Shackelford,TX,C,SJT,wc,32.736,-99.3541,0.00235,0.23326,0.05349,0.03084,4263,10,1.79795,22.76170,0.02795,0.01846,2371.0902,126.8296,29.5845,1.36,3229,64700,0.895,0.346,0.128,0.027
51590,City of Danville,VA,E,RNK,sc,36.5831,-79.4087,0.00072,0.77574,0.05481,0.03128,6939,5,61.10505,76.12500,0.60107,0.30595,113.5585,6.2241,4.8283,368.42,41837,40800,0.475,0.183,0.234,0.046
32013,Humboldt,NV,P,LKN,nw,41.4068,-118.112,0.01816,0.08328,0.02026,0.03129,7215,131,0.28844,1.11564,0.00782,0.01063,25013.8703,506.7810,42.2071,0.69,17136,80300,1.109,0.198,0.104,0.039
30065,Musselshell,MT,M,BYZ,cc,46.4966,-108.3977,0.00407,0.12934,0.05838,0.03132,2458,10,0.50729,14.34398,0.01941,0.09704,4845.3316,282.8705,36.5866,1.10,5308,55300,0.814,0.219,0.163,0.031
20127,Morris,KS,C,TOP,ec,38.6875,-96.6499,0.00136,0.10254,0.22436,0.03151,1466,2,0.80504,164.97059,0.04241,0.03715,1820.5326,408.4547,41.8846,2.93,5334,60700,0.883,0.273,0.117,0.025
51095,James City,VA,E,AKQ,se,37.27965,-76.8053,0.00121,0.95339,0.02752,0.03166,186166,225,232.74960,22.74380,0.27246,0.38758,399.9263,11.0060,10.4930,206.67,82654,103000,1.201,0.502,0.072,0.028
38017,Cass,ND,C,FGF,se,46.933,-97.2481,0.15269,0.19903,0.88181,0.29925,46174,7050,10.08385,5.77517,0.08961,0.00408,4579.0222,4037.8276,803.6578,42.88,196362,70000,0.956,0.433,0.097,0.017
30023,Deer Lodge,MT,M,MSO,wc,46.0608,-113.0677,0.00173,0.71298,0.02720,0.03225,26579,46,13.84389,15.72254,0.02688,0.50230,1919.9324,52.2222,37.2332,5.04,9673,52800,0.778,0.223,0.130,0.028
48179,Gray,TX,C,AMA,pa,35.4012,-100.8126,0.00115,0.14065,0.20871,0.03232,1735,2,0.72105,181.48696,0.05474,0.00287,2406.8778,502.3395,70.6531,8.69,20916,50600,0.701,0.154,0.173,0.041
56029,Park,WY,M,RIW,cc,44.5206,-109.5886,0.00310,0.38410,0.02844,0.03235,53228,165,2.94930,9.17419,0.01371,0.25152,18047.5299,513.2718,197.1501,1.70,30735,69800,0.979,0.350,0.097,0.029
45015,Berkeley,SC,E,CHS,se,33.1978,-79.9508,0.00286,0.38691,0.03069,0.03238,31768,91,9.99021,10.73077,0.12072,0.30214,3179.9305,97.5921,37.7589,80.26,255217,79300,1.234,0.299,0.098,0.027
1023,Choctaw,AL,C,MOB,sw,32.0192,-88.2628,0.00749,0.10525,0.04408,0.03263,534,4,0.22335,5.88518,0.04322,0.57620,2390.8742,105.3897,11.0927,5.12,12252,44500,0.745,0.139,0.248,0.040
55085,Oneida,WI,C,GRB,nc,45.7056,-89.5217,0.00344,0.62841,0.01621,0.03272,31975,110,9.98933,4.71221,0.05175,0.36772,3200.9465,51.8873,32.6067,11.94,38226,62200,0.876,0.284,0.082,0.034
48439,Tarrant,TX,C,FWD,nc,32.7704,-97.2919,0.00292,0.97715,0.01236,0.03279,254911,744,109.65878,4.23288,0.71770,0.05409,2324.5806,28.7318,28.0754,939.07,2182947,76300,1.055,0.345,0.110,0.037
35005,Chaves,NM,M,ABQ,se,33.3632,-104.467,0.00509,0.35942,0.01946,0.03290,27313,139,1.73588,3.82318,0.01509,0.01303,15734.1854,306.1872,110.0491,4.04,63561,47900,0.800,0.182,0.201,0.038
41017,Deschutes,OR,P,PDT,cc,43.9149,-121.2279,0.00200,0.83016,0.02175,0.03305,203747,407,25.75237,10.87500,0.06396,0.37456,7911.7890,172.0814,142.8554,26.35,208513,84300,1.114,0.434,0.087,0.037
51700,City of Newport News,VA,E,AKQ,se,37.1051,-76.5189,0.00487,1.00000,0.00744,0.03309,49099,239,271.38872,1.52772,0.70678,0.09670,180.9164,1.3460,1.3460,1012.17,183118,63400,0.738,0.291,0.157,0.034
20025,Clark,KS,C,DDC,sw,37.2355,-99.8203,0.00130,0.12745,0.22030,0.03317,2309,3,0.91243,169.46154,0.02193,0.00003,2531.0350,557.5870,71.0634,0.73,1847,58900,0.856,0.310,0.122,0.020
49015,Emery,UT,M,SLC,cc,38.9968,-110.7007,0.00854,0.29214,0.01466,0.03319,5383,46,0.46525,1.71663,0.00745,0.06861,11570.9112,169.6296,49.5559,0.88,10144,64700,0.730,0.172,0.108,0.031
48307,McCulloch,TX,C,SJT,wc,31.1989,-99.3474,0.00210,0.20006,0.08769,0.03327,2382,5,0.85682,41.75714,0.02600,0.04291,2780.0413,243.7818,48.7702,2.68,7452,45900,0.635,0.196,0.185,0.041
37019,Brunswick,NC,E,ILM,se,34.019,-78.152,0.00191,0.73957,0.02692,0.03363,182684,349,40.89047,14.09424,0.16429,0.26495,2233.8270,60.1346,44.4735,71.61,159964,73500,1.089,0.332,0.103,0.042
48363,Palo Pinto,TX,C,FWD,nc,32.7532,-98.313,0.00392,0.43096,0.02252,0.03363,9437,37,3.69708,5.74490,0.05737,0.29742,2552.5740,57.4840,24.7730,11.65,29747,56800,0.786,0.187,0.169,0.037
48127,Dimmit,TX,C,EWX,sc,28.4225,-99.7567,0.00854,0.19196,0.02325,0.03365,3628,31,1.04978,2.72248,0.02539,0.00051,3456.0385,80.3529,15.4246,2.39,8257,44300,0.613,0.110,0.273,0.032
21133,Letcher,KY,E,JKL,se,37.1212,-82.8553,0.02100,0.36673,0.00509,0.03397,1048,22,1.19288,0.24238,0.06705,0.86229,878.2583,4.4703,1.6394,23.25,20423,37900,0.639,0.137,0.238,0.063
16017,Bonner,ID,P,OTX,pa,48.2997,-116.601,0.00388,0.72178,0.01421,0.03414,20358,79,4.09500,3.66237,0.03926,0.68979,4971.4279,70.6440,50.9896,10.57,52547,64900,0.893,0.289,0.105,0.043
48247,Jim Hogg,TX,C,BRO,ds,27.0434,-98.6973,0.00394,0.22701,0.04479,0.03422,5324,21,1.80932,11.36802,0.01111,0.00006,2942.6919,131.8032,29.9203,1.60,4720,43800,0.606,0.190,0.246,0.047
38093,Stutsman,ND,C,BIS,se,46.9792,-98.9588,0.03371,0.14399,0.65982,0.14740,25837,871,4.34034,19.57342,0.03817,0.00222,5952.6600,3927.6841,565.5359,3.59,21392,65600,0.896,0.244,0.110,0.018
53075,Whitman,WA,P,OTX,ee,46.9012,-117.523,0.03064,0.30304,0.68141,0.18496,60903,1866,10.79903,22.23923,0.03815,0.00654,5639.6304,3842.9006,1164.5653,8.51,48012,54400,0.596,0.502,0.248,0.040
8039,Elbert,CO,M,BOU,ec,39.2866,-104.1359,0.00315,0.15900,0.08387,0.03476,12365,39,2.57914,26.62540,0.02707,0.02603,4794.1151,402.0824,63.9310,6.01,28806,120000,1.351,0.352,0.058,0.026
40049,Garvin,OK,C,OUN,ss,34.7045,-97.3093,0.00274,0.13219,0.11761,0.03492,730,2,0.34635,42.92336,0.06270,0.19382,2107.5665,247.8709,32.7672,12.27,25865,49200,0.826,0.177,0.180,0.031
5011,Bradley,AR,C,LZK,se,33.4659,-92.1623,0.00794,0.13973,0.03843,0.03494,1008,8,0.59455,4.84005,0.05461,0.49371,1694.7906,65.1308,9.1009,5.96,10104,45000,0.810,0.158,0.232,0.046
46007,Bennett,SD,M,UNR,sw,43.1949,-101.6639,0.00271,0.07644,0.20705,0.03500,1479,4,0.47946,76.40221,0.01734,0.02778,3083.7782,638.4963,48.8076,1.07,3305,49200,0.696,0.203,0.277,0.031
48077,Clay,TX,C,OUN,nn,33.7854,-98.2084,0.00185,0.21366,0.10935,0.03509,9183,17,3.17640,59.10811,0.03882,0.04782,2890.8664,316.1162,67.5425,3.71,10738,66100,0.914,0.239,0.117,0.037
56019,Johnson,WY,M,RIW,nc,44.0388,-106.5846,0.01221,0.23424,0.01522,0.03518,9831,120,0.90926,1.24652,0.01369,0.12973,10812.0553,164.5595,38.5461,0.81,8759,70100,0.983,0.303,0.084,0.028
46013,Brown,SD,C,ABR,ne,45.5898,-98.3516,0.14699,0.15639,0.82771,0.26697,9817,1443,2.18958,5.63106,0.05169,0.00289,4483.5696,3711.0954,580.3776,8.42,37733,71700,1.016,0.332,0.100,0.020
48169,Garza,TX,C,LUB,nw,33.1799,-101.2984,0.00093,0.42194,0.11121,0.03521,6478,6,2.79100,119.58065,0.01979,0.00711,2321.1232,258.1321,108.9161,1.95,4517,50300,0.695,0.106,0.185,0.034
30079,Prairie,MT,M,GGW,ne,46.8605,-105.378,0.00679,0.09647,0.07042,0.03586,1031,7,0.22845,10.37113,0.01584,0.00244,4513.0347,317.8079,30.6577,0.25,1112,49800,0.734,0.200,0.134,0.025
35051,Sierra,NM,M,EPZ,sc,33.1305,-107.1925,0.02903,0.62936,0.00257,0.03608,68248,1981,6.22086,0.08853,0.00878,0.11397,10970.8928,28.1952,17.7449,1.05,11488,40400,0.675,0.163,0.235,0.060
46115,Spink,SD,C,ABR,ne,44.9381,-98.3463,0.16169,0.05357,0.90599,0.19872,1466,237,0.37480,5.60325,0.04226,0.00117,3910.9393,3543.2719,189.7977,1.58,6166,61500,0.871,0.271,0.107,0.022
56009,Converse,WY,M,CYS,ec,42.9723,-105.5071,0.01831,0.20075,0.01341,0.03667,5462,100,0.49446,0.73239,0.02085,0.05665,11046.3503,148.1316,29.7367,1.25,13809,78000,1.095,0.229,0.104,0.023
31045,Dawes,NE,M,CYS,pa,42.7197,-103.1355,0.00330,0.14013,0.10752,0.03677,6667,22,1.83748,32.58182,0.02224,0.05372,3628.3737,390.1227,54.6667,2.24,8133,52600,0.754,0.352,0.156,0.020
48345,Motley,TX,C,LUB,nw,34.0741,-100.7798,0.00451,0.16140,0.06876,0.03685,1772,8,0.69120,15.24612,0.01327,0.02782,2563.6527,176.2768,28.4512,0.40,1020,46300,0.641,0.220,0.168,0.040
4011,Greenlee,AZ,m,TWC,se,33.2153,-109.2401,0.02205,0.87097,0.00262,0.03692,9932,219,2.07449,0.11882,0.00830,0.35636,4787.4778,12.5432,10.9248,1.96,9369,76300,1.027,0.204,0.097,0.029
56007,Carbon,WY,M,CYS,sc,41.6946,-106.9306,0.01338,0.20470,0.01854,0.03703,14279,191,0.69227,1.38565,0.00961,0.11190,20626.7293,382.4196,78.2815,0.69,14334,66200,0.929,0.228,0.114,0.030
36005,Bronx,NY,E,OKX,se,40.8497,-73.8673,0.06628,1.00000,0.00079,0.03741,78422,5198,637.21162,0.01192,0.81638,0.03048,123.0708,0.0972,0.0972,11021.92,1356476,45900,0.577,0.220,0.277,0.068
56035,Sublette,WY,M,RIW,wc,42.7669,-109.9147,0.00627,0.19320,0.04354,0.03750,24246,152,1.89664,6.94418,0.00827,0.17751,12783.4970,556.5935,107.5353,0.70,8969,85600,1.202,0.311,0.076,0.033
35007,Colfax,NM,M,ABQ,ne,36.6061,-104.6468,0.09437,0.26345,0.00218,0.03784,29586,2792,3.03160,0.02310,0.01406,0.30053,9759.2862,21.2752,5.6050,1.26,12255,50000,0.835,0.240,0.178,0.034
48099,Coryell,TX,C,FWD,cc,31.3909,-97.7992,0.00264,0.30962,0.06786,0.03814,19673,52,7.18774,25.70455,0.07135,0.18599,2736.9891,185.7321,57.5069,31.01,84878,63400,0.878,0.187,0.122,0.045
16037,Custer,ID,M,PIH,cc,44.2412,-114.2816,0.01027,0.29154,0.01863,0.03821,10806,111,0.84507,1.81402,0.00678,0.27154,12787.0817,238.2233,69.4522,0.35,4523,57400,0.790,0.252,0.146,0.038
48329,Midland,TX,C,MAF,ww,31.8692,-102.0316,0.00480,0.32560,0.03573,0.03822,25823,124,11.05420,7.44375,0.18125,0.00013,2336.0540,83.4672,27.1769,75.82,177108,81200,1.123,0.309,0.109,0.025
40133,Seminole,OK,C,OUN,ec,35.1674,-96.6156,0.00372,0.11334,0.13346,0.03832,1074,4,0.64766,35.87634,0.06645,0.44499,1658.8375,221.3885,25.0913,14.21,23565,44100,0.740,0.151,0.190,0.048
4023,Santa Cruz,AZ,m,TWC,se,31.526,-110.8466,0.02593,0.95450,0.00229,0.03841,781392,20261,243.67591,0.08831,0.02995,0.08856,3206.6857,7.3433,7.0092,15.33,49158,53500,0.719,0.241,0.201,0.076
16023,Butte,ID,M,PIH,se,43.7233,-113.1711,0.00546,0.19569,0.05328,0.03847,2566,14,0.44348,9.75824,0.01316,0.08254,5784.9637,308.2229,60.3151,0.48,2758,57100,0.786,0.138,0.146,0.039
40051,Grady,OK,C,OUN,cc,35.017,-97.884,0.00300,0.11283,0.16869,0.03851,2002,6,0.69938,56.23000,0.08266,0.09872,2862.9965,482.9589,54.4904,20.04,57375,66900,1.122,0.219,0.131,0.029
48353,Nolan,TX,C,SJT,wc,32.3035,-100.406,0.00181,0.21309,0.15084,0.03875,4420,8,1.86742,83.33702,0.04336,0.08257,2366.9013,357.0234,76.0796,6.04,14306,50600,0.700,0.137,0.204,0.035
55125,Vilas,WI,C,GRB,nc,46.0529,-89.5148,0.01757,0.74149,0.00450,0.03885,34936,614,13.25353,0.25612,0.04871,0.44184,2635.9864,11.8619,8.7955,9.06,23885,63400,0.892,0.305,0.123,0.039
26095,Luce,MI,E,MQT,eu,46.4707,-85.5443,0.00793,0.66954,0.01108,0.03889,4415,35,1.83872,1.39723,0.01960,0.36801,2401.3312,26.6067,17.8144,2.68,6435,49400,0.738,0.193,0.202,0.059
48427,Starr,TX,C,BRO,ds,26.5621,-98.7384,0.00090,0.31473,0.20874,0.03896,158223,142,49.69786,231.93333,0.03377,0.00070,3183.6909,664.5636,209.1609,20.71,65934,35800,0.495,0.133,0.288,0.093
48173,Glasscock,TX,C,MAF,ww,31.8694,-101.5208,0.00510,0.07800,0.15187,0.03924,785,4,0.33642,29.77843,0.04691,0.00007,2333.3895,354.3719,27.6405,0.49,1141,96500,1.336,0.399,0.081,0.024
8031,Denver,CO,M,BOU,ne,39.7611,-104.8772,0.00145,0.52789,0.07935,0.03931,149848,217,369.62810,54.72414,0.81782,0.00000,405.4009,32.1686,16.9814,1767.58,716577,87600,0.983,0.556,0.105,0.033
30025,Fallon,MT,M,BYZ,se,46.334,-104.4174,0.00403,0.11909,0.12762,0.03942,5211,21,1.23970,31.66749,0.02257,0.00293,4203.4332,536.4421,63.8858,0.71,2994,65600,0.966,0.165,0.091,0.017
38007,Billings,ND,M,BIS,sw,47.0234,-103.3764,0.00187,0.24962,0.13147,0.03944,19216,36,6.43302,70.30481,0.02647,0.07952,2987.0753,392.7108,98.0299,0.35,1034,85900,1.173,0.324,0.105,0.017
28037,Franklin,MS,C,JAN,sw,31.4772,-90.8978,0.00872,0.11880,0.05992,0.03959,344,3,0.23434,6.87156,0.04713,0.72433,1467.9338,87.9586,10.4497,5.18,7610,47200,0.893,0.181,0.187,0.043
12005,Bay,FL,C,TAE,pa,30.2797,-85.6151,0.00701,0.45150,0.01965,0.03962,41671,292,20.94776,2.80314,0.18140,0.16230,1989.2839,39.0894,17.6488,95.90,190769,65500,0.946,0.280,0.118,0.028
30093,Silver Bow,MT,M,MSO,wc,45.9024,-112.6567,0.00879,0.72391,0.00990,0.03979,10123,89,5.43695,1.12628,0.04739,0.51253,1861.8344,18.4322,13.3433,19.53,36360,58900,0.867,0.277,0.158,0.034
38101,Ward,ND,C,BIS,nc,48.2218,-101.5419,0.12254,0.12236,0.64084,0.21259,13807,1692,2.59262,5.22964,0.05625,0.00915,5325.6618,3412.8971,417.5867,12.83,68332,72100,0.984,0.297,0.074,0.021
38019,Cavalier,ND,C,FGF,ne,48.7721,-98.465,0.09236,0.04654,0.85546,0.15435,812,75,0.20745,9.26223,0.03538,0.04055,3914.2821,3348.5118,155.8505,0.92,3596,73200,1.000,0.222,0.092,0.022
20033,Comanche,KS,C,DDC,sc,37.1913,-99.2719,0.00285,0.11140,0.20676,0.04034,1406,4,0.68734,72.54737,0.02420,0.00151,2045.2824,422.8826,47.1112,0.81,1655,53700,0.780,0.192,0.121,0.026
45019,Charleston,SC,E,CHS,se,32.75625,-80.0635,0.00466,0.86449,0.01635,0.04039,631460,2943,123.33789,3.50858,0.17956,0.19597,2559.8822,41.8541,36.1822,165.78,424367,80000,1.245,0.490,0.110,0.024
8005,Arapahoe,CO,M,BOU,ne,39.6497,-104.3381,0.00101,0.26797,0.24446,0.04045,225619,228,108.34836,242.03960,0.21101,0.00007,2082.3524,509.0519,136.4114,315.06,656061,93500,1.050,0.457,0.101,0.031
48049,Brown,TX,C,SJT,wc,31.7743,-98.9998,0.00365,0.25840,0.07064,0.04054,3564,13,1.43810,19.35342,0.07054,0.07332,2478.4473,175.0775,45.2407,15.62,38709,53500,0.740,0.199,0.148,0.043
38009,Bottineau,ND,C,BIS,nc,48.7921,-100.8335,0.38312,0.09171,0.76004,0.29891,4351,1667,0.98955,1.98382,0.04195,0.04426,4397.1230,3341.9894,306.5051,1.44,6349,69400,0.947,0.274,0.108,0.024
30071,Phillips,MT,M,GGW,ne,48.2591,-107.9133,0.00491,0.11621,0.11900,0.04080,31344,154,2.32197,24.23625,0.01314,0.02273,13498.9526,1606.3754,186.6730,0.31,4249,56000,0.825,0.206,0.168,0.042
6059,Orange,CA,P,SGX,sw,33.703,-117.7605,0.00877,0.99196,0.00781,0.04081,1041371,9133,504.68917,0.89054,0.61298,0.03593,2063.3903,16.1151,15.9854,1519.71,3135755,106000,1.159,0.434,0.092,0.036
22111,Union,LA,C,SHV,nc,32.8319,-92.3748,0.00726,0.16968,0.05601,0.04102,2891,21,1.23309,7.71488,0.05873,0.47677,2344.7103,131.3272,22.2834,8.81,20650,48000,0.866,0.160,0.183,0.042
27071,Koochiching,MN,C,DLH,nc,48.2453,-93.7834,0.01170,0.30479,0.01950,0.04112,10081,118,1.23406,1.66667,0.01385,0.14393,8169.3438,159.3022,48.5536,1.44,11751,63000,0.766,0.203,0.124,0.043
48035,Bosque,TX,C,FWD,cc,31.9004,-97.6343,0.00347,0.45404,0.04444,0.04122,13267,46,5.10874,12.80692,0.05429,0.20820,2596.9014,115.4063,52.3990,7.31,18996,61000,0.845,0.207,0.117,0.035
35057,Torrance,NM,M,ABQ,cc,34.6405,-105.8508,0.01539,0.34907,0.01313,0.04132,15070,232,1.73909,0.85315,0.01836,0.10522,8665.6825,113.7804,39.7169,1.80,15633,48300,0.807,0.149,0.230,0.051
12011,Broward,FL,E,MFL,se,26.1519,-80.4886,0.01764,0.56784,0.00705,0.04133,160868,2838,50.97646,0.39966,0.30759,0.00079,3155.7398,22.2480,12.6332,621.89,1962531,70800,1.022,0.358,0.127,0.029
38035,Grand Forks,ND,C,FGF,ne,47.9219,-97.457,0.13661,0.22171,0.88292,0.29904,29133,3980,7.81300,6.46307,0.07001,0.00992,3728.7999,3292.2320,729.9084,19.50,72708,64900,0.886,0.372,0.125,0.017
35033,Mora,NM,M,ABQ,ne,36.0099,-104.9446,0.01276,0.58230,0.00973,0.04166,6427,82,1.28358,0.76254,0.01185,0.21967,5007.4397,48.7224,28.3709,0.82,4123,45200,0.755,0.254,0.209,0.050
55051,Iron,WI,C,DLH,nw,46.2623,-90.242,0.00753,0.70728,0.01418,0.04227,12608,95,6.06428,1.88313,0.02884,0.45622,2079.1299,29.4821,20.8520,3.00,6228,60700,0.854,0.234,0.135,0.055
40153,Woodward,OK,C,OUN,nw,36.4227,-99.265,0.00317,0.17864,0.13381,0.04232,6615,21,2.04968,42.21136,0.04662,0.03804,3227.1303,431.8223,77.1419,6.18,19947,61200,1.027,0.216,0.147,0.030
51059,Fairfax,VA,E,LWX,nn,38.7678,-77.2288,0.00920,1.00000,0.00845,0.04268,1143990,10525,555.65948,0.91848,0.67777,0.24744,1029.3980,8.6984,8.6984,1109.27,1141878,145000,1.685,0.643,0.061,0.025
34007,Camden,NJ,E,PHI,ss,39.8038,-74.9599,0.00172,0.92864,0.04885,0.04273,62220,107,105.55939,28.40116,0.57355,0.17848,589.4287,28.7936,26.7388,894.42,527196,81400,0.845,0.353,0.123,0.048
41041,Lincoln,OR,P,PQR,ww,44.6421,-123.8668,0.00545,0.88444,0.01635,0.04287,137343,749,53.95414,3.00000,0.04336,0.78892,2545.5483,41.6197,36.8102,19.96,50821,57200,0.756,0.288,0.154,0.042
48403,Sabine,TX,C,SHV,ee,31.3432,-93.8518,0.00493,0.28763,0.05601,0.04298,6287,31,4.20978,11.36105,0.05025,0.53356,1493.4285,83.6469,24.0595,6.77,10106,50600,0.700,0.178,0.145,0.068
37075,Graham,NC,E,GSP,ww,35.3502,-83.8335,0.00567,0.76317,0.01838,0.04300,7579,43,9.70421,3.24162,0.04126,0.90434,781.0375,14.3555,10.9556,10.31,8052,50300,0.745,0.168,0.169,0.044
48497,Wise,TX,C,FWD,nc,33.2159,-97.6544,0.00321,0.68635,0.03627,0.04307,16481,53,6.89569,11.29907,0.10378,0.15917,2390.1147,86.6895,59.4990,32.68,78097,80100,1.108,0.206,0.094,0.037
28047,Harrison,MS,C,LIX,ss,30.515,-89.1185,0.00250,0.54156,0.05910,0.04309,48045,120,32.03320,23.64000,0.24795,0.31518,1499.8356,88.6403,48.0040,140.42,210612,55900,1.059,0.255,0.160,0.029
12089,Nassau,FL,E,JAX,ne,30.6095,-81.8085,0.00285,0.60426,0.04652,0.04311,37549,107,22.11159,16.32281,0.12012,0.37506,1698.1547,78.9982,47.7355,59.77,101501,90800,1.311,0.345,0.095,0.028
48425,Somervell,TX,C,FWD,nc,32.2223,-97.7744,0.00512,0.80461,0.01991,0.04345,14858,76,29.89884,3.88867,0.08621,0.27968,496.9423,9.8941,7.9609,19.90,9888,75600,1.046,0.250,0.088,0.036
30087,Rosebud,MT,M,BYZ,se,46.2297,-106.7308,0.02004,0.10325,0.03996,0.04356,1497,30,0.11499,1.99401,0.01286,0.05427,13018.9185,520.2360,53.7134,0.63,8160,64000,0.942,0.189,0.202,0.034
6033,Lake,CA,P,EKA,cc,39.0997,-122.7532,0.00738,0.77799,0.01479,0.04395,39677,293,11.52255,2.00407,0.04243,0.12183,3443.4369,50.9284,39.6217,19.71,67878,51800,0.567,0.177,0.176,0.058
12123,Taylor,FL,E,TAE,bb,30.0477,-83.603,0.00811,0.38911,0.02706,0.04404,11962,97,4.40505,3.33662,0.07129,0.32282,2715.5658,73.4832,28.5927,7.95,21582,48500,0.700,0.151,0.197,0.034
48221,Hood,TX,C,FWD,nc,32.4299,-97.8323,0.00446,0.54513,0.03549,0.04419,9422,42,8.32925,7.95740,0.14654,0.15123,1131.1549,40.1447,21.8839,59.92,67774,75500,1.045,0.324,0.081,0.037
22075,Plaquemines,LA,C,LIX,se,29.4705,-89.6553,0.00675,0.62112,0.02081,0.04435,23711,160,8.93929,3.08296,0.03489,0.00188,2652.4126,55.1967,34.2840,8.44,22386,71900,1.296,0.198,0.156,0.033
54109,Wyoming,WV,E,RLX,ss,37.6096,-81.5491,0.02973,0.47750,0.00615,0.04436,1009,30,0.77654,0.20686,0.04661,0.89489,1299.5892,7.9925,3.8164,15.60,20277,39900,0.737,0.120,0.215,0.043
48393,Roberts,TX,C,AMA,pa,35.8385,-100.8135,0.01905,0.10801,0.04344,0.04471,525,10,0.21933,2.28031,0.03565,0.00282,2393.6364,103.9796,11.2308,0.35,840,70800,0.980,0.220,0.090,0.036
22089,St. Charles,LA,C,LIX,se,29.8836,-90.3631,0.00315,0.47175,0.06043,0.04478,4132,13,4.45509,19.18413,0.09929,0.00065,927.3892,56.0421,26.4378,54.58,50620,75200,1.356,0.272,0.129,0.032
26013,Baraga,MI,E,MQT,nr,46.6626,-88.3652,0.00994,0.41881,0.02166,0.04484,7448,74,3.13424,2.17907,0.02314,0.63494,2376.2915,51.4705,21.5565,3.50,8310,52500,0.784,0.161,0.156,0.062
35053,Socorro,NM,M,ABQ,cc,34.0072,-106.9303,0.02231,0.72703,0.00557,0.04487,149778,3342,8.69787,0.24966,0.01095,0.11091,17220.0668,95.9158,69.7335,0.93,15963,42300,0.707,0.210,0.252,0.042
8121,Washington,CO,M,BOU,ne,39.971,-103.2013,0.00094,0.05452,0.49838,0.02945,12812,12,1.95982,530.19149,0.02806,0.00001,6537.3314,3258.0752,177.6265,0.74,4855,61500,0.690,0.249,0.142,0.023
26019,Benzie,MI,E,APX,nn,44.6395,-86.0158,0.00335,0.85359,0.03205,0.04509,42993,144,47.52470,9.56716,0.07460,0.48965,904.6510,28.9941,24.7489,20.38,18441,65800,0.984,0.343,0.097,0.050
8113,San Miguel,CO,M,GJT,sw,38.0038,-108.4058,0.01274,0.60517,0.01198,0.04520,14208,181,4.25716,0.94035,0.01858,0.46833,3337.3797,39.9818,24.1959,2.36,7868,94400,1.059,0.652,0.079,0.032
21195,Pike,KY,E,JKL,se,37.469,-82.3958,0.07977,0.26204,0.00449,0.04544,2219,177,1.08612,0.05629,0.06982,0.84815,2043.0374,9.1732,2.4038,27.40,55973,41800,0.706,0.160,0.234,0.057
48323,Maverick,TX,C,EWX,sc,28.7426,-100.3145,0.01446,0.59091,0.01104,0.04552,3458,50,1.03363,0.76349,0.02695,0.00023,3345.5035,36.9344,21.8250,17.27,57762,43400,0.601,0.153,0.228,0.075
6091,Sierra,CA,P,STOREV,nn,39.5804,-120.516,0.01197,0.67619,0.01198,0.04594,23301,279,9.35213,1.00084,0.03038,0.70276,2491.4745,29.8479,20.1829,1.28,3200,63900,0.699,0.244,0.126,0.047
38003,Barnes,ND,C,FGF,se,46.9361,-98.0716,0.18531,0.20954,0.82746,0.31791,18342,3399,4.68015,4.46527,0.04149,0.00644,3919.2075,3242.9874,679.5349,2.74,10726,67100,0.916,0.300,0.115,0.021
32029,Storey,NV,P,REV,ww,39.4466,-119.5291,0.14647,0.96814,0.00069,0.04608,3223,472,4.71663,0.00471,0.03670,0.08136,683.2318,0.4714,0.4564,6.11,4177,90200,1.246,0.316,0.074,0.043
22115,Vernon,LA,C,LCH,wc,31.1083,-93.1842,0.01030,0.24810,0.03854,0.04618,12911,133,3.71594,3.74175,0.08160,0.53676,3474.4895,133.9068,33.2222,13.31,46250,52600,0.949,0.191,0.167,0.046
38055,McLean,ND,C,BIS,sc,47.607,-101.3219,0.01179,0.08385,0.52183,0.08020,8059,95,1.33658,44.26039,0.03338,0.00528,6029.6170,3146.4350,263.8272,1.63,9832,79900,1.091,0.239,0.099,0.024
30067,Park,MT,M,BYZ,sc,45.4884,-110.5263,0.00547,0.41387,0.04407,0.04638,15541,85,2.13318,8.05667,0.01816,0.36343,7285.5104,321.0724,132.8833,2.46,17903,68600,1.010,0.381,0.113,0.029
12071,Lee,FL,E,TBW,sw,26.59605,-81.8556,0.00323,0.74821,0.04133,0.04640,479180,1548,113.44000,12.79567,0.51252,0.01155,2112.0387,87.2906,65.3115,395.15,834573,71600,1.033,0.308,0.121,0.032
48351,Newton,TX,C,LCH,se,30.7863,-93.7448,0.01380,0.22897,0.03249,0.04682,1449,20,0.59547,2.35435,0.05582,0.47154,2433.4577,79.0630,18.1030,4.95,12039,47800,0.661,0.062,0.185,0.071
36079,Putnam,NY,E,OKX,se,41.4267,-73.7495,0.00555,0.93675,0.01975,0.04683,45259,251,70.95962,3.55856,0.20606,0.65170,637.8169,12.5969,11.8002,153.74,98060,112000,1.412,0.435,0.073,0.031
21025,Breathitt,KY,E,JKL,se,37.5216,-83.3241,0.03566,0.18385,0.01583,0.04699,701,25,0.54649,0.44391,0.05358,0.88694,1282.7425,20.3058,3.7333,10.10,12953,36300,0.613,0.165,0.303,0.075
27137,St. Louis,MN,C,DLH,ne,47.604,-92.4708,0.01056,0.60066,0.01641,0.04704,286552,3026,16.42133,1.55398,0.03345,0.41464,17449.9882,286.3543,172.0005,11.49,200514,63100,0.767,0.325,0.133,0.032
48087,Collingsworth,TX,C,AMA,pa,34.9649,-100.2701,0.00474,0.10718,0.20737,0.04723,843,4,0.35404,43.74895,0.02719,0.01911,2381.1188,493.7726,52.9234,1.08,2563,52100,0.721,0.260,0.189,0.036
25019,Nantucket,MA,E,BOX,se,41.2781,-70.0744,0.02024,1.00000,0.00525,0.04736,67772,1372,532.16613,0.25939,0.31713,0.21010,127.3505,0.6686,0.6686,113.42,14444,108000,1.138,0.584,0.065,0.058
45009,Bamberg,SC,E,CAE,cc,33.2147,-81.0542,0.00150,0.32909,0.21829,0.04759,1999,3,1.95156,145.52667,0.07217,0.25569,1024.3085,223.5963,73.5841,12.67,12974,38000,0.591,0.188,0.277,0.053
51027,Buchanan,VA,E,RLX,sw,37.2666,-82.036,0.09349,0.20211,0.00575,0.04772,3680,344,2.82036,0.06150,0.05543,0.89241,1304.6800,7.5019,1.5162,14.63,19087,39700,0.462,0.108,0.228,0.044
38033,Golden Valley,ND,M,BIS,sw,46.9402,-103.8467,0.00329,0.13590,0.24391,0.04778,1822,6,0.70179,74.13678,0.02929,0.02549,2596.2185,633.2437,86.0608,0.67,1743,64800,0.885,0.180,0.117,0.016
53051,Pend Oreille,WA,P,OTX,ne,48.5323,-117.274,0.00994,0.64660,0.01716,0.04796,8049,80,2.18056,1.72636,0.02993,0.79707,3691.4097,63.3446,40.9585,3.89,14361,59300,0.650,0.203,0.144,0.060
16035,Clearwater,ID,P,MSO,pa,46.6737,-115.6569,0.01401,0.40363,0.01955,0.04799,4353,61,0.67549,1.39543,0.02084,0.75985,6443.7913,125.9761,50.8482,1.43,9214,57100,0.786,0.194,0.145,0.057
27061,Itasca,MN,C,DLH,nc,47.5095,-93.632,0.01114,0.39203,0.02553,0.04813,19023,212,2.50875,2.29174,0.03158,0.40112,7582.5137,193.5816,75.8900,5.98,45365,67000,0.813,0.251,0.127,0.046
38077,Richland,ND,C,FGF,se,46.2646,-96.9483,0.08026,0.12430,0.84004,0.20312,3337,268,0.89127,10.46648,0.05415,0.01155,3744.6185,3145.6293,391.0109,4.42,16558,74300,1.014,0.250,0.109,0.017
26085,Lake,MI,E,GRR,wc,43.99,-85.8017,0.00936,0.37696,0.03240,0.04853,7587,71,5.09821,3.46154,0.05580,0.67167,1488.0898,48.2141,18.1749,8.56,12734,48500,0.725,0.125,0.212,0.070
34029,Ocean,NJ,E,PHI,ss,39.9092,-74.2988,0.01196,0.95448,0.01014,0.04874,257800,3083,155.30056,0.84783,0.31494,0.33327,1660.0052,16.8325,16.0663,397.11,659197,81200,0.842,0.337,0.100,0.042
45013,Beaufort,SC,E,CHS,se,32.37205,-80.7153,0.01003,0.78698,0.01488,0.04897,8302,83,10.98913,1.48355,0.00220,0.00157,1528.8395,22.7491,17.9032,130.15,198979,83700,1.303,0.448,0.095,0.028
40007,Beaver,OK,C,AMA,pa,36.7497,-100.4767,0.00318,0.17997,0.20554,0.04900,5344,17,1.13512,64.63522,0.03646,0.00011,4707.5592,967.5917,174.1362,1.07,5018,64400,1.080,0.230,0.135,0.021
40129,Roger Mills,OK,C,OUN,ww,35.6883,-99.6957,0.00825,0.14849,0.09915,0.04952,1212,10,0.40815,12.01818,0.05510,0.05779,2969.5371,294.4296,43.7193,1.11,3295,55200,0.925,0.239,0.183,0.024
8063,Kit Carson,CO,M,GLD,ec,39.3054,-102.6029,0.23144,0.10912,0.55490,0.24110,8171,1891,1.45951,2.39760,0.03181,0.00001,5598.2578,3106.4733,338.9897,1.25,6994,56700,0.637,0.184,0.123,0.018
53025,Grant,WA,P,OTX,nc,47.2056,-119.4518,0.04647,0.28857,0.42823,0.17908,68150,3167,9.42720,9.21519,0.06867,0.00018,7229.0683,3095.7039,893.3355,14.20,102678,63800,0.699,0.182,0.152,0.052
49009,Daggett,UT,M,GJT,ne,40.8865,-109.5059,0.01285,0.44379,0.02235,0.05033,4905,63,2.62068,1.73930,0.01231,0.49706,1871.4857,41.8277,18.5627,0.53,992,66400,0.750,0.116,0.076,0.042
54039,Kanawha,WV,E,RLX,cc,38.3365,-81.5281,0.02147,0.44429,0.01337,0.05034,29760,639,12.61077,0.62273,0.11151,0.84006,2359.8851,31.5517,14.0181,74.07,174805,55200,1.020,0.293,0.156,0.036
13207,Monroe,GA,E,FFC,cc,33.0141,-83.9187,0.00286,0.40023,0.11167,0.05037,15049,43,14.60650,39.04545,0.09635,0.63610,1030.2934,115.0529,46.0479,29.72,30625,76400,1.051,0.287,0.117,0.029
31123,Morrill,NE,M,CYS,pa,41.716,-103.0105,0.00634,0.11150,0.18210,0.05049,789,5,0.21306,28.72240,0.02392,0.00350,3703.1324,674.3404,75.1876,1.22,4504,58900,0.843,0.218,0.145,0.022
45049,Hampton,SC,E,CHS,se,32.7763,-81.1406,0.00398,0.20390,0.15896,0.05053,6535,26,4.48549,39.93970,0.06432,0.27743,1456.9471,231.5963,47.2224,12.44,18122,44000,0.685,0.118,0.242,0.028
27089,Marshall,MN,C,FGF,nw,48.3581,-96.3685,0.08358,0.17898,0.65911,0.21443,13125,1097,2.79528,7.88598,0.04418,0.03761,4695.4142,3094.7945,553.9192,1.88,8810,70600,0.857,0.189,0.091,0.042
6079,San Luis Obispo,CA,P,LOX,sw,35.3872,-120.404,0.00619,0.57071,0.03718,0.05083,393730,2437,45.79255,6.00646,0.04492,0.11032,8598.1239,319.6782,182.4447,32.76,281639,88600,0.968,0.392,0.128,0.035
13299,Ware,GA,E,JAX,se,31.0534,-82.4238,0.01474,0.17859,0.05061,0.05107,2849,42,1.21392,3.43351,0.06495,0.25808,2347.3249,118.7981,21.2159,15.44,36243,48200,0.663,0.150,0.199,0.033
48133,Eastland,TX,C,FWD,nc,32.3271,-98.8323,0.00535,0.20069,0.12524,0.05123,3367,18,1.39499,23.40935,0.06482,0.17123,2413.6314,302.2832,60.6642,7.47,18037,53400,0.738,0.222,0.163,0.046
8069,Larimer,CO,M,BOU,nc,40.6664,-105.4612,0.00433,0.90562,0.03452,0.05135,444219,1923,65.12004,7.97229,0.06713,0.32295,6821.5453,235.4797,213.2541,54.35,370771,88300,0.991,0.517,0.102,0.028
26121,Muskegon,MI,E,GRR,wc,43.2917,-86.235,0.00254,0.56971,0.09444,0.05151,1544,4,25.58917,37.18110,0.05859,0.00131,1334.2086,126.0027,71.7851,132.34,176564,58300,0.871,0.214,0.140,0.044
48507,Zavala,TX,C,EWX,sc,28.8662,-99.7606,0.00906,0.16725,0.09041,0.05155,1214,11,0.36004,9.97903,0.01698,0.00144,3371.6139,304.8276,50.9837,2.76,9312,36200,0.501,0.096,0.289,0.073
27123,Ramsey,MN,C,MPX,ec,45.0171,-93.0994,0.01007,1.00000,0.01362,0.05157,229579,2312,521.05174,1.35253,0.79933,0.03411,440.6067,6.0011,6.0011,1216.67,536075,75000,0.911,0.455,0.119,0.027
23009,Hancock,ME,E,CAR,se,44.6749,-68.3531,0.01413,0.88411,0.01109,0.05174,234989,3320,53.61948,0.78485,0.05016,0.70312,4382.5284,48.6022,42.9697,12.90,56526,63900,0.919,0.392,0.101,0.032
45035,Dorchester,SC,E,CHS,se,33.0795,-80.4052,0.00342,0.39592,0.10250,0.05178,36299,124,24.30020,29.97076,0.14213,0.28863,1493.7837,153.1128,60.6210,113.69,169833,74700,1.164,0.300,0.102,0.026
38105,Williams,ND,C,BIS,nw,48.3437,-103.4802,0.00313,0.15173,0.54925,0.06389,11178,35,2.00940,175.47923,0.06562,0.00674,5562.7689,3055.3508,463.5966,7.03,39113,84100,1.149,0.237,0.077,0.016
56041,Uinta,WY,M,SLC,sw,41.2876,-110.5476,0.00830,0.26070,0.06491,0.05198,4580,38,0.84711,7.82048,0.01687,0.06452,5406.5913,350.9418,91.4895,3.84,20745,73100,1.025,0.213,0.103,0.032
27111,Otter Tail,MN,C,FGF,wc,46.4088,-95.7079,0.09462,0.32055,0.51350,0.24973,30231,2860,5.24638,5.42697,0.06395,0.14630,5762.3064,2958.9443,948.4797,10.52,60626,65100,0.790,0.274,0.106,0.033
26053,Gogebic,MI,C,MQT,wu,46.4089,-89.6944,0.02017,0.81708,0.00877,0.05248,12147,245,4.09967,0.43480,0.02759,0.61938,2962.9064,25.9847,21.2316,4.80,14224,50100,0.749,0.219,0.173,0.047
6001,Alameda,CA,P,MTR,nn,37.6466,-121.886,0.01161,0.88764,0.01408,0.05255,545596,6334,283.14339,1.21275,0.34134,0.09921,1926.9254,27.1311,24.0827,841.85,1622188,121000,1.324,0.515,0.095,0.041
1075,Lamar,AL,C,BMX,wc,33.7792,-88.0969,0.01011,0.14357,0.10018,0.05259,1583,16,1.00942,9.90900,0.06580,0.54626,1568.2318,157.1055,22.5562,8.71,13661,51500,0.863,0.116,0.164,0.028
48125,Dickens,TX,C,LUB,nw,33.6166,-100.7789,0.00760,0.19072,0.10033,0.05259,1184,9,0.50496,13.20132,0.02101,0.01885,2344.7278,235.2465,44.8656,0.73,1711,47100,0.651,0.191,0.184,0.051
21175,Morgan,KY,E,JKL,se,37.9223,-83.2589,0.00533,0.20409,0.13385,0.05261,2064,11,2.07597,25.11257,0.06122,0.79104,994.0394,133.0522,27.1543,14.37,14283,41900,0.707,0.176,0.247,0.051
13167,Johnson,GA,E,FFC,ec,32.7015,-82.6601,0.00398,0.17294,0.21696,0.05305,753,3,0.94863,54.51256,0.06965,0.33760,793.6897,172.1989,29.7801,11.69,9282,42600,0.586,0.091,0.262,0.029
48447,Throckmorton,TX,C,SJT,wc,33.1775,-99.2124,0.00658,0.17597,0.13019,0.05322,1672,11,0.70518,19.78571,0.02396,0.00967,2371.2145,308.7084,54.3230,0.64,1526,51000,0.706,0.250,0.131,0.036
51199,York,VA,E,AKQ,se,37.2208,-76.51605,0.01627,0.98270,0.00953,0.05341,158,3,10.57535,0.58574,0.05701,0.01596,283.8557,2.7051,2.6583,249.96,70952,111000,1.297,0.500,0.065,0.027
38099,Walsh,ND,C,FGF,ne,48.3694,-97.7214,0.50537,0.06276,0.86230,0.30129,1118,565,0.33357,1.70627,0.04896,0.01576,3351.6091,2890.0925,181.3801,3.07,10305,67200,0.918,0.195,0.096,0.029
46005,Beadle,SD,C,FSD,ec,44.4145,-98.2782,0.36923,0.11069,0.87554,0.32953,2722,1005,0.83087,2.37126,0.04918,0.00204,3275.9492,2868.2246,317.4950,5.98,19591,59500,0.843,0.264,0.163,0.018
35055,Taos,NM,M,ABQ,nc,36.5783,-105.6309,0.02140,0.79474,0.00912,0.05373,51545,1103,9.02735,0.42617,0.01623,0.46368,5709.8528,52.0739,41.3852,6.03,34405,48500,0.810,0.371,0.185,0.044
53043,Lincoln,WA,P,OTX,ee,47.5762,-118.4188,0.05952,0.12893,0.46920,0.15327,10433,621,1.72167,7.88306,0.03950,0.02485,6059.8127,2843.2641,366.5878,1.94,11738,68300,0.749,0.237,0.107,0.049
38049,McHenry,ND,C,BIS,nc,48.2346,-100.6363,0.06444,0.08106,0.56572,0.14350,4640,299,0.93713,8.77902,0.03796,0.01036,4951.2711,2801.0331,227.0651,1.04,5131,65400,0.893,0.209,0.123,0.028
30085,Roosevelt,MT,M,GGW,ne,48.2946,-105.0165,0.02668,0.06082,0.44977,0.09003,1649,44,0.26868,16.85795,0.02673,0.00181,6137.3772,2760.4081,167.8812,1.68,10319,48700,0.717,0.199,0.243,0.038
51195,Wise,VA,E,MRX,sw,36.9752,-82.6212,0.00925,0.49314,0.03511,0.05431,2919,27,2.78181,3.79568,0.08876,0.75806,1049.2096,36.8377,18.1661,33.52,35174,45200,0.527,0.156,0.182,0.042
48193,Hamilton,TX,C,FWD,cc,31.7048,-98.1107,0.01153,0.23430,0.06057,0.05470,11365,131,5.24595,5.25325,0.05124,0.12480,2166.4350,131.2210,30.7453,3.98,8619,59800,0.827,0.243,0.137,0.034
40119,Payne,OK,C,OUN,cc,36.0773,-96.9757,0.00485,0.46826,0.07228,0.05475,70349,341,38.96530,14.90309,0.09714,0.22176,1805.4215,130.4959,61.1061,46.17,83352,51200,0.859,0.401,0.220,0.030
8103,Rio Blanco,CO,M,GJT,nw,39.9798,-108.2172,0.02358,0.45885,0.01534,0.05496,10645,251,1.27527,0.65055,0.01054,0.48359,8347.2923,128.0475,58.7552,0.79,6569,71600,0.804,0.266,0.108,0.033
39035,Cuyahoga,OH,E,CLE,ne,41.4243,-81.6587,0.01951,1.00000,0.00866,0.05528,397794,7761,334.58283,0.44387,0.83061,0.14154,1188.9263,10.2961,10.2961,1037.14,1233088,60800,0.924,0.359,0.160,0.038
12133,Washington,FL,C,TAE,pa,30.6106,-85.6656,0.00513,0.33583,0.10041,0.05572,6630,34,4.15684,19.57310,0.08763,0.33140,1595.0582,160.1598,53.7861,16.05,25602,49200,0.711,0.125,0.168,0.033
6085,Santa Clara,CA,P,MTR,nn,37.2325,-121.6963,0.00779,0.92913,0.02391,0.05573,765995,5967,226.79937,3.06932,0.25238,0.19767,3377.4113,80.7539,75.0311,555.93,1877592,151000,1.645,0.559,0.076,0.035
21071,Floyd,KY,E,JKL,se,37.5572,-82.7457,0.05250,0.22611,0.01460,0.05575,1219,64,1.19024,0.27810,0.09452,0.84844,1024.1607,14.9527,3.3810,33.61,34423,37300,0.630,0.151,0.265,0.060
46055,Haakon,SD,M,UNR,wc,44.2944,-101.54,0.02375,0.03185,0.23021,0.05584,421,10,0.08897,9.69305,0.01645,0.00795,4732.0270,1089.3599,34.6983,0.39,1851,58800,0.833,0.195,0.106,0.018
53001,Adams,WA,P,OTX,ee,46.9834,-118.5605,0.04027,0.11321,0.54880,0.13576,14678,591,2.93684,13.62801,0.04928,0.00000,4997.7816,2742.7825,310.5107,4.17,20820,62400,0.684,0.154,0.151,0.046
48241,Jasper,TX,C,LCH,se,30.744,-94.025,0.00729,0.34763,0.06994,0.05617,20849,152,8.30300,9.59396,0.07997,0.43815,2510.9967,175.6191,61.0499,13.02,32694,50800,0.702,0.126,0.166,0.063
12113,Santa Rosa,FL,C,MOB,nw,30.732,-87.0172,0.00401,0.39948,0.11081,0.05620,48355,194,18.26976,27.63342,0.14195,0.42609,2646.7003,293.2809,117.1587,76.76,203162,82500,1.191,0.310,0.081,0.028
30013,Cascade,MT,M,TFX,cc,47.308,-111.3472,0.00506,0.16892,0.20988,0.05640,35381,179,5.03803,41.47826,0.03632,0.16921,7022.8161,1473.9486,248.9722,12.09,84900,59200,0.871,0.287,0.121,0.029
20019,Chautauqua,KS,C,ICT,se,37.1501,-96.2453,0.00499,0.25166,0.14303,0.05642,2204,11,1.31970,28.66333,0.03166,0.21395,1670.0827,238.8719,60.1136,2.00,3347,49500,0.719,0.183,0.147,0.028
6005,Amador,CA,P,STO,nn,38.4461,-120.6519,0.02617,0.59838,0.01152,0.05650,14864,389,9.48911,0.44020,0.06397,0.43235,1566.4748,18.0458,10.7983,26.69,41811,74400,0.812,0.224,0.117,0.051
31113,Logan,NE,C,LBF,wc,41.5665,-100.4829,0.00673,0.24232,0.11105,0.05658,892,6,0.60267,16.50074,0.01337,0.00112,1479.3752,164.2846,39.8093,0.44,655,68700,0.984,0.267,0.092,0.024
1097,Mobile,AL,C,MOB,sw,30.7943,-88.2018,0.00379,0.44931,0.10734,0.05675,116747,442,35.31313,28.32190,0.20727,0.32107,3306.0462,354.8710,159.4478,124.51,411640,54300,0.910,0.252,0.163,0.031
42103,Pike,PA,E,BGM,ne,41.3321,-75.0338,0.01957,0.80905,0.01159,0.05683,45676,894,31.12400,0.59223,0.09306,0.77431,1467.5335,17.0087,13.7608,41.73,61247,81900,1.141,0.289,0.100,0.046
46117,Stanley,SD,CM,ABR,cc,44.4123,-100.7359,0.00748,0.11334,0.21875,0.05703,5079,38,1.29286,29.24465,0.01460,0.00031,3928.8640,859.4390,97.4123,0.77,3043,81800,1.159,0.254,0.076,0.018
34001,Atlantic,NJ,E,PHI,ss,39.4825,-74.6766,0.00357,0.89464,0.05845,0.05715,301003,1075,205.92059,16.37255,0.20284,0.30602,1461.7423,85.4388,76.4369,188.28,275213,76100,0.790,0.312,0.119,0.059
12115,Sarasota,FL,E,TBW,wc,27.10385,-82.29945,0.00372,0.75674,0.06657,0.05723,799892,2976,268.00476,17.89516,0.40435,0.06963,1492.3099,99.3431,75.1769,314.29,469013,78300,1.130,0.397,0.095,0.030
13303,Washington,GA,E,FFC,ec,32.9695,-82.7959,0.00683,0.17997,0.15271,0.05726,1465,10,0.82640,22.35871,0.06231,0.40347,1772.7042,270.7097,48.7189,11.18,19820,48500,0.666,0.175,0.216,0.042
48033,Borden,TX,C,MAF,ww,32.7437,-101.4317,0.01163,0.16322,0.09905,0.05729,602,7,0.25653,8.51677,0.01804,0.00340,2346.7249,232.4431,37.9383,0.24,572,75200,1.040,0.353,0.119,0.018
38103,Wells,ND,C,BIS,sc,47.5876,-99.661,0.15474,0.07770,0.80022,0.21269,1202,186,0.35958,5.17138,0.04294,0.00287,3342.7891,2674.9667,207.8516,1.16,3876,66300,0.905,0.223,0.121,0.028
6089,Shasta,CA,P,STO,nn,40.7638,-122.0405,0.01555,0.65629,0.01863,0.05750,97407,1515,9.77501,1.19807,0.05288,0.45210,9964.9133,185.6463,121.8378,18.10,180366,66300,0.725,0.233,0.132,0.051
48129,Donley,TX,C,AMA,pa,34.9654,-100.814,0.01071,0.20662,0.08652,0.05764,1027,11,0.42506,8.07843,0.02377,0.03586,2416.6314,209.0869,43.2005,1.33,3214,44900,0.621,0.161,0.169,0.039
40067,Jefferson,OK,C,OUN,ss,34.1111,-97.8359,0.01444,0.11129,0.12199,0.05809,3808,55,1.90038,8.44806,0.03674,0.06572,2004.0492,244.4740,27.2075,2.67,5347,44200,0.741,0.157,0.242,0.036
50009,Essex,VT,E,BTV,ne,44.7281,-71.7364,0.01041,0.79458,0.02380,0.05817,27006,281,15.48180,2.28626,0.02234,0.84077,1744.3743,41.5161,32.9877,3.45,6010,54600,0.732,0.212,0.144,0.029
21115,Johnson,KY,E,JKL,ne,37.8467,-82.8314,0.01828,0.25057,0.04326,0.05830,711,13,1.04025,2.36652,0.09181,0.83268,683.4875,29.5677,7.4088,32.36,22116,42900,0.724,0.166,0.250,0.066
46059,Hand,SD,C,ABR,cc,44.5478,-99.005,0.07499,0.06977,0.71547,0.15527,1160,87,0.31104,9.54087,0.03182,0.00161,3730.2175,2668.8587,186.2097,0.83,3107,64500,0.914,0.262,0.085,0.016
17113,McLean,IL,C,ILX,cc,40.4908,-88.8473,0.16349,0.46711,0.86157,0.40371,61715,10090,20.08757,5.26986,0.10816,0.02426,3072.3113,2647.0112,1236.4359,55.48,170441,71800,0.936,0.469,0.110,0.039
37029,Camden,NC,E,AKQ,ne,36.30705,-76.1189,0.00269,0.43538,0.17270,0.05870,76,0,0.44708,64.20074,0.00056,0.00001,623.3535,107.6531,46.8705,17.87,11137,82600,1.224,0.258,0.080,0.033
6051,Mono,CA,P,REV,nn,37.939,-118.8867,0.03219,0.62498,0.01012,0.05883,94605,3045,11.66347,0.31438,0.01104,0.21266,8111.2177,82.0855,51.3022,1.61,13066,79100,0.864,0.343,0.078,0.038
16055,Kootenai,ID,P,OTX,pa,47.6746,-116.7,0.00668,0.42484,0.07197,0.05889,19164,128,5.62402,10.77395,0.10517,0.62132,3407.4894,245.2370,104.1866,54.30,185010,75600,1.041,0.288,0.093,0.036
13173,Lanier,GA,E,TAE,sc,31.038,-83.0626,0.00488,0.19811,0.21277,0.05903,615,3,1.18903,43.60041,0.06984,0.26086,517.5095,110.1105,21.8137,20.20,10452,50700,0.697,0.191,0.175,0.038
49033,Rich,UT,M,SLC,nn,41.6323,-111.2444,0.00605,0.40886,0.08318,0.05904,5953,36,2.11587,13.74876,0.01056,0.10220,2813.5315,234.0296,95.6863,0.95,2670,71800,0.811,0.245,0.076,0.024
30103,Treasure,MT,M,BYZ,se,46.2115,-107.2717,0.01458,0.25309,0.05587,0.05907,686,10,0.26913,3.83196,0.01507,0.08324,2548.9229,142.4083,36.0421,0.30,772,60500,0.890,0.328,0.126,0.027
13097,Douglas,GA,E,FFC,nc,33.7015,-84.7677,0.00479,0.59945,0.07206,0.05915,9813,47,18.91742,15.04384,0.37996,0.49915,518.7467,37.3809,22.4081,287.54,149160,79200,1.089,0.308,0.119,0.034
35011,De Baca,NM,M,ABQ,ec,34.3424,-104.412,0.05674,0.57717,0.00632,0.05915,9147,519,1.51317,0.11139,0.00670,0.00002,6044.9317,38.2040,22.0501,0.27,1657,45200,0.755,0.083,0.180,0.033
26061,Houghton,MI,E,MQT,wu,46.8934,-88.6918,0.00928,0.56108,0.04036,0.05945,25001,232,9.46315,4.34914,0.04337,0.70582,2641.8843,106.6265,59.8255,14.23,37599,55600,0.831,0.366,0.171,0.046
30101,Toole,MT,M,TFX,nc,48.6552,-111.6957,0.03810,0.03779,0.52509,0.09110,1050,40,0.20839,13.78189,0.02164,0.00404,5038.7463,2645.7953,99.9912,1.02,5133,49900,0.734,0.215,0.170,0.022
8037,Eagle,CO,M,GJT,wc,39.6278,-106.6953,0.03977,0.55094,0.00966,0.05960,47773,1900,10.90226,0.24290,0.02505,0.57585,4381.9784,42.3299,23.3214,12.41,54381,106000,1.188,0.503,0.066,0.026
13229,Pierce,GA,E,JAX,se,31.3589,-82.2134,0.00726,0.11862,0.24961,0.05990,275,2,0.30928,34.38154,0.08883,0.23343,890.6163,222.3067,26.3701,22.93,20425,52700,0.724,0.183,0.162,0.031
13089,DeKalb,GA,E,FFC,nc,33.7715,-84.2263,0.02257,0.93004,0.01027,0.05996,284393,6419,405.28872,0.45503,0.80163,0.14962,701.7056,7.2065,6.7023,1087.34,762992,76700,1.055,0.467,0.133,0.033
6027,Inyo,CA,P,VEF,sc,36.5111,-117.4107,0.06026,0.93273,0.00386,0.06009,106447,6414,4.01861,0.06406,0.00329,0.03430,26488.4188,102.2453,95.3676,0.70,18527,64300,0.703,0.318,0.118,0.038
12033,Escambia,FL,C,MOB,nw,30.7012,-87.3777,0.00426,0.41113,0.12446,0.06018,68611,292,39.67025,29.21596,0.26198,0.28773,1729.5327,215.2576,88.4999,189.03,326928,61600,0.890,0.289,0.140,0.031
22021,Caldwell,LA,C,SHV,nc,32.0922,-92.1167,0.00996,0.15272,0.14348,0.06021,502,5,0.35860,14.40562,0.05356,0.35324,1399.9041,200.8582,30.6757,6.71,9389,46500,0.838,0.107,0.203,0.040
56013,Fremont,WY,M,RIW,cc,43.0405,-108.6304,0.02362,0.34933,0.02656,0.06029,40480,956,1.68679,1.12447,0.01088,0.11174,23998.3994,637.3975,222.6644,1.66,39815,55100,0.773,0.253,0.135,0.034
26069,Iosco,MI,E,APX,nn,44.3559,-83.636,0.00511,0.38473,0.11174,0.06034,113208,578,77.15202,21.86693,0.08792,0.43396,1467.3402,163.9606,63.0807,17.29,25373,46100,0.689,0.176,0.188,0.060
38005,Benson,ND,C,FGF,ne,48.0694,-99.366,0.09826,0.06590,0.70397,0.16580,3430,337,0.91998,7.16436,0.03654,0.01250,3727.8617,2624.3028,172.9304,1.54,5745,56600,0.773,0.221,0.227,0.027
31069,Garden,NE,M,LBF,pa,41.6194,-102.3354,0.02071,0.08767,0.12434,0.06089,5409,112,1.20653,6.00386,0.01241,0.00035,4483.0938,557.4279,48.8713,0.40,1794,51700,0.741,0.207,0.159,0.020
17075,Iroquois,IL,C,LOT,ec,40.7474,-87.8243,0.09022,0.16357,0.89152,0.23607,4590,414,1.58506,9.88162,0.07275,0.01741,2895.6017,2581.4868,422.2445,9.03,26136,65200,0.849,0.167,0.123,0.046
38067,Pembina,ND,C,FGF,ne,48.7672,-97.5517,0.10543,0.09107,0.88088,0.20375,958,101,0.32993,8.35512,0.04824,0.02108,2903.6291,2557.7488,232.9462,2.29,6661,69100,0.944,0.229,0.089,0.028
46031,Corson,SD,M,ABR,nc,45.7087,-101.1969,0.03514,0.03707,0.17974,0.06163,740,26,0.11293,5.11497,0.01477,0.00597,6551.5017,1177.5669,43.6531,0.58,3782,39300,0.557,0.192,0.337,0.030
28111,Perry,MS,C,MOB,se,31.172,-88.9923,0.01471,0.22721,0.07021,0.06168,1087,16,0.64575,4.77294,0.05600,0.54032,1683.8484,118.2230,26.8620,6.72,11315,45100,0.854,0.114,0.196,0.038
27021,Cass,MN,C,DLH,nc,46.9496,-94.3253,0.00937,0.32415,0.07734,0.06170,27627,259,4.41842,8.25400,0.03328,0.40519,6252.6376,483.5790,156.7534,5.03,31446,67100,0.815,0.254,0.147,0.044
51179,Stafford,VA,E,LWX,nn,38.4019,-77.3945,0.00719,0.76782,0.04268,0.06176,84180,605,59.30936,5.93602,0.24525,0.53586,709.6737,30.2889,23.2565,233.10,165428,134000,1.566,0.433,0.053,0.029
33003,Carroll,NH,E,GYX,nn,43.8739,-71.2028,0.01734,0.86688,0.01571,0.06181,78274,1357,30.45922,0.90600,0.06598,0.76437,2569.7855,40.3713,34.9971,20.41,52448,72000,0.793,0.388,0.088,0.023
37141,Pender,NC,E,ILM,se,34.45575,-77.76345,0.00924,0.53266,0.04817,0.06189,30646,283,6.76401,5.21320,0.06722,0.26325,2265.3393,109.1214,58.1250,30.25,68521,73700,1.091,0.298,0.114,0.032
51115,Mathews,VA,E,AKQ,ee,37.45,-76.3418,0.00601,0.87219,0.04531,0.06193,30314,182,67.88287,7.53910,0.09469,0.21904,223.2768,10.1167,8.8236,38.13,8514,73800,0.860,0.301,0.092,0.028
6065,Riverside,CA,P,SGXPSR,ss,33.7437,-115.9939,0.00863,0.73762,0.03781,0.06220,407634,3518,21.55007,4.38123,0.10877,0.01863,18915.6667,715.2014,527.5442,131.77,2492442,86400,0.944,0.251,0.113,0.048
29035,Carter,MO,C,PAH,se,36.9413,-90.9623,0.01187,0.23745,0.08540,0.06221,5727,68,4.34377,7.19461,0.03789,0.84603,1318.4407,112.5948,26.7356,4.02,5303,42900,0.662,0.133,0.194,0.044
12015,Charlotte,FL,E,TBW,sw,26.9379,-82.001,0.00488,0.46786,0.10592,0.06230,1412,7,18.10924,21.70492,0.05811,0.00006,1814.9486,192.2394,89.9409,113.58,206134,65000,0.939,0.253,0.091,0.035
38045,LaMoure,ND,C,BIS,se,46.4569,-98.5355,0.08826,0.08648,0.82921,0.18497,736,65,0.24709,9.39508,0.04109,0.00299,2980.4825,2471.4459,213.7194,1.37,4096,77700,1.061,0.242,0.094,0.018
54095,Tyler,WV,E,RLX,nn,39.4653,-80.8849,0.01949,0.13369,0.09367,0.06249,872,17,1.29177,4.80605,0.05805,0.81830,675.0627,63.2331,8.4536,11.73,7919,57600,1.064,0.157,0.190,0.059
17105,Livingston,IL,C,LOT,cc,40.8914,-88.5578,0.28042,0.16541,0.89991,0.34689,3174,890,1.17216,3.20915,0.07789,0.01235,2707.6634,2436.6534,403.0464,13.04,35320,74400,0.970,0.185,0.111,0.041
30005,Blaine,MT,M,TFX,nc,48.4327,-108.9586,0.01869,0.06411,0.20615,0.06274,4547,85,0.41421,11.02996,0.01539,0.03018,10977.9134,2263.0968,145.0831,0.63,6899,53600,0.789,0.258,0.205,0.036
16049,Idaho,ID,MP,MSO,cc,45.8442,-115.4674,0.03312,0.22826,0.03308,0.06300,9572,317,0.43464,0.99879,0.01019,0.57503,22022.8980,728.5175,166.2945,0.81,17890,60900,0.839,0.220,0.137,0.040
48023,Baylor,TX,C,OUN,nn,33.6165,-99.2135,0.00509,0.20683,0.23896,0.06313,1964,10,0.84144,46.94695,0.02700,0.01169,2333.9462,557.7198,115.3520,1.48,3463,49100,0.679,0.284,0.174,0.025
53003,Asotin,WA,P,OTX,se,46.1919,-117.2031,0.00630,0.30305,0.13187,0.06314,13661,86,8.23316,20.93175,0.03756,0.16282,1659.3037,218.8124,66.3107,13.59,22549,65600,0.719,0.243,0.149,0.034
48335,Mitchell,TX,C,MAF,ww,32.3062,-100.9212,0.00629,0.21844,0.18526,0.06338,5249,33,2.21249,29.45310,0.03350,0.00418,2372.4395,439.5181,96.0088,3.83,9075,48400,0.669,0.139,0.211,0.040
48359,Oldham,TX,C,AMA,pa,35.405,-102.6029,0.01473,0.24489,0.07106,0.06352,1426,21,0.36669,4.82417,0.01262,0.00003,3888.8879,276.3444,67.6746,0.46,1783,66400,0.919,0.253,0.123,0.030
48503,Young,TX,C,FWD,nc,33.1767,-98.6878,0.00927,0.22086,0.12608,0.06367,2265,21,0.93935,13.60086,0.04883,0.11317,2410.8049,303.9543,67.1319,7.52,18124,58300,0.807,0.236,0.145,0.034
30051,Liberty,MT,M,TFX,nc,48.5617,-111.0246,0.01303,0.05918,0.63863,0.07897,1458,19,0.38901,49.01228,0.02045,0.00633,3747.9600,2393.5597,141.6624,0.53,1974,53600,0.789,0.273,0.165,0.025
12131,Walton,FL,C,TAE,pa,30.6023,-86.0304,0.01869,0.34829,0.04008,0.06390,61374,1147,11.13019,2.14446,0.09246,0.41158,2757.1248,110.5056,38.4880,31.32,86354,78800,1.138,0.342,0.109,0.028
48375,Potter,TX,C,AMA,pa,35.4013,-101.894,0.00996,0.65350,0.04028,0.06400,7227,72,3.02682,4.04418,0.07776,0.00001,2387.8092,96.1810,62.8540,48.01,114647,51000,0.706,0.173,0.178,0.031
26003,Alger,MI,E,MQT,nr,46.4099,-86.6018,0.02252,0.49731,0.02350,0.06408,25671,578,10.51091,1.04352,0.02367,0.60235,2442.3654,57.3956,28.5432,3.59,8757,59400,0.887,0.203,0.129,0.077
12029,Dixie,FL,E,TAE,bb,29.6101,-83.1583,0.01230,0.34917,0.06159,0.06419,6017,74,3.26443,5.00732,0.07216,0.27416,1843.2804,113.5276,39.6409,9.47,17465,40600,0.586,0.081,0.237,0.036
30043,Jefferson,MT,M,TFX,sw,46.1485,-112.0937,0.01507,0.47554,0.03745,0.06450,19843,299,4.61859,2.48507,0.02440,0.48184,4296.3654,160.8989,76.5134,3.04,13048,83700,1.232,0.327,0.085,0.029
45029,Colleton,SC,E,CHS,se,32.8655,-80.668,0.01439,0.25230,0.07394,0.06451,64840,933,23.40043,5.13829,0.05945,0.29374,2770.9016,204.8805,51.6906,14.03,38874,47900,0.746,0.167,0.230,0.031
54005,Boone,WV,E,RLX,cc,38.0231,-81.7113,0.31635,0.24919,0.00342,0.06460,386,122,0.29581,0.01081,0.04266,0.85655,1303.6959,4.4586,1.1111,15.78,20576,46500,0.860,0.119,0.208,0.042
54043,Lincoln,WV,E,RLX,cc,38.1753,-82.0705,0.06673,0.16247,0.02493,0.06466,480,32,0.42239,0.37360,0.04953,0.89864,1135.3317,28.3038,4.5986,17.35,19701,43700,0.808,0.084,0.217,0.049
30111,Yellowstone,MT,M,BYZ,sc,45.9372,-108.2744,0.01008,0.17297,0.15525,0.06469,25112,253,3.66020,15.40179,0.05664,0.02299,6860.7000,1065.1237,184.2320,24.90,170843,78200,1.152,0.339,0.099,0.026
6047,Merced,CA,P,HNX,cc,37.1926,-120.718,0.38338,0.36793,0.46853,0.40431,68759,26361,13.46310,1.22210,0.06696,0.00291,5107.2281,2392.8896,880.4201,57.16,291920,65300,0.713,0.148,0.186,0.090
6077,San Joaquin,CA,P,STO,cc,37.9345,-121.272,0.20929,0.56614,0.64426,0.42421,160532,33598,43.45846,3.07831,0.16500,0.00057,3693.9196,2379.8446,1347.3363,216.83,800965,84700,0.926,0.216,0.126,0.062
41059,Umatilla,OR,P,PDT,ne,45.5919,-118.7369,0.04131,0.26533,0.28422,0.14605,39114,1616,4.67367,6.88017,0.04264,0.26657,8369.0850,2378.6613,631.1384,9.57,80053,71000,0.939,0.180,0.165,0.041
20061,Geary,KS,C,TOP,ec,39.0024,-96.7526,0.00493,0.36919,0.15350,0.06537,4866,24,4.64574,31.13590,0.07704,0.09733,1047.3183,160.7634,59.3523,33.46,35047,60000,0.872,0.244,0.110,0.038
17099,La Salle,IL,C,LOT,nc,41.3439,-88.8859,0.38791,0.32703,0.79510,0.46549,57168,22176,19.22508,2.04970,0.10571,0.06466,2973.6370,2364.3388,773.2051,36.42,108309,64700,0.843,0.187,0.116,0.058
54103,Wetzel,WV,E,PBZ,nn,39.6053,-80.6391,0.04970,0.16146,0.03485,0.06539,2475,123,2.64394,0.70121,0.05884,0.88741,936.1061,32.6233,5.2672,14.84,13890,48600,0.898,0.135,0.174,0.059
48143,Erath,TX,C,FWD,nc,32.2363,-98.218,0.01344,0.27873,0.07474,0.06542,5359,72,1.89865,5.56101,0.06993,0.18755,2822.5249,210.9555,58.7989,15.66,44195,60100,0.831,0.325,0.158,0.035
55113,Sawyer,WI,C,DLH,nw,45.88,-91.1447,0.01378,0.53888,0.03788,0.06552,16114,222,4.60810,2.74891,0.03655,0.55717,3496.9676,132.4651,71.3824,5.31,18552,60000,0.845,0.272,0.150,0.042
8043,Fremont,CO,M,PUB,cc,38.473,-105.4396,0.07608,0.82292,0.00451,0.06560,26907,2047,6.77286,0.05928,0.03104,0.47582,3972.7769,17.9172,14.7445,12.67,50318,57300,0.643,0.210,0.184,0.049
48481,Wharton,TX,C,HGX,se,29.2779,-96.2221,0.47006,0.33470,0.83246,0.50784,12911,6069,4.55549,1.77097,0.06082,0.05429,2834.1757,2359.3379,789.6728,14.73,41739,57500,0.795,0.192,0.153,0.039
49023,Juab,UT,M,SLC,cc,39.7026,-112.7848,0.02848,0.47296,0.02113,0.06578,11868,338,1.34506,0.74192,0.01137,0.09384,8823.4389,186.4393,88.1791,1.48,13023,94200,1.064,0.202,0.082,0.023
8021,Conejos,CO,M,PUB,sc,37.2007,-106.1917,0.00845,0.28496,0.11840,0.06582,5125,43,1.53269,14.01183,0.01842,0.26469,3343.7703,395.9024,112.8164,2.25,7521,49100,0.552,0.233,0.181,0.033
38071,Ramsey,ND,C,FGF,ne,48.2689,-98.7201,0.05174,0.06214,0.69505,0.13074,2474,128,0.73430,13.43351,0.03759,0.00379,3369.1912,2341.7563,145.5060,3.40,11463,71300,0.974,0.276,0.124,0.021
48059,Callahan,TX,C,SJT,wc,32.2977,-99.3735,0.00769,0.41302,0.09003,0.06588,4423,34,1.89462,11.70741,0.04370,0.09338,2334.3006,210.1571,86.8001,6.16,14374,63800,0.883,0.239,0.127,0.036
30003,Big Horn,MT,M,BYZ,sc,45.4235,-107.4897,0.03070,0.09699,0.09611,0.06590,2801,86,0.21567,3.13062,0.01393,0.09361,12988.0842,1248.2848,121.0684,0.98,12751,49100,0.723,0.209,0.217,0.044
6063,Plumas,CA,P,STOREV,nn,40.0047,-120.8386,0.03673,0.64053,0.01218,0.06593,77618,2851,11.46645,0.33161,0.03894,0.29444,6769.1556,82.4483,52.8107,2.83,19131,66700,0.729,0.205,0.127,0.073
13293,Upson,GA,E,FFC,wc,32.8812,-84.2993,0.00664,0.29766,0.14525,0.06597,5422,36,6.39035,21.87500,0.08591,0.61544,848.4665,123.2398,36.6837,33.31,28263,48100,0.661,0.148,0.175,0.035
40151,Woods,OK,C,OUN,nw,36.7669,-98.8651,0.01041,0.12340,0.22661,0.06627,2595,27,0.77652,21.76849,0.03850,0.00600,3341.3220,757.1770,93.4364,2.56,8564,54000,0.906,0.325,0.180,0.019
30091,Sheridan,MT,M,GGW,ne,48.7212,-104.5046,0.00589,0.06381,0.52945,0.05838,9500,56,2.15009,89.88964,0.02862,0.00580,4418.6080,2339.4320,149.2898,0.79,3498,63000,0.927,0.247,0.119,0.023
30095,Stillwater,MT,M,BYZ,sc,45.6694,-109.3948,0.01223,0.23753,0.10134,0.06652,6377,78,1.36447,8.28618,0.02465,0.12498,4673.9706,473.6602,112.5100,1.96,9173,81100,1.195,0.298,0.083,0.024
27145,Stearns,MN,C,MPX,cc,45.5522,-94.613,0.16377,0.46652,0.64819,0.36723,41900,6862,11.63924,3.95793,0.10711,0.08948,3599.9220,2333.4334,1088.5939,44.72,160977,72400,0.879,0.286,0.110,0.028
19109,Kossuth,IA,C,DMX,nc,43.2042,-94.2067,0.38415,0.07885,0.91935,0.30311,2582,992,1.02325,2.39321,0.05702,0.00382,2523.6714,2320.1373,182.9508,5.70,14396,65500,0.940,0.222,0.102,0.025
26137,Otsego,MI,E,APX,nn,45.0214,-84.5988,0.01145,0.53608,0.04829,0.06668,12665,145,9.29690,4.21747,0.08238,0.56110,1362.2297,65.7821,35.2647,18.90,25747,65900,0.985,0.258,0.104,0.048
8003,Alamosa,CO,M,PUB,se,37.5729,-105.7883,0.00680,0.27949,0.15599,0.06668,10838,74,5.78355,22.93971,0.03315,0.05980,1873.9671,292.3201,81.7012,8.89,16655,53900,0.605,0.293,0.217,0.037
40069,Johnston,OK,C,OUN,se,34.3165,-96.6606,0.00569,0.35137,0.14908,0.06680,14233,81,8.34703,26.20035,0.03887,0.32950,1705.1950,254.2105,89.3216,5.99,10216,48500,0.813,0.213,0.199,0.038
30105,Valley,MT,M,GGW,ne,48.3653,-106.6675,0.01551,0.08771,0.22212,0.06710,10060,156,0.76734,14.32108,0.01497,0.00385,13110.0605,2912.0066,255.4125,0.57,7474,79700,1.174,0.215,0.154,0.025
48433,Stonewall,TX,C,LUB,nw,33.1791,-100.2533,0.01380,0.23749,0.09223,0.06711,1521,21,0.63830,6.68333,0.01484,0.01762,2383.6018,219.8396,52.2090,0.51,1218,53200,0.735,0.141,0.159,0.027
48191,Hall,TX,C,LUB,pa,34.5308,-100.6811,0.01168,0.11449,0.22622,0.06713,856,10,0.36574,19.36815,0.02082,0.02742,2341.6020,529.7172,60.6481,1.20,2818,40700,0.563,0.178,0.221,0.043
48441,Taylor,TX,C,SJT,wc,32.3015,-99.8901,0.00353,0.45018,0.19212,0.06734,34578,122,14.52392,54.42493,0.11024,0.16061,2380.7896,457.3973,205.9109,61.68,146836,61800,0.855,0.290,0.133,0.033
6083,Santa Barbara,CA,P,LOX,sw,34.6731,-120.0165,0.00855,0.63674,0.05610,0.06734,427651,3656,60.03520,6.56140,0.05576,0.09899,7123.3424,399.6195,254.4544,61.95,441257,89300,0.976,0.359,0.149,0.041
33001,Belknap,NH,E,GYX,cc,43.5188,-71.4233,0.01031,0.82974,0.03576,0.06738,34331,354,28.28633,3.46848,0.10986,0.60164,1213.6851,43.4014,36.0118,53.58,65027,77500,0.854,0.326,0.080,0.021
29189,St. Louis,MO,C,LSX,ec,38.6407,-90.443,0.00461,0.97499,0.06836,0.06748,257464,1187,189.81469,14.82863,0.68568,0.17073,1356.3973,92.7233,90.4041,727.71,987059,79600,1.229,0.469,0.097,0.030
48093,Comanche,TX,C,FWD,cc,31.948,-98.5583,0.01200,0.18632,0.13747,0.06749,2334,28,0.95097,11.45583,0.05618,0.09967,2454.3239,337.3959,62.8629,5.72,14050,51600,0.713,0.200,0.176,0.036
30049,Lewis and Clark,MT,M,TFX,wc,47.1223,-112.3903,0.02002,0.53020,0.02903,0.06754,70782,1417,7.81392,1.45005,0.02681,0.39614,9058.5077,262.9685,139.4266,8.28,75011,72500,1.067,0.428,0.093,0.026
38095,Towner,ND,C,FGF,ne,48.6856,-99.2459,0.07550,0.04680,0.85617,0.14463,689,52,0.25532,11.34000,0.03368,0.00182,2697.6112,2309.6138,108.0947,0.75,2030,70700,0.965,0.189,0.094,0.020
40043,Dewey,OK,C,OUN,nw,35.9877,-99.008,0.01954,0.07998,0.19852,0.06770,307,6,0.11757,10.15967,0.03987,0.05566,2611.1533,518.3662,41.4571,1.64,4286,55400,0.930,0.198,0.138,0.020
20055,Finney,KS,C,DDC,sw,38.0444,-100.7369,0.09077,0.18358,0.67716,0.22429,6445,585,1.91019,7.46017,0.04964,0.00001,3373.7799,2284.5888,419.4010,11.11,37466,70000,1.017,0.197,0.119,0.021
48209,Hays,TX,C,EWX,sc,30.0582,-98.0311,0.00858,0.92455,0.03961,0.06798,78920,677,44.82186,4.61655,0.18461,0.33532,1760.7405,69.7429,64.4807,159.30,280486,89100,1.232,0.419,0.098,0.033
54081,Raleigh,WV,E,RLX,se,37.7714,-81.2486,0.01308,0.53503,0.04501,0.06804,18115,237,11.47800,3.44113,0.10545,0.79226,1578.2036,71.0349,38.0055,45.85,72356,51300,0.949,0.216,0.182,0.037
26135,Oscoda,MI,E,APX,nn,44.6817,-84.1297,0.01747,0.68641,0.02634,0.06810,8646,151,5.84040,1.50773,0.05613,0.68401,1480.3437,38.9923,26.7648,5.77,8545,46600,0.697,0.148,0.187,0.076
56043,Washakie,WY,M,RIW,cc,43.905,-107.6829,0.02060,0.42112,0.03668,0.06827,4660,96,0.80220,1.78058,0.01336,0.04541,5809.0579,213.0762,89.7316,1.33,7710,60700,0.852,0.220,0.123,0.033
26097,Mackinac,MI,E,APX,ee,46.0812,-85.0921,0.02012,0.61231,0.02586,0.06830,33566,675,12.13987,1.28529,0.03168,0.34715,2764.9706,71.5021,43.7816,3.92,10851,56900,0.851,0.235,0.136,0.089
13249,Schley,GA,E,FFC,wc,32.262,-84.3149,0.00562,0.31272,0.18141,0.06831,3381,19,7.76345,32.27936,0.06133,0.49814,435.5022,79.0045,24.7059,10.39,4526,57500,0.791,0.190,0.153,0.033
36119,Westchester,NY,E,OKX,se,41.1631,-73.7561,0.01658,1.00000,0.01928,0.06837,334679,5549,271.83770,1.16285,0.48450,0.37086,1231.1737,23.7370,23.7370,804.77,990817,108000,1.360,0.525,0.093,0.034
27129,Renville,MN,C,MPX,cc,44.7268,-94.9472,0.14780,0.20416,0.88443,0.29884,6360,940,2.48756,5.98396,0.05848,0.02144,2556.7322,2261.2507,461.6564,5.61,14348,66600,0.808,0.184,0.112,0.037
8011,Bent,CO,M,PUB,se,37.9551,-103.0717,0.00866,0.54997,0.06786,0.06863,21122,183,5.29193,7.83603,0.01489,0.00010,3991.3956,270.8561,148.9636,1.42,5681,43000,0.482,0.142,0.286,0.030
48045,Briscoe,TX,C,LUB,pa,34.5303,-101.2086,0.00895,0.18718,0.19348,0.06869,3350,30,1.43474,21.61788,0.01952,0.10790,2335.1895,451.8125,84.5707,0.62,1445,53200,0.736,0.190,0.139,0.038
20193,Thomas,KS,C,GLD,nw,39.3509,-101.0555,0.01037,0.08842,0.80531,0.09038,1928,20,0.69252,77.65767,0.04643,0.00003,2784.0521,2242.0250,198.2294,2.83,7865,62900,0.914,0.302,0.094,0.019
27027,Clay,MN,C,FGF,nw,46.8924,-96.4906,0.18925,0.51761,0.81308,0.43025,33554,6350,12.30515,4.29633,0.07407,0.01909,2726.8076,2217.1127,1147.5897,24.30,66258,79400,0.964,0.390,0.131,0.021
41045,Malheur,OR,MP,BOI,se,43.1934,-117.6231,0.02510,0.35950,0.03639,0.06899,11035,277,0.42907,1.44980,0.00976,0.00498,25717.8203,935.8715,336.4491,1.25,32044,49400,0.653,0.155,0.197,0.037
48361,Orange,TX,C,LCH,se,30.1281,-93.8965,0.00643,0.39146,0.13069,0.06903,7313,47,7.73171,20.32504,0.23997,0.13064,945.8424,123.6121,48.3897,90.63,85722,63900,0.884,0.178,0.145,0.054
12091,Okaloosa,FL,C,MOB,nw,30.7068,-86.5964,0.00850,0.74606,0.05192,0.06905,40935,348,16.84058,6.10824,0.14670,0.48989,2430.7280,126.2034,94.1557,89.88,218464,76700,1.106,0.342,0.101,0.026
22095,St. John The Baptist,LA,C,LIX,se,30.0792,-90.5462,0.00792,0.41588,0.10063,0.06921,2399,19,3.70979,12.70581,0.10934,0.00077,646.6707,65.0745,27.0634,61.22,39592,60600,1.092,0.187,0.168,0.044
49035,Salt Lake,UT,M,SLC,nn,40.6676,-111.9239,0.02206,0.91183,0.01683,0.06969,229770,5069,109.82463,0.76292,0.36732,0.23378,2092.1550,35.2110,32.1065,566.79,1185813,91700,1.036,0.386,0.095,0.027
38021,Dickey,ND,C,BIS,se,46.1102,-98.5045,0.13979,0.08283,0.74959,0.20551,2218,310,0.74997,5.36226,0.03920,0.00267,2957.0638,2216.5855,183.6050,1.66,4900,56300,0.769,0.271,0.115,0.017
17031,Cook,IL,C,LOT,ne,41.8399,-87.8167,0.01247,0.99241,0.02771,0.06999,1130448,14097,455.48843,2.22213,0.85070,0.05109,2481.8358,68.7717,68.2496,2049.72,5087072,76600,0.998,0.419,0.132,0.044
17019,Champaign,IL,C,ILX,ec,40.1401,-88.1991,0.09610,0.52413,0.85421,0.35041,133464,12826,51.65699,8.88876,0.12586,0.01019,2583.6513,2206.9808,1156.7414,79.59,205644,61200,0.798,0.466,0.162,0.041
38061,Mountrail,ND,C,BIS,nw,48.2013,-102.3556,0.00887,0.13653,0.43412,0.08071,15327,136,3.04887,48.94250,0.04891,0.01630,5027.1533,2182.3878,297.9723,1.87,9383,74100,1.012,0.224,0.116,0.012
40095,Marshall,OK,C,OUN,se,34.0245,-96.769,0.01618,0.26129,0.08265,0.07043,1792,29,1.62041,5.10816,0.06299,0.28441,1106.0988,91.4191,23.8873,14.44,15970,51300,0.861,0.169,0.157,0.032
41011,Coos,OR,P,MFR,sw,43.1739,-124.0594,0.02138,0.47132,0.03471,0.07046,64558,1380,15.32508,1.62348,0.04801,0.72614,4212.6005,146.2194,68.9164,15.24,64212,56000,0.740,0.217,0.160,0.045
55099,Price,WI,C,DLH,nc,45.6804,-90.3614,0.02269,0.25504,0.06099,0.07067,9564,217,2.88855,2.68797,0.03535,0.43450,3310.9826,201.9368,51.5014,4.26,14102,53900,0.758,0.171,0.120,0.034
13305,Wayne,GA,E,JAX,se,31.5515,-81.9168,0.01465,0.22815,0.10603,0.07077,2185,32,1.29997,7.23754,0.08378,0.27466,1680.8026,178.2155,40.6597,18.67,31373,51100,0.703,0.140,0.197,0.033
20191,Sumner,KS,C,ICT,sc,37.2373,-97.4765,0.02719,0.19765,0.70796,0.15611,13533,368,4.41031,26.03751,0.05817,0.02269,3068.5143,2172.3854,429.3812,7.28,22334,62900,0.914,0.267,0.112,0.027
54099,Wayne,WV,E,RLX,ww,38.1461,-82.427,0.04214,0.26065,0.03263,0.07103,2990,126,2.25396,0.77432,0.08078,0.86386,1326.5923,43.2867,11.2827,28.41,37686,52500,0.971,0.177,0.182,0.041
40123,Pontotoc,OK,C,OUN,ec,34.7281,-96.6844,0.01322,0.22307,0.12192,0.07111,1059,14,0.56376,9.22239,0.06861,0.35019,1878.9548,229.0822,51.1016,20.43,38396,56100,0.940,0.297,0.139,0.031
54069,Ohio,WV,E,PBZ,nn,40.0969,-80.6189,0.00383,0.52636,0.18012,0.07134,8357,32,29.65224,47.02872,0.22251,0.55758,281.8457,50.7660,26.7210,146.16,41194,60200,1.114,0.325,0.145,0.038
8125,Yuma,CO,M,GLD,ne,40.0029,-102.4243,0.02087,0.11920,0.35169,0.09564,13034,272,2.12419,16.85146,0.03000,0.00001,6135.9600,2157.9558,257.2253,1.61,9862,56100,0.629,0.260,0.127,0.020
24003,Anne Arundel,MD,E,LWX,cc,38.9703,-76.56835,0.00805,0.98197,0.04619,0.07147,483646,3893,218.43194,5.73789,0.45769,0.29298,1107.0878,51.1364,50.2146,537.07,594582,113000,1.185,0.452,0.063,0.018
53031,Jefferson,WA,P,SEW,nw,47.7478,-123.6002,0.06469,0.94272,0.00601,0.07156,160756,10399,34.13230,0.09290,0.02497,0.80772,4709.7926,28.3059,26.6845,7.16,33714,69200,0.758,0.433,0.110,0.050
48007,Aransas,TX,C,CRP,sc,28.1358,-96.9975,0.00793,0.57744,0.08011,0.07159,117955,935,174.20444,10.10214,0.13125,0.03516,677.1076,54.2431,31.3221,37.47,25374,60500,0.837,0.276,0.171,0.049
41033,Josephine,OR,P,MFR,sw,42.3654,-123.5555,0.01859,0.83090,0.02385,0.07169,47390,881,11.14640,1.28295,0.06373,0.57579,4251.6172,101.4011,84.2543,20.66,87821,55000,0.727,0.197,0.151,0.051
30039,Granite,MT,M,MSO,wc,46.4045,-113.4403,0.02521,0.45831,0.03207,0.07183,4999,126,1.11378,1.27211,0.01356,0.55339,4488.1836,143.9360,65.9677,0.80,3595,58200,0.857,0.312,0.116,0.041
49013,Duchesne,UT,M,SLC,nn,40.2975,-110.4247,0.03161,0.20038,0.05851,0.07183,5559,176,0.65922,1.85100,0.01502,0.31378,8432.4161,493.3807,98.8612,2.43,20477,67300,0.760,0.170,0.124,0.029
22085,Sabine,LA,C,SHV,nw,31.564,-93.5547,0.05416,0.11810,0.05824,0.07195,1422,77,0.54263,1.07533,0.06276,0.46499,2619.9476,152.5857,18.0206,8.36,21906,45100,0.813,0.145,0.193,0.038
26041,Delta,MI,E,MQT,sr,45.9197,-86.9244,0.01159,0.44713,0.07229,0.07209,21924,254,7.17346,6.23727,0.05120,0.28988,3056.2921,220.9394,98.7894,12.04,36790,57000,0.852,0.200,0.141,0.052
44007,Providence,RI,E,BOX,,41.8724,-71.5811,0.01974,0.93465,0.02031,0.07209,107423,2121,96.39117,1.02888,0.36047,0.46466,1114.4493,22.6345,21.1554,592.77,660615,74200,0.917,0.322,0.127,0.033
13073,Columbia,GA,E,CAE,ec,33.5442,-82.264,0.00800,0.60319,0.07769,0.07211,17879,143,22.42762,9.71125,0.24435,0.52123,797.1890,61.9336,37.3577,207.18,165162,94200,1.295,0.378,0.068,0.030
6031,Kings,CA,P,HNX,cc,36.0753,-119.8156,0.20375,0.25622,0.59601,0.31453,13144,2678,3.64743,2.92520,0.07687,0.00017,3603.7098,2147.8471,550.3240,42.37,152682,63700,0.696,0.139,0.175,0.082
48451,Tom Green,TX,C,SJT,wc,31.4044,-100.4621,0.00588,0.31513,0.20389,0.07229,34363,202,8.61197,34.67517,0.05781,0.00844,3990.1488,813.5514,256.3770,29.84,119057,60300,0.835,0.251,0.146,0.035
12077,Liberty,FL,E,TAE,bb,30.2414,-84.8829,0.02575,0.85884,0.01709,0.07230,7068,182,3.23618,0.66369,0.04169,0.27625,2183.9474,37.3237,32.0552,3.53,7706,49500,0.715,0.158,0.208,0.033
49019,Grand,UT,M,GJT,ec,38.9818,-109.5697,0.16922,0.67300,0.00333,0.07238,32443,5490,3.40244,0.01968,0.00797,0.23061,9535.3323,31.7527,21.3695,1.02,9706,67200,0.759,0.347,0.106,0.036
30073,Pondera,MT,M,TFX,nc,48.2283,-112.2288,0.00768,0.07220,0.50321,0.06534,1953,15,0.45776,65.52214,0.02652,0.05646,4266.0831,2146.7357,154.9902,1.44,6125,51100,0.752,0.195,0.193,0.029
49021,Iron,UT,M,SLC,ss,37.8592,-113.2893,0.02409,0.42807,0.03697,0.07251,14819,357,1.73283,1.53466,0.01901,0.30419,8551.8564,316.1621,135.3406,7.51,64211,66500,0.751,0.303,0.116,0.026
40139,Texas,OK,C,AMA,pa,36.7479,-101.49,0.03062,0.10286,0.40116,0.10811,3364,103,0.63391,13.10124,0.04076,0.00001,5306.3483,2128.6947,218.9530,3.84,20371,60700,1.018,0.244,0.115,0.021
20015,Butler,KS,C,ICT,sc,37.7813,-96.8391,0.00907,0.20745,0.20746,0.07308,9262,84,2.47244,22.87321,0.05930,0.03402,3746.2833,777.2039,161.2315,18.32,68632,80200,1.165,0.326,0.092,0.027
55075,Marinette,WI,C,GRB,ne,45.383,-88.0344,0.00966,0.33935,0.12004,0.07328,35827,346,9.70835,12.42650,0.05756,0.36562,3690.2940,442.9829,150.3250,11.41,42106,58600,0.824,0.195,0.114,0.040
28041,Greene,MS,C,MOB,se,31.2142,-88.6392,0.05715,0.09932,0.06934,0.07328,385,22,0.20679,1.21330,0.05615,0.44372,1861.4548,129.0733,12.8193,7.31,13601,52600,0.996,0.119,0.221,0.041
51181,Surry,VA,E,AKQ,se,37.1601,-76.87875,0.00910,0.41238,0.10684,0.07374,4496,41,63.33682,11.74066,0.00416,0.00562,725.9219,77.5575,31.9834,9.08,6593,65300,0.761,0.254,0.124,0.027
22103,St. Tammany,LA,C,LIX,se,30.4481,-89.9401,0.01043,0.59735,0.06460,0.07383,117607,1227,51.96460,6.19367,0.18430,0.31443,2263.2056,146.2031,87.3342,121.77,275583,78600,1.418,0.366,0.119,0.033
53047,Okanogan,WA,P,OTX,nc,48.5487,-119.7408,0.03479,0.51258,0.02271,0.07399,73662,2563,5.35108,0.65277,0.02471,0.29706,13765.8236,312.6219,160.2437,3.18,43712,58700,0.643,0.240,0.167,0.055
46045,Edmunds,SD,C,ABR,nc,45.4188,-99.2155,0.05159,0.06034,0.70256,0.12980,659,34,0.22104,13.61814,0.03568,0.00079,2981.4072,2094.6174,126.3855,1.36,4057,72000,1.020,0.295,0.102,0.020
27077,Lake of the Woods,MN,C,FGF,nc,48.7718,-94.9048,0.01929,0.38449,0.05468,0.07402,3680,71,0.79845,2.83463,0.01330,0.00567,4608.5478,251.9954,96.8894,0.82,3778,62100,0.755,0.214,0.105,0.035
37133,Onslow,NC,E,MHX,ee,34.7374,-77.4342,0.00828,0.50042,0.09852,0.07418,22467,186,11.28772,11.89855,0.14683,0.28429,1990.4256,196.0967,98.1303,107.35,213676,62200,0.921,0.261,0.124,0.040
12127,Volusia,FL,E,MLB,ec,29.0604,-81.1912,0.00891,0.74053,0.06190,0.07419,119799,1067,37.70630,6.94725,0.23292,0.21860,3177.1491,196.6655,145.6363,185.81,590357,64600,0.932,0.272,0.119,0.033
28059,Jackson,MS,C,LIX,ss,30.5459,-88.6362,0.01704,0.44583,0.05404,0.07432,103447,1763,54.19729,3.17136,0.14596,0.23185,1908.7152,103.1470,45.9864,76.70,146389,61500,1.165,0.249,0.134,0.033
13025,Brantley,GA,E,JAX,se,31.197,-81.9819,0.02022,0.40917,0.04968,0.07435,989,20,0.85354,2.45697,0.07543,0.33725,1158.7043,57.5644,23.5539,15.88,18401,50400,0.692,0.109,0.178,0.035
51005,Alleghany,VA,E,RNK,wc,37.7876,-80.007,0.02049,0.42162,0.04776,0.07445,1806,37,1.55356,2.33089,0.05316,0.88169,1162.3113,55.5120,23.4051,12.56,14595,52400,0.611,0.156,0.139,0.035
41037,Lake,OR,P,MFR,sc,42.7934,-120.3874,0.07078,0.24954,0.02344,0.07453,46141,3266,2.13145,0.33117,0.01458,0.13549,21647.6851,507.4217,126.6226,0.38,8293,54700,0.723,0.209,0.170,0.050
42047,Elk,PA,E,CTP,nc,41.4252,-78.6492,0.01762,0.58977,0.03989,0.07456,11839,209,5.49240,2.26390,0.04258,0.86945,2155.4685,85.9816,50.7093,14.01,30198,57600,0.802,0.199,0.100,0.033
22119,Webster,LA,C,SHV,nw,32.7135,-93.335,0.01868,0.23713,0.09431,0.07476,1285,24,0.80677,5.04872,0.09781,0.49820,1592.7650,150.2137,35.6204,22.12,35238,43700,0.788,0.128,0.203,0.044
38023,Divide,ND,C,BIS,nw,48.8149,-103.4873,0.03368,0.10080,0.61940,0.12812,2435,82,0.72639,18.39074,0.04572,0.00045,3351.6819,2076.0318,209.2704,0.64,2135,70500,0.963,0.204,0.098,0.012
48075,Childress,TX,C,LUB,pa,34.5292,-100.2076,0.01307,0.14122,0.22839,0.07498,1454,19,0.78662,17.47437,0.02903,0.01155,1848.4049,422.1572,59.6163,3.67,6788,49200,0.681,0.115,0.199,0.028
46075,Jones,SD,C,ABR,cc,43.9604,-100.6896,0.02169,0.08776,0.22707,0.07561,922,20,0.36634,10.46888,0.01894,0.00021,2516.7992,571.4896,50.1530,0.34,855,60900,0.862,0.253,0.141,0.025
33007,Coos,NH,E,GYX,nn,44.6893,-71.3057,0.03000,0.72114,0.02004,0.07569,74591,2238,15.73162,0.66800,0.02834,0.81735,4741.4532,95.0187,68.5215,6.62,31372,52300,0.576,0.202,0.135,0.026
8073,Lincoln,CO,M,BOU,ec,38.988,-103.514,0.01693,0.11405,0.22501,0.07574,13228,224,1.97464,13.29061,0.01829,0.00004,6698.8807,1507.3151,171.9131,0.82,5480,54300,0.610,0.257,0.148,0.028
5051,Garland,AR,C,LZK,cc,34.5767,-93.1504,0.01072,0.56449,0.07237,0.07594,30322,325,15.93651,6.75093,0.13583,0.66833,1902.6642,137.6958,77.7284,52.44,99784,53200,0.959,0.262,0.189,0.037
37055,Dare,NC,E,MHX,ee,35.7715,-75.8009,0.02288,0.99995,0.01920,0.07602,256074,5859,256.41638,0.83916,0.09228,0.01501,998.6640,19.1743,19.1734,38.16,38110,82100,1.215,0.428,0.089,0.040
55031,Douglas,WI,C,DLH,nw,46.4309,-91.9147,0.01336,0.56005,0.05874,0.07603,28436,380,8.23536,4.39671,0.05669,0.48305,3452.9207,202.8246,113.5916,12.82,44264,66200,0.931,0.278,0.095,0.043
8013,Boulder,CO,M,BOU,ne,40.0925,-105.3575,0.00509,0.99900,0.08670,0.07611,447996,2280,233.46947,17.03340,0.14546,0.41483,1918.8653,166.3656,166.2000,170.33,326831,96600,1.084,0.639,0.110,0.028
35043,Sandoval,NM,M,ABQ,nc,35.6887,-106.8659,0.13306,0.72574,0.00457,0.07613,71657,9535,7.44830,0.03435,0.02264,0.19281,9620.5820,43.9661,31.9081,16.21,155936,82900,1.385,0.334,0.117,0.036
37173,Swain,NC,E,GSP,ww,35.4867,-83.4927,0.05526,0.97889,0.00816,0.07614,20992,1160,14.99041,0.14767,0.03510,0.93090,1400.3671,11.4270,11.1858,9.94,13916,55500,0.821,0.213,0.156,0.029
5135,Sharp,AR,C,LZK,nc,36.1611,-91.4799,0.01270,0.14067,0.24848,0.07628,6221,79,3.96202,19.56535,0.05612,0.66965,1570.1595,390.1532,54.8819,11.44,17968,45700,0.824,0.119,0.197,0.039
12035,Flagler,FL,E,JAX,ne,29.4605,-81.3145,0.01095,0.48498,0.08400,0.07641,23286,255,17.85153,7.67123,0.15029,0.29914,1304.4127,109.5707,53.1396,100.76,131439,73300,1.058,0.304,0.089,0.037
13053,Chattahoochee,GA,E,FFC,wc,32.347,-84.787,0.07552,0.38409,0.01549,0.07659,2979,225,4.57966,0.20511,0.11434,0.67828,650.5927,10.0777,3.8708,13.31,8661,57500,0.791,0.276,0.163,0.045
30027,Fergus,MT,M,TFX,cc,47.2636,-109.2243,0.01717,0.16562,0.15838,0.07665,14855,255,1.31844,9.22423,0.01961,0.14803,11267.4207,1784.5341,295.5533,1.04,11772,60500,0.890,0.238,0.112,0.031
19155,Pottawattamie,IA,C,OAX,sw,41.3364,-95.5423,0.21634,0.20743,0.83085,0.33407,11209,2425,4.50867,3.84048,0.10103,0.04130,2486.0163,2065.5066,428.4434,37.48,93179,68700,0.986,0.235,0.116,0.029
53007,Chelan,WA,P,OTX,nc,47.8691,-120.6188,0.06273,0.83351,0.00866,0.07679,102414,6424,13.20957,0.13805,0.02544,0.46018,7753.0088,67.1411,55.9629,10.32,79997,81700,0.895,0.302,0.102,0.043
38041,Hettinger,ND,M,BIS,sw,46.4326,-102.4603,0.06904,0.08642,0.70174,0.16117,1101,76,0.37492,10.16425,0.04443,0.00048,2936.2787,2060.5042,178.0599,0.82,2415,66200,0.904,0.187,0.127,0.016
8007,Archuleta,CO,M,GJT,sw,37.1936,-107.0483,0.04159,0.63041,0.01733,0.07688,22624,941,6.44604,0.41669,0.02487,0.65520,3509.7744,60.8244,38.3445,4.04,14189,66000,0.741,0.407,0.112,0.032
48181,Grayson,TX,C,FWD,nc,33.6268,-96.6776,0.00519,0.38265,0.22908,0.07691,88937,462,35.06697,44.13873,0.12392,0.18048,2536.1959,580.9918,222.3160,57.92,146907,66100,0.915,0.237,0.109,0.037
54019,Fayette,WV,E,RLX,se,38.0288,-81.0811,0.01611,0.74130,0.03817,0.07696,22097,356,12.76683,2.36934,0.06287,0.84907,1730.8267,66.0657,48.9748,22.57,39072,48700,0.900,0.161,0.167,0.044
6015,Del Norte,CA,P,EKA,nw,41.7431,-123.897,0.02518,0.95601,0.01895,0.07698,41816,1053,15.91505,0.75258,0.03536,0.75484,2627.4744,49.7906,47.6005,10.12,26589,57300,0.626,0.210,0.138,0.057
22063,Livingston,LA,C,LIX,se,30.4507,-90.7393,0.01737,0.43678,0.06035,0.07707,14968,260,8.85542,3.47438,0.15411,0.25383,1690.3051,102.0099,44.5559,88.83,150145,72900,1.314,0.203,0.141,0.030
26141,Presque Isle,MI,E,APX,nn,45.3402,-83.9173,0.01265,0.27241,0.13369,0.07723,4903,62,2.76007,10.56838,0.04851,0.27347,1776.3712,237.4831,64.6935,7.48,13285,56400,0.842,0.202,0.131,0.077
8051,Gunnison,CO,M,GJT,wc,38.6668,-107.0317,0.04069,0.80535,0.01410,0.07731,34703,1412,4.11027,0.34652,0.01159,0.54296,8442.9584,119.0457,95.8730,2.05,17321,88900,0.997,0.593,0.107,0.026
8089,Otero,CO,M,PUB,se,37.9027,-103.7164,0.01173,0.48051,0.08231,0.07741,10743,126,3.26654,7.01705,0.02423,0.00046,3288.8174,270.7026,130.0741,5.51,18136,46600,0.523,0.188,0.201,0.041
37049,Craven,NC,E,MHX,ee,35.1262,-77.0969,0.00652,0.49179,0.14486,0.07744,52182,340,27.89815,22.21779,0.10753,0.24686,1870.4391,270.9518,133.2523,54.74,102391,63100,0.934,0.260,0.155,0.035
5025,Cleveland,AR,C,LZK,se,33.8983,-92.1852,0.05816,0.17481,0.04571,0.07746,1066,62,0.68719,0.78594,0.04406,0.50506,1551.2379,70.9071,12.3952,4.76,7378,55500,1.001,0.162,0.157,0.035
13209,Montgomery,GA,E,FFC,cc,32.1746,-82.5338,0.01200,0.22416,0.17306,0.07750,500,6,0.78054,14.42167,0.07199,0.27751,640.5828,110.8593,24.8500,13.68,8761,48400,0.665,0.202,0.207,0.039
20017,Chase,KS,C,ICT,ec,38.3021,-96.594,0.01240,0.43818,0.08625,0.07767,9278,115,4.60422,6.95565,0.02399,0.03094,2015.0250,173.7959,76.1533,1.28,2579,58600,0.851,0.293,0.114,0.023
54021,Gilmer,WV,E,RLX,nc,38.9241,-80.8571,0.05151,0.16877,0.05411,0.07777,1320,68,1.49900,1.05048,0.04503,0.89761,880.6134,47.6500,8.0420,8.24,7254,44900,0.831,0.199,0.264,0.053
36085,Richmond,NY,E,OKX,se,40.5811,-74.1554,0.05261,1.00000,0.00897,0.07786,119378,6280,739.41691,0.17050,0.72193,0.06678,161.4495,1.4482,1.4482,3039.26,490687,91600,1.153,0.358,0.131,0.049
22043,Grant,LA,C,SHV,nc,31.5997,-92.5594,0.02481,0.21984,0.08666,0.07790,2902,72,1.68637,3.49295,0.06513,0.52217,1720.9441,149.1370,32.7863,12.73,21911,52800,0.953,0.128,0.204,0.037
47083,Houston,TN,C,OHX,mi,36.286,-87.7171,0.00779,0.35329,0.17191,0.07792,9756,76,18.20636,22.06804,0.06366,0.69974,535.8566,92.1191,32.5451,15.66,8393,60600,0.929,0.137,0.170,0.046
27135,Roseau,MN,C,FGF,nw,48.7751,-95.8107,0.09575,0.14835,0.47300,0.18870,4167,399,0.95853,4.93995,0.03978,0.03562,4347.4405,2056.3394,305.0548,3.51,15252,71800,0.872,0.205,0.090,0.028
38097,Traill,ND,C,FGF,se,47.4542,-97.1615,0.09935,0.10548,0.91802,0.21268,1993,198,0.89185,9.24026,0.05641,0.00439,2234.7342,2051.5307,216.3986,3.54,7908,79100,1.080,0.312,0.084,0.017
8009,Baca,CO,M,PUB,se,37.3192,-102.5605,0.00356,0.10451,0.30715,0.04853,16595,59,2.50569,86.27809,0.02214,0.00210,6623.0543,2034.2711,212.6049,0.50,3344,47100,0.529,0.241,0.202,0.020
1037,Coosa,AL,C,BMX,ec,32.9362,-86.2476,0.03243,0.25968,0.05676,0.07819,1326,43,0.76827,1.75023,0.04185,0.72323,1725.9461,97.9647,25.4391,5.95,10268,49500,0.829,0.149,0.182,0.026
55079,Milwaukee,WI,C,MKX,se,43.0071,-87.9667,0.01026,0.99178,0.04718,0.07830,321169,3295,510.91355,4.59844,0.85603,0.03237,628.6161,29.6581,29.4144,1457.50,916205,58400,0.822,0.339,0.171,0.038
49011,Davis,UT,M,SLC,nn,40.9907,-112.1114,0.01416,0.90948,0.03740,0.07839,155031,2195,94.46071,2.64124,0.17093,0.09058,1641.2232,61.3817,55.8252,227.40,373207,103000,1.165,0.387,0.060,0.024
8045,Garfield,CO,M,GJT,wc,39.5993,-107.9039,0.05316,0.44858,0.02029,0.07851,21801,1159,2.84778,0.38168,0.02323,0.47934,7655.4395,155.3289,69.6772,8.19,62707,86600,0.972,0.334,0.091,0.029
12075,Levy,FL,E,TBW,nn,29.30215,-82.9137,0.00841,0.51523,0.11253,0.07871,382,3,24.77233,13.38050,0.00175,0.00000,2936.3358,330.4259,170.2452,15.85,46545,55100,0.796,0.162,0.183,0.035
27127,Redwood,MN,C,MPX,sw,44.4037,-95.2539,0.32768,0.16074,0.88804,0.36030,2966,972,1.29960,2.71008,0.05857,0.01663,2282.4617,2026.9173,325.8087,6.70,15288,66600,0.809,0.208,0.119,0.029
53065,Stevens,WA,P,OTX,ne,48.399,-117.8551,0.02303,0.48018,0.04469,0.07906,16369,377,2.48799,1.94051,0.04593,0.60064,6579.0758,294.0189,141.1808,7.42,48837,65700,0.720,0.218,0.119,0.060
54067,Nicholas,WV,E,RLX,se,38.2917,-80.7993,0.02322,0.36640,0.05837,0.07919,6200,144,3.65845,2.51378,0.04760,0.82765,1694.8306,98.9273,36.2467,14.26,24169,46800,0.864,0.190,0.193,0.046
5125,Saline,AR,C,LZK,cc,34.6466,-92.6766,0.00827,0.69081,0.08708,0.07924,37255,308,19.68974,10.52963,0.14566,0.61241,1892.1058,164.7646,113.8203,68.48,129574,70300,1.267,0.285,0.093,0.027
48251,Johnson,TX,C,FWD,nc,32.379,-97.3663,0.00479,0.56033,0.18562,0.07927,37179,178,19.54565,38.75157,0.19562,0.09563,1902.1587,353.0787,197.8414,106.67,202906,76700,1.062,0.235,0.099,0.036
23029,Washington,ME,E,CAR,se,45.0363,-67.6361,0.10404,0.63674,0.00755,0.07938,65398,6804,9.10203,0.07257,0.03114,0.65899,7184.9564,54.2464,34.5410,4.39,31555,55400,0.797,0.249,0.201,0.041
56015,Goshen,WY,M,CYS,se,42.088,-104.3533,0.01682,0.24770,0.12051,0.07948,4936,83,0.85374,7.16468,0.02837,0.00624,5781.1571,696.6872,172.5705,2.19,12642,58700,0.824,0.246,0.144,0.026
34009,Cape May,NJ,E,PHI,ss,39.1519,-74.8072,0.01958,0.99218,0.02596,0.07960,778066,15235,1170.51923,1.32584,0.23545,0.13947,664.7187,17.2561,17.1211,142.33,94610,80800,0.839,0.374,0.094,0.076
8081,Moffat,CO,M,GJT,nw,40.6184,-108.2073,0.15312,0.25653,0.01284,0.07960,13408,2053,1.08970,0.08386,0.00915,0.15415,12304.4026,157.9885,40.5293,1.08,13327,69100,0.775,0.210,0.108,0.032
12019,Clay,FL,E,JAX,ne,29.9831,-81.8579,0.01496,0.60470,0.05587,0.07966,54028,808,32.41499,3.73463,0.20590,0.38404,1666.7544,93.1216,56.3105,139.46,232439,84400,1.218,0.287,0.079,0.029
12003,Baker,FL,E,JAX,ne,30.331,-82.2846,0.02678,0.43334,0.04366,0.07972,3063,82,2.00814,1.63032,0.07492,0.43605,1525.0619,66.5842,28.8534,18.60,28368,67400,0.972,0.153,0.125,0.029
46023,Charles Mix,SD,C,FSD,sc,43.2079,-98.5879,0.02587,0.07929,0.68005,0.11173,3440,89,1.15478,26.28721,0.04289,0.01564,2978.7934,2025.7285,160.6125,3.10,9240,54400,0.770,0.251,0.214,0.022
5093,Mississippi,AR,C,MEG,ee,35.7639,-90.054,0.09995,0.15545,0.83471,0.23495,2071,207,0.86943,8.35128,0.06772,0.00126,2382.0505,1988.3214,309.0905,16.23,38663,45200,0.814,0.142,0.249,0.049
20181,Sherman,KS,M,GLD,nw,39.3514,-101.72,0.01891,0.07894,0.72501,0.10267,4178,79,1.52764,38.34003,0.03822,0.00001,2734.9353,1982.8554,156.5263,2.14,5844,57000,0.829,0.251,0.137,0.024
48165,Gaines,TX,C,MAF,ww,32.7407,-102.6352,0.00649,0.05721,0.50847,0.05737,925,6,0.23764,78.34669,0.05274,0.00005,3892.4273,1979.1825,113.2243,5.79,22523,62500,0.864,0.081,0.134,0.029
16007,Bear Lake,ID,M,PIH,se,42.2848,-111.3296,0.01437,0.37518,0.09571,0.08021,5831,84,2.14518,6.66040,0.01876,0.22527,2717.9552,260.1355,97.5973,2.49,6766,66000,0.909,0.203,0.101,0.028
16043,Fremont,ID,M,PIH,se,44.2288,-111.482,0.01161,0.32476,0.13719,0.08027,14898,173,3.03491,11.81654,0.03037,0.39854,4908.7208,673.4274,218.7005,2.89,14196,61100,0.841,0.218,0.112,0.026
30059,Meagher,MT,M,TFX,cc,46.5982,-110.8856,0.03993,0.28136,0.04616,0.08034,3230,129,0.52082,1.15602,0.01121,0.35820,6202.6196,286.3129,80.5556,0.33,2071,53700,0.791,0.285,0.138,0.026
5027,Columbia,AR,C,SHV,sw,33.2143,-93.2274,0.02080,0.39679,0.06312,0.08046,4904,102,2.46916,3.03462,0.06157,0.59781,1986.0980,125.3625,49.7428,11.15,22150,47300,0.852,0.204,0.233,0.043
13263,Talbot,GA,E,FFC,wc,32.6995,-84.533,0.02407,0.35432,0.06122,0.08052,4488,108,4.38947,2.54342,0.04651,0.69090,1022.4040,62.5916,22.1772,5.59,5718,45200,0.621,0.150,0.273,0.033
30099,Teton,MT,M,TFX,nc,47.8373,-112.2408,0.00173,0.08183,0.33178,0.03608,12719,22,2.14230,191.78035,0.02530,0.10065,5937.1866,1969.8398,161.1875,1.08,6430,57100,0.840,0.259,0.133,0.029
28131,Stone,MS,C,MOB,se,30.79,-89.1177,0.01186,0.42242,0.10485,0.08069,2107,25,1.81585,8.84064,0.06769,0.45268,1160.3650,121.6643,51.3931,16.16,18756,54300,1.028,0.146,0.156,0.034
48189,Hale,TX,C,LUB,nw,34.0705,-101.8269,0.02009,0.12349,0.75365,0.12320,1897,38,0.72904,37.51369,0.07111,0.00013,2602.2076,1961.1538,242.1853,12.21,31761,49600,0.686,0.156,0.193,0.049
30019,Daniels,MT,M,GGW,ne,48.7838,-105.5485,0.03209,0.04938,0.52962,0.09433,1184,38,0.32054,16.50421,0.02049,0.00201,3694.2065,1956.5256,96.6165,0.44,1633,57100,0.841,0.275,0.107,0.019
41031,Jefferson,OR,P,PDT,cc,44.6294,-121.1754,0.01441,0.68194,0.05361,0.08076,22558,325,4.86228,3.72033,0.03249,0.20227,4639.4513,248.7210,169.6116,5.49,25454,65600,0.867,0.200,0.139,0.046
16059,Lemhi,ID,M,MSO,ec,44.9433,-113.933,0.04609,0.44487,0.02573,0.08080,8527,393,0.72032,0.55826,0.00834,0.35654,11838.3073,304.5996,135.5087,0.71,8441,55600,0.765,0.229,0.130,0.038
28077,Lawrence,MS,C,JAN,sc,31.5502,-90.107,0.07143,0.04916,0.15054,0.08086,56,4,0.04963,2.10752,0.06461,0.48026,1128.4335,169.8744,8.3518,10.40,11741,46400,0.879,0.127,0.190,0.038
1025,Clarke,AL,C,MOB,sw,31.6709,-87.8309,0.12040,0.14350,0.03079,0.08103,664,80,0.20327,0.25573,0.04415,0.56668,3268.8067,100.6466,14.4424,6.83,22337,44900,0.752,0.154,0.190,0.050
53039,Klickitat,WA,P,PDT,sc,45.8738,-120.7893,0.01352,0.36970,0.10722,0.08123,51857,701,10.51456,7.93047,0.04188,0.27287,4931.9167,528.8001,195.4993,4.78,23589,70400,0.771,0.312,0.119,0.051
27107,Norman,MN,C,FGF,nw,47.3265,-96.4551,0.16239,0.18519,0.85573,0.29524,2408,391,1.06070,5.26960,0.04895,0.01706,2269.9847,1942.4940,359.7280,2.79,6329,64300,0.781,0.209,0.123,0.035
8107,Routt,CO,M,GJT,nw,40.4851,-106.9912,0.02879,0.63828,0.02933,0.08138,27196,783,4.43406,1.01876,0.01969,0.49045,6133.3306,179.8906,114.8208,4.09,25064,104000,1.172,0.521,0.056,0.025
35049,Santa Fe,NM,M,ABQ,nc,35.5068,-105.9761,0.05110,0.81592,0.01295,0.08143,170574,8716,34.46818,0.25342,0.05309,0.25974,4948.7265,64.0860,52.2893,31.51,155956,72800,1.217,0.442,0.122,0.034
45051,Horry,SC,E,ILM,ne,33.9215,-78.9966,0.00940,0.32639,0.17623,0.08147,77736,731,26.20598,18.74787,0.20444,0.12342,2966.3636,522.7623,170.6244,134.00,397478,61400,0.956,0.266,0.129,0.034
37165,Scotland,NC,E,RAH,cc,34.8411,-79.4805,0.00496,0.50988,0.21381,0.08147,12102,60,14.57554,43.10685,0.13469,0.29179,830.3183,177.5304,90.5197,41.40,34376,46000,0.681,0.148,0.286,0.063
32019,Lyon,NV,P,REV,wc,39.018,-119.189,0.02755,0.39894,0.04941,0.08159,7877,217,1.50817,1.79347,0.02681,0.09554,5222.9455,258.0657,102.9527,11.98,62583,74700,1.033,0.172,0.096,0.058
1073,Jefferson,AL,C,BMX,cc,33.5543,-86.8965,0.01720,0.51859,0.06107,0.08167,103526,1781,35.56514,3.55058,0.34960,0.51711,2910.8887,177.7680,92.1879,227.73,662895,62000,1.038,0.359,0.160,0.025
20057,Ford,KS,C,DDC,sw,37.6917,-99.8879,0.02240,0.18561,0.68065,0.14145,5044,113,1.77153,30.38616,0.05548,0.00005,2847.1288,1937.8982,359.6982,11.93,33980,67700,0.984,0.207,0.116,0.021
40027,Cleveland,OK,C,OUN,cc,35.2036,-97.3271,0.01729,0.54604,0.05835,0.08198,52799,913,36.50685,3.37478,0.20355,0.33611,1446.2810,84.3905,46.0810,208.25,301193,70900,1.189,0.356,0.129,0.028
8017,Cheyenne,CO,M,GLD,ec,38.8279,-102.6034,0.00930,0.07503,0.41953,0.06640,3655,34,0.79210,45.11075,0.02097,0.00000,4613.6976,1935.5846,145.2307,0.37,1727,62900,0.706,0.244,0.133,0.021
12021,Collier,FL,E,MFL,sw,26.1196,-81.3393,0.01083,0.65704,0.07808,0.08221,295936,3205,56.46092,7.20960,0.10622,0.05461,5241.4280,409.2507,268.8946,77.14,404310,81800,1.181,0.395,0.105,0.029
28039,George,MS,C,MOB,se,30.8626,-88.644,0.01844,0.20246,0.14963,0.08236,2083,38,1.66293,8.11443,0.07347,0.33773,1252.3625,187.3910,37.9394,20.46,25619,62000,1.174,0.171,0.144,0.039
1107,Pickens,AL,C,BMX,wc,33.2809,-88.0887,0.04515,0.09319,0.13592,0.08300,487,22,0.21138,3.01041,0.05714,0.48853,2305.2466,313.3291,29.1981,8.11,18688,45400,0.761,0.137,0.215,0.030
37053,Currituck,NC,E,AKQ,ne,36.3104,-75.96625,0.00752,0.62418,0.12253,0.08316,66,0,0.95798,16.29388,0.00143,0.00000,681.7081,83.5297,52.1376,46.34,31593,76200,1.129,0.293,0.078,0.031
16087,Washington,ID,M,BOI,sw,44.4524,-116.7848,0.02548,0.34392,0.06600,0.08332,3061,78,0.80217,2.59027,0.02013,0.08881,3815.9549,251.8530,86.6171,2.99,11425,55100,0.758,0.190,0.135,0.040
46049,Faulk,SD,C,ABR,nc,45.0711,-99.1453,0.27542,0.06214,0.74032,0.23313,327,90,0.12545,2.68797,0.03179,0.00087,2604.7332,1928.3361,119.8296,0.83,2151,60900,0.862,0.183,0.130,0.018
41015,Curry,OR,P,MFR,sw,42.4578,-124.1567,0.06206,0.74276,0.01266,0.08357,30533,1895,7.21429,0.20400,0.03129,0.64448,4232.2819,53.5807,39.7977,5.50,23296,54600,0.722,0.242,0.158,0.046
8105,Rio Grande,CO,M,PUB,sc,37.5825,-106.3832,0.01127,0.32274,0.16046,0.08357,13305,150,5.63369,14.23780,0.03375,0.35408,2361.7119,378.9603,122.3071,4.74,11188,56900,0.638,0.311,0.178,0.040
30097,Sweet Grass,MT,M,BYZ,sc,45.8137,-109.941,0.04749,0.34038,0.03632,0.08373,4043,192,0.83829,0.76479,0.01652,0.17821,4823.0329,175.1726,59.6261,0.78,3763,68000,1.001,0.231,0.100,0.023
30055,McCone,MT,M,GGW,ne,47.6452,-105.7953,0.01050,0.05491,0.27628,0.05421,1714,18,0.24674,26.31238,0.01509,0.00079,6948.6060,1919.7609,105.4209,0.24,1676,59100,0.870,0.214,0.146,0.020
28045,Hancock,MS,C,LIX,ss,30.4164,-89.4887,0.02512,0.23232,0.10083,0.08380,20698,520,16.52863,4.01393,0.12386,0.29735,1252.2660,126.2660,29.3340,36.86,46159,59900,1.134,0.246,0.156,0.033
37031,Carteret,NC,E,MHX,ee,34.8306,-76.6707,0.01177,0.33496,0.15005,0.08395,82240,968,61.91108,12.74851,0.11712,0.14767,1328.3615,199.3206,66.7648,52.41,69615,67800,1.004,0.323,0.106,0.032
41025,Harney,OR,P,BOI,se,43.064,-118.9679,0.05292,0.44066,0.02539,0.08397,156018,8256,5.89040,0.47978,0.00885,0.06643,26486.7330,672.4982,296.3439,0.28,7440,56000,0.740,0.156,0.152,0.042
8061,Kiowa,CO,M,PUB,se,38.4327,-102.7404,0.01269,0.11259,0.41494,0.08401,16546,210,3.57728,32.69819,0.01949,0.00000,4625.2887,1919.2173,216.0849,0.30,1384,55600,0.624,0.206,0.136,0.022
13091,Dodge,GA,E,FFC,cc,32.1722,-83.1684,0.03910,0.07079,0.21475,0.08408,665,26,0.51035,5.49233,0.07920,0.29653,1303.0396,279.8278,19.8078,15.18,19776,43800,0.602,0.152,0.235,0.038
30109,Wibaux,MT,M,GGW,ne,46.9653,-104.249,0.01739,0.18423,0.18644,0.08422,1610,28,0.69848,10.72110,0.02394,0.00926,2305.1635,429.7747,79.1753,0.39,910,56300,0.829,0.258,0.127,0.027
56023,Lincoln,WY,M,RIW,wc,42.2624,-110.6556,0.05257,0.32047,0.03546,0.08422,7366,387,0.69557,0.67453,0.01110,0.23541,10590.0698,375.5239,120.3445,1.97,20880,93000,1.305,0.241,0.070,0.029
1007,Bibb,AL,C,BMX,cc,32.9986,-87.1264,0.02143,0.37921,0.07371,0.08430,7046,151,4.34461,3.43957,0.06703,0.65542,1621.6954,119.5352,45.3292,13.48,21868,54300,0.910,0.115,0.194,0.025
13319,Wilkinson,GA,E,FFC,cc,32.8024,-83.1713,0.03010,0.36432,0.05482,0.08440,2625,79,2.24240,1.82126,0.05551,0.50946,1170.6204,64.1734,23.3794,7.45,8725,49600,0.683,0.127,0.206,0.038
41007,Clatsop,OR,P,PQR,nw,45.9895,-123.6547,0.03795,0.74534,0.02126,0.08441,101147,3839,46.84769,0.56021,0.04662,0.66436,2159.0632,45.9017,34.2126,19.04,41102,63700,0.842,0.263,0.153,0.037
30107,Wheatland,MT,M,BYZ,cc,46.4664,-109.8444,0.01990,0.28046,0.10782,0.08443,7737,154,2.09153,5.41809,0.01931,0.07738,3699.2142,398.8493,111.8595,0.56,2057,44000,0.648,0.178,0.185,0.040
13223,Paulding,GA,E,FFC,nw,33.9202,-84.8672,0.01113,0.55908,0.09671,0.08443,20300,226,24.87434,8.68913,0.26114,0.57975,816.0845,78.9235,44.1249,224.44,183164,87500,1.202,0.274,0.077,0.029
25007,Dukes,MA,E,BOX,se,41.3966,-70.6561,0.02017,1.00000,0.03003,0.08461,72789,1468,259.33692,1.48884,0.18127,0.48905,280.6717,8.4286,8.4286,74.18,20819,89100,0.943,0.490,0.085,0.044
13103,Effingham,GA,E,CHS,se,32.3675,-81.3407,0.02414,0.28033,0.08960,0.08464,1864,45,1.48558,3.71168,0.11733,0.26020,1254.9402,112.4426,31.5207,57.01,71541,88100,1.211,0.268,0.085,0.026
9001,Fairfield,CT,E,OKX,ss,41.2731,-73.3887,0.03656,0.98875,0.01680,0.08468,358740,13116,214.24490,0.45952,0.50324,0.37619,1674.4384,28.1306,27.8141,0.00,,,0.000,0.000,0.000,0.039
28023,Clarke,MS,C,JAN,ec,32.0414,-88.6894,0.03040,0.21425,0.09372,0.08483,526,16,0.29310,3.08289,0.05700,0.44918,1795.8083,168.3032,36.0587,8.48,15228,46500,0.881,0.151,0.183,0.036
13189,McDuffie,GA,E,CAE,ec,33.4829,-82.4814,0.01076,0.36121,0.15710,0.08484,4648,50,6.73831,14.60037,0.10536,0.53460,689.7886,108.3658,39.1427,31.60,21799,50600,0.696,0.178,0.191,0.049
45039,Fairfield,SC,E,CAE,cc,34.3951,-81.1212,0.05575,0.20870,0.05275,0.08498,3121,174,1.69742,0.94619,0.06162,0.69120,1838.8186,96.9977,20.2434,11.11,20422,50700,0.790,0.153,0.207,0.040
46109,Roberts,SD,C,ABR,ne,45.6296,-96.9461,0.18475,0.21964,0.65268,0.29808,6918,1278,2.35262,3.53277,0.04612,0.02074,2940.3678,1919.1193,421.5134,3.47,10206,57800,0.819,0.183,0.163,0.031
13283,Treutlen,GA,E,FFC,ec,32.4039,-82.5673,0.01961,0.25351,0.12425,0.08516,459,9,0.87622,6.33605,0.08032,0.32650,523.6490,65.0634,16.4944,12.11,6341,43500,0.598,0.128,0.240,0.043
29147,Nodaway,MO,C,EAX,nw,40.3607,-94.8834,0.41359,0.07051,0.84339,0.29081,4137,1711,1.81958,2.03919,0.05634,0.08248,2273.5472,1917.4870,135.1961,9.10,20695,57500,0.888,0.256,0.151,0.028
38029,Emmons,ND,C,BIS,sc,46.2851,-100.2388,0.00520,0.08550,0.47498,0.05955,2499,13,0.62066,91.34231,0.03058,0.00279,4026.4000,1912.4595,163.5063,0.80,3224,61000,0.832,0.207,0.137,0.041
35039,Rio Arriba,NM,M,ABQ,nc,36.5096,-106.6931,0.12523,0.73601,0.00680,0.08558,26288,3292,1.72132,0.05430,0.01382,0.42162,15271.9218,103.8491,76.4339,2.61,39876,56400,0.942,0.188,0.185,0.034
28149,Warren,MS,C,JAN,wc,32.3573,-90.8521,0.01364,0.28989,0.15861,0.08560,5939,81,3.70559,11.62830,0.07592,0.37940,1602.6516,254.1966,73.6897,26.39,42298,52100,0.987,0.265,0.208,0.034
53049,Pacific,WA,P,PQR,sw,46.5549,-123.6982,0.03972,0.76537,0.02078,0.08580,63266,2513,26.19210,0.52316,0.03777,0.67545,2415.4517,50.1931,38.4161,10.02,24200,55600,0.609,0.234,0.131,0.060
48215,Hidalgo,TX,C,BRO,ds,26.3968,-98.1811,0.06736,0.67003,0.46397,0.27563,619784,41749,151.19970,6.88792,0.22484,0.00295,4099.1099,1901.8640,1274.2999,219.19,898471,48800,0.676,0.203,0.269,0.061
19149,Plymouth,IA,C,FSD,nw,42.7378,-96.2142,0.08646,0.15516,0.84925,0.22501,2903,251,1.29749,9.82246,0.06504,0.02055,2237.4009,1900.1127,294.8175,11.50,25722,79400,1.139,0.239,0.087,0.021
27069,Kittson,MN,C,FGF,nw,48.7766,-96.7826,0.14131,0.13652,0.66038,0.23355,3913,553,1.36866,4.67327,0.04163,0.07692,2859.2700,1888.2047,257.7703,1.42,4060,65200,0.792,0.280,0.092,0.030
53033,King,WA,P,SEW,wc,47.4902,-121.8048,0.02469,0.96822,0.02676,0.08616,936866,23131,165.18412,1.08384,0.25240,0.59574,5671.6494,151.7733,146.9502,400.48,2271380,116000,1.272,0.559,0.088,0.034
21127,Lawrence,KY,E,RLX,ne,38.0679,-82.7347,0.06444,0.20789,0.04798,0.08630,869,56,0.79872,0.74457,0.06912,0.85628,1087.9853,52.2015,10.8524,14.71,16000,42800,0.722,0.142,0.206,0.057
56003,Big Horn,WY,M,RIW,cc,44.5268,-107.9952,0.03001,0.33845,0.06383,0.08655,4199,126,0.51324,2.12696,0.01812,0.09424,8181.0488,522.1963,176.7353,1.47,12018,59700,0.838,0.209,0.126,0.033
48415,Scurry,TX,C,MAF,ww,32.7463,-100.9164,0.01286,0.22905,0.22251,0.08686,4898,63,2.08366,17.30249,0.05036,0.00959,2350.6669,523.0469,119.8062,6.90,16212,60400,0.835,0.179,0.157,0.041
26089,Leelanau,MI,E,APX,nn,44.9366,-85.8123,0.00695,0.82321,0.11473,0.08691,65427,455,67.43155,16.50791,0.08337,0.41306,970.2694,111.3190,91.6386,23.72,23019,89000,1.330,0.499,0.072,0.038
38075,Renville,ND,C,BIS,nc,48.7192,-101.6581,0.01684,0.06505,0.81434,0.09627,1069,18,0.46259,48.35748,0.03995,0.00276,2309.9198,1881.0601,122.3715,0.99,2279,71300,0.973,0.220,0.083,0.017
26101,Manistee,MI,E,APX,nn,44.3332,-86.0571,0.01764,0.57303,0.06557,0.08719,35322,623,24.44418,3.71712,0.07584,0.51388,1445.0137,94.7495,54.2939,17.69,25562,55800,0.834,0.234,0.141,0.057
23007,Franklin,ME,E,GYX,ww,44.974,-70.444,0.04933,0.77803,0.01727,0.08719,33894,1672,7.50901,0.35009,0.03136,0.79894,4513.8092,77.9535,60.6500,6.83,30828,52200,0.751,0.299,0.136,0.035
23017,Oxford,ME,E,GYX,ww,44.499,-70.7555,0.03693,0.75816,0.02370,0.08722,40319,1489,7.13826,0.64175,0.04092,0.77172,5648.3564,133.8660,101.4914,10.61,59905,58800,0.847,0.225,0.145,0.032
37027,Caldwell,NC,E,GSP,ww,35.953,-81.5465,0.01162,0.59670,0.09602,0.08732,9726,113,7.91665,8.26334,0.15191,0.72475,1228.5123,117.9618,70.3880,65.59,80574,53600,0.794,0.186,0.136,0.034
5053,Grant,AR,C,LZK,cc,34.29,-92.4236,0.02743,0.42914,0.05661,0.08735,7218,198,4.40253,2.06380,0.06249,0.49744,1639.4891,92.8115,39.8293,11.21,18383,63500,1.144,0.209,0.111,0.029
54051,Marshall,WV,E,PBZ,nn,39.8606,-80.6634,0.02768,0.17122,0.14082,0.08739,3395,94,4.19963,5.08743,0.09628,0.72384,808.5110,113.8545,19.4942,36.37,29405,51900,0.960,0.191,0.151,0.050
48131,Duval,TX,C,CRP,sc,27.6813,-98.5089,0.03142,0.20448,0.10440,0.08754,7479,235,1.60794,3.32272,0.01611,0.00101,4651.1601,485.5811,99.2895,2.06,9604,40500,0.561,0.070,0.291,0.044
26151,Sanilac,MI,E,DTX,se,43.4235,-82.8201,0.10891,0.40611,0.75317,0.32176,12381,1348,4.95914,6.91553,0.08061,0.06305,2496.6820,1880.4260,763.6536,16.17,40368,56100,0.838,0.160,0.133,0.048
45079,Richland,SC,E,CAE,cc,34.0218,-80.9031,0.01340,0.65618,0.07720,0.08789,74048,992,37.04570,5.76119,0.26564,0.36130,1998.8349,154.3101,101.2557,212.69,425138,61000,0.950,0.411,0.159,0.030
25021,Norfolk,MA,E,BOX,ee,42.155,-71.2248,0.05180,0.99422,0.01319,0.08791,254033,13159,250.26640,0.25463,0.54881,0.24916,1015.0501,13.3885,13.3112,716.69,727473,116000,1.225,0.576,0.077,0.031
16073,Owyhee,ID,M,BOI,sw,42.5816,-116.17,0.06265,0.33746,0.03221,0.08798,23607,1479,1.18423,0.51413,0.00870,0.03362,19934.2047,642.0807,216.6758,0.64,12722,57100,0.787,0.137,0.118,0.039
26031,Cheboygan,MI,E,APX,nn,45.4468,-84.4999,0.01856,0.67016,0.05494,0.08808,25813,479,12.50041,2.96013,0.06259,0.39709,2065.0025,113.4512,76.0304,12.61,26048,60800,0.909,0.229,0.140,0.082
22087,St. Bernard,LA,C,LIX,se,29.8628,-89.6178,0.16842,0.79014,0.00515,0.08817,4655,784,3.56946,0.03058,0.04146,0.00355,1304.1056,6.7161,5.3067,34.09,44463,51500,0.928,0.172,0.180,0.042
41057,Tillamook,OR,P,PQR,nw,45.463,-123.7086,0.02323,0.94319,0.03131,0.08819,119098,2767,41.67972,1.34783,0.03177,0.77532,2857.4457,89.4666,84.3838,9.59,27417,64900,0.858,0.251,0.115,0.038
27007,Beltrami,MN,C,FGF,nc,47.9738,-94.9377,0.03211,0.28138,0.07602,0.08823,17227,553,2.17669,2.36749,0.02661,0.14941,7914.1344,601.6325,169.2877,5.90,46718,59900,0.727,0.323,0.171,0.035
48325,Medina,TX,C,EWX,sc,29.3557,-99.1101,0.01169,0.41231,0.14300,0.08833,13854,162,4.00838,12.23268,0.04811,0.17157,3456.1698,494.2323,203.7775,15.85,54797,70300,0.973,0.222,0.131,0.038
48315,Marion,TX,C,SHV,ne,32.798,-94.3572,0.02364,0.29926,0.09857,0.08868,5817,138,5.34348,4.16963,0.04897,0.48102,1088.5789,107.3012,32.1107,8.79,9571,47700,0.660,0.160,0.217,0.048
30057,Madison,MT,M,TFX,sw,45.3008,-111.9203,0.03126,0.36077,0.06196,0.08874,19404,607,2.07944,1.98209,0.01524,0.30053,9331.5552,578.1832,208.5916,1.02,9521,72500,1.067,0.343,0.091,0.030
17183,Vermilion,IL,C,ILX,ec,40.1836,-87.7329,0.04026,0.35076,0.80335,0.22470,16271,655,6.96390,19.95405,0.09827,0.08228,2336.5484,1877.0662,658.4066,30.67,71652,52100,0.679,0.162,0.195,0.058
21129,Lee,KY,E,JKL,se,37.5947,-83.7163,0.02363,0.40154,0.07419,0.08896,973,23,1.77941,3.13965,0.06718,0.83895,546.9922,40.5814,16.2949,13.33,7293,34600,0.585,0.075,0.311,0.058
48453,Travis,TX,C,EWX,sc,30.3347,-97.7819,0.00765,0.82564,0.11160,0.08900,551007,4215,208.15374,14.58824,0.39502,0.22411,2647.1173,295.4183,243.9097,504.31,1334961,95200,1.316,0.555,0.102,0.033
49041,Sevier,UT,M,SLC,cc,38.7476,-111.8046,0.03281,0.49251,0.04364,0.08901,3840,126,0.77299,1.33008,0.02111,0.45445,4968.0178,216.8043,106.7779,4.50,22344,73000,0.825,0.231,0.107,0.028
30045,Judith Basin,MT,M,TFX,cc,47.0455,-110.2661,0.03216,0.11787,0.18688,0.08914,1617,52,0.33375,5.81095,0.01991,0.24623,4844.9363,905.4217,106.7179,0.43,2093,60700,0.893,0.283,0.137,0.028
40083,Logan,OK,C,OUN,cc,35.9194,-97.4434,0.01523,0.31114,0.14952,0.08915,7684,117,3.96128,9.81747,0.07485,0.18985,1939.8957,290.0532,90.2482,27.34,53029,76300,1.280,0.305,0.112,0.031
1041,Crenshaw,AL,C,MOB,sc,31.7315,-86.3136,0.02450,0.17562,0.16573,0.08934,612,15,0.38700,6.76449,0.05662,0.50846,1582.0994,262.2013,46.0466,8.28,13101,49200,0.823,0.168,0.195,0.027
54009,Brooke,WV,E,PBZ,nn,40.2733,-80.5765,0.00836,0.55981,0.15330,0.08952,3229,27,13.50828,18.33732,0.17035,0.62988,239.0040,36.6393,20.5110,89.43,21373,61600,1.138,0.219,0.141,0.050
28141,Tishomingo,MS,C,MEG,ne,34.7404,-88.2393,0.01470,0.34189,0.14474,0.08994,7141,105,6.20263,9.84626,0.09316,0.53586,1151.3485,166.6462,56.9749,16.07,18507,51700,0.978,0.164,0.154,0.032
22005,Ascension,LA,C,LIX,se,30.2035,-90.9113,0.00854,0.37926,0.22464,0.08994,11013,94,14.03735,26.30445,0.29101,0.02121,784.5655,176.2448,66.8426,167.78,131632,81300,1.466,0.285,0.107,0.030
42045,Delaware,PA,E,PHI,se,39.9166,-75.3991,0.01880,0.99995,0.03878,0.09000,258875,4867,523.63638,2.06277,0.70448,0.20375,494.3787,19.1720,19.1711,1166.56,576720,83900,1.168,0.416,0.108,0.032
38069,Pierce,ND,C,BIS,nc,48.2496,-99.9718,0.04466,0.09254,0.66965,0.14040,2687,120,0.95877,14.99440,0.03949,0.00325,2802.5534,1876.7299,173.6670,1.39,3902,59000,0.806,0.279,0.110,0.025
48463,Uvalde,TX,C,EWX,sc,29.3574,-99.7622,0.01348,0.49467,0.10950,0.09005,35161,474,8.70954,8.12315,0.02820,0.13797,4037.0308,442.0549,218.6694,6.18,24960,48400,0.670,0.202,0.210,0.042
30089,Sanders,MT,M,MSO,nw,47.6749,-115.1333,0.08403,0.35850,0.02429,0.09011,6748,567,0.93380,0.28906,0.02368,0.60891,7226.3796,175.5288,62.9274,1.89,13684,48000,0.706,0.216,0.145,0.048
13085,Dawson,GA,E,FFC,nc,34.4438,-84.1704,0.01026,0.81841,0.08782,0.09035,11401,117,20.57723,8.55945,0.12282,0.74642,554.0658,48.6581,39.8223,57.27,31732,84600,1.162,0.358,0.080,0.026
38063,Nelson,ND,C,FGF,ne,47.9216,-98.1921,0.13310,0.10029,0.71804,0.21242,2682,357,1.02666,5.39474,0.03682,0.00523,2612.4459,1875.8407,188.1336,1.14,2991,59900,0.819,0.282,0.098,0.025
30001,Beaverhead,MT,M,TFX,sw,45.1328,-112.8988,0.04953,0.37712,0.03961,0.09045,22680,1123,1.57200,0.79972,0.01041,0.27848,14427.4650,571.4719,215.5154,0.69,9885,57500,0.847,0.355,0.129,0.024
54013,Calhoun,WV,E,RLX,nc,38.8445,-81.1175,0.10757,0.14822,0.04644,0.09047,251,27,0.34528,0.43172,0.04877,0.89772,726.9427,33.7592,5.0038,8.20,5959,43600,0.806,0.101,0.213,0.072
9007,Middlesex,CT,E,OKX,ss,41.4624,-72.534,0.01963,0.98215,0.03881,0.09078,85038,1669,84.79060,1.97708,0.22515,0.58209,1002.9123,38.9230,38.2282,0.00,,,0.000,0.000,0.000,0.032
6061,Placer,CA,P,STOREV,cc,39.0635,-120.7176,0.02055,0.79716,0.04580,0.09087,143139,2942,36.76877,2.22871,0.12583,0.46242,3892.9591,178.2975,142.1324,108.80,423561,106000,1.160,0.429,0.065,0.037
17011,Bureau,IL,C,DVN,nc,41.4041,-89.5287,0.07938,0.22478,0.82833,0.24541,29467,2339,13.02861,10.43500,0.07272,0.07135,2261.6771,1873.4150,421.1125,14.47,32729,63000,0.821,0.214,0.114,0.057
41063,Wallowa,OR,P,PDT,ne,45.5798,-117.1811,0.02823,0.76924,0.03498,0.09124,23666,668,2.89906,1.23911,0.01389,0.42010,8163.1996,285.5487,219.6569,0.94,7674,61600,0.815,0.369,0.130,0.044
12065,Jefferson,FL,E,TAE,bb,30.438,-83.8951,0.01069,0.55467,0.12839,0.09131,17687,189,11.16328,12.01029,0.04586,0.36480,1584.4290,203.4248,112.8342,9.75,15450,56900,0.821,0.188,0.235,0.032
48321,Matagorda,TX,C,HGX,se,28.8661,-95.9853,0.12053,0.36013,0.62766,0.30090,38023,4583,12.82451,5.20750,0.04668,0.05907,2964.8748,1860.9333,670.1750,12.26,36359,58400,0.808,0.228,0.179,0.054
32001,Churchill,NV,P,REV,wc,39.5809,-118.3356,0.08420,0.57380,0.01581,0.09141,13872,1168,1.06624,0.18777,0.00951,0.04647,13010.1785,205.6909,118.0253,1.98,25803,70100,0.970,0.186,0.108,0.043
48283,La Salle,TX,C,CRP,sc,28.3451,-99.0997,0.08301,0.16212,0.05698,0.09153,5349,444,1.38211,0.68642,0.02155,0.00030,3870.1707,220.5223,35.7513,1.69,6537,40600,0.561,0.081,0.271,0.026
53071,Walla Walla,WA,P,PDT,se,46.2298,-118.4784,0.20085,0.37602,0.55292,0.34694,144518,29026,42.94876,2.75290,0.05805,0.03257,3364.8930,1860.5166,699.6005,18.30,61568,66500,0.729,0.301,0.149,0.042
13241,Rabun,GA,E,GSP,ne,34.8818,-83.4021,0.02395,0.89149,0.03607,0.09166,13614,326,13.94101,1.50605,0.06514,0.87449,976.5715,35.2249,31.4026,17.86,17442,63400,0.871,0.299,0.130,0.030
8091,Ouray,CO,M,GJT,sw,38.1555,-107.7693,0.02623,0.88830,0.03311,0.09171,21995,577,15.66243,1.26230,0.02491,0.65150,1404.3034,46.4965,41.3030,3.69,5176,90800,1.020,0.540,0.074,0.032
42113,Sullivan,PA,E,CTP,nc,41.446,-76.5119,0.02048,0.49184,0.07668,0.09175,9862,202,8.41785,3.74414,0.04214,0.83460,1171.5679,89.8358,44.1853,4.98,5834,60000,0.835,0.197,0.138,0.039
30063,Missoula,MT,M,MSO,wc,47.0364,-113.9237,0.04424,0.86687,0.02026,0.09193,124786,5521,18.40145,0.45796,0.04009,0.64960,6781.2924,137.3890,119.0983,17.97,121849,68200,1.004,0.459,0.114,0.029
28123,Scott,MS,C,JAN,cc,32.4064,-89.5376,0.04352,0.08187,0.21857,0.09200,1080,47,0.68315,5.02229,0.06944,0.42969,1580.9169,345.5410,28.2911,17.40,27507,45800,0.867,0.121,0.211,0.026
46119,Sully,SD,C,ABR,cc,44.7155,-100.1322,0.01093,0.05192,0.66999,0.07244,1463,16,0.52786,61.29826,0.02824,0.00018,2772.1381,1857.3048,96.4308,0.54,1494,76200,1.079,0.209,0.076,0.016
49027,Millard,UT,M,SLC,cc,39.0738,-113.1004,0.08766,0.29368,0.03028,0.09203,6525,572,0.36900,0.34543,0.01087,0.06587,17683.8022,535.4655,157.2531,0.76,13437,67300,0.760,0.231,0.093,0.023
37063,Durham,NC,E,RAH,cc,36.0359,-78.8764,0.01067,0.98032,0.07491,0.09219,180354,1924,233.84239,7.02062,0.42096,0.39466,771.2629,57.7753,56.6381,436.81,336892,79500,1.178,0.535,0.106,0.031
26163,Wayne,MI,E,DTX,se,42.284,-83.2865,0.02050,0.88100,0.04353,0.09229,180758,3706,112.96873,2.12341,0.82003,0.08193,1600.0692,69.6510,61.3624,1094.43,1751169,55900,0.836,0.269,0.206,0.044
48233,Hutchinson,TX,C,AMA,pa,35.84,-101.3547,0.02136,0.19549,0.19034,0.09263,3184,68,1.37333,8.91105,0.03789,0.00063,2318.2518,441.2560,86.2631,8.64,20033,65000,0.900,0.160,0.143,0.043
35045,San Juan,NM,M,ABQ,nw,36.5085,-108.3206,0.07585,0.35435,0.02958,0.09264,14225,1079,0.99163,0.38998,0.01812,0.06442,14345.1573,424.3298,150.3633,8.41,120675,51900,0.867,0.166,0.199,0.042
4009,Graham,AZ,m,TWC,se,32.9327,-109.8874,0.08169,0.63016,0.01545,0.09265,31229,2551,2.59796,0.18913,0.00887,0.15224,12020.4488,185.7159,117.0303,3.29,39525,63800,0.858,0.146,0.173,0.037
37099,Jackson,NC,E,GSP,ww,35.2874,-83.1408,0.02523,0.92732,0.03401,0.09267,36065,910,28.15279,1.34800,0.08666,0.86653,1281.0506,43.5685,40.4018,34.79,44574,58500,0.866,0.300,0.170,0.036
45063,Lexington,SC,E,CAE,cc,33.9022,-81.2722,0.01176,0.45782,0.14877,0.09287,82255,967,41.90545,12.65051,0.28558,0.31346,1962.8705,292.0162,133.6903,157.69,309528,73000,1.137,0.331,0.112,0.025
1131,Wilcox,AL,C,MOB,sc,31.9892,-87.3082,0.05360,0.14590,0.10274,0.09296,2780,149,1.18280,1.91679,0.03857,0.51306,2350.0343,241.4425,35.2255,4.23,9944,33700,0.564,0.123,0.327,0.080
48117,Deaf Smith,TX,C,AMA,pa,34.966,-102.6049,0.14692,0.12804,0.47700,0.20780,1511,222,0.38942,3.24666,0.04165,0.00038,3880.1707,1850.8414,236.9778,4.73,18347,55600,0.769,0.118,0.165,0.031
31033,Cheyenne,NE,M,CYS,pa,41.2198,-102.995,0.00462,0.04557,0.59670,0.05008,1300,6,0.41953,129.15584,0.04012,0.00008,3098.6919,1848.9895,84.2602,3.08,9541,56600,0.811,0.221,0.123,0.024
55043,Grant,WI,C,ARX,sw,42.8675,-90.7062,0.11828,0.34772,0.60275,0.29158,48697,5760,15.88988,5.09596,0.06681,0.27149,3064.6250,1847.2027,642.3125,16.77,51409,63200,0.890,0.246,0.137,0.029
6087,Santa Cruz,CA,P,MTR,nn,37.0563,-122.0018,0.01619,0.99579,0.05117,0.09379,422910,6847,365.68725,3.16059,0.16282,0.49327,1156.4808,59.1771,58.9280,226.16,261547,99300,1.085,0.436,0.126,0.057
22105,Tangipahoa,LA,C,LIX,se,30.6453,-90.4118,0.01300,0.30686,0.20868,0.09407,16073,209,7.77490,16.05231,0.13572,0.26646,2067.2916,431.4024,132.3788,66.78,138064,54900,0.991,0.222,0.190,0.043
48405,San Augustine,TX,C,SHV,ee,31.3943,-94.1682,0.03291,0.25450,0.09998,0.09426,2522,83,1.64439,3.03798,0.05217,0.53702,1533.7006,153.3394,39.0246,5.11,7833,49600,0.686,0.115,0.203,0.054
46077,Kingsbury,SD,C,FSD,ec,44.3696,-97.4915,0.10210,0.07158,0.82129,0.18174,989,101,0.44223,8.04398,0.04481,0.00393,2236.9190,1837.1592,131.5104,2.36,5276,64200,0.910,0.223,0.100,0.019
46067,Hutchinson,SD,C,FSD,se,43.3348,-97.7546,0.05760,0.10059,0.87006,0.17146,1806,104,0.85603,15.10521,0.05536,0.00295,2109.2722,1835.1934,184.5938,3.51,7394,64400,0.913,0.257,0.098,0.021
6045,Mendocino,CA,P,EKA,nw,39.44,-123.3912,0.08366,0.75806,0.01328,0.09444,124540,10419,13.69329,0.15874,0.02959,0.59732,9094.9819,120.7814,91.5593,9.80,89108,63600,0.695,0.249,0.139,0.047
49043,Summit,UT,M,SLC,nn,40.8682,-110.9554,0.05039,0.81740,0.02050,0.09452,42373,2135,8.69022,0.40683,0.02689,0.52908,4875.9203,99.9564,81.7040,8.77,42759,132000,1.495,0.581,0.051,0.024
49039,Sanpete,UT,M,SLC,cc,39.374,-111.5764,0.02687,0.36210,0.08706,0.09462,7556,203,1.82031,3.24004,0.02796,0.37416,4150.9325,361.3802,130.8553,7.29,30277,65000,0.735,0.232,0.129,0.029
39087,Lawrence,OH,E,RLX,se,38.5985,-82.5368,0.01546,0.58619,0.09450,0.09496,9137,141,7.71540,6.11255,0.11153,0.77372,1184.2095,111.9078,65.5988,47.39,56118,51100,0.776,0.186,0.169,0.041
1123,Tallapoosa,AL,C,BMX,ec,32.8624,-85.7975,0.03658,0.30799,0.07647,0.09515,6397,234,3.22381,2.09049,0.07877,0.65028,1984.4369,151.7499,46.7369,20.50,40677,55300,0.926,0.187,0.151,0.025
17073,Henry,IL,C,DVN,nw,41.3531,-90.1314,0.09380,0.28902,0.85450,0.28507,7740,726,3.61986,9.10981,0.08180,0.05041,2138.2121,1827.1022,528.0755,22.66,48448,70500,0.919,0.243,0.096,0.049
38089,Stark,ND,M,BIS,sw,46.8107,-102.655,0.01196,0.17461,0.52415,0.10306,10534,126,3.03434,43.82525,0.06304,0.00401,3471.6625,1819.6719,317.7387,9.51,33001,87000,1.187,0.272,0.096,0.015
53059,Skamania,WA,P,PQR,sw,46.0227,-121.9151,0.15697,0.92592,0.00596,0.09533,33510,5260,7.68360,0.03797,0.03077,0.82168,4361.1752,25.9926,24.0672,2.90,12640,82100,0.900,0.282,0.110,0.048
55003,Ashland,WI,C,DLH,nw,46.3148,-90.6781,0.03093,0.49924,0.05628,0.09543,44255,1369,16.20045,1.81959,0.03395,0.56263,2731.7241,153.7414,76.7545,5.89,16079,56800,0.800,0.221,0.141,0.037
32005,Douglas,NV,P,REV,ww,38.9123,-119.6164,0.02224,0.70361,0.05564,0.09549,19113,425,10.00340,2.50180,0.05654,0.19370,1910.6717,106.3098,74.8010,25.93,49545,92000,1.271,0.321,0.082,0.045
12099,Palm Beach,FL,E,MFL,se,26.623,-80.4329,0.04373,0.35857,0.35349,0.17697,398991,17448,77.72766,8.08347,0.25732,0.00267,5133.1943,1814.5329,650.6431,298.80,1533801,76700,1.107,0.396,0.108,0.030
55025,Dane,WI,C,MKX,sc,43.0674,-89.4183,0.16195,0.84174,0.56332,0.42505,663088,107387,206.74570,3.47836,0.19531,0.13345,3207.2648,1806.7164,1520.7792,179.39,575347,85200,1.199,0.544,0.100,0.023
18013,Brown,IN,E,IND,sc,39.1962,-86.2274,0.01461,0.82144,0.07329,0.09581,31015,453,37.82158,5.01643,0.06357,0.84062,820.0429,60.1009,49.3695,19.09,15653,74200,1.111,0.260,0.099,0.033
8077,Mesa,CO,M,GJT,wc,39.0183,-108.4665,0.03016,0.83062,0.03512,0.09582,133037,4012,15.37508,1.16446,0.03513,0.46715,8652.7930,303.8861,252.4143,18.45,159681,69600,0.781,0.306,0.119,0.035
40059,Harper,OK,C,OUN,nw,36.7887,-99.6673,0.01370,0.37931,0.16983,0.09592,6714,92,2.49021,12.39635,0.03212,0.00068,2696.1350,457.8846,173.6819,1.18,3190,65200,1.094,0.266,0.125,0.023
21147,McCreary,KY,E,JKL,sc,36.7371,-84.4841,0.03337,0.76535,0.03483,0.09617,2517,84,2.25741,1.04375,0.05693,0.89028,1115.1489,38.8406,29.7266,15.29,17050,35400,0.598,0.091,0.359,0.059
38081,Sargent,ND,C,FGF,se,46.1078,-97.6306,0.29461,0.12359,0.80152,0.30788,3917,1154,1.74431,2.72061,0.04073,0.00449,2245.5841,1799.8806,222.4483,1.68,3776,75300,1.028,0.191,0.087,0.015
12009,Brevard,FL,E,MLB,ec,28.2631,-80.7436,0.01189,0.63730,0.11809,0.09636,391742,4658,143.09285,9.93188,0.28673,0.04541,2737.6791,323.2925,206.0335,235.23,643979,74900,1.081,0.335,0.103,0.030
48029,Bexar,TX,C,EWX,sc,29.4491,-98.5199,0.00767,0.88572,0.13175,0.09637,318965,2446,97.98922,17.17731,0.46527,0.13136,3255.1058,428.8602,379.8520,641.36,2087679,65800,0.911,0.315,0.147,0.037
13105,Elbert,GA,E,GSP,ne,34.117,-82.8403,0.01511,0.27689,0.21459,0.09647,2316,35,2.38827,14.20185,0.08646,0.56725,969.8354,208.1170,57.6253,20.64,20013,49200,0.677,0.149,0.180,0.036
23023,Sagadahoc,ME,E,GYX,sc,43.9705,-69.8613,0.01529,0.85308,0.06900,0.09655,44216,676,64.47121,4.51275,0.10454,0.61742,685.8249,47.3219,40.3694,54.70,37513,73600,1.059,0.411,0.087,0.023
21153,Magoffin,KY,E,JKL,se,37.7066,-83.0648,0.09028,0.22781,0.04400,0.09673,1152,104,1.43723,0.48737,0.06041,0.86734,801.5396,35.2677,8.0345,14.01,11228,35700,0.602,0.132,0.292,0.098
19193,Woodbury,IA,C,FSD,wc,42.3897,-96.0449,0.11144,0.17336,0.78935,0.24798,17203,1917,7.56963,7.08318,0.09906,0.03837,2272.5858,1793.8656,310.9859,46.62,105951,66800,0.959,0.234,0.129,0.029
19167,Sioux,IA,C,FSD,nw,43.0826,-96.1779,0.07776,0.10240,0.89777,0.19264,4424,344,2.22248,11.54540,0.08107,0.00567,1990.3961,1786.9179,182.9821,18.21,36246,76000,1.090,0.304,0.069,0.019
22091,St. Helena,LA,C,LIX,se,30.822,-90.7103,0.04153,0.15513,0.14260,0.09721,313,13,0.29513,3.43366,0.05242,0.41393,1060.5403,151.2330,23.4606,10.16,10774,45000,0.812,0.117,0.228,0.053
45065,McCormick,SC,E,CAE,cc,33.8996,-82.3099,0.04204,0.48898,0.04476,0.09726,5352,225,5.24661,1.06470,0.06008,0.67472,1020.0882,45.6591,22.3264,9.75,9941,56600,0.882,0.231,0.176,0.033
13255,Spalding,GA,E,FFC,wc,33.2609,-84.2841,0.00925,0.42276,0.23770,0.09759,5191,48,10.03821,25.69730,0.21568,0.41984,517.1336,122.9227,51.9669,135.26,69946,55100,0.757,0.179,0.163,0.036
38053,McKenzie,ND,CM,BIS,nw,47.7402,-103.3953,0.02149,0.22227,0.19577,0.09779,10936,235,1.47594,9.10982,0.04245,0.07604,7409.5050,1450.5588,322.4089,1.92,14252,84200,1.150,0.228,0.081,0.013
36031,Essex,NY,E,BTV,nn,44.1172,-73.7727,0.03209,0.91921,0.03193,0.09802,75620,2427,15.23499,0.99501,0.03180,0.79248,4963.5532,158.4863,145.6815,7.41,36775,62400,0.785,0.313,0.130,0.038
53053,Pierce,WA,P,SEW,wc,47.023,-122.102,0.02279,0.86844,0.04768,0.09809,219494,5002,50.10481,2.09215,0.21856,0.55315,4380.7038,208.8720,181.3933,212.00,928696,92800,1.017,0.301,0.099,0.047
6069,San Benito,CA,P,MTR,cc,36.6057,-121.075,0.02206,0.90441,0.04737,0.09814,82226,1814,22.82886,2.14733,0.02466,0.08561,3601.8602,170.6201,154.3113,18.93,68175,107000,1.164,0.224,0.091,0.060
48331,Milam,TX,C,FWD,cc,30.7863,-96.9769,0.30957,0.47533,0.67382,0.46284,11031,3415,4.16862,2.17663,0.05464,0.16528,2646.1603,1783.0357,847.5252,9.81,25951,54700,0.756,0.195,0.159,0.042
20161,Riley,KS,C,TOP,ne,39.2965,-96.7352,0.00983,0.46628,0.20689,0.09825,52107,512,32.34240,21.04680,0.08243,0.10642,1611.0957,333.3196,155.4202,44.32,71402,55900,0.812,0.480,0.180,0.026
21197,Powell,KY,E,JKL,ec,37.8312,-83.8238,0.01325,0.59604,0.12021,0.09828,7622,101,16.33073,9.07245,0.08772,0.78168,466.7114,56.1034,33.4397,27.79,12972,42400,0.716,0.173,0.221,0.044
28161,Yalobusha,MS,C,MEG,nw,34.0282,-89.7076,0.02824,0.16266,0.20852,0.09857,1275,36,0.99446,7.38385,0.05942,0.51982,1282.1090,267.3454,43.4860,9.66,12386,45700,0.865,0.123,0.207,0.035
20035,Cowley,KS,C,ICT,sc,37.2378,-96.8375,0.01518,0.25894,0.24596,0.09888,7706,117,2.62712,16.20290,0.04979,0.05343,2933.3068,721.4761,186.8222,11.64,34157,56400,0.820,0.243,0.152,0.030
6013,Contra Costa,CA,P,MTR,nn,37.9163,-121.9276,0.01175,0.78626,0.10493,0.09897,431820,5074,224.95515,8.93021,0.35979,0.08090,1919.5804,201.4216,158.3690,601.71,1155025,120000,1.308,0.449,0.083,0.041
54093,Tucker,WV,E,PBZ,ne,39.1136,-79.565,0.03528,0.75248,0.03661,0.09905,30212,1066,27.70659,1.03770,0.03330,0.81611,1090.4316,39.9207,30.0393,6.06,6604,50400,0.932,0.242,0.176,0.034
51183,Sussex,VA,E,AKQ,se,36.9218,-77.2618,0.01637,0.37784,0.15771,0.09918,7756,127,6.07670,9.63409,0.04511,0.46800,1276.4045,201.3018,76.0606,8.43,10757,49300,0.575,0.158,0.209,0.041
42023,Cameron,PA,E,CTP,nc,41.4368,-78.2038,0.09709,0.80828,0.01247,0.09928,15058,1462,14.58360,0.12844,0.02402,0.93027,1032.5086,12.8754,10.4069,4.24,4380,50300,0.701,0.113,0.153,0.050
26035,Clare,MI,E,GRR,cc,43.9879,-84.8478,0.01822,0.37686,0.14366,0.09955,4117,75,2.76385,7.88474,0.08428,0.43961,1489.7462,214.0169,80.6553,21.02,31316,48000,0.717,0.130,0.211,0.063
54087,Roane,WV,E,RLX,cc,38.714,-81.3483,0.10870,0.10057,0.09024,0.09955,690,75,0.55084,0.83017,0.04971,0.85471,1252.6317,113.0375,11.3683,10.97,13743,42700,0.789,0.142,0.196,0.060
46025,Clark,SD,C,ABR,ne,44.8582,-97.7295,0.19310,0.05241,0.70859,0.19284,725,140,0.28925,3.66955,0.04134,0.00316,2506.4873,1776.0718,93.0770,1.58,3948,62600,0.886,0.162,0.111,0.020
1099,Monroe,AL,C,MOB,sc,31.5706,-87.3658,0.05777,0.16028,0.10664,0.09958,1194,69,0.44517,1.84594,0.04592,0.51819,2682.8489,286.0990,45.8569,7.17,19229,47500,0.796,0.114,0.191,0.043
28075,Lauderdale,MS,C,JAN,ec,32.4043,-88.6626,0.05140,0.21616,0.08922,0.09971,3249,167,1.75372,1.73580,0.11717,0.50495,1852.6353,165.2921,35.7301,38.07,70527,49400,0.935,0.217,0.236,0.032
26007,Alpena,MI,E,APX,nn,45.0348,-83.6277,0.02080,0.26869,0.17766,0.09976,7835,163,5.08571,8.54135,0.06890,0.20830,1540.6744,273.7162,73.5436,18.76,28904,54200,0.809,0.177,0.159,0.045
27029,Clearwater,MN,C,FGF,nw,47.5776,-95.379,0.02895,0.15008,0.22881,0.09981,8152,236,3.05671,7.90363,0.03345,0.36977,2666.9986,610.2359,91.5869,3.24,8644,64700,0.786,0.183,0.130,0.060
48199,Hardin,TX,C,LCH,se,30.3324,-94.3902,0.04086,0.45085,0.05403,0.09984,15028,614,6.46572,1.32232,0.09411,0.40891,2324.2812,125.5809,56.6178,25.07,58261,70400,0.974,0.208,0.115,0.049
13265,Taliaferro,GA,E,FFC,ec,33.5662,-82.8787,0.03699,0.33275,0.08096,0.09988,703,26,1.38846,2.18870,0.04136,0.66996,506.2353,40.9848,13.6376,3.18,1609,42100,0.579,0.099,0.245,0.038
31135,Perkins,NE,M,LBF,sw,40.8509,-101.6496,0.15414,0.05193,0.77255,0.18355,266,41,0.11615,5.01200,0.03930,0.00005,2290.1874,1769.2843,91.8757,1.22,2795,67300,0.964,0.257,0.093,0.017
6099,Stanislaus,CA,P,STO,cc,37.5592,-120.9978,0.11942,0.43225,0.44950,0.28522,77705,9280,19.80643,3.76403,0.11188,0.00274,3923.2438,1763.4981,762.2658,140.55,551430,75200,0.822,0.191,0.126,0.064
28153,Wayne,MS,C,MOB,se,31.6408,-88.6958,0.06892,0.14376,0.10125,0.10011,464,32,0.22037,1.46909,0.06226,0.52866,2106.9842,213.3322,30.6683,9.35,19703,43600,0.825,0.167,0.210,0.036
53005,Benton,WA,P,PDT,sc,46.2398,-119.5112,0.02607,0.19716,0.38315,0.12535,59849,1560,13.12865,14.69697,0.09987,0.00007,4558.6625,1746.6515,344.3769,47.21,215219,85100,0.933,0.330,0.112,0.045
6055,Napa,CA,P,MTR,nn,38.5066,-122.3305,0.01756,0.96265,0.05941,0.10014,78082,1371,38.24339,3.38326,0.07630,0.11242,2041.7251,121.2989,116.7680,65.25,133216,98600,1.077,0.385,0.089,0.035
12017,Citrus,FL,E,TBW,wc,28.8317,-82.5379,0.02076,0.84582,0.05720,0.10015,111608,2317,34.62082,2.75530,0.29165,0.21013,1611.8538,92.1980,77.9833,103.42,166696,52500,0.758,0.204,0.157,0.045
47171,Unicoi,TN,E,MRX,ea,36.1108,-82.4322,0.02660,0.90208,0.04224,0.10045,4098,109,8.48399,1.58797,0.08272,0.86972,483.0529,20.4042,18.4062,36.76,17756,52300,0.801,0.200,0.123,0.042
1035,Conecuh,AL,C,MOB,sc,31.4293,-86.9936,0.07547,0.13736,0.09849,0.10070,4810,363,2.17824,1.30502,0.05116,0.54364,2208.1914,217.4848,29.8745,5.06,11174,36100,0.605,0.131,0.265,0.035
42123,Warren,PA,E,CTP,nc,41.8147,-79.2741,0.02893,0.38919,0.09087,0.10076,11615,336,4.99517,3.14103,0.05308,0.79045,2325.3220,211.3020,82.2360,16.16,37572,56700,0.790,0.195,0.114,0.037
48113,Dallas,TX,C,FWD,nc,32.7666,-96.7779,0.02167,0.78210,0.06038,0.10077,214279,4643,91.05991,2.78634,0.72486,0.06229,2353.1695,142.0844,111.1244,1107.59,2606358,70900,0.981,0.348,0.138,0.038
38073,Ransom,ND,C,FGF,se,46.4561,-97.6575,0.26301,0.12906,0.77955,0.29799,2308,607,1.03117,2.96396,0.04261,0.01771,2238.1067,1744.7161,225.1798,2.50,5603,76100,1.039,0.210,0.093,0.015
16001,Ada,ID,M,BOI,sw,43.4511,-116.2411,0.01552,0.66269,0.10009,0.10097,244339,3792,88.96687,6.44910,0.18895,0.00398,2746.4082,274.8880,182.1661,191.04,524673,87700,1.208,0.439,0.080,0.027
20071,Greeley,KS,M,GLD,wc,38.4805,-101.806,0.04416,0.05164,0.86571,0.12545,634,28,0.31470,19.60394,0.03485,0.00000,2014.9603,1744.3713,90.0855,0.59,1181,72300,1.050,0.335,0.111,0.018
48101,Cottle,TX,C,LUB,nw,34.0777,-100.2787,0.04606,0.17922,0.12572,0.10125,3061,141,1.31104,2.72948,0.01465,0.03350,2334.7915,293.5300,52.6074,0.55,1294,45400,0.627,0.218,0.201,0.026
34027,Morris,NJ,E,PHI,nn,40.8621,-74.5445,0.02681,0.97996,0.03976,0.10147,140433,3765,112.67279,1.48303,0.39705,0.37294,1246.3807,49.5561,48.5631,412.73,514423,132000,1.366,0.572,0.048,0.037
25009,Essex,MA,E,BOX,ne,42.6729,-70.9581,0.03093,0.99893,0.03413,0.10178,663254,20514,499.80227,1.10346,0.43626,0.26729,1327.0318,45.2916,45.2430,610.45,810089,92100,0.974,0.423,0.096,0.035
16063,Lincoln,ID,M,PIH,sc,43.0023,-114.1395,0.06333,0.13120,0.12709,0.10183,1058,67,0.33750,2.00679,0.02387,0.00000,3134.7956,398.4012,52.2687,1.74,5450,61700,0.849,0.116,0.121,0.039
51099,King George,VA,E,LWX,cc,38.294,-77.1044,0.02103,0.60582,0.08323,0.10197,20140,424,21.03480,3.95768,0.10982,0.51687,478.7127,39.8433,24.1379,59.68,28568,100000,1.166,0.358,0.063,0.026
54097,Upshur,WV,E,RLX,ne,38.8978,-80.2334,0.02596,0.31680,0.13088,0.10248,1464,38,1.59258,5.04160,0.06849,0.78055,919.1685,120.3008,38.1110,25.60,23529,47000,0.869,0.174,0.183,0.046
40037,Creek,OK,C,TSA,ne,35.9027,-96.3709,0.03303,0.29453,0.11081,0.10253,3512,116,1.39829,3.35483,0.08135,0.49643,2511.9214,278.3460,81.9805,29.19,73332,57500,0.965,0.184,0.157,0.034
17167,Sangamon,IL,C,ILX,cc,39.7582,-89.6589,0.11094,0.33234,0.76678,0.30464,45151,5009,19.88022,6.91166,0.14640,0.05663,2271.1761,1741.4924,578.7688,85.19,193491,73700,0.960,0.351,0.119,0.043
28011,Bolivar,MS,C,JAN,nw,33.7955,-90.8804,0.20476,0.11222,0.74081,0.25724,1582,324,0.67445,3.61794,0.05580,0.00097,2346.1359,1738.0409,195.0406,12.35,28968,40000,0.757,0.266,0.387,0.036
55053,Jackson,WI,C,ARX,wc,44.3191,-90.8052,0.02065,0.22384,0.23616,0.10296,7507,155,2.89826,11.43632,0.05753,0.45683,2590.2588,611.7155,136.9239,8.05,20855,64300,0.906,0.163,0.126,0.039
27167,Wilkin,MN,C,FGF,wc,46.3571,-96.4683,0.08290,0.19294,0.89107,0.24246,4632,384,2.37938,10.74873,0.05563,0.00240,1946.7194,1734.6633,334.6916,3.24,6306,71900,0.873,0.215,0.101,0.025
48397,Rockwall,TX,C,FWD,nc,32.8978,-96.4077,0.00830,0.81961,0.16157,0.10320,5179,43,13.44830,19.46627,0.34666,0.05781,385.0718,62.2161,50.9928,340.99,131307,124000,1.720,0.440,0.051,0.036
55073,Marathon,WI,C,GRB,cc,44.8983,-89.759,0.14419,0.36685,0.42291,0.28177,71272,10277,17.46003,2.93301,0.08967,0.28830,4081.9878,1726.3135,633.3017,33.96,138612,71000,0.999,0.273,0.096,0.027
4013,Maricopa,AZ,m,PSR,sc,33.3488,-112.4912,0.05371,0.53174,0.03887,0.10354,951053,51081,39.80762,0.72370,0.14018,0.00123,23891.2188,928.6517,493.8016,191.95,4585871,83700,1.125,0.359,0.111,0.034
27173,Yellow Medicine,MN,C,MPX,wc,44.7162,-95.8683,0.12308,0.18704,0.86785,0.27135,5208,641,2.63431,7.05110,0.05802,0.01692,1977.1741,1715.8905,320.9406,4.79,9467,67500,0.820,0.190,0.097,0.030
25017,Middlesex,MA,E,BOX,ne,42.4855,-71.3918,0.04307,0.98472,0.02637,0.10380,946613,40771,431.16438,0.61226,0.50074,0.29887,2195.4807,57.8948,57.0103,739.68,1623952,118000,1.253,0.590,0.077,0.029
55041,Forest,WI,C,GRB,ne,45.6673,-88.7704,0.09924,0.54406,0.02096,0.10421,22268,2210,8.21672,0.21121,0.02901,0.51807,2710.1364,56.8045,30.9053,3.44,9325,56100,0.790,0.155,0.158,0.048
29213,Taney,MO,C,SGF,sw,36.6547,-93.041,0.02331,0.26103,0.18601,0.10421,16648,388,9.86527,7.97984,0.09107,0.66355,1687.5241,313.8964,81.9349,33.64,56775,53000,0.818,0.254,0.136,0.049
16071,Oneida,ID,M,PIH,se,42.1949,-112.5396,0.02568,0.25783,0.17147,0.10432,5879,151,1.88934,6.67718,0.01927,0.05974,3111.8951,533.5967,137.5756,1.59,4953,66200,0.911,0.262,0.100,0.030
21043,Carter,KY,E,RLX,ne,38.3181,-83.0495,0.03392,0.26616,0.12603,0.10440,2683,91,2.51296,3.71551,0.08888,0.76633,1067.5583,134.5444,35.8104,24.70,26366,48300,0.815,0.154,0.192,0.076
42105,Potter,PA,E,CTP,nc,41.745,-77.8958,0.03533,0.33894,0.09557,0.10460,14463,511,5.16394,2.70507,0.03528,0.83987,2800.8624,267.6784,90.7273,5.71,15999,53900,0.751,0.171,0.127,0.048
26001,Alcona,MI,E,APX,nn,44.6854,-83.5938,0.02023,0.65281,0.08671,0.10462,16754,339,9.31530,4.28621,0.04926,0.54238,1798.5947,155.9561,101.8091,5.83,10489,53800,0.804,0.206,0.158,0.073
51800,City of Suffolk,VA,E,AKQ,se,36.78215,-76.57315,0.01915,0.52254,0.11462,0.10468,56,1,1.01080,5.98538,0.00659,0.00030,1060.6149,121.5677,63.5236,94.91,100659,81900,0.954,0.324,0.111,0.031
51103,Lancaster,VA,E,AKQ,ee,37.7278,-76.497,0.01405,0.81873,0.09980,0.10471,19934,280,28.55772,7.10320,0.11120,0.46319,349.0292,34.8331,28.5188,31.11,10859,60900,0.709,0.374,0.126,0.037
16029,Caribou,ID,M,PIH,se,42.7705,-111.5622,0.03662,0.20570,0.15309,0.10487,2021,74,0.43382,4.18050,0.01930,0.29560,4658.3814,713.1516,146.6954,1.55,7219,70400,0.969,0.155,0.097,0.031
53035,Kitsap,WA,P,SEW,nw,47.611,-122.6767,0.08331,0.98778,0.01413,0.10516,169830,14149,164.56938,0.16961,0.35485,0.51871,1031.9639,14.5816,14.4035,269.06,277658,93800,1.028,0.365,0.087,0.041
26131,Ontonagon,MI,E,MQT,wu,46.6644,-89.315,0.06994,0.42425,0.03937,0.10532,7506,525,2.18126,0.56291,0.02177,0.78487,3441.1919,135.4797,57.4771,1.72,5906,45700,0.683,0.167,0.130,0.070
29207,Stoddard,MO,C,PAH,se,36.8555,-89.9444,0.42184,0.19828,0.79799,0.40564,15949,6728,7.42765,1.89169,0.07130,0.07203,2147.2756,1713.5045,339.7479,13.22,28397,53400,0.824,0.164,0.137,0.039
20069,Gray,KS,C,DDC,sw,37.7382,-100.4378,0.04016,0.08691,0.76082,0.13848,921,37,0.40917,18.94472,0.04818,0.00001,2251.4365,1712.9379,148.8672,2.55,5743,77800,1.130,0.249,0.087,0.020
1029,Cleburne,AL,C,BMX,ec,33.6745,-85.5188,0.02691,0.43051,0.10259,0.10593,4942,133,3.40015,3.81234,0.05830,0.73725,1453.3940,149.1037,64.1902,10.76,15639,49200,0.825,0.182,0.158,0.023
13309,Wheeler,GA,E,FFC,cc,32.1171,-82.7246,0.02583,0.38071,0.12133,0.10606,968,25,1.24518,4.69725,0.05460,0.32463,777.3973,94.3216,35.9090,9.11,7081,36000,0.494,0.122,0.363,0.056
48369,Parmer,TX,C,LUB,pa,34.5301,-102.7845,0.08328,0.16017,0.74244,0.21475,1333,111,0.58129,8.91499,0.05512,0.00012,2292.7847,1702.2551,272.6567,4.19,9617,57800,0.799,0.167,0.134,0.026
23015,Lincoln,ME,E,GYX,sc,44.0752,-69.5431,0.02406,0.89481,0.05587,0.10635,194151,4671,155.89712,2.32211,0.07655,0.61683,1245.3759,69.5792,62.2601,29.31,36507,72700,1.046,0.400,0.098,0.028
12117,Seminole,FL,E,MLB,ec,28.717,-81.2362,0.02294,0.98809,0.05311,0.10638,100905,2315,112.99627,2.31517,0.45730,0.03544,892.9900,47.4267,46.8619,542.30,484271,80300,1.159,0.424,0.092,0.028
48121,Denton,TX,C,FWD,nc,33.2043,-97.1171,0.01117,0.78524,0.13741,0.10642,141319,1579,56.96391,12.30170,0.34484,0.07734,2480.8501,340.8936,267.6838,406.19,1007703,103000,1.421,0.484,0.061,0.035
30077,Powell,MT,M,MSO,wc,46.8566,-112.9362,0.06615,0.46314,0.03951,0.10657,14649,969,2.42474,0.59728,0.01548,0.45614,6041.5460,238.7015,110.5526,1.18,7133,60400,0.889,0.190,0.168,0.030
37067,Forsyth,NC,E,RAH,cc,36.1304,-80.2563,0.01061,0.81757,0.14002,0.10669,164124,1741,153.46619,13.19698,0.46126,0.36179,1069.4461,149.7438,122.4261,367.41,392921,63000,0.933,0.369,0.148,0.035
21125,Laurel,KY,E,JKL,sc,37.1107,-84.1178,0.01886,0.26624,0.24205,0.10672,4985,94,4.33685,12.83404,0.13957,0.57656,1149.4155,278.2160,74.0720,55.07,63296,50700,0.856,0.165,0.218,0.045
20155,Reno,KS,C,ICT,sc,37.9529,-98.0861,0.03711,0.29298,0.51661,0.17776,27955,1037,8.49051,13.92105,0.07712,0.01747,3292.5177,1700.9476,498.3410,18.68,61497,57700,0.838,0.205,0.118,0.029
12051,Hendry,FL,E,MFL,ss,26.5473,-81.1719,0.29717,0.39477,0.56427,0.40452,22610,6719,7.50605,1.89881,0.05896,0.02191,3012.2645,1699.7305,670.9974,14.39,43333,55300,0.798,0.107,0.221,0.048
29013,Bates,MO,C,EAX,wc,38.2573,-94.34,0.37176,0.10306,0.77031,0.30903,2606,969,1.18202,2.07206,0.05372,0.10735,2205.1087,1698.6173,175.0571,7.37,16242,57300,0.884,0.153,0.139,0.032
27057,Hubbard,MN,C,FGF,nc,47.1087,-94.9166,0.01920,0.45530,0.14154,0.10736,12030,231,4.64742,7.37188,0.05049,0.53551,2588.4343,366.3670,166.8072,8.55,22132,67800,0.823,0.305,0.107,0.043
23025,Somerset,ME,E,GYXCAR,wc,45.5138,-69.9582,0.06908,0.78811,0.02277,0.10742,20846,1440,1.96261,0.32962,0.02754,0.73325,10621.7137,241.8564,190.6084,4.83,51302,55100,0.793,0.203,0.133,0.042
48149,Fayette,TX,C,EWX,sc,29.8768,-96.9198,0.38348,0.43914,0.67788,0.48510,9925,3806,3.99220,1.76771,0.06929,0.15446,2486.0500,1685.2436,740.0651,10.25,25474,70500,0.975,0.272,0.093,0.034
1039,Covington,AL,C,MOB,sc,31.2485,-86.4512,0.02313,0.29920,0.17974,0.10755,7264,168,2.68675,7.77086,0.07904,0.51333,2703.6862,485.9606,145.3981,14.04,37952,47000,0.787,0.172,0.167,0.027
48407,San Jacinto,TX,C,HGX,se,30.5796,-95.1669,0.02389,0.37567,0.13880,0.10760,4353,104,2.67712,5.80996,0.07722,0.50409,1626.1677,225.7121,84.7940,17.79,28936,57900,0.800,0.158,0.167,0.047
28021,Claiborne,MS,C,JAN,sw,31.9737,-90.9118,0.05786,0.15094,0.14268,0.10761,674,39,0.51925,2.46595,0.03489,0.59296,1298.0275,185.2026,27.9548,6.64,8617,35600,0.674,0.206,0.327,0.073
37113,Macon,NC,E,GSP,ww,35.1504,-83.4221,0.02474,0.92413,0.05491,0.10788,23361,578,17.36484,2.21948,0.07895,0.85525,1345.2982,73.8703,68.2655,28.55,38412,53800,0.797,0.246,0.135,0.032
1027,Clay,AL,C,BMX,ec,33.2691,-85.8605,0.02541,0.39900,0.12420,0.10799,3621,92,2.30781,4.88784,0.05630,0.69109,1569.1507,194.8885,77.7614,8.99,14111,49600,0.831,0.152,0.169,0.024
55037,Florence,WI,C,GRB,ne,45.8484,-88.3982,0.06115,0.56100,0.03677,0.10805,35762,2187,27.75534,0.60131,0.02989,0.55798,1288.4582,47.3766,26.5784,3.63,4682,64500,0.908,0.231,0.107,0.034
26063,Huron,MI,E,DTX,se,43.8333,-83.0193,0.06822,0.20973,0.77403,0.22290,6611,451,3.04334,11.34609,0.08435,0.03495,2172.2889,1681.4168,352.6355,14.24,30927,50200,0.750,0.176,0.143,0.043
27105,Nobles,MN,C,FSD,sw,43.6742,-95.7534,0.15786,0.18744,0.89772,0.29837,4726,746,2.52635,5.68681,0.06931,0.00276,1870.6139,1679.2875,314.7708,11.61,21727,65400,0.794,0.177,0.113,0.027
37137,Pamlico,NC,E,MHX,ee,35.1407,-76.7488,0.01323,0.57190,0.16921,0.10858,21777,288,24.65169,12.78987,0.04924,0.18959,883.3760,149.4761,85.4855,14.06,12423,59800,0.886,0.254,0.150,0.033
46099,Minnehaha,SD,C,FSD,se,43.6742,-96.7914,0.15972,0.25530,0.79528,0.31889,17293,2762,8.20644,4.97921,0.14634,0.01286,2107.2183,1675.8286,427.8328,98.20,206930,75600,1.071,0.346,0.097,0.018
13095,Dougherty,GA,E,TAE,sw,31.5333,-84.2164,0.02133,0.25785,0.23305,0.10863,10782,230,12.43723,10.92593,0.20492,0.27963,866.9249,202.0368,52.0956,95.33,82645,42600,0.586,0.232,0.264,0.043
8015,Chaffee,CO,M,PUB,cc,38.7466,-106.1938,0.09609,0.89847,0.01487,0.10868,33728,3241,12.84365,0.15475,0.02487,0.42544,2626.0338,39.0491,35.0844,7.85,20617,75200,0.843,0.454,0.094,0.030
31089,Holt,NE,C,LBF,nc,42.4557,-98.7838,0.08563,0.06467,0.23185,0.10869,1950,167,0.31144,2.70758,0.02752,0.01165,6261.7710,1451.7916,93.8864,1.61,10093,60500,0.866,0.270,0.118,0.018
42033,Clearfield,PA,E,CTP,cc,41.0002,-78.4741,0.03010,0.42539,0.10029,0.10869,20366,613,6.81532,3.33189,0.07743,0.73537,2988.3070,299.6973,127.4875,25.80,77090,59300,0.826,0.201,0.154,0.039
6053,Monterey,CA,P,MTR,cc,36.2169,-121.2389,0.01921,0.59287,0.11286,0.10873,368210,7073,42.90460,5.87507,0.04959,0.11620,8582.0665,968.5720,574.2403,50.19,430723,91500,0.999,0.279,0.140,0.070
53045,Mason,WA,P,SEW,nw,47.3537,-123.2058,0.10276,0.83347,0.01507,0.10888,73630,7566,29.78616,0.14665,0.07066,0.73952,2471.9485,37.2523,31.0485,27.67,68389,78000,0.855,0.220,0.120,0.055
19047,Crawford,IA,C,DMX,wc,42.0372,-95.3821,0.05376,0.05211,0.90026,0.13612,279,15,0.15067,16.74591,0.06340,0.02343,1851.7434,1667.0505,86.8698,8.65,16013,67400,0.966,0.183,0.112,0.048
48089,Colorado,TX,C,HGX,se,29.6208,-96.5263,0.16276,0.51058,0.66104,0.38014,22491,3661,8.91859,4.06144,0.05362,0.20708,2521.8379,1667.0357,851.1621,8.37,21117,59700,0.826,0.240,0.145,0.035
38059,Morton,ND,C,BIS,sc,46.7161,-101.2811,0.01047,0.12072,0.33079,0.07478,7260,76,1.44106,31.59408,0.03487,0.01136,5038.0336,1666.5311,201.1806,6.73,33895,75100,1.026,0.293,0.079,0.023
16009,Benewah,ID,P,OTX,pa,47.2176,-116.6588,0.02926,0.34797,0.12718,0.10900,4101,120,2.01962,4.34655,0.04749,0.52373,2030.4407,258.2314,89.8561,5.11,10369,56200,0.774,0.198,0.130,0.050
44009,Washington,RI,E,BOX,,41.4687,-71.6234,0.02789,0.99816,0.04661,0.10907,236844,6606,259.62748,1.67121,0.25717,0.42643,912.2451,42.5197,42.4415,142.49,129982,99000,1.224,0.505,0.091,0.025
27043,Faribault,MN,C,MPX,sc,43.6739,-93.9478,0.27044,0.17031,0.89097,0.34493,3864,1045,2.06775,3.29452,0.05900,0.00469,1868.7292,1664.9817,283.5680,7.42,13873,67300,0.817,0.216,0.113,0.031
26125,Oakland,MI,E,DTX,se,42.6604,-83.3855,0.02070,0.84911,0.07445,0.10938,285573,5911,121.42427,3.59662,0.58972,0.15395,2351.8605,175.0960,148.6757,540.18,1270426,90800,1.357,0.502,0.083,0.029
48305,Lynn,TX,C,LUB,nw,33.1768,-101.8161,0.06903,0.16275,0.71935,0.20068,1637,113,0.70746,10.42083,0.04303,0.00152,2313.9130,1664.5133,270.9030,2.49,5761,56800,0.785,0.243,0.167,0.033
13057,Cherokee,GA,E,FFC,nc,34.2439,-84.4764,0.01768,0.84926,0.08860,0.10998,38767,685,34.49320,5.01131,0.28861,0.56116,1123.8958,99.5772,84.5671,255.01,286602,99900,1.374,0.395,0.066,0.026
8001,Adams,CO,M,BOU,ne,39.8736,-104.3379,0.00874,0.22843,0.54246,0.10269,181028,1582,59.04991,62.06636,0.15545,0.00000,3065.6787,1663.0081,379.8812,173.98,533365,89800,1.008,0.280,0.097,0.034
8075,Logan,CO,M,BOU,ne,40.7247,-103.1101,0.01123,0.15067,0.34739,0.08377,15319,172,3.20602,30.93411,0.03649,0.00002,4778.2066,1659.9012,250.0895,4.32,20619,59000,0.662,0.189,0.140,0.027
38091,Steele,ND,C,FGF,se,47.4562,-97.7247,0.02918,0.11099,0.88940,0.14228,11310,330,6.10312,30.47978,0.04091,0.00571,1853.2016,1648.2375,182.9411,0.96,1782,81100,1.107,0.296,0.083,0.020
1021,Chilton,AL,C,BMX,cc,32.8479,-86.7188,0.02144,0.34952,0.17906,0.11030,9514,204,5.24180,8.35168,0.09661,0.51463,1815.0519,325.0032,113.5951,25.58,46431,61800,1.036,0.152,0.153,0.022
5109,Pike,AR,C,LZK,sw,34.1636,-93.6564,0.04384,0.24894,0.12312,0.11035,2509,110,1.57813,2.80839,0.05617,0.64819,1589.8572,195.7432,48.7275,6.42,10208,41300,0.745,0.196,0.182,0.035
27001,Aitkin,MN,C,DLH,ec,46.6083,-93.4154,0.04750,0.43248,0.06565,0.11048,21095,1002,4.08201,1.38211,0.02646,0.28548,5167.7961,339.2658,146.7263,3.12,16102,59100,0.717,0.190,0.121,0.048
6093,Siskiyou,CA,P,MFR,nn,41.5927,-122.5404,0.05084,0.61254,0.04333,0.11050,71360,3628,4.34082,0.85228,0.03215,0.43507,16439.2319,712.3119,436.3176,2.61,42905,51600,0.564,0.231,0.171,0.064
13009,Baldwin,GA,E,FFC,cc,33.069,-83.2498,0.02525,0.45062,0.11982,0.11088,3208,81,4.63267,4.74535,0.13666,0.53735,692.4816,82.9731,37.3896,62.67,43396,49900,0.686,0.241,0.214,0.042
13307,Webster,GA,E,FFC,wc,32.0466,-84.551,0.02181,0.25433,0.24586,0.11090,734,16,1.34744,11.27281,0.04586,0.44222,544.4329,133.8543,34.0432,4.29,2337,46000,0.632,0.113,0.207,0.036
36033,Franklin,NY,E,BTV,nn,44.5929,-74.3038,0.02813,0.51434,0.09440,0.11095,48566,1366,11.04761,3.35585,0.03731,0.64945,4396.0211,414.9844,213.4416,10.58,46502,59200,0.745,0.238,0.146,0.038
31041,Custer,NE,C,LBF,cc,41.3943,-99.7262,0.04981,0.11755,0.23378,0.11103,2068,103,0.30992,4.69344,0.02688,0.00804,6671.6441,1559.6970,183.3411,1.59,10581,60300,0.864,0.256,0.089,0.017
27091,Martin,MN,C,MPX,sc,43.6742,-94.5511,0.14000,0.19044,0.87039,0.28523,3358,470,1.77732,6.21707,0.06643,0.00578,1889.5695,1644.6624,313.2132,10.40,19657,61700,0.750,0.238,0.132,0.028
24039,Somerset,MD,E,AKQ,se,38.105,-75.7845,0.01589,0.85050,0.10182,0.11123,39900,634,23.29455,6.40780,0.07509,0.09578,856.4277,87.2015,74.1645,29.09,24910,53600,0.564,0.171,0.229,0.032
49055,Wayne,UT,M,SLC,ss,38.3244,-110.9036,0.19593,0.62452,0.01126,0.11127,7477,1465,1.16833,0.05747,0.00521,0.08659,6399.7376,72.0610,45.0033,0.41,2614,63700,0.720,0.252,0.114,0.043
48005,Angelina,TX,C,SHV,ee,31.2548,-94.6118,0.02079,0.47797,0.13926,0.11144,32128,668,14.34741,6.69841,0.10457,0.43883,2239.3017,311.8452,149.0541,38.99,87319,56800,0.786,0.180,0.172,0.044
41027,Hood River,OR,P,PQR,nw,45.519,-121.6512,0.02724,0.88829,0.05732,0.11152,24784,675,17.93708,2.10426,0.06114,0.66528,1381.7331,79.2009,70.3536,17.18,23745,75800,1.002,0.394,0.100,0.030
13153,Houston,GA,E,FFC,cc,32.459,-83.6662,0.01458,0.42918,0.22244,0.11165,15297,223,15.54967,15.25652,0.25634,0.28278,983.7425,218.8237,93.9139,174.82,171974,71200,0.979,0.323,0.128,0.029
40089,McCurtain,OK,C,SHV,se,34.115,-94.7712,0.02733,0.24730,0.20621,0.11170,16637,455,3.37494,7.54519,0.05648,0.54537,4929.4356,1016.4989,251.3826,6.22,30660,44500,0.746,0.155,0.222,0.042
27073,Lac qui Parle,MN,C,MPX,wc,44.9955,-96.1735,0.12122,0.29798,0.81480,0.30875,15943,1933,7.91138,6.72166,0.05181,0.01049,2015.2074,1641.9910,489.2842,3.29,6630,67600,0.820,0.221,0.095,0.028
27045,Fillmore,MN,C,ARX,se,43.674,-92.0901,0.36686,0.32397,0.73480,0.44367,11502,4220,5.15101,2.00294,0.06299,0.19116,2232.9115,1640.7434,531.5452,9.64,21522,72100,0.875,0.237,0.096,0.028
28079,Leake,MS,C,JAN,cc,32.7535,-89.5241,0.04918,0.15801,0.18134,0.11211,244,12,0.16094,3.68727,0.06575,0.41173,1516.1070,274.9308,43.4428,14.02,21258,46400,0.880,0.177,0.206,0.032
48285,Lavaca,TX,C,EWX,sc,29.3843,-96.9301,0.31348,0.50196,0.65278,0.46833,5334,1672,2.12234,2.08237,0.05260,0.21326,2513.1000,1640.5014,823.4640,8.19,20571,58400,0.808,0.209,0.125,0.033
28029,Copiah,MS,C,JAN,cc,31.8692,-90.4488,0.08302,0.10689,0.16068,0.11255,265,22,0.13127,1.93544,0.05819,0.57661,2018.6856,324.3624,34.6701,13.70,27664,43300,0.820,0.203,0.214,0.035
53009,Clallam,WA,P,SEW,nw,48.0491,-123.9316,0.06146,0.97667,0.02376,0.11256,231386,14221,50.60306,0.38659,0.04091,0.81149,4572.5789,108.6445,106.1102,16.97,77616,66700,0.731,0.307,0.119,0.052
16019,Bonneville,ID,M,PIH,se,43.3877,-111.6149,0.02050,0.35980,0.19381,0.11265,14006,287,2.84539,9.45415,0.04748,0.28025,4922.4670,954.0233,343.2566,26.69,131366,74500,1.026,0.322,0.102,0.026
27099,Mower,MN,C,ARX,se,43.6714,-92.7525,0.06676,0.23287,0.88833,0.23992,7594,507,4.11989,13.30632,0.07699,0.01515,1843.3218,1637.4781,381.3143,21.73,40058,68700,0.835,0.235,0.131,0.026
16013,Blaine,ID,M,PIH,cc,43.4123,-113.9799,0.06458,0.55361,0.04026,0.11291,29051,1876,4.21671,0.62341,0.01509,0.12231,6889.4536,277.3694,153.5543,3.63,25041,98700,1.359,0.455,0.069,0.027
28121,Rankin,MS,C,JAN,cc,32.2641,-89.9457,0.02860,0.27709,0.18183,0.11295,6432,184,3.08138,6.35769,0.15070,0.36537,2087.5305,379.5757,105.1755,76.85,160417,72900,1.381,0.328,0.098,0.023
45023,Chester,SC,E,GSP,up,34.6921,-81.1595,0.03671,0.26952,0.14590,0.11302,3923,144,2.58373,3.97439,0.07807,0.65219,1518.1774,221.5021,59.6988,21.23,32226,53500,0.833,0.137,0.201,0.039
53015,Cowlitz,WA,P,PQR,sw,46.1933,-122.6808,0.06017,0.70964,0.03386,0.11308,49696,2990,16.45265,0.56274,0.08752,0.66240,3020.5615,102.2762,72.5793,37.37,112864,71800,0.787,0.170,0.132,0.051
29223,Wayne,MO,C,PAH,se,37.1127,-90.4614,0.03932,0.32918,0.11189,0.11314,6637,261,3.31039,2.84563,0.04122,0.78014,2005.0016,224.3396,73.8476,5.39,10811,41700,0.644,0.110,0.224,0.045
51089,Henry,VA,E,RNK,sc,36.6828,-79.8739,0.03328,0.35508,0.12331,0.11337,6100,203,6.12796,3.70523,0.13171,0.65952,995.3630,122.7382,43.5824,49.93,49702,49400,0.575,0.157,0.169,0.035
49003,Box Elder,UT,M,SLC,nn,41.521,-113.0821,0.07023,0.42784,0.04878,0.11359,80135,5628,4.60063,0.69457,0.01349,0.02856,17418.3271,849.6660,363.5194,3.60,62684,79500,0.897,0.267,0.085,0.025
19099,Jasper,IA,C,DMX,cc,41.686,-93.0537,0.24974,0.24374,0.86039,0.37414,12084,3018,6.36660,3.44514,0.07784,0.04092,1898.0855,1633.0938,398.0472,19.98,37919,69000,0.991,0.199,0.096,0.030
48097,Cooke,TX,C,FWD,nc,33.6393,-97.2126,0.03098,0.31947,0.14932,0.11391,5165,160,2.21876,4.81988,0.07047,0.19404,2327.8882,347.6003,111.0489,18.81,43782,66500,0.920,0.236,0.125,0.033
17103,Lee,IL,C,LOT,nc,41.7461,-89.3005,0.24336,0.40662,0.86319,0.44040,22178,5397,11.74122,3.54697,0.07693,0.04143,1888.8673,1630.4514,662.9786,17.82,33654,67400,0.878,0.194,0.101,0.044
1133,Winston,AL,C,BMX,nw,34.1492,-87.3737,0.03688,0.31167,0.12905,0.11405,4366,161,2.66793,3.49919,0.07998,0.68416,1636.4153,211.1794,65.8184,14.43,23611,51100,0.857,0.134,0.166,0.027
38015,Burleigh,ND,C,BIS,sc,46.9774,-100.4688,0.02042,0.21850,0.37672,0.11890,28555,583,6.60957,18.44858,0.05935,0.00245,4320.2673,1627.5311,355.6136,23.15,100012,83100,1.135,0.387,0.077,0.017
48085,Collin,TX,C,FWD,nc,33.1878,-96.5724,0.01261,0.81841,0.14392,0.11410,115994,1463,50.55490,11.41316,0.38861,0.09113,2294.4173,330.2125,270.2486,520.99,1195359,114000,1.576,0.549,0.064,0.035
49057,Weber,UT,M,SLC,nn,41.2699,-111.9133,0.02214,0.74369,0.09036,0.11416,25297,560,14.80808,4.08130,0.15336,0.27753,1708.3415,154.3657,114.8007,159.18,271926,83500,0.943,0.280,0.085,0.028
13107,Emanuel,GA,E,FFC,ec,32.5898,-82.3018,0.04338,0.20062,0.17137,0.11425,1936,84,1.08289,3.95044,0.07548,0.32231,1787.9657,306.4037,61.4717,12.93,23119,47000,0.646,0.128,0.261,0.042
55057,Juneau,WI,C,ARX,cc,43.9245,-90.114,0.01664,0.36267,0.24736,0.11429,22598,376,10.85041,14.86538,0.07329,0.27466,2082.7079,515.1786,186.8408,12.77,26594,61900,0.871,0.163,0.125,0.032
46003,Aurora,SD,C,FSD,sc,43.7182,-98.5616,0.16850,0.10282,0.88134,0.24809,1294,218,0.70114,5.23050,0.04284,0.00259,1845.2247,1626.2703,167.2081,1.51,2782,61000,0.864,0.187,0.110,0.016
12057,Hillsborough,FL,E,TBW,wc,27.8546,-82.3609,0.02264,0.69472,0.09541,0.11449,106,2,5.96184,4.21422,0.10862,0.00513,2767.4166,264.0392,183.4324,554.87,1535564,74100,1.069,0.372,0.132,0.029
13079,Crawford,GA,E,FFC,cc,32.7145,-83.9864,0.05488,0.20181,0.13626,0.11470,1403,77,1.65984,2.48287,0.06531,0.52480,845.2620,115.1754,23.2434,14.52,12277,60300,0.829,0.140,0.158,0.032
48067,Cass,TX,C,SHV,ne,33.0775,-94.3436,0.03804,0.24097,0.16577,0.11497,3588,136,1.44247,4.35778,0.05516,0.47812,2487.2565,412.3125,99.3547,11.52,28659,54300,0.751,0.176,0.165,0.047
33015,Rockingham,NH,E,GYX,ss,42.9877,-71.1251,0.04307,0.94652,0.03729,0.11498,215349,9275,114.39979,0.86580,0.25465,0.46953,1882.4230,70.1956,66.4417,170.36,320689,107000,1.184,0.448,0.054,0.023
1005,Barbour,AL,C,BMX,se,31.8696,-85.3932,0.05136,0.17906,0.16576,0.11509,14311,735,6.11086,3.22741,0.05640,0.50224,2341.8514,388.1853,69.5079,10.50,24585,41200,0.689,0.115,0.255,0.044
13123,Gilmer,GA,E,FFC,nc,34.6915,-84.4554,0.03380,0.77703,0.05813,0.11515,12338,417,11.03317,1.71982,0.08151,0.83249,1118.2286,65.0026,50.5087,29.39,32860,68300,0.939,0.227,0.136,0.031
6103,Tehama,CA,P,STO,nn,40.1257,-122.2339,0.05939,0.41169,0.06252,0.11519,62023,3684,8.08427,1.05270,0.03676,0.15695,7672.0051,479.6538,197.4675,8.46,64896,58900,0.644,0.188,0.150,0.058
46015,Brule,SD,C,FSD,sc,43.7181,-99.081,0.10721,0.05795,0.73795,0.16613,914,98,0.41692,6.88322,0.03719,0.00746,2192.5360,1617.9819,93.7663,2.42,5311,60100,0.852,0.302,0.126,0.017
6023,Humboldt,CA,P,EKA,nw,40.6984,-123.8735,0.11280,0.92383,0.01469,0.11525,310733,35051,33.44006,0.13023,0.03730,0.74941,9292.2444,136.5031,126.1050,14.42,133985,57700,0.630,0.321,0.167,0.046
46011,Brookings,SD,C,FSD,ec,44.3697,-96.7905,0.26249,0.20378,0.77613,0.34626,12907,3388,6.19216,2.95680,0.06936,0.00875,2084.4215,1617.7821,329.6772,17.26,35980,71200,1.008,0.440,0.112,0.020
48239,Jackson,TX,C,HGX,sc,28.9557,-96.5787,0.22878,0.47671,0.73258,0.43070,12711,2908,5.76167,3.20212,0.04510,0.09830,2206.1448,1616.1776,770.4466,6.90,15221,62000,0.857,0.159,0.140,0.033
13125,Glascock,GA,E,FFC,ec,33.2293,-82.6107,0.03927,0.27447,0.14223,0.11531,178,7,0.47640,3.62185,0.06017,0.50234,374.1454,53.2147,14.6059,7.90,2954,55500,0.764,0.149,0.157,0.034
55067,Langlade,WI,C,GRB,nc,45.2624,-89.0719,0.02572,0.35923,0.16611,0.11535,10341,266,4.49722,6.45840,0.04353,0.46569,2299.5228,381.9737,137.2157,8.44,19404,57700,0.813,0.162,0.136,0.036
42083,McKean,PA,E,CTP,nc,41.8078,-78.569,0.10184,0.31207,0.04834,0.11539,5852,596,2.29592,0.47467,0.04386,0.84571,2548.9931,123.2183,38.4530,15.50,39519,58100,0.809,0.203,0.159,0.044
19011,Benton,IA,C,DVN,ec,42.0801,-92.0657,0.32948,0.16006,0.86776,0.35769,2710,893,1.45647,2.63373,0.07229,0.03209,1860.9866,1614.8897,258.4850,13.86,25796,82800,1.187,0.249,0.080,0.033
23019,Penobscot,ME,E,CAR,ec,45.4006,-68.6494,0.06782,0.63981,0.03581,0.11583,109520,7428,11.89105,0.52802,0.04778,0.64608,9210.2784,329.8201,211.0221,16.86,155312,60800,0.874,0.305,0.126,0.031
16005,Bannock,ID,M,PIH,se,42.6685,-112.2246,0.02452,0.48687,0.13034,0.11588,27584,676,9.28147,5.31566,0.05293,0.18909,2971.9693,387.3665,188.5977,30.42,90400,62100,0.855,0.302,0.119,0.031
51036,Charles City,VA,E,AKQ,ec,37.2975,-76.98205,0.03181,0.65901,0.07427,0.11590,12826,408,12.32174,2.33480,0.04420,0.42214,520.4738,38.6556,25.4745,12.70,6610,67600,0.787,0.160,0.113,0.032
27063,Jackson,MN,C,FSD,sw,43.6741,-95.1541,0.22472,0.25030,0.86617,0.36523,3653,821,1.96082,3.85444,0.06056,0.01224,1863.2064,1613.8535,403.9526,5.32,9919,66700,0.810,0.249,0.080,0.029
54049,Marion,WV,E,PBZ,nn,39.51,-80.2434,0.02650,0.53516,0.11032,0.11609,16191,429,20.07020,4.16302,0.12129,0.74796,806.7169,88.9970,47.6272,69.18,55807,58900,1.088,0.258,0.147,0.040
16003,Adams,ID,M,BOI,sw,44.8897,-116.4539,0.08527,0.62835,0.02924,0.11614,15457,1318,4.35616,0.34291,0.01842,0.51967,3548.4057,103.7554,65.1947,1.38,4903,56400,0.776,0.213,0.122,0.060
51085,Hanover,VA,E,AKQ,cc,37.7601,-77.4909,0.01376,0.57416,0.19893,0.11627,36622,504,29.82507,14.45712,0.15936,0.47062,1227.9001,244.2662,140.2481,92.96,114148,104000,1.207,0.424,0.053,0.025
54055,Mercer,WV,E,RNK,se,37.4055,-81.1114,0.03763,0.45164,0.09305,0.11651,8051,303,7.38796,2.47276,0.12282,0.76304,1089.7505,101.4013,45.7969,53.28,58057,43900,0.812,0.207,0.197,0.044
41001,Baker,OR,P,BOI,ne,44.7092,-117.6753,0.04514,0.54902,0.06391,0.11657,20967,946,2.62119,1.41582,0.02377,0.28151,7998.8893,511.2090,280.6639,2.11,16912,54400,0.719,0.270,0.162,0.043
20007,Barber,KS,C,DDC,sc,37.2289,-98.6848,0.03113,0.22545,0.22569,0.11657,2506,78,0.85143,7.24992,0.02752,0.00838,2942.7640,664.1524,149.7312,1.38,4071,59800,0.869,0.271,0.117,0.024
29029,Camden,MO,C,SGF,cc,38.0271,-92.766,0.04221,0.19585,0.19216,0.11668,6373,269,3.47138,4.55248,0.09867,0.62074,1835.8737,352.7815,69.0926,23.99,44044,63700,0.983,0.245,0.109,0.038
51161,Roanoke,VA,E,RNK,wc,37.2693,-80.0679,0.01946,0.91864,0.08903,0.11675,33447,651,51.46096,4.57503,0.22758,0.66955,649.9546,57.8655,53.1573,149.28,97026,77000,0.897,0.374,0.072,0.026
13181,Lincoln,GA,E,CAE,ec,33.7936,-82.4512,0.04882,0.29584,0.11027,0.11678,1659,81,2.49002,2.25871,0.05931,0.55513,666.2604,73.4685,21.7349,11.83,7879,69800,0.959,0.161,0.151,0.038
26105,Mason,MI,E,GRR,wc,43.9673,-86.3459,0.02236,0.61835,0.11527,0.11681,116,3,24.50880,5.15519,0.08580,0.00033,1318.4979,151.9833,93.9782,22.12,29159,64000,0.956,0.250,0.146,0.049
41065,Wasco,OR,P,PDT,nc,45.16,-121.1682,0.04831,0.36809,0.09024,0.11708,44438,2147,7.16381,1.86794,0.03112,0.20319,6203.0780,559.7658,206.0462,4.25,26333,60500,0.800,0.218,0.136,0.040
37125,Moore,NC,E,RAH,cc,35.3107,-79.4813,0.02346,0.54980,0.12457,0.11713,57021,1338,31.20110,5.30989,0.16116,0.52008,1827.5379,227.6564,125.1664,58.49,106898,84500,1.251,0.409,0.105,0.034
12039,Gadsden,FL,E,TAE,bb,30.5795,-84.6137,0.02595,0.59047,0.10506,0.11720,11059,287,8.07949,4.04855,0.08872,0.39754,1368.7289,143.7987,84.9083,32.02,43833,45600,0.659,0.201,0.215,0.039
9009,New Haven,CT,E,OKX,ss,41.4108,-72.9324,0.05471,0.99099,0.02975,0.11728,420296,22994,261.99216,0.54378,0.46474,0.40070,1604.2303,47.7259,47.2956,0.00,,,0.000,0.000,0.000,0.039
40009,Beckham,OK,C,OUN,ww,35.2687,-99.682,0.04979,0.16214,0.20015,0.11735,1527,76,0.65188,4.01988,0.07572,0.04333,2341.6878,468.6888,75.9951,9.41,22042,53100,0.891,0.133,0.218,0.030
30007,Broadwater,MT,M,TFX,sw,46.3319,-111.4955,0.03921,0.32001,0.12938,0.11753,7759,304,2.41837,3.29967,0.03180,0.21558,3208.5225,415.1186,132.8410,2.50,8032,67900,1.000,0.263,0.087,0.035
40107,Okfuskee,OK,C,TSA,ec,35.4655,-96.3228,0.04465,0.17487,0.20794,0.11753,739,33,0.45360,4.65711,0.04403,0.42836,1629.1776,338.7712,59.2398,6.94,11300,43500,0.730,0.131,0.250,0.041
28073,Lamar,MS,C,JAN,se,31.2059,-89.5087,0.02812,0.37892,0.15243,0.11755,2454,69,1.89291,5.42070,0.12581,0.43773,1296.2507,197.5875,74.8704,51.08,66217,62300,1.181,0.332,0.131,0.025
17117,Macoupin,IL,C,LSX,sw,39.261,-89.9244,0.37145,0.30149,0.71815,0.43165,3236,1202,1.44008,1.93337,0.07743,0.19147,2247.1032,1613.7572,486.5359,19.59,44018,69900,0.911,0.188,0.130,0.041
27151,Swift,MN,C,MPX,wc,45.2827,-95.6813,0.07590,0.22885,0.82705,0.24309,4210,320,2.16061,10.89657,0.05682,0.00906,1948.6321,1611.6162,368.8147,4.99,9719,67200,0.816,0.230,0.105,0.031
29203,Shannon,MO,C,SGF,sc,37.1574,-91.4005,0.05432,0.23754,0.12684,0.11785,8026,436,3.08657,2.33505,0.03027,0.82054,2600.3859,329.8329,78.3494,2.78,7238,39700,0.612,0.146,0.229,0.046
13121,Fulton,GA,E,FFC,nc,33.7903,-84.4669,0.05371,0.80516,0.03796,0.11797,213429,11463,154.12774,0.70676,0.65236,0.27324,1384.7529,52.5652,42.3235,779.28,1079105,89800,1.234,0.580,0.130,0.034
54035,Jackson,WV,E,RLX,nw,38.8344,-81.6748,0.03883,0.29325,0.14515,0.11823,4842,188,3.96334,3.73809,0.07694,0.75271,1221.6969,177.3293,52.0013,22.59,27593,54700,1.012,0.194,0.148,0.042
22023,Cameron,LA,C,LCH,sw,29.8717,-93.1618,0.03508,0.51814,0.09122,0.11836,115305,4045,29.59334,2.60034,0.01710,0.00089,3896.3125,355.4216,184.1586,1.22,4768,63400,1.143,0.150,0.138,0.028
13291,Union,GA,E,FFC,nc,34.8342,-83.9907,0.02060,0.84720,0.09505,0.11838,14321,295,16.80574,4.61408,0.08553,0.79220,852.1763,80.9994,68.6229,31.83,27124,64600,0.888,0.257,0.107,0.028
51153,Prince William,VA,E,LWX,nn,38.6374,-77.38235,0.02460,0.95763,0.07068,0.11853,1000,25,107.93896,2.87317,0.01948,0.01350,884.9462,62.5480,59.8981,553.30,489640,119000,1.387,0.445,0.067,0.027
21037,Campbell,KY,E,ILN,nn,38.9465,-84.3793,0.01206,0.63458,0.21938,0.11885,18410,222,44.58215,18.19071,0.25722,0.46380,412.9567,90.5944,57.4890,226.91,93702,74100,1.252,0.395,0.103,0.036
54079,Putnam,WV,E,RLX,ww,38.5086,-81.909,0.04075,0.42861,0.09623,0.11890,5791,236,6.38205,2.36147,0.12716,0.75096,907.3885,87.3180,37.4250,62.78,56962,80000,1.479,0.284,0.103,0.033
48069,Castro,TX,C,LUB,pa,34.53,-102.2617,0.10351,0.18987,0.69101,0.23858,2966,307,1.27337,6.67578,0.05015,0.00014,2329.2508,1609.5356,305.6048,3.10,7227,60000,0.830,0.210,0.177,0.031
17141,Ogle,IL,C,LOT,nc,42.0427,-89.3207,0.21891,0.40747,0.81346,0.41709,19460,4260,9.84402,3.71596,0.08701,0.08041,1976.8384,1608.0790,655.2374,25.93,51265,78600,1.024,0.240,0.092,0.054
33005,Cheshire,NH,E,GYX,ss,42.9193,-72.2512,0.04381,0.97155,0.03955,0.11896,105013,4601,55.61298,0.90276,0.07296,0.74375,1888.2735,74.6812,72.5569,41.15,77703,76200,0.840,0.353,0.090,0.023
27083,Lyon,MN,C,FSD,sw,44.4135,-95.839,0.18360,0.31585,0.85777,0.36777,15261,2802,8.16743,4.67195,0.07272,0.01280,1868.5696,1602.8029,506.2421,13.61,25427,71000,0.862,0.286,0.112,0.025
49047,Uintah,UT,M,GJT,ne,40.1247,-109.5186,0.13097,0.41182,0.03135,0.11914,18762,2457,1.61021,0.23937,0.01198,0.20459,11651.7848,365.2835,150.4321,3.24,37747,67600,0.763,0.168,0.111,0.033
48279,Lamb,TX,C,LUB,nw,34.0686,-102.3517,0.04797,0.18979,0.60671,0.17677,2147,103,0.81454,12.64770,0.05532,0.00024,2635.8394,1599.1901,303.5158,4.82,12711,53000,0.733,0.143,0.183,0.041
1129,Washington,AL,C,MOB,sw,31.4077,-88.2071,0.13142,0.24594,0.05241,0.11921,974,128,0.34439,0.39880,0.04920,0.43900,2828.2044,148.2262,36.4544,5.31,15022,53800,0.901,0.162,0.187,0.026
37153,Richmond,NC,E,RAH,cc,35.0059,-79.748,0.02337,0.71542,0.10139,0.11924,8858,207,7.13107,4.33847,0.13577,0.46769,1242.1225,125.9388,90.0997,34.07,42324,44400,0.657,0.162,0.226,0.046
21189,Owsley,KY,E,JKL,se,37.4192,-83.6832,0.04979,0.42352,0.08047,0.11928,241,12,0.46988,1.61619,0.05370,0.85480,512.8999,41.2731,17.4801,7.80,4001,32800,0.553,0.114,0.331,0.066
27101,Murray,MN,C,FSD,sw,44.0221,-95.7632,0.35570,0.23211,0.85813,0.41379,6050,2152,3.24666,2.41251,0.05788,0.00664,1863.4562,1599.0877,371.1659,4.32,8049,68700,0.834,0.239,0.105,0.039
22011,Beauregard,LA,C,LCH,sw,30.6485,-93.3434,0.07612,0.17889,0.12513,0.11944,893,68,0.29581,1.64385,0.06942,0.40475,3019.8429,377.8729,67.5980,12.20,36827,64400,1.161,0.178,0.157,0.036
5097,Montgomery,AR,C,LZK,ww,34.5388,-93.6595,0.05294,0.29810,0.10803,0.11946,2210,117,1.06627,2.04061,0.04276,0.80359,2072.8405,223.9290,66.7534,4.16,8620,46100,0.830,0.168,0.188,0.049
35015,Eddy,NM,M,MAF,se,32.4715,-104.3043,0.29543,0.34017,0.01702,0.11959,36418,10759,3.34979,0.05761,0.03354,0.02601,10871.6896,185.0362,62.9441,5.54,60275,65100,1.087,0.198,0.165,0.026
27047,Freeborn,MN,C,MPX,sc,43.6738,-93.3489,0.06169,0.21740,0.85145,0.22519,9289,573,4.96261,13.80207,0.07400,0.01858,1871.7125,1593.6696,346.4598,16.30,30515,65600,0.797,0.181,0.105,0.027
5119,Pulaski,AR,C,LZK,cc,34.7699,-92.3117,0.01817,0.44306,0.21277,0.11965,83381,1515,39.85766,11.70996,0.27708,0.33850,2091.9695,445.1084,197.2097,191.21,400009,57100,1.028,0.374,0.157,0.032
17043,DuPage,IL,C,LOT,ne,41.852,-88.0857,0.04347,1.00000,0.03960,0.11985,398416,17319,457.12788,0.91097,0.84341,0.05183,871.5633,34.5139,34.5139,1056.97,921213,102000,1.334,0.514,0.066,0.034
22109,Terrebonne,LA,C,LIX,se,29.4206,-90.8659,0.09213,0.52760,0.03551,0.11996,25899,2386,6.92246,0.38543,0.04634,0.00033,3741.2385,132.8514,70.0926,27.70,103616,57400,1.035,0.177,0.161,0.034
51073,Gloucester,VA,E,AKQ,ee,37.395,-76.5157,0.03214,0.92881,0.05855,0.12046,173620,5580,151.34564,1.82172,0.11411,0.39168,573.5900,33.5837,31.1928,69.84,40057,77000,0.897,0.259,0.079,0.026
48039,Brazoria,TX,C,HGX,se,29.1913,-95.4551,0.08787,0.62136,0.42739,0.28576,147791,12986,39.66463,4.86389,0.16118,0.05019,3726.0117,1592.4601,989.4891,107.07,398938,86200,1.193,0.321,0.094,0.044
22027,Claiborne,LA,C,SHV,nw,32.8226,-92.9957,0.11349,0.28274,0.05448,0.12047,6785,770,3.41266,0.48004,0.05440,0.60472,1988.1424,108.3140,30.6248,6.88,13670,37800,0.681,0.110,0.292,0.040
51053,Dinwiddie,VA,E,AKQ,sc,37.0759,-77.6323,0.04940,0.25446,0.13994,0.12072,2814,139,2.14299,2.83279,0.07564,0.55445,1313.0932,183.7543,46.7587,21.58,28343,72700,0.847,0.205,0.118,0.033
17021,Christian,IL,C,ILX,cc,39.5458,-89.2773,0.04328,0.14772,0.85827,0.17638,3628,157,1.95720,19.83064,0.07553,0.03824,1853.6857,1590.9628,235.0241,17.93,33228,56900,0.741,0.165,0.121,0.051
36103,Suffolk,NY,E,OKX,se,40.878,-72.8573,0.03468,0.98926,0.05201,0.12129,531506,18433,219.87086,1.49971,0.62287,0.19380,2417.3539,125.7266,124.3767,630.10,1523170,119000,1.501,0.399,0.070,0.034
13135,Gwinnett,GA,E,FFC,nc,33.9617,-84.0235,0.05730,0.90809,0.03431,0.12131,85560,4903,75.65798,0.59878,0.73797,0.19363,1130.8769,38.8004,35.2344,869.70,983526,83900,1.154,0.387,0.114,0.029
1057,Fayette,AL,C,BMX,wc,33.7212,-87.7388,0.07385,0.23240,0.10450,0.12150,1327,98,0.81415,1.41503,0.06746,0.60437,1629.9279,170.3275,39.5835,9.80,15967,49200,0.824,0.156,0.162,0.029
31067,Gage,NE,C,OAX,se,40.2619,-96.6893,0.03288,0.14749,0.71269,0.15119,7481,246,3.35917,21.67549,0.06383,0.03716,2227.0350,1587.1856,234.0919,9.71,21634,64400,0.922,0.221,0.103,0.026
28067,Jones,MS,C,JAN,se,31.6226,-89.1688,0.03500,0.25922,0.19837,0.12164,3171,111,1.74973,5.66771,0.11881,0.39985,1812.5055,359.5467,93.2000,36.55,66250,58000,1.099,0.200,0.190,0.032
49031,Piute,UT,M,SLC,cc,38.3365,-112.1269,0.08283,0.51798,0.04201,0.12170,1787,148,0.90100,0.50718,0.01241,0.39131,1983.2205,83.3151,43.1560,0.78,1550,54500,0.616,0.190,0.141,0.049
17067,Hancock,IL,C,DVN,wc,40.4037,-91.1647,0.19360,0.11919,0.75218,0.25891,3063,593,1.45191,3.88523,0.06303,0.14541,2109.6332,1586.8239,189.1289,8.15,17186,63300,0.825,0.242,0.130,0.041
29093,Iron,MO,C,LSX,se,37.5552,-90.7735,0.05581,0.33352,0.09761,0.12202,9275,518,6.48747,1.74897,0.04159,0.83329,1429.6835,139.5514,46.5429,6.60,9440,44300,0.684,0.183,0.190,0.049
38013,Burke,ND,C,BIS,nw,48.7909,-102.5182,0.02737,0.10000,0.54086,0.11397,5152,141,1.76159,19.76105,0.04548,0.00523,2924.5926,1581.7952,158.1840,0.73,2134,75900,1.037,0.235,0.090,0.016
8099,Prowers,CO,M,PUB,se,37.9552,-102.3933,0.25280,0.18275,0.37039,0.25769,23983,6063,5.63145,1.46515,0.02810,0.00000,4258.7823,1577.4104,288.2683,2.76,11751,48800,0.548,0.188,0.201,0.028
21235,Whitley,KY,E,JKL,sc,36.7582,-84.1452,0.03388,0.40348,0.13461,0.12254,2922,99,2.53479,3.97314,0.08887,0.73614,1152.8291,155.1823,62.6134,31.94,36825,43600,0.736,0.198,0.269,0.048
31155,Saunders,NE,C,OAX,ec,41.2265,-96.6374,0.11550,0.25415,0.79945,0.28630,6130,708,3.11334,6.92165,0.06999,0.03044,1968.9085,1574.0439,400.0427,11.92,23463,86200,1.234,0.303,0.065,0.019
40121,Pittsburg,OK,C,TSA,se,34.9239,-95.7484,0.08624,0.11046,0.19555,0.12304,1890,163,0.52958,2.26751,0.06768,0.50328,3568.8439,697.8874,77.0891,12.18,43479,47900,0.804,0.197,0.184,0.045
19171,Tama,IA,C,DMX,cc,42.0798,-92.5326,0.11938,0.12250,0.84122,0.23085,2253,269,1.20438,7.04657,0.06350,0.04722,1870.8852,1573.8260,192.7942,9.00,16833,66300,0.951,0.194,0.123,0.039
35001,Bernalillo,NM,M,ABQ,cc,35.0515,-106.6702,0.21594,0.96406,0.00897,0.12314,355157,76693,117.35882,0.04154,0.18132,0.18705,3026.2518,27.1455,26.1699,221.92,671586,65000,1.087,0.374,0.135,0.035
5111,Poinsett,AR,C,MEG,ee,35.574,-90.6629,0.35067,0.20379,0.79511,0.38445,2906,1019,1.46972,2.26740,0.04742,0.03510,1977.1483,1572.0504,320.3684,11.33,22397,47400,0.853,0.119,0.191,0.033
48339,Montgomery,TX,C,HGX,se,30.3002,-95.503,0.02321,0.71452,0.11261,0.12315,100967,2343,36.20112,4.85179,0.36855,0.34020,2789.0434,314.0742,224.4127,255.05,711354,95200,1.318,0.379,0.101,0.039
35013,Dona Ana,NM,M,EPZ,sc,32.3527,-106.8328,0.09061,0.66103,0.03118,0.12315,88211,7993,8.92855,0.34411,0.04068,0.01081,9879.6122,308.0463,203.6276,22.80,225210,52000,0.869,0.314,0.198,0.043
41049,Morrow,OR,P,PDT,ne,45.4188,-119.5843,0.19670,0.11641,0.29610,0.18927,8490,1670,1.60022,1.50534,0.03194,0.13442,5305.6418,1571.0005,182.8800,2.32,12302,67500,0.893,0.098,0.132,0.034
48229,Hudspeth,TX,M,EPZ,ww,31.4562,-105.3865,0.38252,0.34880,0.01403,0.12324,7380,2823,0.62323,0.03668,0.00726,0.00702,11841.5555,166.1370,57.9491,0.29,3451,39600,0.548,0.124,0.320,0.038
53021,Franklin,WA,P,PDT,sc,46.5348,-118.8989,0.10311,0.23245,0.47897,0.22559,23537,2427,7.18207,4.64523,0.07695,0.00001,3277.1768,1569.6694,364.8721,30.22,99034,77800,0.853,0.204,0.128,0.057
24005,Baltimore,MD,E,LWX,nn,39.3807,-76.5251,0.01759,0.99257,0.10815,0.12360,4066,72,47.77771,6.14838,0.06175,0.01191,1574.0145,170.2297,168.9641,536.66,844703,86200,0.908,0.414,0.098,0.022
33011,Hillsborough,NH,E,GYX,ss,42.9153,-71.716,0.05267,0.94904,0.03780,0.12363,138793,7310,60.06255,0.71768,0.20617,0.61463,2310.8032,87.3484,82.8970,184.94,427354,96400,1.062,0.406,0.065,0.023
19187,Webster,IA,C,DMX,cc,42.4278,-94.1818,0.08362,0.10613,0.84171,0.19548,1722,144,0.92596,10.06589,0.07665,0.05934,1859.6826,1565.3134,166.1232,19.62,36485,67100,0.963,0.205,0.140,0.031
13215,Muscogee,GA,E,FFC,wc,32.51,-84.877,0.12273,0.50885,0.03039,0.12381,55226,6778,96.48860,0.24762,0.40676,0.43313,572.3547,17.3939,8.8509,352.71,201877,53700,0.739,0.297,0.207,0.042
23005,Cumberland,ME,E,GYX,sw,43.8487,-70.4096,0.03460,0.92442,0.05938,0.12384,386081,13358,161.24320,1.71618,0.18989,0.51665,2394.4019,142.1796,131.4336,129.56,310230,88600,1.275,0.522,0.069,0.024
1093,Marion,AL,C,BMX,nw,34.1366,-87.8871,0.05769,0.21094,0.15642,0.12393,3172,183,1.64696,2.71139,0.08575,0.59147,1925.9739,301.2608,63.5483,15.18,29244,47700,0.800,0.128,0.190,0.029
29221,Washington,MO,C,LSX,ec,37.9617,-90.8774,0.04556,0.33073,0.12710,0.12418,2722,124,1.37835,2.78973,0.05455,0.79498,1974.5605,250.9666,83.0015,11.92,23534,47600,0.735,0.124,0.197,0.038
6039,Madera,CA,P,HNX,cc,37.218,-119.7626,0.07511,0.16833,0.28027,0.15246,31142,2339,5.58254,3.73146,0.05264,0.18621,5578.4250,1563.4652,263.1838,29.19,162858,71300,0.779,0.171,0.180,0.075
48115,Dawson,TX,C,MAF,ww,32.7425,-101.9477,0.04629,0.12501,0.66786,0.15693,1685,78,0.72117,14.42774,0.04535,0.00097,2336.4963,1560.4524,195.0686,5.14,12004,48800,0.675,0.145,0.197,0.042
27017,Carlton,MN,C,DLH,ne,46.5924,-92.6771,0.03381,0.49822,0.11474,0.12456,17185,581,7.58229,3.39367,0.05184,0.34806,2266.4905,260.0571,129.5650,16.25,36825,78500,0.953,0.255,0.091,0.037
27013,Blue Earth,MN,C,MPX,sc,44.0346,-94.0671,0.24014,0.27510,0.78660,0.37317,11060,2656,5.57552,3.27559,0.08359,0.03860,1983.7260,1560.3989,429.2730,35.29,70006,68300,0.829,0.345,0.143,0.023
45011,Barnwell,SC,E,CAE,cc,33.2661,-81.435,0.03312,0.38031,0.15403,0.12472,3201,106,2.21766,4.65066,0.08255,0.39049,1443.2227,222.2996,84.5433,14.17,20447,45100,0.702,0.128,0.272,0.043
51820,City of Waynesboro,VA,E,LWX,ww,38.0673,-78.9013,0.10132,1.00000,0.12563,0.23349,8161,827,204.84422,1.23993,0.65782,0.20972,39.8400,5.0051,5.0051,581.88,23182,58500,0.682,0.263,0.129,0.029
28069,Kemper,MS,C,JAN,ec,32.7546,-88.6412,0.08171,0.21066,0.11309,0.12486,257,21,0.12937,1.38404,0.04858,0.52089,1986.6142,224.6662,47.3289,4.32,8584,39900,0.755,0.178,0.259,0.046
27067,Kandiyohi,MN,C,MPX,cc,45.1524,-95.0048,0.14876,0.34832,0.69890,0.33085,7757,1154,3.47466,4.69817,0.07964,0.04473,2232.5561,1560.3335,543.4969,19.62,43813,72300,0.878,0.271,0.121,0.029
1063,Greene,AL,C,BMX,wc,32.8531,-87.9522,0.04084,0.25504,0.18726,0.12494,3648,149,2.13471,4.58521,0.04495,0.32981,1709.1101,320.0480,81.6246,4.30,7341,35400,0.594,0.125,0.310,0.048
30021,Dawson,MT,M,GGW,ne,47.2664,-104.8994,0.00072,0.04281,0.25254,0.01982,2768,2,0.44853,350.75000,0.02329,0.00958,6172.2929,1558.7508,66.7373,1.43,8810,60800,0.895,0.255,0.127,0.026
24047,Worcester,MD,E,AKQ,se,38.16905,-75.4272,0.01489,0.93368,0.14058,0.12503,261690,3897,104.96645,9.44124,0.10505,0.12144,1246.5448,175.2393,163.6166,43.46,54171,76000,0.800,0.327,0.101,0.033
45025,Chesterfield,SC,E,CAE,cc,34.6398,-80.1586,0.02800,0.41643,0.16782,0.12508,8644,242,4.14234,5.99357,0.10097,0.38173,2086.6943,350.1890,145.8295,21.10,44031,44600,0.694,0.132,0.203,0.032
46037,Day,SD,C,ABR,ne,45.3672,-97.6075,0.04413,0.09498,0.55103,0.13218,3014,133,1.06640,12.48652,0.04130,0.00537,2826.3195,1557.3868,147.9146,1.93,5451,62800,0.889,0.213,0.133,0.027
40035,Craig,OK,C,TSA,ne,36.7617,-95.2086,0.26739,0.15052,0.78832,0.31658,1017,272,0.51496,2.94820,0.05179,0.12309,1975.3998,1557.2472,234.3972,7.34,14494,48900,0.820,0.149,0.188,0.034
48445,Terry,TX,C,LUB,nw,33.1738,-102.3352,0.03853,0.09268,0.67486,0.13407,1064,41,0.46111,17.51518,0.05245,0.00013,2307.4958,1557.2366,144.3284,5.00,11547,47000,0.650,0.110,0.193,0.039
55129,Washburn,WI,C,DLH,nw,45.8993,-91.7912,0.04609,0.38792,0.11219,0.12611,22282,1027,10.08492,2.43415,0.05701,0.56120,2209.4139,247.8741,96.1546,7.66,16930,59200,0.834,0.236,0.108,0.037
8083,Montezuma,CO,M,GJT,sw,37.3384,-108.5968,0.04316,0.61714,0.07556,0.12626,64664,2791,12.24138,1.75070,0.02448,0.38128,5282.4495,399.1419,246.3276,5.02,26531,58300,0.655,0.308,0.140,0.040
13289,Twiggs,GA,E,FFC,cc,32.6672,-83.4272,0.04719,0.40528,0.10540,0.12632,2543,120,2.70580,2.23352,0.05694,0.48682,939.8336,99.0585,40.1467,8.18,7691,48800,0.670,0.109,0.213,0.049
55013,Burnett,WI,C,DLH,nw,45.8627,-92.3675,0.02666,0.62389,0.12121,0.12633,35715,952,15.66359,4.54651,0.05647,0.48624,2280.1559,276.3777,172.4283,7.50,17092,57400,0.808,0.220,0.135,0.046
33009,Grafton,NH,E,GYX,nn,43.9409,-71.8205,0.06824,0.85631,0.03464,0.12650,138822,9473,30.63835,0.50762,0.05166,0.82867,4530.9942,156.9536,134.4006,20.56,93146,81200,0.895,0.448,0.094,0.019
22061,Lincoln,LA,C,SHV,nc,32.6016,-92.6647,0.10352,0.25820,0.07576,0.12651,11843,1226,9.68201,0.73184,0.12169,0.50322,1223.1958,92.6693,23.9274,39.21,47962,44800,0.807,0.360,0.284,0.038
21205,Rowan,KY,E,JKL,ec,38.1963,-83.4211,0.03545,0.50111,0.11516,0.12695,7080,251,9.54605,3.24852,0.08488,0.77264,741.6634,85.4100,42.8000,32.91,24409,50500,0.852,0.270,0.240,0.052
24017,Charles,MD,E,LWX,ss,38.45035,-76.9854,0.03645,0.82830,0.06818,0.12721,75880,2766,31.71310,1.87051,0.16897,0.50695,1196.3533,81.5674,67.5620,143.75,171973,113000,1.189,0.316,0.078,0.022
8085,Montrose,CO,M,GJT,wc,38.4022,-108.2694,0.06618,0.47692,0.06573,0.12754,35884,2375,6.17766,0.99320,0.03003,0.45550,5808.7178,381.8070,182.0910,7.60,44156,65700,0.738,0.283,0.107,0.033
40113,Osage,OK,C,TSA,ne,36.6292,-96.3984,0.09734,0.26843,0.07972,0.12771,12413,1208,2.08029,0.81899,0.03729,0.25122,5966.8585,475.6780,127.6839,7.73,46130,58700,0.984,0.215,0.142,0.037
48011,Armstrong,TX,C,AMA,pa,34.9649,-101.3574,0.03015,0.34148,0.20234,0.12772,1990,60,0.84089,6.71111,0.02225,0.07578,2366.6589,478.8698,163.5224,0.77,1832,67500,0.935,0.214,0.105,0.033
12081,Manatee,FL,E,TBW,wc,27.4882,-82.4094,0.01816,0.62133,0.18489,0.12778,1308,24,24.79963,10.18117,0.07712,0.00027,1943.5725,359.3471,223.2721,226.95,441095,72200,1.042,0.343,0.104,0.030
16021,Boundary,ID,P,OTX,pa,48.7669,-116.4629,0.05116,0.64401,0.06337,0.12781,18432,943,5.57077,1.23866,0.02463,0.75778,3308.7608,209.6762,135.0346,4.10,13557,62800,0.865,0.196,0.115,0.047
37073,Gates,NC,E,AKQ,ne,36.4449,-76.7011,0.01863,0.50119,0.22367,0.12782,15349,286,17.09810,12.00590,0.04269,0.28504,897.7109,200.7910,100.6342,11.52,10343,66600,0.986,0.108,0.140,0.033
48349,Navarro,TX,C,FWD,nc,32.047,-96.4724,0.04538,0.29979,0.55247,0.19588,8307,377,2.95287,12.17431,0.07313,0.10377,2813.1967,1554.2068,465.9287,19.78,55635,50800,0.703,0.171,0.157,0.040
56033,Sheridan,WY,M,BYZ,nc,44.79,-106.8795,0.11402,0.36133,0.05108,0.12815,11787,1344,1.80092,0.44799,0.02469,0.19421,6544.9553,334.3163,120.7989,4.97,32519,70200,0.985,0.334,0.094,0.027
19065,Fayette,IA,C,ARX,ne,42.8625,-91.8443,0.45014,0.10676,0.81766,0.33997,2139,963,1.12899,1.81646,0.06959,0.09870,1894.3805,1548.9592,165.3609,10.14,19210,56600,0.812,0.182,0.139,0.032
17173,Shelby,IL,C,ILX,cc,39.3911,-88.8055,0.18415,0.15853,0.77624,0.28298,2281,420,1.14659,4.21526,0.07366,0.13113,1989.0755,1544.0000,244.7675,10.34,20568,65400,0.852,0.176,0.106,0.044
47067,Hancock,TN,E,MRX,ea,36.5236,-83.2219,0.05597,0.18453,0.20515,0.12844,750,42,1.29694,3.66536,0.06956,0.69342,578.6439,118.7088,21.9047,12.02,6956,38000,0.583,0.086,0.267,0.044
54057,Mineral,WV,E,LWX,ee,39.4147,-78.9438,0.03946,0.37776,0.14243,0.12853,1824,72,2.13935,3.60948,0.08322,0.74356,852.5846,121.4336,45.8728,31.51,26867,59700,1.103,0.228,0.139,0.041
26165,Wexford,MI,E,APX,nn,44.3384,-85.5785,0.05598,0.60351,0.06287,0.12854,14648,820,9.82150,1.12308,0.07783,0.55371,1491.4614,93.7682,56.5897,22.88,34122,56400,0.842,0.212,0.134,0.048
29143,New Madrid,MO,C,PAH,se,36.5942,-89.6516,0.24652,0.17274,0.85261,0.33113,4553,1122,2.51829,3.45858,0.06096,0.00031,1807.8493,1541.3904,266.2616,8.53,15424,48200,0.743,0.133,0.199,0.037
26109,Menominee,MI,C,MQT,sr,45.5792,-87.5573,0.06576,0.30131,0.10728,0.12858,7193,473,2.63135,1.63139,0.04985,0.23688,2733.4112,293.2404,88.3549,8.39,22945,50600,0.756,0.180,0.148,0.040
5149,Yell,AR,C,LZK,cc,35.0026,-93.4113,0.02985,0.32561,0.22119,0.12906,6297,188,2.56251,7.41005,0.04441,0.61982,2457.4022,543.5528,176.9862,8.16,20044,50300,0.906,0.143,0.165,0.037
48111,Dallam,TX,C,AMA,pa,36.2779,-102.6022,0.14909,0.10799,0.39444,0.18518,2321,346,0.59521,2.64565,0.02826,0.00000,3899.0304,1537.9336,166.0822,1.86,7237,61600,0.853,0.157,0.122,0.026
48373,Polk,TX,C,HGX,se,30.7928,-94.83,0.05345,0.45176,0.09019,0.12962,12499,668,4.34849,1.68737,0.08225,0.47198,2874.2314,259.2269,117.1089,18.85,54186,58900,0.815,0.134,0.181,0.054
37015,Bertie,NC,E,AKQ,ne,36.09295,-76.85185,0.04732,0.40533,0.11359,0.12964,152,7,1.69295,2.40046,0.00183,0.00037,1833.7534,208.2960,84.4296,9.23,16922,44400,0.658,0.178,0.243,0.044
48457,Tyler,TX,C,LCH,se,30.7713,-94.3765,0.08840,0.38999,0.06325,0.12968,8643,764,3.56540,0.71550,0.06116,0.51286,2424.0162,153.3190,59.7936,8.41,20382,50700,0.702,0.120,0.185,0.058
48153,Floyd,TX,C,LUB,nw,34.0724,-101.3032,0.03230,0.13782,0.59793,0.13859,3746,121,1.45716,18.51176,0.04337,0.02350,2570.7598,1537.1344,211.8474,1.98,5090,45800,0.633,0.167,0.203,0.043
4012,La Paz,AZ,m,PSR,wc,33.7292,-113.9813,0.23706,0.24092,0.03850,0.13004,16143,3827,1.38101,0.16241,0.00945,0.00001,11689.5989,450.0496,108.4273,1.43,16710,53900,0.725,0.139,0.187,0.048
13087,Decatur,GA,E,TAE,sw,30.84045,-84.66485,0.05679,0.21125,0.18345,0.13008,16340,928,5.26138,3.23032,0.08255,0.29681,1552.8670,284.8735,60.1792,18.73,29087,46500,0.639,0.146,0.223,0.034
37091,Hertford,NC,E,AKQ,ne,36.33505,-76.8666,0.04703,0.35375,0.13263,0.13019,4,0,0.15141,2.82011,0.00014,0.00014,919.0471,121.8932,43.1200,21.17,19453,43900,0.650,0.167,0.227,0.047
8057,Jackson,CO,M,BOU,nc,40.6664,-106.3428,0.16531,0.43275,0.03089,0.13025,28456,4704,6.77822,0.18686,0.01042,0.31593,4198.1824,129.6819,56.1200,0.31,1309,62400,0.701,0.275,0.133,0.022
40053,Grant,OK,C,OUN,nn,36.7961,-97.7861,0.09147,0.09403,0.59121,0.17196,1334,122,0.51316,6.46343,0.05322,0.00351,2599.2933,1536.7282,144.5037,1.57,4083,55700,0.933,0.227,0.140,0.020
28035,Forrest,MS,C,JAN,se,31.1889,-89.2579,0.04123,0.45704,0.11816,0.13058,17731,731,14.55972,2.86587,0.16061,0.45699,1217.8206,143.8977,65.7671,64.22,78208,51300,0.973,0.295,0.190,0.030
36105,Sullivan,NY,E,BGM,cc,41.7164,-74.7681,0.03975,0.73673,0.07617,0.13066,81606,3244,31.61102,1.91623,0.09444,0.75181,2581.5660,196.6379,144.8693,30.96,79920,63700,0.802,0.297,0.145,0.033
21109,Jackson,KY,E,JKL,se,37.4198,-84.0058,0.05063,0.30774,0.14333,0.13071,1224,62,1.36427,2.83093,0.06293,0.78073,897.5506,128.6459,39.5894,14.60,13104,41000,0.692,0.103,0.239,0.056
48303,Lubbock,TX,C,LUB,nw,33.6102,-101.8205,0.07558,0.45593,0.65754,0.28297,71047,5370,30.45221,8.69992,0.19439,0.00153,2333.0616,1534.0813,699.4412,137.56,320940,59100,0.818,0.333,0.171,0.033
17001,Adams,IL,C,LSX,wc,39.9878,-91.1886,0.16138,0.17560,0.67948,0.26803,13577,2191,6.01625,4.21043,0.08650,0.18839,2256.6435,1533.3441,269.2567,28.56,64441,61700,0.805,0.270,0.122,0.036
29217,Vernon,MO,C,SGF,wc,37.8506,-94.3424,0.42096,0.14893,0.70585,0.35371,5419,2281,2.49943,1.67676,0.05697,0.14210,2167.9307,1530.2339,227.8975,9.09,19710,51900,0.801,0.180,0.169,0.035
29195,Saline,MO,C,EAX,cc,39.1366,-93.2022,0.52324,0.18530,0.77093,0.42124,5080,2658,2.56495,1.47338,0.05676,0.12133,1980.5177,1526.8405,282.9215,11.64,23049,54600,0.843,0.260,0.176,0.030
21051,Clay,KY,E,JKL,se,37.1598,-83.7146,0.31640,0.15201,0.04706,0.13130,433,137,0.35490,0.14874,0.06358,0.87524,1220.0332,57.4148,8.7279,16.10,19648,34500,0.582,0.166,0.372,0.064
49029,Morgan,UT,M,SLC,nn,41.0893,-111.5731,0.11078,0.77345,0.02643,0.13132,15364,1702,9.71203,0.23858,0.02163,0.45023,1581.9101,41.8099,32.3377,8.22,13000,119000,1.350,0.388,0.043,0.021
21237,Wolfe,KY,E,JKL,se,37.7393,-83.4931,0.05081,0.39833,0.11219,0.13144,5353,272,9.27483,2.20803,0.06118,0.81369,577.1879,64.7547,25.7937,10.88,6282,37700,0.637,0.074,0.286,0.063
45003,Aiken,SC,E,CAE,cc,33.5444,-81.6348,0.02602,0.54786,0.15934,0.13145,74405,1936,26.58847,6.12375,0.16485,0.37138,2798.3802,445.8939,244.2866,63.30,177130,67700,1.055,0.311,0.141,0.030
40025,Cimarron,OK,C,AMA,pa,36.7483,-102.5178,0.02900,0.23268,0.32009,0.12926,19998,580,4.19420,11.03759,0.02467,0.00105,4768.0095,1526.1922,355.1167,0.46,2191,50900,0.854,0.317,0.174,0.020
28113,Pike,MS,C,LIX,ss,31.1749,-90.4042,0.04567,0.21065,0.23768,0.13174,1511,69,1.42037,5.20429,0.11514,0.44111,1063.8045,252.8451,53.2620,37.03,39394,40900,0.776,0.159,0.236,0.040
25023,Plymouth,MA,E,BOX,se,41.9547,-70.8129,0.08622,0.97429,0.02744,0.13210,264251,22784,145.32538,0.31826,0.34401,0.32740,1818.3376,49.8952,48.6123,294.39,535308,103000,1.086,0.412,0.080,0.035
54007,Braxton,WV,E,RLX,nc,38.6998,-80.7193,0.11597,0.35503,0.05600,0.13211,2354,273,1.76093,0.48288,0.05126,0.87758,1336.7736,74.8593,26.5777,9.10,12162,43300,0.801,0.119,0.197,0.051
30083,Richland,MT,M,GGW,ne,47.7879,-104.5613,0.02262,0.09152,0.28010,0.08339,2166,49,0.39774,12.38285,0.03381,0.01050,5446.9231,1525.6832,139.6278,2.05,11173,73000,1.074,0.194,0.095,0.026
54089,Summers,WV,E,RNK,se,37.6559,-80.8586,0.04214,0.48950,0.11232,0.13232,15523,654,16.29881,2.66540,0.05547,0.79970,952.3964,106.9732,52.3629,12.16,11581,40600,0.750,0.160,0.226,0.039
22101,St. Mary,LA,C,LCH,sc,29.7196,-91.4494,0.04483,0.30694,0.16893,0.13247,10240,459,5.77526,3.76824,0.06148,0.00444,1773.0465,299.5207,91.9355,26.54,47055,48200,0.870,0.131,0.214,0.042
31003,Antelope,NE,C,OAX,ne,42.177,-98.0667,0.29212,0.17631,0.68191,0.32749,3519,1028,1.58297,2.33435,0.04917,0.01168,2223.1271,1515.9726,267.2887,2.83,6302,63300,0.906,0.199,0.106,0.019
20073,Greenwood,KS,C,ICT,se,37.8778,-96.2327,0.08613,0.18546,0.14608,0.13264,2589,223,0.86728,1.69604,0.03197,0.06902,2985.2005,436.0781,80.8734,1.97,5870,52100,0.758,0.190,0.143,0.027
55027,Dodge,WI,C,MKX,se,43.4164,-88.7075,0.07512,0.54143,0.64468,0.29708,141819,10653,60.36755,8.58200,0.10265,0.03806,2349.2525,1514.5161,819.9998,37.56,88231,69700,0.981,0.199,0.086,0.026
53061,Snohomish,WA,P,SEW,wc,48.0473,-121.6966,0.05461,0.94347,0.04539,0.13274,278786,15225,51.03309,0.83117,0.14483,0.66140,5462.8468,247.9586,233.9411,154.64,844761,101000,1.112,0.368,0.088,0.035
45055,Kershaw,SC,E,CAE,cc,34.3388,-80.5903,0.07517,0.36841,0.08446,0.13274,21884,1645,11.41353,1.12359,0.12419,0.41670,1917.3912,161.9429,59.6620,36.46,69905,61000,0.950,0.228,0.126,0.030
24009,Calvert,MD,E,LWX,ss,38.46835,-76.52505,0.03921,0.99303,0.06013,0.13279,140,5,12.34974,1.53354,0.06427,0.04218,572.8942,34.4481,34.2082,165.35,94728,118000,1.244,0.353,0.049,0.019
40005,Atoka,OK,C,OUN,se,34.3737,-96.0378,0.05395,0.20088,0.21732,0.13305,2428,131,0.94700,4.02817,0.03829,0.51000,2564.2359,557.2597,111.9432,5.66,14525,46200,0.774,0.153,0.200,0.038
42069,Lackawanna,PA,E,BGM,ne,41.437,-75.6092,0.03007,0.75451,0.10413,0.13319,44902,1350,37.33180,3.46292,0.22188,0.59105,1202.7818,125.2457,94.4986,179.69,216123,61200,0.852,0.301,0.161,0.037
12063,Jackson,FL,C,TAE,pa,30.7878,-85.07035,0.03942,0.35388,0.16970,0.13328,14122,557,2.89212,4.30492,0.09357,0.22678,2441.4192,414.3088,146.6173,19.92,48622,50600,0.731,0.146,0.206,0.034
6035,Lassen,CA,P,REVSTO,nn,40.6736,-120.5943,0.17480,0.44157,0.03077,0.13342,34416,6016,2.81506,0.17603,0.02063,0.22626,12225.6804,376.1842,166.1114,2.36,28861,60300,0.659,0.132,0.171,0.052
40029,Coal,OK,C,OUN,se,34.5882,-96.2979,0.08606,0.14681,0.18837,0.13351,1115,96,0.82626,2.18882,0.04313,0.38662,1350.0015,254.2998,37.3347,3.90,5266,44000,0.739,0.168,0.213,0.040
40063,Hughes,OK,C,OUN,se,35.0484,-96.2502,0.08543,0.13009,0.21456,0.13360,1194,102,0.56590,2.51153,0.04902,0.45327,2109.9189,452.7042,58.8906,6.37,13436,43800,0.734,0.151,0.242,0.040
37087,Haywood,NC,E,GSP,ww,35.5561,-82.9822,0.02772,0.92135,0.09338,0.13361,52236,1448,36.36559,3.36869,0.09367,0.80816,1436.4049,134.1315,123.5819,43.84,62969,62400,0.924,0.294,0.110,0.030
1003,Baldwin,AL,C,MOB,sw,30.7278,-87.7171,0.02614,0.57580,0.15888,0.13373,156533,4092,38.50794,6.07804,0.12284,0.33068,4064.9518,645.8395,371.8726,62.36,253507,71700,1.201,0.328,0.100,0.023
20171,Scott,KS,C,DDC,wc,38.4822,-100.9069,0.00896,0.13708,0.81483,0.10003,8145,73,4.38211,90.94085,0.04143,0.00001,1858.5871,1514.4325,207.5936,2.65,4922,71100,1.033,0.334,0.079,0.020
41013,Crook,OR,P,PDT,cc,44.1422,-120.3566,0.10624,0.72628,0.03110,0.13388,23824,2531,3.07916,0.29273,0.02092,0.22311,7737.2876,240.6296,174.7649,3.48,26952,69600,0.920,0.225,0.128,0.055
29101,Johnson,MO,C,EAX,wc,38.7441,-93.8063,0.10186,0.29742,0.70181,0.27703,15365,1565,7.12109,6.88995,0.07538,0.18644,2157.6487,1514.2594,450.3639,25.47,54962,60100,0.927,0.291,0.136,0.033
13067,Cobb,GA,E,FFC,nc,33.9415,-84.5767,0.15060,0.96886,0.01650,0.13403,145750,21950,163.33798,0.10956,0.78929,0.16483,892.3209,14.7233,14.2648,870.47,776743,96800,1.331,0.504,0.088,0.028
20009,Barton,KS,C,ICT,cc,38.479,-98.7565,0.00443,0.21544,0.64788,0.08519,11734,52,5.03130,146.24831,0.06831,0.00511,2332.1503,1510.9535,325.5148,10.68,24899,56700,0.824,0.217,0.150,0.027
28133,Sunflower,MS,C,JAN,nw,33.6023,-90.5886,0.76970,0.10475,0.82364,0.40495,1789,1377,0.97668,1.07008,0.05536,0.00054,1831.7197,1508.6776,158.0344,13.36,24468,38400,0.728,0.169,0.325,0.046
6029,Kern,CA,P,HNX,cc,35.3429,-118.7298,0.05085,0.25060,0.18947,0.13415,145005,7374,6.85991,3.72606,0.06430,0.04991,21138.0838,4005.0327,1003.6649,43.23,913820,66000,0.721,0.186,0.190,0.083
39167,Washington,OH,E,RLX,se,39.4553,-81.4953,0.02950,0.38536,0.21245,0.13417,17831,526,10.75469,7.20169,0.10549,0.66411,1657.9629,352.2342,135.7367,35.33,58577,59200,0.900,0.207,0.128,0.042
36035,Fulton,NY,E,ALY,ee,43.1139,-74.4222,0.02839,0.82188,0.10361,0.13421,14158,402,10.25716,3.64952,0.07425,0.61414,1380.3355,143.0166,117.5431,37.84,52234,61500,0.774,0.212,0.140,0.044
51081,Greensville,VA,E,AKQ,se,36.6759,-77.5596,0.06677,0.21324,0.17114,0.13457,749,50,0.97373,2.56313,0.05594,0.40088,769.0537,131.6159,28.0663,14.48,11133,47600,0.554,0.138,0.273,0.037
41019,Douglas,OR,P,MFR,sw,43.2796,-123.1662,0.06418,0.58103,0.06579,0.13487,49825,3198,3.79421,1.02509,0.04046,0.68275,13131.9402,863.9503,501.9796,8.56,112435,55800,0.738,0.189,0.160,0.047
48469,Victoria,TX,C,CRP,sc,28.7964,-96.9715,0.31751,0.42420,0.65540,0.44526,17722,5627,7.70074,2.06419,0.08250,0.05675,2301.3381,1508.2970,639.8227,39.83,91664,67900,0.939,0.197,0.141,0.041
40047,Garfield,OK,C,OUN,nn,36.379,-97.7828,0.14286,0.09476,0.54734,0.19495,5803,829,2.11406,3.83130,0.08449,0.01796,2744.9613,1502.4271,142.3689,22.60,62023,55500,0.931,0.223,0.144,0.032
20153,Rawlins,KS,C,GLD,nw,39.7852,-101.0757,0.05007,0.05467,0.54218,0.11407,1498,75,0.54069,10.82844,0.03277,0.00004,2770.5162,1502.1185,82.1185,0.89,2463,59100,0.859,0.173,0.109,0.019
51071,Giles,VA,E,RNK,sw,37.3141,-80.7037,0.02394,0.79171,0.13098,0.13540,28914,692,30.97845,5.47118,0.06418,0.78519,933.3429,122.2493,96.7861,17.63,16457,62700,0.731,0.180,0.113,0.029
48277,Lamar,TX,C,FWD,nc,33.6671,-95.5711,0.15202,0.20347,0.62069,0.26777,3072,467,1.27198,4.08295,0.06640,0.17815,2415.1245,1499.0436,305.0109,21.17,51127,62600,0.866,0.206,0.192,0.043
38039,Griggs,ND,C,FGF,se,47.4572,-98.2371,0.13825,0.11682,0.80342,0.23499,2727,377,1.47022,5.81136,0.03668,0.00656,1854.7269,1490.1247,174.0754,1.21,2248,59300,0.810,0.274,0.116,0.019
51025,Brunswick,VA,E,AKQ,sc,36.7648,-77.859,0.07778,0.30166,0.10671,0.13579,1710,133,1.15978,1.37195,0.05605,0.59343,1474.4142,157.3347,47.4616,10.68,15749,49100,0.572,0.156,0.208,0.046
27033,Cottonwood,MN,C,FSD,sw,44.0071,-95.1812,0.18117,0.34837,0.88449,0.38218,6453,1169,3.83935,4.88210,0.06026,0.00958,1680.6615,1486.5283,517.8587,6.73,11319,60000,0.728,0.229,0.112,0.046
28129,Smith,MS,C,JAN,cc,32.0177,-89.5067,0.10101,0.15104,0.16481,0.13598,488,49,0.29591,1.63162,0.06045,0.50113,1650.5032,272.0194,41.0861,8.54,14099,51700,0.980,0.140,0.168,0.028
25005,Bristol,MA,E,BOX,se,41.802,-71.1153,0.06669,0.96744,0.03899,0.13600,196247,13088,132.56525,0.58465,0.37460,0.29544,1480.3841,57.7202,55.8408,393.03,581841,80700,0.854,0.306,0.127,0.041
51185,Tazewell,VA,E,RNK,sw,37.125,-81.5606,0.03112,0.39135,0.20658,0.13601,10830,337,8.04151,6.63817,0.08188,0.69027,1346.7419,278.2099,108.8782,29.05,39120,48400,0.563,0.164,0.210,0.040
48145,Falls,TX,C,FWD,cc,31.2533,-96.9358,0.13065,0.28101,0.74052,0.30069,2564,335,1.27939,5.66797,0.05941,0.05271,2004.2393,1484.1793,417.0679,8.62,17286,47500,0.658,0.150,0.201,0.041
33017,Strafford,NH,E,GYX,cc,43.2975,-71.0293,0.05260,0.90750,0.05297,0.13623,115240,6062,115.87875,1.00703,0.16555,0.58722,994.4887,52.6781,47.8054,133.98,133243,82800,0.913,0.385,0.093,0.021
16031,Cassia,ID,M,PIH,se,42.2839,-113.6004,0.04530,0.26817,0.20907,0.13644,27927,1265,4.17900,4.61523,0.02887,0.05301,6682.7180,1397.1559,374.6805,3.85,25696,68200,0.939,0.209,0.115,0.026
29179,Reynolds,MO,C,LSX,se,37.3623,-90.9691,0.10889,0.32512,0.07194,0.13656,3851,419,1.82571,0.66067,0.03521,0.85869,2109.3582,151.7472,49.3368,2.82,5950,44400,0.686,0.154,0.198,0.034
40087,McClain,OK,C,OUN,cc,35.0087,-97.4436,0.04418,0.51949,0.11164,0.13684,3486,154,2.32018,2.52694,0.07925,0.15205,1502.3353,167.7207,87.1295,31.33,47072,75500,1.266,0.280,0.095,0.029
5001,Arkansas,AR,C,LZK,se,34.2908,-91.3749,0.18148,0.19108,0.55424,0.26786,7880,1430,2.94298,3.05400,0.04176,0.03622,2677.4033,1483.9240,283.5477,6.09,16307,52100,0.939,0.153,0.168,0.027
24033,Prince Georges,MD,E,LWX,cc,38.76635,-76.92675,0.06068,0.96176,0.04409,0.13703,958,58,665.80087,0.72660,0.01820,0.12032,1268.0920,55.9102,53.7723,747.13,947430,93800,0.988,0.361,0.110,0.022
29041,Chariton,MO,C,EAX,nc,39.5145,-92.9626,0.64562,0.12229,0.74547,0.38899,5626,3632,2.82671,1.15466,0.04896,0.10004,1990.1519,1483.5985,181.4340,3.72,7399,56600,0.874,0.194,0.104,0.027
51159,Richmond,VA,E,AKQ,ec,37.9155,-76.746,0.03983,0.50810,0.12737,0.13711,17802,709,17.83413,3.19784,0.06192,0.46039,499.0838,63.5683,32.2989,18.40,9184,60200,0.701,0.174,0.156,0.031
45087,Union,SC,E,GSP,up,34.6892,-81.6194,0.17879,0.12624,0.11445,0.13721,1594,285,1.19282,0.64014,0.06983,0.67851,1336.4024,152.9513,19.3080,19.93,26629,46500,0.723,0.135,0.234,0.041
19045,Clinton,IA,C,DVN,ec,41.898,-90.532,0.22716,0.17758,0.80465,0.31899,4279,972,2.32631,3.54222,0.08266,0.03433,1839.3972,1480.0710,262.8336,25.09,46158,61100,0.877,0.221,0.133,0.037
49051,Wasatch,UT,M,SLC,nn,40.3304,-111.1694,0.14284,0.88324,0.02064,0.13758,19400,2771,6.19478,0.14450,0.03218,0.54076,3131.6541,64.6373,57.0903,11.86,37144,116000,1.308,0.477,0.050,0.024
12086,Miami-Dade,FL,E,MFL,se,25.6171,-80.5682,0.06314,0.98970,0.04180,0.13772,369308,23318,72.63381,0.66202,0.22274,0.00425,5084.5259,212.5332,210.3446,528.44,2686867,67000,0.966,0.332,0.141,0.018
48297,Live Oak,TX,C,CRP,sc,28.3514,-98.1248,0.03197,0.35021,0.23408,0.13787,9665,309,3.45873,7.32186,0.04586,0.01277,2794.3265,654.0959,229.0677,4.15,11584,58600,0.810,0.138,0.170,0.038
6113,Yolo,CA,P,STO,cc,38.6867,-121.9016,0.37810,0.65996,0.55863,0.51850,260935,98660,98.49269,1.47747,0.07954,0.00125,2649.2831,1479.9690,976.7216,83.25,220544,82400,0.900,0.441,0.153,0.047
16011,Bingham,ID,M,PIH,se,43.2165,-112.3981,0.08685,0.21344,0.26864,0.17077,6275,545,1.14276,3.09315,0.04055,0.04158,5491.4651,1475.2272,314.8701,9.18,50395,70100,0.964,0.208,0.111,0.031
17195,Whiteside,IL,C,DVN,nw,41.7564,-89.9141,0.04473,0.29862,0.81534,0.22166,15425,690,8.54492,18.22803,0.09209,0.05013,1805.1583,1471.8178,439.5184,30.19,54498,62000,0.808,0.201,0.114,0.047
48395,Robertson,TX,C,FWD,cc,31.027,-96.5128,0.19213,0.23471,0.65371,0.30891,4180,803,1.86408,3.40244,0.06811,0.20234,2242.1618,1465.7236,344.0136,7.70,17267,57800,0.800,0.191,0.170,0.036
20203,Wichita,KS,C,GLD,wc,38.4821,-101.3474,0.04979,0.06613,0.78746,0.13738,723,36,0.38849,15.81563,0.03941,0.00000,1861.0379,1465.4929,96.9069,1.12,2082,68200,0.991,0.188,0.105,0.022
19085,Harrison,IA,C,OAX,sw,41.6829,-95.8167,0.51044,0.15425,0.80702,0.39904,5709,2914,3.14479,1.58103,0.06066,0.08157,1815.3211,1465.0004,225.9721,8.08,14670,73500,1.054,0.212,0.098,0.027
47029,Cocke,TN,E,MRX,ea,35.9254,-83.1211,0.03518,0.43594,0.17400,0.13871,7448,262,6.48905,4.94599,0.08527,0.71362,1147.7532,199.7091,87.0622,32.59,37404,45400,0.695,0.116,0.204,0.045
48219,Hockley,TX,C,LUB,nw,33.6076,-102.3432,0.08270,0.15879,0.62096,0.20128,1318,109,0.56010,7.50859,0.05939,0.00005,2353.1314,1461.2005,232.0204,9.12,21460,56900,0.788,0.183,0.151,0.036
47141,Putnam,TN,C,OHX,mi,36.1408,-85.4951,0.01818,0.60467,0.24309,0.13877,33558,610,32.18125,13.37129,0.16001,0.57593,1042.7894,253.4917,153.2790,80.40,83844,55000,0.843,0.292,0.173,0.035
29007,Audrain,MO,C,LSX,cc,39.2158,-91.8416,0.25345,0.11763,0.80749,0.28874,1452,368,0.80443,3.18599,0.06610,0.09756,1804.9510,1457.4799,171.4390,13.52,24394,56300,0.869,0.161,0.151,0.033
17149,Pike,IL,C,LSX,wc,39.6225,-90.8862,0.09356,0.20715,0.65996,0.23386,4201,393,1.91076,7.05387,0.05738,0.22943,2198.6298,1451.0077,300.5758,6.52,14342,54200,0.707,0.188,0.150,0.045
48201,Harris,TX,C,HGX,se,29.79795,-95.2891,0.05130,0.86611,0.06057,0.13910,1135962,58275,124.74749,1.18070,0.72763,0.04708,4553.0421,275.7778,238.8526,1061.95,4835125,68700,0.951,0.337,0.160,0.043
1013,Butler,AL,C,MOB,sc,31.7524,-86.6803,0.17903,0.14787,0.10190,0.13921,1112,199,0.55169,0.56918,0.05868,0.57141,2014.7466,205.3027,30.3585,9.12,18382,41900,0.701,0.138,0.236,0.029
5023,Cleburne,AR,C,LZK,nc,35.5381,-92.0267,0.04796,0.26196,0.21487,0.13924,5275,253,3.44079,4.48019,0.08062,0.59108,1533.1031,329.4179,86.2948,16.60,25445,52700,0.949,0.183,0.135,0.039
54001,Barbour,WV,E,RLX,ne,39.1329,-80.003,0.05399,0.27022,0.18532,0.13931,5779,312,6.51039,3.43249,0.05717,0.73294,887.6584,164.5009,44.4508,17.32,15378,46300,0.856,0.122,0.200,0.048
8029,Delta,CO,M,GJT,wc,38.8613,-107.863,0.04654,0.58626,0.09991,0.13969,20263,943,6.81089,2.14676,0.04218,0.40332,2975.0282,297.2351,174.2558,10.67,31746,53900,0.605,0.257,0.129,0.036
46125,Turner,SD,C,FSD,se,43.3108,-97.1488,0.24614,0.11288,0.90509,0.29298,1199,295,0.74938,3.67713,0.06028,0.00603,1599.3372,1447.5441,163.4036,5.64,9027,74500,1.055,0.262,0.084,0.019
47065,Hamilton,TN,E,MRX,ea,35.1809,-85.1648,0.03599,0.73167,0.10449,0.14013,190727,6864,127.91242,2.90331,0.36368,0.44906,1491.0779,155.8027,113.9968,254.76,379864,75100,1.152,0.370,0.129,0.032
31027,Cedar,NE,C,OAX,ne,42.5993,-97.2523,0.02771,0.12762,0.74770,0.13828,1876,52,0.97135,26.98304,0.05328,0.02379,1931.6684,1444.3085,184.3196,4.28,8262,69000,0.989,0.250,0.086,0.018
48293,Limestone,TX,C,FWD,cc,31.5455,-96.5805,0.13320,0.19240,0.59726,0.24829,4602,613,1.90400,4.48393,0.06791,0.14268,2417.0215,1443.5903,277.7435,9.21,22250,51400,0.711,0.191,0.180,0.042
8067,La Plata,CO,M,GJT,sw,37.2866,-107.8435,0.06184,0.57422,0.07823,0.14057,67915,4200,15.42510,1.26504,0.03636,0.49261,4402.8713,344.4366,197.7815,12.81,56407,79400,0.891,0.473,0.115,0.030
34011,Cumberland,NJ,E,PHI,ss,39.3736,-75.1099,0.02099,0.73946,0.18002,0.14085,45925,964,35.71439,8.57646,0.17415,0.22944,1285.8882,231.4856,171.1744,118.46,152326,60900,0.632,0.179,0.170,0.065
51145,Powhatan,VA,E,AKQ,cc,37.5502,-77.9151,0.02694,0.66290,0.15661,0.14089,20381,549,29.98364,5.81329,0.08975,0.60056,679.7400,106.4541,70.5686,47.23,32105,105000,1.226,0.342,0.061,0.027
53027,Grays Harbor,WA,P,SEW,nw,47.1508,-123.7726,0.11379,0.79854,0.03078,0.14089,95568,10875,19.11575,0.27050,0.04151,0.74915,4999.4369,153.8827,122.8814,15.46,77290,62300,0.682,0.176,0.151,0.063
20145,Pawnee,KS,C,DDC,sc,38.1814,-99.2368,0.00123,0.07789,0.73831,0.04136,816,1,0.41738,600.25203,0.05379,0.00145,1954.2740,1442.8600,112.3832,3.13,6126,47900,0.697,0.188,0.128,0.026
48467,Van Zandt,TX,C,FWD,nc,32.5637,-95.8365,0.50887,0.39878,0.64788,0.50848,10444,5315,4.69189,1.27317,0.08297,0.15025,2225.9971,1442.1790,575.1069,28.75,64000,57700,0.798,0.182,0.120,0.035
37051,Cumberland,NC,E,RAH,cc,35.0485,-78.8273,0.03339,0.48239,0.17599,0.14153,46898,1566,27.49984,5.27074,0.28114,0.23530,1705.3914,300.1318,144.7805,198.13,337890,58000,0.859,0.272,0.153,0.047
45001,Abbeville,SC,E,GSP,up,34.2226,-82.4587,0.04553,0.30770,0.20234,0.14153,13441,612,10.15315,4.44410,0.07252,0.58486,1323.8227,267.8623,82.4206,18.46,24434,50300,0.784,0.193,0.153,0.037
20113,McPherson,KS,C,ICT,cc,38.3916,-97.648,0.06301,0.23761,0.61712,0.20984,12427,783,5.32394,9.79400,0.06809,0.02480,2334.2427,1440.5079,342.2747,12.89,30091,73800,1.072,0.331,0.083,0.020
48355,Nueces,TX,C,CRP,sc,27.7232,-97.6289,0.02783,0.55508,0.66142,0.21699,303691,8452,139.48821,23.76644,0.19330,0.00486,2177.1804,1440.0307,799.3276,161.81,352289,60300,0.834,0.237,0.173,0.042
55019,Clark,WI,C,ARX,cc,44.7347,-90.6121,0.27551,0.23803,0.45484,0.31013,7892,2174,2.49957,1.65090,0.06040,0.29627,3157.4421,1436.1310,341.8419,11.01,34774,63600,0.896,0.134,0.117,0.028
37081,Guilford,NC,E,RAH,cc,36.0794,-79.789,0.01791,0.84066,0.19186,0.14242,139338,2496,81.79570,10.71245,0.41586,0.34431,1703.4885,326.8313,274.7527,322.79,549866,63800,0.945,0.381,0.148,0.039
29033,Carroll,MO,C,EAX,nc,39.4268,-93.5052,0.25410,0.14943,0.78950,0.31065,2747,698,1.51063,3.10704,0.05402,0.10504,1818.4506,1435.6667,214.5386,4.61,8391,56800,0.877,0.202,0.129,0.028
17107,Logan,IL,C,ILX,cc,40.1245,-89.3676,0.15530,0.16119,0.89063,0.28145,4166,647,2.59834,5.73490,0.07215,0.01991,1603.4009,1428.0369,230.1851,17.21,27590,53800,0.701,0.199,0.144,0.047
17135,Montgomery,IL,C,LSX,sc,39.231,-89.4789,0.20835,0.19020,0.77435,0.31308,4286,893,2.33147,3.71658,0.08151,0.13017,1838.3129,1423.4976,270.7556,15.05,27663,56400,0.735,0.182,0.147,0.051
28007,Attala,MS,C,JAN,cc,33.0863,-89.5817,0.17083,0.13712,0.12573,0.14334,480,82,0.25139,0.73599,0.05722,0.52144,1909.4200,240.0714,32.9179,9.09,17359,44400,0.841,0.158,0.194,0.036
13133,Greene,GA,E,FFC,ec,33.5788,-83.1667,0.04763,0.50768,0.12187,0.14337,8418,401,8.00084,2.55868,0.08719,0.60374,1052.1670,128.2276,65.0991,19.69,20722,74500,1.024,0.364,0.141,0.033
53077,Yakima,WA,P,PDT,sc,46.4569,-120.7387,0.07137,0.31378,0.13177,0.14343,67144,4792,6.01257,1.84629,0.05119,0.30129,11167.2486,1471.5083,461.7271,22.98,256643,63100,0.691,0.189,0.161,0.058
17057,Fulton,IL,C,ILX,wc,40.4728,-90.2075,0.38578,0.20401,0.62185,0.36578,13194,5090,5.77175,1.61193,0.06513,0.25777,2285.9600,1421.5242,290.0052,14.24,32541,57400,0.747,0.176,0.118,0.053
19133,Monona,IA,C,OAX,wc,42.0516,-95.96,0.05280,0.11254,0.78270,0.16692,3068,162,1.69494,14.82386,0.05357,0.08548,1810.0833,1416.7522,159.4377,4.69,8493,60200,0.864,0.187,0.126,0.028
28091,Marion,MS,C,JAN,sc,31.2308,-89.8224,0.08517,0.21662,0.16141,0.14387,951,81,0.66943,1.89515,0.07862,0.44637,1420.6040,229.2997,49.6705,17.05,24224,44100,0.836,0.125,0.215,0.032
42013,Blair,PA,E,CTP,cc,40.4813,-78.3486,0.02090,0.75547,0.18912,0.14400,46074,963,33.75053,9.04880,0.14784,0.64713,1365.1426,258.1758,195.0435,88.10,120273,57900,0.806,0.241,0.144,0.033
37041,Chowan,NC,E,AKQ,ne,36.151,-76.6497,0.02872,0.48464,0.21486,0.14407,154,4,1.53091,7.48120,0.00249,0.00043,447.8595,96.2271,46.6359,31.02,13891,55800,0.827,0.245,0.151,0.036
30031,Gallatin,MT,M,TFX,sc,45.5403,-111.1703,0.03573,0.57679,0.14603,0.14438,126807,4531,18.59838,4.08704,0.05035,0.41851,6818.1551,995.6552,574.2794,18.54,126409,83500,1.230,0.531,0.088,0.021
55007,Bayfield,WI,C,DLH,nw,46.5241,-91.2006,0.06725,0.66716,0.06724,0.14449,51701,3477,13.19444,0.99985,0.03823,0.69992,3918.3821,263.4720,175.7778,4.28,16769,63700,0.896,0.350,0.100,0.045
17191,Wayne,IL,C,PAH,sc,38.4295,-88.4256,0.47091,0.11608,0.76423,0.34698,1183,557,0.63817,1.62288,0.06993,0.10805,1853.4572,1416.4676,164.4250,8.50,15761,53400,0.695,0.162,0.127,0.046
17091,Kankakee,IL,C,LOT,ne,41.1377,-87.8618,0.03015,0.57063,0.80201,0.23985,53457,1612,30.28409,26.60066,0.12673,0.03918,1765.1762,1415.6890,807.8354,60.02,105940,70500,0.919,0.204,0.115,0.058
6049,Modoc,CA,P,MFRREV,nn,41.5899,-120.725,0.12862,0.46032,0.05122,0.14475,17278,2222,1.58711,0.39823,0.01595,0.21306,10886.1960,557.5910,256.6719,0.78,8500,51200,0.559,0.230,0.201,0.063
48009,Archer,TX,C,OUN,nn,33.6153,-98.6877,0.05397,0.36982,0.15223,0.14484,6504,351,2.71230,2.82064,0.03435,0.00910,2397.8212,365.0203,134.9909,3.77,9029,72100,0.997,0.252,0.097,0.035
26009,Antrim,MI,E,APX,nn,45.0003,-85.1377,0.03817,0.84465,0.09437,0.14490,24263,926,18.00982,2.47236,0.08009,0.45956,1347.2099,127.1362,107.3859,18.12,24409,71900,1.075,0.343,0.101,0.054
1109,Pike,AL,C,BMX,se,31.8024,-85.9409,0.06214,0.20861,0.23693,0.14536,2816,175,1.61788,3.81284,0.07580,0.44156,1740.5508,412.3887,86.0292,19.04,33137,45100,0.756,0.273,0.238,0.027
25027,Worcester,MA,E,BOX,cc,42.3514,-71.9077,0.06709,0.91336,0.05018,0.14542,356316,23905,87.12167,0.74795,0.21999,0.53826,4089.8612,205.2292,187.4476,211.95,866866,86100,0.911,0.390,0.109,0.035
21019,Boyd,KY,E,RLX,ne,38.3596,-82.6877,0.07723,0.35171,0.11328,0.14545,1269,98,3.02813,1.46679,0.22763,0.62443,419.0394,47.4688,16.6952,114.13,47826,55400,0.935,0.194,0.181,0.056
13257,Stephens,GA,E,GSP,ne,34.554,-83.2935,0.04215,0.48234,0.15152,0.14550,6239,263,13.07439,3.59478,0.15415,0.62519,477.1990,72.3052,34.8755,57.06,27228,52000,0.715,0.149,0.156,0.036
51810,City of Virginia Beach,VA,E,AKQ,se,36.7494,-76.0571,0.02266,0.99864,0.13622,0.14554,173581,3933,258.79342,6.01147,0.45369,0.02904,670.7306,91.3669,91.2425,676.35,453649,83100,0.968,0.404,0.087,0.028
51177,Spotsylvania,VA,E,LWX,cc,38.1854,-77.6567,0.03582,0.68512,0.12572,0.14558,27249,976,25.52176,3.50977,0.16736,0.53281,1067.6751,134.2281,91.9627,140.11,149588,96300,1.122,0.338,0.066,0.030
28061,Jasper,MS,C,JAN,ec,32.0191,-89.1189,0.14523,0.18351,0.11599,0.14567,723,105,0.41208,0.79866,0.06099,0.52277,1754.5255,203.5074,37.3453,9.13,16013,44800,0.849,0.130,0.201,0.037
20063,Gove,KS,C,GLD,wc,38.916,-100.4829,0.01065,0.14209,0.50883,0.09166,3291,35,1.18579,47.77746,0.03542,0.00014,2774.9955,1412.0010,200.6244,0.99,2735,64000,0.930,0.210,0.094,0.023
17037,De Kalb,IL,C,LOT,nc,41.8934,-88.7704,0.25228,0.43716,0.85846,0.45577,20977,5292,12.75510,3.40281,0.11356,0.01644,1644.5772,1411.8037,617.1855,60.98,100288,71900,0.937,0.327,0.125,0.047
22017,Caddo,LA,C,SHV,nw,32.5797,-93.8821,0.03796,0.37049,0.22290,0.14635,38953,1479,16.05302,5.87197,0.19121,0.30060,2426.5142,540.8700,200.3852,93.30,226386,47700,0.860,0.253,0.228,0.041
19165,Shelby,IA,C,OAX,sw,41.6851,-95.3103,0.04311,0.05626,0.92132,0.13073,1461,63,0.95404,21.37138,0.05927,0.00906,1531.6604,1411.1494,79.3852,7.71,11806,71600,1.028,0.233,0.088,0.024
20131,Nemaha,KS,C,TOP,ne,39.7835,-96.0141,0.19734,0.08164,0.75653,0.23013,983,194,0.52762,3.83364,0.05660,0.06076,1863.2075,1409.5724,115.0733,5.43,10114,72700,1.057,0.301,0.084,0.017
42021,Cambria,PA,E,CTP,cc,40.4954,-78.7136,0.03520,0.57344,0.15621,0.14664,15343,540,8.54243,4.43778,0.13778,0.65295,1796.0491,280.5608,160.8854,72.75,130668,54600,0.761,0.230,0.132,0.041
20093,Kearny,KS,C,DDC,sw,38.0002,-101.3199,0.37900,0.05093,0.62355,0.22918,657,249,0.29106,1.64525,0.03503,0.00000,2257.2310,1407.4964,71.6870,1.69,3823,75800,1.101,0.146,0.102,0.020
38079,Rolette,ND,C,BIS,nc,48.7724,-99.8411,0.06273,0.07639,0.57720,0.14037,1403,88,0.57665,9.20134,0.04378,0.12963,2432.7473,1404.1817,107.2691,4.82,11728,50600,0.691,0.166,0.235,0.055
20109,Logan,KS,C,GLD,wc,38.9173,-101.1485,0.04963,0.13811,0.50497,0.15127,2901,144,1.04392,10.17469,0.02889,0.00002,2779.3457,1403.4862,193.8307,0.96,2665,63200,0.918,0.267,0.102,0.018
12059,Holmes,FL,C,TAE,pa,30.8679,-85.8143,0.07239,0.20682,0.21532,0.14772,1920,139,1.51720,2.97444,0.07804,0.31875,1265.5876,272.5063,56.3586,15.76,19944,50100,0.723,0.121,0.182,0.032
48455,Trinity,TX,C,HGX,se,31.0889,-95.1355,0.10622,0.18307,0.16578,0.14772,1535,163,0.82975,1.56072,0.05948,0.52192,1849.4575,306.6031,56.1304,7.69,14228,49600,0.687,0.159,0.189,0.050
48289,Leon,TX,C,FWD,cc,31.2965,-95.9957,0.54974,0.28400,0.50115,0.42771,12204,6709,4.36124,0.91161,0.05561,0.32237,2798.3022,1402.3691,398.2718,5.91,16538,56700,0.785,0.171,0.137,0.047
37093,Hoke,NC,E,RAH,cc,35.0174,-79.2371,0.02686,0.64764,0.18624,0.14797,6107,164,6.00900,6.93373,0.12222,0.34812,1016.2835,189.2726,122.5801,53.57,54446,60900,0.902,0.213,0.185,0.044
20117,Marshall,KS,C,TOP,ne,39.7836,-96.5229,0.03519,0.11079,0.59858,0.13264,1250,44,0.53380,17.00995,0.04982,0.05958,2342.3130,1402.0617,155.3311,4.24,9933,58900,0.856,0.189,0.092,0.021
8123,Weld,CO,M,BOU,ne,40.5549,-104.3925,0.03055,0.42831,0.24909,0.14827,97857,2990,9.40640,8.15352,0.06587,0.00002,10403.2175,2591.3374,1109.9039,34.55,359442,90800,1.019,0.320,0.091,0.033
19191,Winneshiek,IA,C,ARX,ne,43.2906,-91.8436,0.15778,0.24544,0.78291,0.31182,9811,1548,5.49058,4.96204,0.06807,0.13953,1786.9173,1398.9954,343.3646,11.09,19815,72000,1.033,0.315,0.079,0.032
31141,Platte,NE,C,OAX,ne,41.5708,-97.5206,0.00895,0.11499,0.78624,0.09318,4916,44,2.76510,87.84804,0.07369,0.00660,1778.0321,1397.9600,160.7460,19.46,34609,67100,0.961,0.241,0.084,0.020
22113,Vermilion,LA,C,LCH,sw,29.8455,-92.3241,0.17905,0.46331,0.41711,0.32586,22089,3955,6.59901,2.32957,0.04982,0.00283,3347.3775,1396.2246,646.8911,17.03,56992,50600,0.912,0.168,0.175,0.036
34023,Middlesex,NJ,E,PHI,nn,40.4394,-74.4113,0.05950,0.98958,0.05592,0.14877,109630,6523,133.26308,0.93983,0.66447,0.06040,822.6554,46.0029,45.5238,1049.80,863623,102000,1.059,0.451,0.086,0.041
24037,St. Marys,MD,E,LWX,ss,38.28905,-76.6139,0.04130,0.79394,0.10045,0.14879,1322,55,5.22051,2.43220,0.00737,0.00812,972.3580,97.6734,77.5465,118.56,115281,112000,1.181,0.351,0.084,0.020
17095,Knox,IL,C,ILX,wc,40.9318,-90.2133,0.05938,0.29402,0.74817,0.23551,17312,1028,9.28791,12.59970,0.08759,0.15045,1863.9391,1394.5433,410.0245,25.97,48411,57700,0.751,0.203,0.163,0.055
16041,Franklin,ID,M,PIH,se,42.1811,-111.8132,0.03971,0.36240,0.22919,0.14885,4684,186,2.70633,5.77159,0.03802,0.23831,1730.5979,396.6357,143.7421,8.95,15494,71700,0.987,0.215,0.071,0.027
51550,City of Chesapeake,VA,E,AKQ,se,36.6778,-76.3024,0.01963,0.86272,0.19514,0.14895,45698,897,50.30083,9.94091,0.25861,0.03356,908.4956,177.2838,152.9464,279.46,253886,87100,1.015,0.364,0.100,0.029
21165,Menifee,KY,E,JKL,ec,37.9414,-83.5989,0.05508,0.55154,0.10949,0.14927,3250,179,6.08998,1.98784,0.04986,0.82274,533.6142,58.4254,32.2241,11.78,6286,43200,0.730,0.109,0.251,0.062
41035,Klamath,OR,P,MFR,sc,42.6863,-121.6501,0.13246,0.43913,0.05739,0.14945,95491,12649,6.00907,0.43326,0.04071,0.49684,15891.1657,911.9940,400.4804,4.41,70003,55000,0.727,0.215,0.193,0.052
48177,Gonzales,TX,C,EWX,sc,29.4567,-97.4925,0.06902,0.30294,0.50269,0.21905,17880,1234,6.45327,7.28325,0.05745,0.10828,2770.7054,1392.8059,421.9386,7.19,19930,57500,0.796,0.126,0.176,0.034
28157,Wilkinson,MS,C,LIX,ss,31.161,-91.3109,0.28862,0.12815,0.09042,0.14954,589,170,0.33074,0.31328,0.03558,0.63360,1780.8715,161.0264,20.6354,4.52,8058,36800,0.697,0.116,0.322,0.055
20179,Sheridan,KS,C,GLD,nw,39.3503,-100.4418,0.00505,0.11344,0.59931,0.07002,1188,6,0.51147,118.67525,0.04068,0.00017,2322.2368,1391.7397,157.8857,1.04,2423,62900,0.914,0.243,0.110,0.021
37119,Mecklenburg,NC,E,GSP,pd,35.2468,-80.8328,0.07726,0.95606,0.04546,0.14975,176387,13628,124.66889,0.58840,0.69800,0.19937,1414.8432,64.3188,61.4927,822.49,1163701,80600,1.194,0.486,0.102,0.034
5089,Marion,AR,C,LZK,nc,36.2684,-92.6842,0.06787,0.22607,0.21957,0.14991,3271,222,1.97245,3.23516,0.05111,0.62998,1658.4113,364.1374,82.3210,10.56,17514,49300,0.888,0.154,0.174,0.041
19151,Pocahontas,IA,C,DMX,nw,42.7341,-94.6788,0.12629,0.05821,0.92733,0.18961,1069,135,0.71272,7.34286,0.05724,0.00184,1499.8853,1390.8886,80.9616,4.65,6976,61900,0.888,0.187,0.111,0.023
22117,Washington,LA,C,LIX,se,30.8534,-90.0406,0.11872,0.14538,0.19525,0.14992,5306,630,3.03126,1.64463,0.08882,0.33192,1750.5538,341.7956,49.6887,25.63,44865,41800,0.753,0.127,0.233,0.043
13185,Lowndes,GA,E,TAE,sc,30.8339,-83.2677,0.04746,0.41670,0.17067,0.15000,23450,1113,17.73142,3.59608,0.17130,0.28281,1322.5000,225.7111,94.0534,91.28,120712,52600,0.723,0.271,0.195,0.035
46089,McPherson,SD,C,ABR,nc,45.7664,-99.2215,0.04086,0.07005,0.46589,0.11007,2275,93,0.76276,11.40210,0.02921,0.00072,2983.1896,1389.8382,97.3543,0.78,2334,52900,0.749,0.224,0.154,0.024
1001,Autauga,AL,C,BMX,cc,32.5349,-86.6428,0.05163,0.32458,0.20264,0.15031,6527,337,4.16953,3.92485,0.09035,0.44755,1565.4038,317.2134,102.9611,38.55,60342,70100,1.175,0.283,0.117,0.022
40077,Latimer,OK,C,TSA,se,34.8761,-95.2504,0.10696,0.14396,0.22063,0.15033,589,63,0.31191,2.06273,0.04788,0.67644,1888.3597,416.6288,59.9781,5.04,9526,42400,0.711,0.104,0.231,0.047
6111,Ventura,CA,P,LOX,sw,34.4567,-119.0835,0.05392,0.94605,0.06687,0.15053,341450,18411,71.00536,1.24017,0.11780,0.08833,4808.7926,321.5640,304.2149,172.52,829590,102000,1.114,0.357,0.098,0.043
19119,Lyon,IA,C,FSD,nw,43.3805,-96.2103,0.48083,0.08138,0.91266,0.32931,1092,525,0.71734,1.89809,0.06300,0.01171,1522.0960,1389.1561,113.0513,8.10,12324,74100,1.062,0.208,0.078,0.020
37039,Cherokee,NC,E,MRX,sw,35.1339,-84.0635,0.07917,0.67087,0.06440,0.15067,5533,438,4.57733,0.81344,0.07789,0.82500,1208.6836,77.8392,52.2198,24.79,29959,51600,0.764,0.242,0.146,0.039
45071,Newberry,SC,E,CAE,cc,34.2898,-81.6001,0.06172,0.35051,0.15820,0.15070,18228,1125,10.87278,2.56319,0.08594,0.59078,1676.4680,265.2172,92.9625,23.16,38825,55100,0.857,0.235,0.175,0.029
21057,Cumberland,KY,C,LMK,sc,36.7866,-85.3884,0.13088,0.13909,0.18834,0.15079,84,11,0.10441,1.43903,0.05583,0.73705,804.9784,151.6096,21.0868,7.45,6000,48900,0.825,0.175,0.231,0.034
12013,Calhoun,FL,C,TAE,pa,30.4061,-85.1972,0.07061,0.44429,0.10963,0.15095,1629,115,1.09486,1.55261,0.05801,0.18850,1487.6238,163.0882,72.4589,9.05,13470,46800,0.675,0.131,0.229,0.033
20075,Hamilton,KS,M,DDC,sw,37.9991,-101.7913,0.01460,0.06961,0.53681,0.08171,2260,33,0.87467,36.76781,0.02851,0.00000,2583.8259,1387.0236,96.5467,0.94,2437,63400,0.922,0.208,0.115,0.018
28063,Jefferson,MS,C,JAN,sw,31.7342,-91.0371,0.23206,0.12860,0.11592,0.15124,418,97,0.30617,0.49953,0.03614,0.64922,1365.2439,158.2591,20.3527,5.08,6941,33900,0.641,0.199,0.302,0.119
29081,Harrison,MO,C,EAX,nc,40.3547,-93.9921,0.18864,0.16826,0.73636,0.28591,3610,681,1.91873,3.90352,0.04951,0.18725,1881.5217,1385.4773,233.1206,4.37,8220,51900,0.801,0.176,0.162,0.030
42053,Forest,PA,E,PBZ,nw,41.5132,-79.2361,0.15861,0.85757,0.02547,0.15131,11862,1881,10.61625,0.16058,0.02791,0.90143,1117.3034,28.4577,24.4044,5.77,6449,43400,0.604,0.121,0.248,0.052
54017,Doddridge,WV,E,RLX,nn,39.2692,-80.7069,0.45260,0.17174,0.04462,0.15137,833,377,1.00329,0.09859,0.05473,0.88442,830.2392,37.0453,6.3620,9.25,7680,47800,0.883,0.127,0.189,0.032
27049,Goodhue,MN,C,MPX,se,44.4099,-92.7225,0.14153,0.46327,0.68477,0.35542,45624,6457,22.57005,4.83834,0.08520,0.16395,2021.4207,1384.2083,641.2613,23.76,48035,82100,0.997,0.279,0.073,0.026
38031,Foster,ND,C,BIS,se,47.4571,-98.8831,0.04120,0.09231,0.82489,0.14639,971,40,0.57974,20.02160,0.03990,0.00312,1674.6713,1381.4196,127.5149,1.98,3309,83200,1.135,0.272,0.114,0.018
28159,Winston,MS,C,JAN,ec,33.0885,-89.0344,0.11333,0.21678,0.14234,0.15179,1147,130,0.72596,1.25598,0.06251,0.51478,1580.1463,224.9180,48.7577,11.02,17416,50100,0.949,0.186,0.274,0.034
5085,Lonoke,AR,C,LZK,cc,34.7542,-91.8887,0.13098,0.28108,0.66467,0.29032,12986,1701,6.24902,5.07459,0.07984,0.07013,2078.1599,1381.2905,388.2483,36.54,75944,66200,1.192,0.210,0.096,0.027
20099,Labette,KS,C,ICT,se,37.1913,-95.2976,0.12061,0.12571,0.81570,0.23125,3847,464,2.27381,6.76312,0.07142,0.08963,1691.8751,1380.0625,173.4824,11.66,19728,52300,0.760,0.211,0.155,0.029
37123,Montgomery,NC,E,RAH,cc,35.3324,-79.9054,0.06106,0.61654,0.09367,0.15221,11022,673,8.48391,1.53406,0.08285,0.66383,1299.1464,121.6910,75.0279,20.08,26085,55300,0.819,0.193,0.156,0.036
40127,Pushmataha,OK,C,TSA,se,34.4162,-95.3758,0.10847,0.25584,0.12755,0.15240,1429,155,0.38780,1.17590,0.04030,0.69471,3684.8942,470.0083,120.2451,2.93,10800,39300,0.658,0.143,0.236,0.039
13137,Habersham,GA,E,GSP,ne,34.631,-83.5312,0.03318,0.65177,0.16375,0.15242,7383,245,10.21101,4.93520,0.15212,0.66372,723.0753,118.4036,77.1724,67.43,48757,62400,0.858,0.242,0.135,0.031
13239,Quitman,GA,E,TAE,sw,31.8674,-85.0188,0.11571,0.38860,0.07877,0.15243,1763,204,4.22741,0.68075,0.04797,0.49547,417.0405,32.8503,12.7655,5.47,2280,41500,0.571,0.090,0.237,0.052
8095,Phillips,CO,M,BOU,ne,40.5939,-102.3575,0.05649,0.10476,0.77404,0.16608,3346,189,1.87820,13.70225,0.04717,0.00004,1781.2679,1378.7726,144.4356,2.51,4476,68600,0.770,0.257,0.121,0.022
48387,Red River,TX,C,SHV,ne,33.6207,-95.0504,0.04220,0.15094,0.50318,0.14744,6459,273,2.35929,11.92370,0.03692,0.20809,2737.4780,1377.4442,207.9075,4.27,11678,47100,0.651,0.156,0.184,0.048
51750,City of Radford,VA,E,RNK,sw,37.1231,-80.5583,0.11554,0.96781,0.07666,0.20466,48962,5657,1862.86474,0.66349,0.55739,0.32277,26.2833,2.0149,1.9500,645.70,16971,47900,0.558,0.398,0.264,0.036
5031,Craighead,AR,C,MEG,ee,35.8308,-90.6328,0.08626,0.41932,0.74543,0.29986,22425,1934,12.14375,8.64166,0.12044,0.05347,1846.6245,1376.5293,577.1995,61.73,113993,60600,1.091,0.278,0.161,0.027
46107,Potter,SD,C,ABR,nc,45.0645,-99.9573,0.01343,0.06428,0.59144,0.07993,521,7,0.22405,44.03872,0.03125,0.00031,2327.1007,1376.3404,88.4730,1.04,2413,72400,1.025,0.266,0.092,0.024
48223,Hopkins,TX,C,FWD,nc,33.1495,-95.564,0.10860,0.21045,0.66992,0.24831,2919,317,1.42164,6.16869,0.06334,0.10763,2053.2560,1375.5173,289.4780,18.59,38172,64200,0.889,0.200,0.130,0.035
20049,Elk,KS,C,ICT,se,37.4537,-96.2441,0.10190,0.18584,0.18921,0.15302,1050,107,0.62339,1.85682,0.03336,0.11671,1684.3290,318.6919,59.2262,1.46,2467,47100,0.684,0.206,0.171,0.025
19069,Franklin,IA,C,DMX,nc,42.7325,-93.2624,0.11756,0.09279,0.90722,0.21470,672,79,0.44507,7.71708,0.06399,0.00830,1509.8821,1369.7952,127.1053,6.54,9875,63800,0.915,0.182,0.113,0.028
19025,Calhoun,IA,C,DMX,wc,42.3852,-94.6405,0.07265,0.14023,0.92336,0.21110,2863,208,1.93141,12.70970,0.06171,0.00290,1482.3391,1368.7326,191.9314,6.59,9763,64600,0.927,0.215,0.116,0.027
1045,Dale,AL,C,TAE,se,31.4318,-85.611,0.03798,0.41342,0.23137,0.15373,9294,353,6.37687,6.09189,0.11677,0.41552,1457.4538,337.2111,139.4110,34.22,49871,50600,0.847,0.193,0.166,0.025
51087,Henrico,VA,E,AKQ,cc,37.538,-77.4058,0.05149,0.88082,0.08036,0.15389,93645,4822,147.81878,1.56069,0.52459,0.19637,633.5139,50.9092,44.8417,528.42,334760,82200,0.957,0.457,0.094,0.029
51149,Prince George,VA,E,AKQ,sc,37.1866,-77.2241,0.03830,0.70242,0.13554,0.15392,5562,213,7.61527,3.53890,0.11328,0.44301,730.3525,98.9920,69.5337,58.70,42871,76600,0.892,0.240,0.113,0.034
28151,Washington,MS,C,JAN,nw,33.2836,-90.9474,0.06031,0.12222,0.69384,0.17229,1658,100,0.84100,11.50456,0.07492,0.00033,1971.4603,1367.8780,167.1760,21.28,41946,39700,0.752,0.205,0.355,0.049
26091,Lenawee,MI,E,DTX,se,41.8951,-84.0664,0.19433,0.44860,0.69327,0.39244,32615,6338,16.54066,3.56749,0.12209,0.07643,1971.8328,1367.0125,613.2486,49.46,97520,67500,1.008,0.223,0.106,0.042
13301,Warren,GA,E,FFC,ec,33.409,-82.6767,0.15445,0.16513,0.14312,0.15397,570,88,0.76719,0.92664,0.06203,0.59738,742.6511,106.2882,17.5512,6.88,5106,44400,0.610,0.127,0.242,0.041
19197,Wright,IA,C,DMX,nc,42.7331,-93.7352,0.05784,0.10447,0.90578,0.17623,1314,76,0.87089,15.66010,0.06150,0.00516,1508.7966,1366.6378,142.7751,8.39,12656,67300,0.965,0.235,0.110,0.026
53017,Douglas,WA,P,OTX,nc,47.7361,-119.6917,0.04990,0.30308,0.28536,0.16281,16853,841,3.51964,5.71864,0.04302,0.00710,4788.2216,1366.3669,414.1219,9.36,44798,83900,0.919,0.219,0.118,0.047
47025,Claiborne,TN,E,MRX,ea,36.4859,-83.6603,0.05545,0.28344,0.23377,0.15431,2705,150,2.36536,4.21587,0.09968,0.61805,1143.6804,267.3582,75.7795,28.55,32654,41100,0.630,0.173,0.186,0.039
29121,Macon,MO,C,EAX,nc,39.8308,-92.5646,0.06602,0.12881,0.64877,0.17670,4922,325,2.33901,9.82687,0.05793,0.24532,2104.4882,1365.3288,175.8721,7.20,15161,52800,0.816,0.185,0.125,0.033
45067,Marion,SC,E,ILM,ne,34.0801,-79.3625,0.08286,0.22814,0.19458,0.15437,1955,162,1.52779,2.34830,0.08240,0.13590,1279.6269,248.9898,56.8055,22.28,28508,37200,0.580,0.138,0.254,0.044
6011,Colusa,CA,P,STO,cc,39.1775,-122.237,0.08672,0.36833,0.45567,0.24416,24851,2155,8.29885,5.25450,0.03131,0.00823,2994.5388,1364.5215,502.5962,7.36,22037,73000,0.797,0.145,0.123,0.130
37185,Warren,NC,E,RAH,cc,36.3966,-78.1069,0.06825,0.38677,0.14069,0.15486,4176,285,3.63281,2.06139,0.06806,0.57437,1149.5150,161.7253,62.5508,16.39,18836,47200,0.699,0.190,0.203,0.054
37071,Gaston,NC,E,GSP,pd,35.2945,-81.1801,0.02812,0.73889,0.17882,0.15488,35455,997,37.65539,6.35917,0.34393,0.42038,941.5620,168.3701,124.4067,251.97,237242,65400,0.969,0.260,0.135,0.034
4027,Yuma,AZ,m,PSR,sw,32.7694,-113.9056,0.14683,0.50625,0.05001,0.15491,47369,6955,3.31409,0.34060,0.01899,0.00000,14293.2885,714.8074,361.8712,14.92,213221,54200,0.729,0.167,0.159,0.132
17045,Edgar,IL,C,ILX,ec,39.6786,-87.7456,0.21355,0.13508,0.84335,0.28976,1705,364,1.05428,3.94919,0.06836,0.08676,1616.7896,1363.5195,184.1866,10.10,16334,63400,0.827,0.201,0.136,0.037
19161,Sac,IA,C,DMX,wc,42.3862,-95.1055,0.11646,0.18946,0.90778,0.27158,3280,382,2.18961,7.79478,0.06540,0.00865,1497.9820,1359.8381,257.6397,6.47,9686,72500,1.040,0.212,0.100,0.024
38025,Dunn,ND,CM,BIS,sw,47.3568,-102.6183,0.00470,0.05672,0.25197,0.04065,3194,15,0.59224,53.61064,0.03906,0.08687,5392.9268,1358.8558,77.0781,0.75,4019,82500,1.126,0.206,0.112,0.011
18101,Martin,IN,E,IND,sw,38.708,-86.8031,0.06810,0.23814,0.23025,0.15514,3187,217,3.61327,3.38106,0.07746,0.66868,881.9168,203.0613,48.3562,11.22,9897,64200,0.962,0.132,0.132,0.028
19081,Hancock,IA,C,DMX,nc,43.0819,-93.7343,0.19713,0.15810,0.91442,0.30545,1968,388,1.32585,4.63866,0.06186,0.00523,1484.5190,1357.4739,214.6192,7.15,10615,67500,0.968,0.214,0.099,0.028
38037,Grant,ND,M,BIS,sc,46.3583,-101.6397,0.01368,0.03661,0.31343,0.05394,439,6,0.10164,22.91155,0.02110,0.00494,4314.4004,1352.2625,49.5043,0.51,2215,44000,0.601,0.212,0.163,0.016
5113,Polk,AR,C,LZK,ww,34.4858,-94.2281,0.10189,0.22768,0.16162,0.15535,1924,196,0.86118,1.58622,0.05242,0.71211,2233.7611,361.0205,82.1956,8.70,19436,45300,0.816,0.172,0.188,0.036
51135,Nottoway,VA,E,AKQ,sc,37.1431,-78.0513,0.05564,0.38673,0.17442,0.15540,5427,302,6.62980,3.13480,0.08819,0.55702,818.6303,142.7855,55.2194,19.01,15566,50800,0.591,0.168,0.178,0.030
37161,Rutherford,NC,E,GSP,ww,35.4023,-81.9202,0.05626,0.36739,0.18167,0.15543,12159,684,8.29576,3.22911,0.13347,0.63433,1465.6711,266.2685,97.8246,44.69,65507,53500,0.792,0.207,0.152,0.046
48167,Galveston,TX,C,HGX,se,29.3941,-94.965,0.02287,0.91245,0.18082,0.15568,525594,12020,493.16494,7.90643,0.41602,0.01051,1065.7579,192.7103,175.8394,339.42,361744,75900,1.051,0.343,0.115,0.043
35009,Curry,NM,M,ABQ,ec,34.5741,-103.3468,0.02243,0.16828,0.37069,0.11185,5796,130,1.58987,16.52653,0.05430,0.00101,3645.7724,1351.4514,227.4264,12.95,47222,52500,0.877,0.213,0.189,0.029
5099,Nevada,AR,C,SHV,sw,33.664,-93.3072,0.11613,0.24684,0.13225,0.15593,1180,137,0.73361,1.13881,0.04602,0.53094,1608.1047,212.6718,52.4951,5.05,8120,44600,0.804,0.117,0.232,0.037
28097,Montgomery,MS,C,JAN,nc,33.4941,-89.6164,0.11712,0.14414,0.22512,0.15605,222,26,0.21016,1.92213,0.06331,0.50907,1056.3239,237.7996,34.2757,9.09,9600,42200,0.799,0.206,0.216,0.035
19141,O'Brien,IA,C,FSD,nw,43.0838,-95.625,0.04844,0.08225,0.91019,0.15363,867,42,0.58397,18.79005,0.06680,0.00985,1484.6574,1351.3203,111.1439,9.44,14012,67500,0.968,0.225,0.091,0.024
48225,Houston,TX,C,HGX,se,31.3178,-95.4227,0.23136,0.20232,0.42170,0.27026,8549,1978,2.66906,1.82270,0.04255,0.40253,3203.1680,1350.7759,273.2921,6.89,22066,49700,0.688,0.155,0.218,0.032
38001,Adams,ND,M,BIS,sw,46.0969,-102.5285,0.01081,0.08891,0.52720,0.07972,1203,13,0.46968,48.76966,0.03983,0.00034,2561.3174,1350.3265,120.0561,0.84,2163,57600,0.786,0.208,0.118,0.018
22125,West Feliciana,LA,C,LIX,se,30.8798,-91.42,0.06804,0.31383,0.17833,0.15616,9862,671,8.93795,2.62096,0.04328,0.45430,1103.3694,196.7639,61.7495,13.93,15371,68300,1.231,0.226,0.223,0.026
48183,Gregg,TX,C,SHV,ne,32.4803,-94.8172,0.04591,0.45724,0.18191,0.15630,4030,185,5.62995,3.96232,0.34533,0.25117,715.8255,130.2158,59.5402,176.36,126243,60900,0.843,0.224,0.160,0.042
31013,Box Butte,NE,M,CYS,pa,42.2198,-103.0857,0.03706,0.08551,0.48346,0.11528,1241,46,0.44467,13.04533,0.03400,0.00003,2791.5486,1349.6021,115.4005,3.83,10692,66800,0.956,0.201,0.120,0.022
45045,Greenville,SC,E,GSP,up,34.8944,-82.3708,0.04009,0.69064,0.13857,0.15655,120894,4847,58.71817,3.45647,0.34108,0.47471,2058.8800,285.2990,197.0403,271.04,558036,71800,1.118,0.400,0.113,0.026
55065,Lafayette,WI,C,MKX,sc,42.6605,-90.1317,0.19388,0.28133,0.82096,0.35510,5746,1114,3.49618,4.23437,0.06086,0.10865,1643.4854,1349.2358,379.5756,10.31,16945,67300,0.947,0.206,0.112,0.023
19157,Poweshiek,IA,C,DMX,cc,41.6864,-92.5315,0.47002,0.15170,0.88843,0.39863,2502,1176,1.64803,1.89020,0.07113,0.03182,1518.1769,1348.7939,204.6086,12.15,18453,69600,0.998,0.282,0.103,0.029
48205,Hartley,TX,C,AMA,pa,35.84,-102.6029,0.00418,0.06541,0.35590,0.04600,2391,10,0.63094,85.14354,0.02754,0.00000,3789.5819,1348.7122,88.2206,1.36,5145,84200,1.164,0.231,0.085,0.021
51119,Middlesex,VA,E,AKQ,ee,37.63885,-76.546,0.04126,0.87053,0.10807,0.15716,582,24,4.63515,2.61924,0.00446,0.00692,346.1884,37.4126,32.5688,31.56,10924,68900,0.802,0.316,0.129,0.027
26127,Oceana,MI,E,GRR,wc,43.70495,-86.34425,0.05604,0.47467,0.14610,0.15722,22504,1261,7.96012,2.60707,0.08259,0.38377,1413.5088,206.5136,98.0251,19.09,26981,56900,0.849,0.210,0.148,0.057
13183,Long,GA,E,CHS,se,31.7528,-81.746,0.26524,0.48657,0.03024,0.15744,1214,322,1.16190,0.11401,0.06230,0.33041,1044.8401,31.5960,15.3737,18.75,19594,71300,0.980,0.128,0.151,0.032
42003,Allegheny,PA,E,PBZ,sw,40.4688,-79.9812,0.08748,0.87857,0.05091,0.15758,331504,29000,171.87974,0.58196,0.56834,0.35556,1928.6999,98.1901,86.2665,635.05,1224825,72000,1.003,0.448,0.116,0.033
53063,Spokane,WA,P,OTX,ne,47.6206,-117.404,0.02933,0.37960,0.29194,0.14813,96471,2829,20.91747,9.95363,0.16449,0.22415,4611.9721,1346.4191,511.1031,119.57,551455,69100,0.757,0.321,0.125,0.042
38043,Kidder,ND,C,BIS,sc,46.9802,-99.7801,0.00770,0.22894,0.36254,0.08614,22089,170,5.95083,47.08312,0.02999,0.00071,3711.9611,1345.7344,308.0909,0.63,2342,57000,0.778,0.213,0.142,0.032
30029,Flathead,MT,M,MSO,nw,48.2951,-114.0496,0.15923,0.88157,0.02806,0.15793,94991,15125,6.97746,0.17622,0.02765,0.65487,13613.9237,382.0067,336.7653,8.35,113679,66400,0.978,0.360,0.099,0.035
42025,Carbon,PA,E,PHI,ne,40.9183,-75.7088,0.05412,0.85694,0.08500,0.15797,43902,2376,43.77578,1.57058,0.12462,0.73492,1002.8749,85.2444,73.0490,65.27,65458,64800,0.902,0.183,0.120,0.039
54071,Pendleton,WV,E,LWX,ee,38.6808,-79.3509,0.05352,0.56023,0.13164,0.15804,16201,867,8.95944,2.45964,0.03500,0.82196,1808.2475,238.0377,133.3566,3.33,6029,52600,0.971,0.205,0.139,0.026
1127,Walker,AL,C,BMX,cc,33.8034,-87.2973,0.15267,0.19084,0.13567,0.15811,3229,493,1.54819,0.88865,0.11741,0.60759,2085.6471,282.9597,53.9996,31.03,64728,51100,0.855,0.160,0.175,0.026
20135,Ness,KS,C,DDC,wc,38.4795,-99.9162,0.01145,0.05665,0.48320,0.06793,524,6,0.18822,42.20087,0.03927,0.00003,2784.2367,1345.3432,76.2086,0.94,2618,61500,0.894,0.230,0.102,0.024
37021,Buncombe,NC,E,GSP,ww,35.6112,-82.5302,0.03645,0.97240,0.11192,0.15830,250484,9130,146.56908,3.07051,0.23436,0.64308,1708.9810,191.2692,185.9902,161.44,275901,67900,1.006,0.446,0.129,0.027
12055,Highlands,FL,E,TBW,sc,27.3434,-81.341,0.05355,0.52475,0.46953,0.23630,39365,2108,13.73894,8.76807,0.11014,0.03062,2865.2345,1345.3136,705.9554,37.56,107614,52000,0.750,0.197,0.186,0.043
19021,Buena Vista,IA,C,FSD,nw,42.7355,-95.1513,0.01804,0.16665,0.89472,0.13907,8037,145,5.34974,49.59645,0.06727,0.01190,1502.3219,1344.1575,223.9995,13.69,20567,67600,0.969,0.221,0.122,0.024
1113,Russell,AL,C,BMX,se,32.2884,-85.1849,0.08608,0.33528,0.13818,0.15858,3636,313,2.16825,1.60525,0.08988,0.52411,1676.9982,231.7276,77.6946,35.03,58744,45100,0.755,0.169,0.189,0.028
41029,Jackson,OR,P,MFR,sw,42.4321,-122.7284,0.09552,0.85038,0.04914,0.15863,192277,18366,26.49891,0.51445,0.06936,0.62678,7256.0420,356.5619,303.2135,30.43,220768,68200,0.902,0.306,0.126,0.043
13139,Hall,GA,E,FFC,nc,34.3168,-83.8197,0.05821,0.42977,0.16050,0.15894,24754,1441,22.27514,2.75726,0.28451,0.44766,1111.2837,178.3610,76.6535,195.51,217267,76800,1.056,0.267,0.110,0.024
46097,Miner,SD,C,FSD,ec,44.022,-97.6102,0.12883,0.05115,0.90534,0.18137,163,21,0.11002,7.02740,0.04575,0.00220,1481.5473,1341.3040,68.6124,1.54,2280,64100,0.908,0.161,0.105,0.017
1053,Escambia,AL,C,MOB,sc,31.1262,-87.1616,0.08947,0.32644,0.13821,0.15922,1732,155,0.70192,1.54476,0.07142,0.46991,2468.0526,341.1095,111.3510,14.81,36558,47800,0.800,0.125,0.213,0.031
47175,Van Buren,TN,C,OHX,mi,35.696,-85.4525,0.05289,0.54012,0.14174,0.15939,2533,134,3.56176,2.67990,0.05865,0.71341,711.2556,100.8134,54.4516,9.13,6493,50300,0.770,0.140,0.147,0.045
47005,Benton,TN,C,MEG,we,36.0698,-88.0683,0.07205,0.33807,0.16690,0.15960,10520,758,9.31131,2.31645,0.07042,0.58783,1129.7932,188.5625,63.7475,14.25,16103,50600,0.776,0.124,0.176,0.041
5145,White,AR,C,LZK,cc,35.2563,-91.7457,0.61835,0.27995,0.49595,0.44115,58778,36345,21.77796,0.80205,0.08277,0.26812,2698.9577,1338.5481,374.7321,29.07,78452,56900,1.025,0.198,0.157,0.035
5005,Baxter,AR,C,LZK,nc,36.2872,-92.337,0.07246,0.34253,0.16408,0.15969,14049,1018,9.24510,2.26442,0.08210,0.66842,1519.6019,249.3363,85.4056,28.21,42875,48600,0.875,0.187,0.160,0.036
19027,Carroll,IA,C,DMX,wc,42.0362,-94.8607,0.02473,0.16638,0.90589,0.15505,3275,81,2.21737,36.63122,0.07529,0.00759,1476.8533,1337.8666,222.5941,13.90,20522,73600,1.056,0.234,0.093,0.024
53041,Lewis,WA,P,SEW,wc,46.5777,-122.3924,0.09250,0.61360,0.07213,0.15997,28508,2637,4.51787,0.77978,0.04628,0.71186,6309.9958,455.1400,279.2752,13.65,86154,68000,0.745,0.202,0.137,0.054
45073,Oconee,SC,E,GSP,up,34.7535,-83.0659,0.04584,0.66076,0.13520,0.15999,29212,1339,16.74571,2.94939,0.13652,0.62150,1744.4400,235.8483,155.8390,46.56,81221,61700,0.961,0.285,0.146,0.028
24001,Allegany,MD,E,LWX,ww,39.6215,-78.6989,0.04952,0.93560,0.08859,0.16011,58619,2903,52.66412,1.78897,0.11521,0.75998,1113.0656,98.6065,92.2558,60.44,67273,50600,0.533,0.211,0.188,0.028
5141,Van Buren,AR,C,LZK,nc,35.5807,-92.5157,0.10320,0.23946,0.16611,0.16012,1308,135,0.69723,1.60959,0.05840,0.72573,1876.1444,311.6463,74.6256,8.60,16142,47200,0.849,0.158,0.165,0.040
54041,Lewis,WV,E,RLX,nn,38.9958,-80.5022,0.08509,0.46328,0.10443,0.16027,4889,416,4.84222,1.22729,0.06066,0.81433,1009.6263,105.4353,48.8456,16.34,16500,53300,0.985,0.175,0.164,0.046
19079,Hamilton,IA,C,DMX,cc,42.3838,-93.7068,0.07892,0.13652,0.89381,0.21276,1939,153,1.29630,11.32552,0.06859,0.02253,1495.6336,1336.8123,182.5063,9.85,14729,68800,0.987,0.220,0.085,0.027
1047,Dallas,AL,C,BMX,sc,32.3258,-87.1065,0.10769,0.15340,0.24936,0.16030,2126,229,0.82645,2.31554,0.06148,0.35201,2572.9419,641.5888,98.4190,14.06,36165,35300,0.591,0.170,0.314,0.054
13259,Stewart,GA,E,FFC,wc,32.0785,-84.8351,0.11569,0.37962,0.09384,0.16033,5835,675,4.86304,0.81113,0.03559,0.60971,1199.7923,112.5885,42.7404,3.90,4674,41200,0.566,0.123,0.325,0.033
27155,Traverse,MN,C,ABR,wc,45.7721,-96.4716,0.32338,0.09294,0.88032,0.29798,1336,432,0.88031,2.72225,0.05198,0.00621,1517.5396,1335.9205,124.1617,2.07,3136,63900,0.776,0.175,0.136,0.030
23013,Knox,ME,E,GYX,sc,44.15,-69.173,0.06966,0.90600,0.06608,0.16096,80953,5639,82.18687,0.94861,0.10083,0.60450,984.9848,65.0878,58.9696,41.60,40977,65600,0.944,0.391,0.086,0.029
19035,Cherokee,IA,C,FSD,nw,42.7357,-95.6239,0.16287,0.12156,0.89241,0.26045,1406,229,0.94022,5.47928,0.06212,0.02786,1495.3890,1334.5001,162.2181,7.76,11605,66000,0.947,0.216,0.099,0.025
5107,Phillips,AR,C,MEG,ee,34.4283,-90.848,0.01810,0.06743,0.70835,0.09526,1547,28,0.82125,39.13536,0.05369,0.03007,1883.9399,1334.4888,89.9882,7.94,14961,36100,0.650,0.145,0.342,0.065
26139,Ottawa,MI,E,GRR,sw,42.9518,-86.0869,0.02846,0.72951,0.20274,0.16146,6782,193,213.81171,7.12368,0.12657,0.00084,1479.0938,299.8715,218.7581,205.11,303372,86000,1.285,0.375,0.090,0.030
5059,Hot Spring,AR,C,LZK,sw,34.3177,-92.946,0.09133,0.32158,0.14370,0.16160,2584,236,1.60372,1.57342,0.08124,0.62246,1611.3214,231.5469,74.4610,20.64,33258,50700,0.913,0.158,0.169,0.035
19147,Palo Alto,IA,C,DMX,nw,43.082,-94.6782,0.03293,0.10487,0.90370,0.14614,1336,44,0.90597,27.44306,0.05813,0.00197,1474.8203,1332.7951,139.7721,5.97,8810,65400,0.939,0.205,0.107,0.025
12105,Polk,FL,E,TBW,cc,27.9489,-81.6978,0.05422,0.65804,0.25598,0.20903,164142,8900,31.53093,4.72114,0.20144,0.06304,5205.7458,1332.5668,876.8794,157.20,818330,61900,0.894,0.226,0.130,0.037
53067,Thurston,WA,P,SEW,wc,46.9282,-122.8314,0.04284,0.80186,0.12313,0.16172,220051,9427,112.19385,2.87418,0.20755,0.48758,1961.3440,241.5003,193.6485,152.45,299003,88600,0.970,0.372,0.099,0.041
13175,Laurens,GA,E,FFC,cc,32.4637,-82.9222,0.06599,0.33167,0.19331,0.16174,30109,1987,14.20394,2.92938,0.09860,0.30662,2119.7704,409.7728,135.9083,23.56,49941,47900,0.659,0.178,0.192,0.041
47129,Morgan,TN,E,MRX,ea,36.135,-84.6491,0.07579,0.60005,0.09323,0.16185,4011,304,2.96459,1.23011,0.05359,0.79996,1353.0411,126.1440,75.6925,15.94,21573,60000,0.919,0.137,0.162,0.040
27053,Hennepin,MN,C,MPX,ec,45.0045,-93.4768,0.02782,0.94960,0.16053,0.16186,573930,15967,365.40031,5.77031,0.59902,0.06371,1570.6894,252.1428,239.4346,801.38,1258713,89400,1.086,0.533,0.101,0.026
29123,Madison,MO,C,LSX,se,37.4781,-90.345,0.08511,0.31188,0.15990,0.16191,1739,148,1.34932,1.87875,0.04537,0.77335,1288.7944,206.0782,64.2714,9.85,12698,47100,0.727,0.153,0.160,0.037
27015,Brown,MN,C,MPX,sc,44.2421,-94.7277,0.09490,0.26056,0.82996,0.27379,5027,477,3.13818,8.74563,0.06858,0.03187,1601.7721,1329.4068,346.3905,16.00,25628,64100,0.778,0.242,0.081,0.029
45089,Williamsburg,SC,E,ILM,ne,33.6199,-79.7277,0.11642,0.19266,0.18941,0.16196,3848,448,1.58551,1.62695,0.06446,0.25263,2427.1092,459.7188,88.5714,12.32,29891,39800,0.619,0.154,0.248,0.048
22097,St. Landry,LA,C,LCH,cc,30.5989,-92.0058,0.08622,0.26651,0.54640,0.23242,11204,966,4.60719,6.33728,0.08507,0.00808,2431.8332,1328.7537,354.1208,33.50,81464,42800,0.771,0.143,0.232,0.045
1105,Perry,AL,C,BMX,cc,32.6385,-87.2942,0.07367,0.24739,0.23528,0.16246,7194,530,3.83594,3.19370,0.04299,0.46714,1875.4517,441.2563,109.1630,4.13,7738,33600,0.563,0.168,0.338,0.050
37095,Hyde,NC,E,MHX,ee,35.5318,-76.2485,0.04579,0.43321,0.21698,0.16267,25488,1167,14.32040,4.73859,0.02584,0.04721,1779.8471,386.1912,167.3008,2.59,4607,48100,0.712,0.137,0.233,0.058
20209,Wyandotte,KS,C,EAX,ne,39.1145,-94.7646,0.02700,0.75631,0.21121,0.16278,13521,365,33.53049,7.82259,0.52758,0.20726,403.2340,85.1671,64.4124,409.89,165281,58700,0.853,0.205,0.171,0.034
19001,Adair,IA,C,DMX,sw,41.3307,-94.471,0.06986,0.09399,0.89871,0.18071,573,40,0.38760,12.86444,0.06090,0.03039,1477.1346,1327.5156,124.7682,5.00,7389,67000,0.961,0.200,0.098,0.024
20023,Cheyenne,KS,C,GLD,nw,39.7858,-101.7311,0.02571,0.11958,0.50166,0.11554,2139,55,0.80901,19.51225,0.03326,0.00001,2644.2139,1326.4963,158.6182,1.00,2636,56500,0.821,0.216,0.122,0.025
27005,Becker,MN,C,FGF,nw,46.9346,-95.6738,0.11449,0.32691,0.35428,0.23669,20285,2322,5.41982,3.09442,0.05404,0.31280,3742.6740,1325.9545,433.4697,9.43,35283,67400,0.819,0.275,0.118,0.030
13003,Atkinson,GA,E,JAX,se,31.2971,-82.88,0.08770,0.20792,0.23872,0.16328,536,47,0.60135,2.72201,0.06222,0.27568,891.1669,212.7394,44.2322,9.31,8293,46100,0.633,0.098,0.224,0.031
13227,Pickens,GA,E,FFC,nc,34.4643,-84.4656,0.06295,0.68042,0.10175,0.16334,6974,439,11.56314,1.61636,0.13359,0.73018,603.1449,61.3700,41.7573,59.64,35969,72000,0.989,0.249,0.101,0.027
42071,Lancaster,PA,E,CTP,sc,40.0424,-76.2477,0.15299,0.88703,0.52012,0.41327,291240,44557,114.29383,3.39970,0.26613,0.16783,2548.1694,1325.3539,1175.6250,219.21,558589,82400,1.148,0.310,0.086,0.027
51173,Smyth,VA,E,RNK,sw,36.8439,-81.537,0.02923,0.62293,0.24154,0.16384,22958,671,19.59848,8.26343,0.07254,0.67551,1171.4185,282.9444,176.2549,24.94,29216,45500,0.530,0.181,0.151,0.032
23027,Waldo,ME,E,GYX,sc,44.5037,-69.1478,0.06414,0.83255,0.08259,0.16399,69802,4477,35.67700,1.28765,0.06627,0.65998,1956.4951,161.5869,134.5288,20.76,40620,63600,0.916,0.348,0.127,0.030
54011,Cabell,WV,E,RLX,cc,38.4203,-82.2417,0.14541,0.49862,0.06087,0.16403,10412,1514,13.95243,0.41861,0.17498,0.73215,746.2474,45.4241,22.6491,123.39,92082,51000,0.943,0.324,0.198,0.037
19073,Greene,IA,C,DMX,wc,42.0362,-94.3969,0.38739,0.15103,0.89507,0.37413,4773,1849,3.22676,2.31051,0.05815,0.02196,1479.1799,1323.9696,199.9580,5.80,8584,63600,0.912,0.198,0.107,0.022
34015,Gloucester,NJ,E,PHI,ss,39.7173,-75.1419,0.02505,0.94662,0.18758,0.16446,81276,2036,92.98275,7.48822,0.38812,0.17145,874.0951,163.9628,155.2109,352.85,308423,97900,1.016,0.358,0.084,0.043
55105,Rock,WI,C,MKX,sc,42.6712,-89.0716,0.16886,0.58640,0.70358,0.41148,33112,5591,17.60483,4.16665,0.15208,0.08284,1880.8403,1323.3216,775.9979,87.34,164278,67400,0.949,0.257,0.112,0.034
51133,Northumberland,VA,E,AKQ,ee,37.92805,-76.43055,0.05502,0.57692,0.14100,0.16480,24718,1360,24.42316,2.56270,0.10086,0.40121,506.0453,71.3524,41.1649,24.49,12391,67100,0.781,0.339,0.121,0.043
28155,Webster,MS,C,JAN,nc,33.6131,-89.2848,0.15230,0.15661,0.18771,0.16482,348,53,0.31736,1.23250,0.06052,0.51622,1096.5537,205.8341,32.2347,9.11,9988,51200,0.971,0.201,0.164,0.031
54073,Pleasants,WV,E,RLX,nw,39.3709,-81.1606,0.18519,0.35102,0.06906,0.16497,3591,665,10.30224,0.37291,0.07420,0.80931,348.5650,24.0719,8.4498,21.31,7428,56400,1.042,0.146,0.145,0.054
40149,Washita,OK,C,OUN,ww,35.2904,-98.9923,0.05309,0.06944,0.50659,0.12315,1017,54,0.38936,9.54210,0.06881,0.00954,2612.1599,1323.2941,91.8841,4.11,10736,54800,0.919,0.204,0.174,0.031
19029,Cass,IA,C,DMX,sw,41.3315,-94.9278,0.04012,0.14031,0.90250,0.17191,1299,52,0.88770,22.49501,0.06685,0.01765,1463.4093,1320.7269,185.3073,8.97,13130,61200,0.878,0.216,0.148,0.027
26055,Grand Traverse,MI,E,APX,nn,44.6709,-85.559,0.04295,0.81191,0.12999,0.16550,76433,3283,59.52159,3.02654,0.15312,0.37742,1284.1176,166.9224,135.5262,75.09,96421,74700,1.117,0.403,0.074,0.034
46123,Tripp,SD,C,UNR,sc,43.3459,-99.884,0.03765,0.06831,0.31512,0.09324,425,16,0.10146,8.36972,0.02767,0.00138,4188.8978,1320.0055,90.1747,1.34,5621,55900,0.792,0.199,0.161,0.016
46087,McCook,SD,C,FSD,se,43.6743,-97.3684,0.41350,0.09090,0.88230,0.32128,808,334,0.54040,2.13374,0.05624,0.00393,1494.7047,1318.7780,119.8754,3.89,5809,70300,0.996,0.287,0.080,0.017
29159,Pettis,MO,C,EAX,cc,38.7283,-93.2851,0.37078,0.19751,0.74163,0.37870,3061,1135,1.72191,2.00019,0.07309,0.16399,1777.7683,1318.4463,260.4009,24.49,43530,58800,0.908,0.186,0.140,0.031
13143,Haralson,GA,E,FFC,nw,33.7943,-85.211,0.10210,0.33354,0.13462,0.16612,1283,131,1.74968,1.31851,0.11976,0.62561,733.2754,98.7135,32.9252,43.69,32038,57900,0.796,0.174,0.163,0.032
19043,Clayton,IA,C,ARX,ne,42.8447,-91.3414,0.11055,0.16776,0.64174,0.22831,3193,353,1.55509,5.80498,0.05966,0.25609,2053.2845,1317.6748,221.0499,8.26,16969,64500,0.925,0.157,0.105,0.040
28085,Lincoln,MS,C,JAN,sc,31.5324,-90.454,0.14411,0.15268,0.20881,0.16624,569,82,0.37356,1.44896,0.08718,0.53749,1523.1980,318.0590,48.5622,22.78,34702,48600,0.921,0.184,0.189,0.031
26157,Tuscola,MI,E,DTX,se,43.4641,-83.4168,0.04413,0.40355,0.62174,0.22288,14094,622,6.68256,14.08883,0.09379,0.13934,2109.0287,1311.2675,529.1589,25.05,52826,62000,0.926,0.155,0.143,0.050
42035,Clinton,PA,E,CTP,nc,41.2341,-77.6385,0.08197,0.83382,0.06755,0.16651,35403,2902,15.22103,0.82408,0.04828,0.85705,2325.9344,157.1169,131.0069,16.17,37607,58900,0.820,0.213,0.155,0.040
22003,Allen,LA,C,LCH,sw,30.6528,-92.8279,0.14689,0.18747,0.16793,0.16660,885,130,0.44624,1.14324,0.06260,0.38139,1983.2568,333.0483,62.4376,11.15,22112,51400,0.927,0.116,0.201,0.042
39073,Hocking,OH,E,ILN,cc,39.497,-82.4792,0.04413,0.81366,0.12890,0.16665,29141,1286,26.56449,2.92092,0.07891,0.78000,1096.9916,141.4022,115.0528,25.11,27540,57400,0.872,0.144,0.159,0.037
19023,Butler,IA,C,DMX,nc,42.7316,-92.7902,0.09151,0.12677,0.87030,0.21613,4928,451,3.27215,9.51044,0.06683,0.01871,1506.1452,1310.7982,166.1707,9.41,14172,67200,0.964,0.204,0.079,0.031
48123,DeWitt,TX,C,EWX,sc,29.0821,-97.3568,0.56467,0.23294,0.55563,0.41810,18184,10268,7.71038,0.98399,0.06312,0.13033,2358.3789,1310.3861,305.2478,8.45,19929,55500,0.768,0.157,0.183,0.033
39081,Jefferson,OH,E,PBZ,ec,40.385,-80.761,0.04733,0.43729,0.22682,0.16744,20306,961,19.08298,4.79231,0.13463,0.61007,1064.0767,241.3539,105.5424,60.17,64026,54300,0.825,0.206,0.161,0.051
13113,Fayette,GA,E,FFC,nc,33.414,-84.4941,0.04110,0.79915,0.14331,0.16759,23064,948,44.71433,3.48686,0.36783,0.36727,515.8135,73.9212,59.0745,239.14,123351,109000,1.503,0.481,0.058,0.030
48185,Grimes,TX,C,HGX,se,30.5436,-95.9855,0.24105,0.36680,0.63119,0.38215,7733,1864,3.72608,2.61850,0.06973,0.20437,2075.2984,1309.9076,480.4789,15.60,32384,61200,0.847,0.195,0.149,0.044
13269,Taylor,GA,E,FFC,wc,32.5556,-84.2504,0.08785,0.31151,0.17270,0.16782,1890,166,1.92365,1.96585,0.07601,0.44444,982.2667,169.6375,52.8446,7.90,7758,44000,0.605,0.181,0.266,0.042
20187,Stanton,KS,C,DDC,sw,37.563,-101.7842,0.02172,0.08021,0.74321,0.10899,1565,34,0.88853,34.21777,0.03807,0.00000,1761.3779,1309.0737,104.9994,1.08,1901,76100,1.106,0.237,0.107,0.021
19041,Clay,IA,C,FSD,nw,43.0826,-95.151,0.07558,0.14587,0.87910,0.21321,2276,172,1.53488,11.63138,0.06425,0.01714,1482.7333,1303.4708,190.1318,11.14,16511,68500,0.983,0.260,0.105,0.029
27023,Chippewa,MN,C,MPX,wc,45.0223,-95.5666,0.22033,0.26978,0.85620,0.37058,7654,1686,5.02843,3.88599,0.06365,0.01322,1522.1970,1303.3051,351.6086,8.00,12172,61900,0.751,0.196,0.135,0.028
42089,Monroe,PA,E,PHI,ne,41.0582,-75.3394,0.10038,0.91282,0.05176,0.16801,87553,8789,54.75081,0.51564,0.18193,0.66440,1599.1246,82.7707,75.5546,103.84,166053,79800,1.112,0.279,0.096,0.045
27121,Pope,MN,C,MPX,wc,45.5861,-95.4445,0.20938,0.24288,0.70130,0.32916,2980,624,1.60421,3.34941,0.05616,0.03718,1857.7886,1302.8671,316.4382,6.14,11400,68900,0.837,0.238,0.087,0.028
31131,Otoe,NE,C,OAX,se,40.6485,-96.1348,0.06743,0.23404,0.81191,0.23400,8216,554,5.12480,12.04078,0.06856,0.04207,1603.2650,1301.7069,304.6503,10.19,16335,70400,1.009,0.272,0.080,0.022
33013,Merrimack,NH,E,GYX,cc,43.2977,-71.6802,0.13066,0.83315,0.04382,0.16834,106345,13895,42.92679,0.33537,0.10824,0.68782,2477.3484,108.5574,90.4447,63.42,157103,84900,0.936,0.381,0.077,0.019
13001,Appling,GA,E,JAX,se,31.7493,-82.289,0.08440,0.22779,0.24878,0.16849,1019,86,0.76832,2.94763,0.07977,0.23421,1326.2679,329.9489,75.1583,13.92,18457,51200,0.704,0.099,0.211,0.034
18097,Marion,IN,E,IND,cc,39.7816,-86.1384,0.06062,0.94073,0.08403,0.16859,259337,15721,248.45841,1.38618,0.82123,0.06338,1043.7840,87.7092,82.5104,927.84,968460,62800,0.940,0.341,0.156,0.033
46085,Lyman,SD,C,ABR,cc,43.8959,-99.8474,0.02307,0.11501,0.29357,0.09201,1908,44,0.43150,12.72518,0.02305,0.00234,4420.9352,1297.8539,149.2696,0.84,3705,54200,0.768,0.253,0.193,0.028
1125,Tuscaloosa,AL,C,BMX,wc,33.2896,-87.525,0.16602,0.34194,0.08508,0.16904,49115,8154,14.03379,0.51247,0.13811,0.55290,3499.7953,297.7626,101.8168,67.82,237373,60900,1.020,0.314,0.192,0.023
46083,Lincoln,SD,C,FSD,se,43.2789,-96.7219,0.05494,0.21105,0.86560,0.21571,6007,330,4.00815,15.75537,0.10013,0.01607,1498.5976,1297.1861,273.7658,48.87,73238,98400,1.394,0.425,0.033,0.016
21089,Greenup,KY,E,RLX,ne,38.5456,-82.9223,0.11912,0.32471,0.12519,0.16918,965,115,1.05140,1.05096,0.11416,0.72415,918.2137,114.9512,37.3262,38.36,35221,54500,0.919,0.183,0.159,0.065
44001,Bristol,RI,E,BOX,,41.7161,-71.2842,0.15779,1.00000,0.04094,0.18624,40484,6388,609.83216,0.25946,0.65664,0.08235,66.3854,2.7178,2.7178,757.02,50255,101000,1.251,0.518,0.079,0.025
13149,Heard,GA,E,FFC,wc,33.297,-85.1283,0.08702,0.42315,0.13176,0.16929,1356,118,1.73886,1.51413,0.06528,0.65555,779.8219,102.7493,43.4779,15.43,12034,56700,0.780,0.114,0.165,0.031
12109,St. Johns,FL,E,JAX,ne,29.9013,-81.4439,0.09356,0.65282,0.07964,0.16944,155446,14544,91.40416,0.85122,0.21363,0.24156,1700.6474,135.4396,88.4170,188.23,320110,104000,1.497,0.486,0.061,0.027
5127,Scott,AR,C,LZK,ww,34.8608,-94.0633,0.11359,0.30638,0.14065,0.16979,3680,418,1.58219,1.23823,0.03610,0.79892,2325.8888,327.1363,100.2270,4.24,9851,42600,0.767,0.108,0.195,0.030
28019,Choctaw,MS,C,JAN,cc,33.3473,-89.2484,0.23448,0.22321,0.09419,0.17019,1740,408,1.60016,0.40170,0.06012,0.57949,1087.3885,102.4211,22.8610,7.44,8088,49200,0.933,0.186,0.171,0.027
26047,Emmet,MI,E,APX,nn,45.5205,-84.8905,0.08655,0.85538,0.06664,0.17024,37700,3263,30.14859,0.76996,0.09509,0.46356,1250.4675,83.3312,71.2798,27.29,34123,69800,1.043,0.402,0.094,0.057
13111,Fannin,GA,E,FFC,nc,34.8641,-84.3197,0.08755,0.84001,0.06710,0.17025,18892,1654,18.63099,0.76642,0.07682,0.83281,1014.0007,68.0394,57.1537,25.60,25955,60600,0.833,0.226,0.139,0.028
54061,Monongalia,WV,E,PBZ,nn,39.6303,-80.0465,0.05097,0.77647,0.12500,0.17039,65003,3313,68.58889,2.45242,0.14697,0.68871,947.7200,118.4650,91.9845,113.66,107718,59100,1.092,0.479,0.183,0.031
33019,Sullivan,NH,E,GYX,cc,43.3612,-72.2223,0.11345,0.88112,0.04955,0.17046,35162,3989,24.59528,0.43676,0.07230,0.76108,1429.6257,70.8380,62.4171,30.76,43969,74700,0.823,0.305,0.091,0.019
27143,Sibley,MN,C,MPX,cc,44.5795,-94.2321,0.11372,0.29767,0.83384,0.30448,6164,701,3.96342,7.33240,0.06041,0.04192,1555.3087,1296.8786,386.0425,9.70,15084,75600,0.918,0.186,0.088,0.033
31039,Cuming,NE,C,OAX,ne,41.9164,-96.7874,0.09315,0.11519,0.87088,0.21063,1643,153,1.10378,9.34922,0.05942,0.00878,1488.0914,1295.9490,149.2839,5.99,8918,65800,0.942,0.248,0.086,0.019
27153,Todd,MN,C,MPX,cc,46.0706,-94.8976,0.22623,0.30723,0.51081,0.32867,7634,1727,3.00963,2.25792,0.06253,0.18152,2536.4415,1295.6397,398.0555,10.12,25667,66300,0.805,0.152,0.117,0.036
20039,Decatur,KS,C,GLD,nw,39.7847,-100.4599,0.00640,0.06820,0.55934,0.06250,625,4,0.26998,87.39688,0.03867,0.00035,2315.7837,1295.3105,88.3382,1.17,2712,51200,0.743,0.278,0.139,0.029
13317,Wilkes,GA,E,FFC,ec,33.782,-82.7432,0.11867,0.24940,0.16919,0.17108,1222,145,0.99540,1.42572,0.04684,0.60639,1227.5100,207.6824,51.7955,7.75,9518,47400,0.651,0.157,0.178,0.037
5133,Sevier,AR,C,SHV,sw,33.9973,-94.2412,0.07796,0.29069,0.22104,0.17110,1757,137,1.16726,2.83530,0.06201,0.43121,1505.4324,332.7608,96.7314,10.38,15632,49400,0.890,0.109,0.187,0.038
48421,Sherman,TX,C,AMA,pa,36.2777,-101.8935,0.01287,0.10102,0.54105,0.08893,1088,14,0.45510,42.03963,0.03661,0.00000,2390.6776,1293.4761,130.6637,1.12,2678,73400,1.015,0.256,0.128,0.032
46051,Grant,SD,C,ABR,ne,45.172,-96.7677,0.08238,0.14976,0.72437,0.20752,1547,127,0.86847,8.79303,0.05646,0.01292,1781.7553,1290.6501,193.2933,4.24,7553,70400,0.997,0.255,0.099,0.024
42051,Fayette,PA,E,PBZ,sw,39.9198,-79.6474,0.04376,0.57463,0.20129,0.17170,36612,1602,17.71427,4.59986,0.13136,0.63818,2066.7849,416.0231,239.0587,59.96,123915,51500,0.717,0.189,0.189,0.045
12125,Union,FL,E,JAX,nn,30.0439,-82.3714,0.05756,0.51166,0.17196,0.17173,1477,85,2.28310,2.98749,0.07498,0.38716,646.7726,111.2190,56.9064,24.01,15532,60700,0.877,0.100,0.194,0.030
20081,Haskell,KS,C,DDC,sw,37.5623,-100.8712,0.08864,0.06939,0.86196,0.17437,801,71,0.53528,9.72428,0.05034,0.00000,1496.4326,1289.8650,89.5027,2.43,3630,70000,1.017,0.222,0.108,0.020
19083,Hardin,IA,C,DMX,cc,42.3838,-93.2404,0.32732,0.16370,0.87300,0.36031,2441,799,1.65372,2.66711,0.07279,0.03854,1476.0653,1288.6050,210.9412,11.15,16463,59600,0.855,0.212,0.104,0.031
31185,York,NE,C,GID,ec,40.8727,-97.5971,0.06495,0.15645,0.86342,0.20625,2833,184,1.89879,13.29361,0.06827,0.01110,1491.9001,1288.1364,201.5271,9.62,14356,68400,0.980,0.239,0.094,0.022
29107,Lafayette,MO,C,EAX,wc,39.0656,-93.7855,0.12538,0.17908,0.77822,0.25949,4099,514,2.47758,6.20689,0.07438,0.11339,1654.5938,1287.6380,230.5919,20.06,33196,70500,1.088,0.244,0.112,0.029
26123,Newaygo,MI,E,GRR,wc,43.5542,-85.8009,0.06198,0.41559,0.19746,0.17198,16991,1053,7.61572,3.18587,0.07386,0.47689,2230.9827,440.5298,183.0806,22.91,51108,58000,0.867,0.184,0.140,0.043
19019,Buchanan,IA,C,DVN,ne,42.4707,-91.8379,0.30571,0.18484,0.86686,0.36589,3987,1219,2.68504,2.83556,0.07805,0.02536,1484.9982,1287.2855,237.9446,13.93,20691,70500,1.011,0.223,0.088,0.029
19031,Cedar,IA,C,DVN,ec,41.7723,-91.1324,0.09925,0.14970,0.85318,0.23316,2096,208,1.39026,8.59627,0.06964,0.05648,1507.3773,1286.0642,192.5192,12.14,18302,71600,1.027,0.215,0.079,0.030
12067,Lafayette,FL,E,TAE,bb,29.9855,-83.1811,0.05486,0.70794,0.13142,0.17218,3372,185,2.37587,2.39555,0.06164,0.25938,1419.3577,186.5320,132.0533,5.69,8078,50800,0.733,0.079,0.189,0.033
39037,Darke,OH,E,ILN,wc,40.1333,-84.6193,0.33146,0.41231,0.82586,0.48327,10363,3435,6.66555,2.49158,0.10621,0.06299,1554.7377,1283.9957,529.4029,33.07,51415,65600,0.998,0.165,0.098,0.031
19127,Marshall,IA,C,DMX,cc,42.0358,-92.9988,0.07286,0.17803,0.86382,0.22377,9758,711,6.57469,11.85589,0.08625,0.02466,1484.1487,1282.0373,228.2416,26.96,40014,69800,1.002,0.214,0.120,0.063
31019,Buffalo,NE,C,GID,sc,40.8551,-99.075,0.00692,0.24662,0.50747,0.09532,26287,182,10.40726,73.33382,0.06943,0.00206,2525.8298,1281.7828,316.1095,20.07,50697,67800,0.971,0.346,0.081,0.018
9005,Litchfield,CT,E,ALY,nn,41.7925,-73.2453,0.06016,0.94761,0.09007,0.17252,193557,11644,79.12279,1.49717,0.12856,0.67884,2446.2863,220.3370,208.7946,0.00,,,0.000,0.000,0.000,0.034
19113,Linn,IA,C,DVN,ec,42.0789,-91.5989,0.04960,0.40932,0.68262,0.24020,49836,2472,26.55937,13.76250,0.18181,0.08021,1876.4018,1280.8694,524.2867,122.03,228972,74100,1.063,0.348,0.099,0.035
48047,Brooks,TX,C,BRO,ds,27.0316,-98.2187,0.11065,0.28244,0.16541,0.17291,4433,491,1.81389,1.49489,0.02024,0.02873,2444.0458,404.2696,114.1835,2.80,6848,35400,0.489,0.144,0.297,0.055
31059,Fillmore,NE,C,GID,sc,40.5247,-97.5964,0.02641,0.16549,0.85744,0.15533,1969,52,1.31846,32.46649,0.05988,0.00911,1493.6342,1280.7017,211.9375,3.71,5548,68500,0.981,0.219,0.088,0.019
46091,Marshall,SD,C,ABR,ne,45.7586,-97.5986,0.04858,0.12913,0.55813,0.15185,2656,129,1.15783,11.48888,0.03867,0.01768,2293.5372,1280.0919,165.2972,1.91,4390,65600,0.930,0.224,0.111,0.025
5035,Crittenden,AR,C,MEG,ee,35.2079,-90.3089,0.10113,0.22173,0.77576,0.25910,7782,787,4.71896,7.67092,0.07398,0.00104,1649.0796,1279.2900,283.6535,28.59,47139,49600,0.894,0.172,0.206,0.042
23011,Kennebec,ME,E,GYX,sc,44.4093,-69.7672,0.05871,0.82759,0.10682,0.17314,75403,4427,30.58333,1.81945,0.10026,0.54210,2465.4896,263.3636,217.9565,51.62,127259,63200,0.909,0.309,0.115,0.026
25013,Hampden,MA,E,BOX,ww,42.1351,-72.6316,0.13884,0.89725,0.04167,0.17315,115088,15979,70.07485,0.30013,0.26889,0.56410,1642.3601,68.4371,61.4053,280.26,460291,64000,0.677,0.289,0.176,0.043
42063,Indiana,PA,E,PBZ,wc,40.6521,-79.0875,0.02993,0.70645,0.24763,0.17365,88215,2640,40.83049,8.27364,0.10781,0.61394,2160.5090,535.0068,377.9553,38.46,83094,53000,0.739,0.269,0.165,0.041
22069,Natchitoches,LA,C,SHV,nw,31.7236,-93.0963,0.11578,0.21402,0.21161,0.17373,4811,557,1.42955,1.82769,0.05392,0.43068,3365.4058,712.1535,152.4140,10.78,36291,42200,0.761,0.256,0.243,0.041
48015,Austin,TX,C,HGX,se,29.887,-96.278,0.19908,0.50493,0.75177,0.42278,34983,6964,20.57836,3.77622,0.07321,0.10155,1699.9817,1277.9952,645.2929,18.63,31677,68600,0.950,0.234,0.116,0.037
38083,Sheridan,ND,C,BIS,sc,47.5754,-100.3456,0.08355,0.11053,0.49056,0.16547,3531,295,1.35561,5.87145,0.02997,0.00159,2604.7374,1277.7800,141.2333,0.49,1266,56900,0.777,0.203,0.165,0.026
20013,Brown,KS,C,TOP,ne,39.8266,-95.5642,0.29042,0.20684,0.86213,0.37275,4831,1403,3.25973,2.96856,0.06182,0.06614,1481.9989,1277.6757,264.2797,6.24,9250,56400,0.819,0.183,0.122,0.028
5067,Jackson,AR,C,LZK,ee,35.5994,-91.2146,0.07155,0.15584,0.76746,0.20454,1663,119,1.00087,10.72621,0.04645,0.06290,1661.8439,1275.3987,198.7537,10.10,16784,43600,0.785,0.133,0.246,0.051
23003,Aroostook,ME,E,CAR,nn,46.6588,-68.5988,0.12821,0.59789,0.06971,0.17483,31564,4047,1.78547,0.54372,0.02961,0.64791,17678.3819,1232.3600,736.8188,3.81,67351,51600,0.742,0.224,0.121,0.039
29037,Cass,MO,C,EAX,wc,38.647,-94.3548,0.34149,0.32824,0.69990,0.42809,33073,11294,18.17395,2.04955,0.11599,0.14387,1819.7910,1273.6717,418.0726,61.40,111732,77800,1.201,0.288,0.070,0.030
19033,Cerro Gordo,IA,C,DMX,nc,43.0815,-93.2608,0.08653,0.29750,0.85459,0.28020,8783,760,5.89636,9.87623,0.09512,0.01225,1489.5849,1272.9844,378.7082,28.47,42406,63300,0.908,0.243,0.107,0.031
13021,Bibb,GA,E,FFC,cc,32.8067,-83.6979,0.13637,0.42448,0.09304,0.17529,41945,5720,63.48426,0.68226,0.39495,0.30433,660.7150,61.4729,26.0938,236.88,156512,48500,0.667,0.260,0.221,0.040
21121,Knox,KY,E,JKL,se,36.8907,-83.8539,0.23438,0.24117,0.09537,0.17534,576,135,0.57359,0.40690,0.09028,0.79176,1004.2019,95.7707,23.0973,29.67,29794,36600,0.617,0.135,0.350,0.058
27097,Morrison,MN,C,MPX,cc,46.0126,-94.2684,0.07480,0.27725,0.42525,0.20660,11814,884,3.95486,5.68516,0.06710,0.22524,2987.1917,1270.3033,352.1914,11.47,34250,64600,0.784,0.190,0.102,0.044
53037,Kittitas,WA,P,PDT,cc,47.1242,-120.6797,0.08989,0.82697,0.07305,0.17577,57047,5128,9.44182,0.81266,0.04067,0.39068,6041.9769,441.3664,364.9980,7.53,45508,71700,0.786,0.353,0.152,0.051
47153,Sequatchie,TN,C,MRX,ea,35.3712,-85.4106,0.06076,0.77882,0.11491,0.17585,5330,324,7.73630,1.89121,0.07966,0.75357,689.0206,79.1754,61.6632,24.91,17161,56300,0.863,0.189,0.151,0.039
20173,Sedgwick,KS,C,ICT,sc,37.6848,-97.4611,0.02889,0.32741,0.48582,0.16625,60329,1743,23.07575,16.81620,0.24576,0.02586,2614.3752,1270.1158,415.8473,202.14,528469,64700,0.940,0.316,0.136,0.029
31047,Dawson,NE,C,GID,sc,40.8699,-99.8195,0.02100,0.10211,0.48094,0.10103,1810,38,0.68550,22.90190,0.05174,0.00114,2639.9412,1269.6533,129.6483,9.12,24085,62100,0.889,0.175,0.105,0.024
5129,Searcy,AR,C,LZK,nc,35.9109,-92.6995,0.10217,0.21591,0.24853,0.17633,3083,315,1.78079,2.43251,0.03626,0.69436,1731.2574,430.2694,92.8991,4.51,7806,38100,0.686,0.137,0.202,0.043
26033,Chippewa,MI,E,APX,ee,46.3031,-84.5921,0.07343,0.80722,0.09252,0.17635,59240,4350,14.47589,1.25998,0.04011,0.36222,4092.3217,378.6216,305.6298,8.86,36264,58900,0.880,0.219,0.136,0.059
20185,Stafford,KS,C,DDC,sc,38.0311,-98.7175,0.00368,0.14396,0.61546,0.06883,24197,89,11.75614,167.24457,0.05081,0.00290,2058.2697,1266.7827,182.3709,1.90,3909,58000,0.843,0.263,0.140,0.023
47181,Wayne,TN,C,OHX,mi,35.2399,-87.788,0.12339,0.27291,0.16321,0.17647,2626,324,1.37836,1.32272,0.05097,0.70106,1905.0985,310.9311,84.8557,8.43,16066,48300,0.741,0.125,0.180,0.040
31109,Lancaster,NE,C,OAX,se,40.7841,-96.6878,0.05991,0.71305,0.57763,0.29113,147703,8849,67.35111,9.64163,0.18321,0.03602,2193.0279,1266.7587,903.2682,148.98,326716,68400,0.979,0.411,0.108,0.021
48437,Swisher,TX,C,LUB,pa,34.5304,-101.735,0.04807,0.12359,0.54282,0.14774,1560,75,0.66881,11.29228,0.04676,0.00029,2332.7409,1266.2584,156.5020,2.98,6955,52100,0.721,0.201,0.194,0.046
12097,Osceola,FL,E,MLB,ec,28.0627,-81.1496,0.10506,0.50223,0.32430,0.25769,122729,12894,31.44949,3.08681,0.10812,0.06731,3902.4195,1265.5546,635.5990,112.18,437784,63800,0.921,0.283,0.109,0.034
17051,Fayette,IL,C,LSX,sc,39.0002,-89.0242,0.09141,0.25533,0.67225,0.25035,5087,465,2.70786,7.35423,0.07464,0.20339,1878.6579,1262.9278,322.4634,11.27,21164,57700,0.752,0.166,0.170,0.049
53073,Whatcom,WA,P,SEW,nw,48.8256,-121.7175,0.08120,0.84942,0.08048,0.17706,132753,10780,23.70179,0.99113,0.05900,0.60993,5600.9792,450.7668,382.8923,41.41,231919,78800,0.863,0.381,0.129,0.043
54033,Harrison,WV,E,RLX,nn,39.2835,-80.3798,0.10503,0.31436,0.16857,0.17722,7217,758,6.69025,1.60497,0.12741,0.68914,1078.7805,181.8500,57.1663,59.92,64639,57800,1.068,0.259,0.144,0.033
16083,Twin Falls,ID,M,BOI,sc,42.356,-114.6671,0.13911,0.42319,0.25274,0.24596,29006,4035,5.80737,1.81684,0.04849,0.00706,4994.6854,1262.3568,534.2213,19.05,95156,63900,0.879,0.230,0.105,0.032
31111,Lincoln,NE,C,LBF,sw,41.0478,-100.7452,0.10104,0.26992,0.20437,0.17730,23069,2331,3.45898,2.02266,0.02966,0.00913,6669.4380,1363.0330,367.9138,5.00,33365,62400,0.894,0.204,0.125,0.022
1051,Elmore,AL,C,BMX,ec,32.5966,-86.1492,0.07611,0.35071,0.21033,0.17773,9040,688,5.31000,2.76350,0.11337,0.48761,1702.4238,358.0708,125.5776,53.12,90441,71500,1.197,0.244,0.125,0.021
38051,McIntosh,ND,C,BIS,se,46.1119,-99.4412,0.00537,0.10791,0.48911,0.06569,1677,9,0.65081,91.08194,0.03334,0.00040,2577.1769,1260.5230,136.0265,0.97,2488,57600,0.787,0.170,0.135,0.019
22079,Rapides,LA,C,LCH,cc,31.1986,-92.5332,0.08073,0.35365,0.19693,0.17782,21757,1756,6.16713,2.43937,0.10720,0.35942,3527.8372,694.7370,245.6970,35.79,126260,55900,1.007,0.224,0.199,0.035
28005,Amite,MS,C,LIX,ss,31.1744,-90.8045,0.49794,0.07833,0.14469,0.17804,729,363,0.38464,0.29058,0.05082,0.56023,1895.2620,274.2255,21.4788,6.56,12442,45400,0.861,0.080,0.228,0.040
47049,Fentress,TN,C,OHX,mi,36.3805,-84.9324,0.06815,0.51282,0.16231,0.17834,3977,271,3.07683,2.38166,0.06099,0.73112,1292.4049,209.7702,107.5751,15.24,19696,41100,0.631,0.153,0.189,0.038
23031,York,ME,E,GYX,sw,43.4796,-70.7156,0.12794,0.86097,0.05156,0.17842,238982,30575,90.65930,0.40300,0.13906,0.56269,2636.0476,135.9146,117.0188,82.92,218586,81300,1.170,0.346,0.081,0.026
48195,Hansford,TX,C,AMA,pa,36.2775,-101.3545,0.00339,0.13606,0.52878,0.06248,4126,14,1.73113,155.98230,0.03878,0.00008,2383.4098,1260.2994,171.4802,2.13,5071,69100,0.956,0.304,0.116,0.026
20151,Pratt,KS,C,DDC,sc,37.6478,-98.7396,0.00624,0.15166,0.65973,0.08547,3047,19,1.59874,105.72596,0.05577,0.00322,1905.7889,1257.3061,190.6876,4.77,9082,65800,0.956,0.266,0.095,0.021
22031,De Soto,LA,C,SHV,nw,32.0554,-93.7373,0.23203,0.16187,0.15200,0.17872,1901,441,0.82025,0.65509,0.08690,0.46848,2317.1127,352.2011,57.0099,11.70,27114,52800,0.952,0.149,0.177,0.041
22057,Lafourche,LA,C,LIX,se,29.5682,-90.4291,0.10469,0.44769,0.12203,0.17883,19057,1995,5.98028,1.16563,0.05612,0.00029,3186.6285,388.8643,174.0912,29.83,95056,59600,1.074,0.204,0.194,0.032
36045,Jefferson,NY,E,BUF,cc,44.0409,-75.9102,0.13026,0.64531,0.37844,0.31685,63265,8241,19.05897,2.90527,0.09945,0.35841,3319.4570,1256.2153,810.6541,34.58,114787,58800,0.740,0.257,0.133,0.044
19095,Iowa,IA,C,DVN,ec,41.6863,-92.0656,0.05130,0.16851,0.82499,0.19249,3372,173,2.21700,16.08168,0.06746,0.05828,1521.1967,1254.9721,211.4757,10.77,16381,72900,1.046,0.242,0.076,0.028
40101,Muskogee,OK,C,TSA,ec,35.6161,-95.3794,0.26332,0.27137,0.57698,0.34546,3866,1018,1.77901,2.19117,0.09372,0.25574,2173.1214,1253.8476,340.2577,30.68,66677,53000,0.889,0.190,0.208,0.039
17179,Tazewell,IL,C,ILX,cc,40.5075,-89.5134,0.17309,0.36698,0.73497,0.36008,45589,7891,26.75358,4.24617,0.13682,0.08764,1704.0499,1252.4256,459.6121,76.02,129541,73300,0.955,0.284,0.089,0.045
46111,Sanborn,SD,C,FSD,ec,44.0235,-98.0914,0.16024,0.10084,0.84781,0.23928,2609,418,1.76649,5.29088,0.04373,0.00306,1476.7378,1251.9931,126.2549,1.62,2399,63300,0.896,0.192,0.124,0.018
39079,Jackson,OH,E,RLX,se,39.0197,-82.6184,0.04560,0.51454,0.24545,0.17925,3552,162,3.25413,5.38268,0.09681,0.61284,1091.6280,267.9401,137.8663,29.87,32606,54900,0.834,0.166,0.173,0.046
42121,Venango,PA,E,PBZ,nw,41.401,-79.758,0.09197,0.49481,0.12677,0.17935,8287,762,4.68444,1.37838,0.08069,0.76288,1769.1371,224.2735,110.9723,27.94,49431,52400,0.731,0.197,0.138,0.042
27149,Stevens,MN,C,MPX,wc,45.5861,-96.0003,0.15965,0.14604,0.84033,0.26959,4178,667,2.80465,5.26358,0.05730,0.00567,1489.6689,1251.8135,182.8180,6.53,9728,69200,0.840,0.308,0.089,0.024
19055,Delaware,IA,C,DVN,ne,42.4711,-91.3673,0.14879,0.14659,0.83402,0.26299,1949,290,1.29961,5.60535,0.07359,0.07897,1499.6817,1250.7645,183.3439,11.74,17600,74000,1.062,0.197,0.087,0.026
54025,Greenbrier,WV,E,RNK,se,37.9469,-80.4529,0.08120,0.52480,0.13602,0.17963,8683,705,3.27263,1.67512,0.04796,0.76663,2653.1046,360.8753,189.3884,12.12,32149,45100,0.834,0.221,0.182,0.037
16039,Elmore,ID,M,BOI,sw,43.3539,-115.4692,0.28300,0.32532,0.06318,0.17984,21979,6220,2.73694,0.22325,0.02186,0.10350,8030.5398,507.3695,165.0571,3.70,29724,63000,0.867,0.212,0.118,0.033
54091,Taylor,WV,E,RLX,nn,39.336,-80.0461,0.06550,0.46898,0.18937,0.17985,4366,286,9.59324,2.89115,0.08374,0.69497,455.1240,86.1868,40.4202,36.01,16388,54000,0.998,0.174,0.141,0.037
53069,Wahkiakum,WA,P,PQR,sw,46.2998,-123.4248,0.24153,0.80732,0.02989,0.17996,12404,2996,18.78648,0.12375,0.03363,0.70721,660.2849,19.7359,15.9331,7.22,4765,70100,0.768,0.223,0.113,0.064
46079,Lake,SD,C,FSD,ec,44.022,-97.1294,0.13414,0.13585,0.83906,0.24820,1715,230,1.15127,6.25511,0.06211,0.00635,1489.3868,1249.6849,169.7706,7.41,11031,74700,1.058,0.347,0.094,0.019
5037,Cross,AR,C,MEG,ee,35.2958,-90.7713,0.12041,0.14231,0.77535,0.23685,1362,164,0.84504,6.43925,0.04668,0.08620,1611.7486,1249.6693,177.8412,10.19,16420,48300,0.870,0.148,0.191,0.034
41051,Multnomah,OR,P,PQR,nw,45.5469,-122.4157,0.07089,0.98636,0.08375,0.18025,497780,35288,412.78013,1.18141,0.35596,0.38475,1205.9211,100.9959,99.6185,654.85,789698,79400,1.050,0.486,0.128,0.036
19077,Guthrie,IA,C,DMX,wc,41.6838,-94.501,0.28549,0.13384,0.81298,0.31435,3786,1081,2.46496,2.84767,0.06180,0.09913,1536.1100,1248.8267,167.1444,6.98,10722,72700,1.043,0.243,0.099,0.030
51109,Louisa,VA,E,AKQ,cc,37.9782,-77.963,0.05845,0.58704,0.17094,0.18034,22977,1343,17.36772,2.92455,0.08258,0.57048,1322.9467,226.1445,132.7555,31.02,41037,72600,0.845,0.277,0.094,0.027
47101,Lewis,TN,C,OHX,mi,35.5273,-87.4931,0.07842,0.61062,0.12257,0.18038,5101,400,6.97175,1.56299,0.06757,0.76158,731.6209,89.6748,54.7573,17.86,13066,53200,0.815,0.109,0.161,0.033
36089,St. Lawrence,NY,E,BTV,nn,44.4921,-75.0625,0.05581,0.64423,0.16361,0.18052,77791,4342,10.84940,2.93155,0.05045,0.54116,7170.0497,1173.0918,755.7375,14.91,106940,59500,0.748,0.246,0.190,0.044
5017,Chicot,AR,C,JAN,se,33.2672,-91.294,0.02206,0.11045,0.69765,0.11934,1224,27,0.68395,31.62511,0.03696,0.00508,1789.5784,1248.4994,137.8970,5.33,9538,38200,0.689,0.172,0.297,0.058
51147,Prince Edward,VA,E,AKQ,cc,37.2243,-78.4411,0.05015,0.65027,0.18221,0.18113,27516,1380,30.02865,3.63330,0.07629,0.58551,916.3237,166.9633,108.5715,24.06,22049,57400,0.669,0.242,0.251,0.041
51187,Warren,VA,E,LWX,nw,38.9087,-78.2072,0.03191,0.86404,0.21616,0.18131,25758,822,45.98490,6.77405,0.14865,0.61577,560.1315,121.0780,104.6167,74.70,41843,79900,0.931,0.245,0.093,0.029
19169,Story,IA,C,DMX,cc,42.0362,-93.4651,0.14685,0.48673,0.83986,0.39155,79586,11687,53.56438,5.71917,0.11404,0.03087,1485.8087,1247.8713,607.3802,66.34,98566,68700,0.986,0.533,0.149,0.021
48357,Ochiltree,TX,C,AMA,pa,36.2784,-100.8156,0.08516,0.14002,0.52456,0.18425,1233,105,0.51850,6.15970,0.05898,0.00041,2377.9922,1247.3996,174.6605,4.08,9704,69400,0.960,0.190,0.111,0.033
4021,Pinal,AZ,m,PSRTWC,se,32.9043,-111.3447,0.12979,0.50968,0.09021,0.18138,146147,18968,10.49946,0.69505,0.04316,0.00293,13919.4580,1255.6743,639.9935,34.79,484239,76200,1.025,0.222,0.118,0.041
5021,Clay,AR,C,MEG,ee,36.3685,-90.4173,0.41271,0.11858,0.74823,0.33207,644,266,0.38760,1.81297,0.04581,0.09008,1661.9192,1243.4978,147.4535,8.54,14201,46900,0.844,0.156,0.175,0.041
5061,Howard,AR,C,SHV,sw,34.0887,-93.9935,0.13766,0.19297,0.22618,0.18180,1300,179,0.84343,1.64303,0.06545,0.50538,1541.6639,348.6935,67.2869,8.13,12533,46400,0.837,0.167,0.178,0.035
20183,Smith,KS,C,GID,nc,39.7851,-98.7855,0.02647,0.10088,0.53538,0.11265,1889,50,0.81336,20.22592,0.04751,0.01736,2322.1498,1243.2326,125.4183,1.55,3590,52100,0.757,0.246,0.119,0.020
40141,Tillman,OK,C,OUN,sw,34.3728,-98.9242,0.24298,0.14099,0.54594,0.26544,2859,695,1.25553,2.24685,0.06433,0.00593,2277.0998,1243.1599,175.2679,3.02,6869,44300,0.743,0.173,0.197,0.047
55039,Fond du Lac,WI,C,MKX,ec,43.7536,-88.4883,0.08154,0.79826,0.62411,0.34376,97028,7912,48.91865,7.65403,0.11447,0.03584,1983.4553,1237.8943,988.1554,52.41,103948,71200,1.002,0.226,0.092,0.027
37143,Perquimans,NC,E,AKQ,ne,36.17395,-76.3953,0.07937,0.30996,0.24822,0.18278,4336,344,3.38460,3.12738,0.07125,0.15410,640.4749,158.9787,49.2764,20.89,13377,60700,0.899,0.204,0.151,0.040
28071,Lafayette,MS,C,MEG,nw,34.3568,-89.4849,0.11535,0.29028,0.18249,0.18282,33525,3867,19.05533,1.58205,0.08232,0.53163,1759.3537,321.0645,93.1992,33.23,58467,61700,1.170,0.443,0.141,0.025
20197,Wabaunsee,KS,C,TOP,ec,38.9533,-96.2049,0.10215,0.31561,0.19039,0.18310,5267,538,2.54247,1.86383,0.03623,0.06686,2071.4768,394.3885,124.4728,3.41,7057,68400,0.994,0.266,0.090,0.026
26051,Gladwin,MI,E,APX,nn,43.9906,-84.3882,0.05066,0.59635,0.20383,0.18329,6238,316,4.66354,4.02349,0.08154,0.25861,1337.5129,272.6253,162.5807,19.33,25853,55000,0.822,0.154,0.142,0.059
48207,Haskell,TX,C,SJT,wc,33.1782,-99.7303,0.01174,0.14917,0.52459,0.09721,3237,38,1.37308,44.68399,0.03769,0.00867,2357.4792,1236.7100,184.4806,2.28,5385,48600,0.672,0.225,0.193,0.038
22053,Jefferson Davis,LA,C,LCH,sw,30.2669,-92.8138,0.07223,0.36138,0.72233,0.26616,18304,1322,10.69343,10.00042,0.07843,0.05566,1711.6956,1236.4091,446.8128,18.43,31553,52400,0.945,0.150,0.178,0.038
29011,Barton,MO,C,SGF,sw,37.5023,-94.3471,0.64031,0.32367,0.79860,0.54904,6851,4387,4.43258,1.24721,0.05795,0.10079,1545.6932,1234.3906,399.5295,7.59,11731,49900,0.770,0.180,0.155,0.030
19107,Keokuk,IA,C,DVN,se,41.3364,-92.1787,0.56863,0.06539,0.82179,0.31263,484,275,0.32199,1.44521,0.06072,0.07709,1501.9983,1234.3272,80.7139,6.60,9914,65700,0.942,0.159,0.111,0.033
39085,Lake,OH,E,CLE,ne,41.6968,-81.237,0.06185,0.91316,0.11003,0.18385,140505,8690,234.19907,1.77898,0.50508,0.34849,599.9376,66.0111,60.2789,386.11,231640,76200,1.158,0.305,0.101,0.034
48157,Fort Bend,TX,C,HGX,se,29.5274,-95.7707,0.05842,0.71598,0.53765,0.28226,230539,13468,100.45368,9.20318,0.32139,0.02446,2294.9758,1233.8937,883.4472,399.47,916778,106000,1.461,0.493,0.085,0.040
18123,Perry,IN,C,LMK,sc,38.0797,-86.638,0.08174,0.33635,0.22797,0.18437,5273,431,5.26968,2.78897,0.07531,0.67012,1000.6292,228.1134,76.7256,19.20,19209,55500,0.831,0.165,0.143,0.030
37121,Mitchell,NC,E,GSP,ww,36.0133,-82.1634,0.11002,0.89571,0.06371,0.18448,7653,842,13.30326,0.57908,0.08775,0.83419,575.2839,36.6513,32.8288,26.07,14999,53600,0.793,0.231,0.148,0.036
20089,Jewell,KS,C,GID,nc,39.7847,-98.2184,0.00673,0.08821,0.52076,0.06762,5647,38,2.38447,77.37890,0.04839,0.03347,2368.4251,1233.3811,108.7949,1.20,2847,56100,0.816,0.188,0.121,0.028
27113,Pennington,MN,C,FGF,nw,48.0662,-96.0367,0.16491,0.25898,0.76994,0.32037,4305,710,2.68886,4.66885,0.05900,0.03725,1601.2080,1232.8341,319.2820,8.56,13714,76400,0.928,0.193,0.103,0.033
20011,Bourbon,KS,C,SGF,se,37.8552,-94.8493,0.24211,0.13664,0.74424,0.29091,1528,370,0.92370,3.07397,0.05656,0.17687,1654.4801,1231.3303,168.2442,8.71,14408,45000,0.653,0.243,0.154,0.034
20189,Stevens,KS,C,DDC,sw,37.1924,-101.3121,0.02765,0.09319,0.65250,0.11891,940,26,0.49889,23.59855,0.04424,0.00000,1884.7627,1229.8077,114.6079,2.69,5077,69300,1.007,0.162,0.105,0.021
36101,Steuben,NY,E,BGM,cc,42.2678,-77.3838,0.14406,0.41956,0.33779,0.27331,39441,5682,10.84577,2.34479,0.09015,0.53618,3636.5309,1228.3838,515.3818,25.34,92162,60600,0.762,0.260,0.142,0.040
28099,Neshoba,MS,C,JAN,ec,32.7535,-89.1176,0.25000,0.13391,0.18918,0.18501,272,68,0.18373,0.75672,0.08362,0.38708,1480.4162,280.0651,37.5028,19.45,28789,50300,0.953,0.163,0.205,0.035
21135,Lewis,KY,E,ILN,ne,38.5317,-83.3781,0.13398,0.31599,0.14962,0.18503,336,45,0.26162,1.11673,0.05231,0.76043,1283.7891,192.0805,60.6955,10.11,12973,44100,0.744,0.113,0.221,0.080
13311,White,GA,E,FFC,ne,34.6464,-83.7472,0.07274,0.67474,0.12911,0.18505,8414,612,13.41469,1.77495,0.11516,0.74116,627.2010,80.9779,54.6392,46.28,29026,62100,0.854,0.243,0.108,0.023
39111,Monroe,OH,E,PBZ,ec,39.7274,-81.0829,0.16956,0.23499,0.15933,0.18517,1925,326,1.62477,0.93967,0.07707,0.75057,1184.8886,188.7883,44.3642,11.10,13153,56400,0.857,0.107,0.148,0.055
46029,Codington,SD,C,ABR,ne,44.9778,-97.1887,0.04253,0.19233,0.66137,0.17555,4608,196,2.48128,15.55067,0.07070,0.00569,1857.1384,1228.2556,236.2289,15.60,28971,65000,0.921,0.209,0.114,0.018
1059,Franklin,AL,C,HUN,nw,34.4417,-87.8438,0.14257,0.18068,0.24655,0.18519,996,142,0.59487,1.72933,0.08001,0.55455,1674.3148,412.8023,74.5851,18.99,31802,49600,0.831,0.149,0.225,0.026
54023,Grant,WV,E,LWX,ee,39.1051,-79.1955,0.07146,0.58499,0.15224,0.18532,11153,797,8.96738,2.13042,0.04917,0.73277,1243.7726,189.3519,110.7688,8.78,10921,58200,1.075,0.179,0.166,0.038
47139,Polk,TN,E,MRX,ea,35.1199,-84.5233,0.08554,0.64696,0.11503,0.18533,6500,556,5.67274,1.34475,0.05599,0.79859,1145.7808,131.7992,85.2688,15.74,18033,55100,0.845,0.147,0.150,0.039
27035,Crow Wing,MN,C,DLH,ec,46.4824,-94.0709,0.09737,0.57005,0.11471,0.18535,25079,2442,8.37273,1.17808,0.07283,0.37907,2995.3706,343.5990,195.8701,22.80,68304,67400,0.818,0.286,0.092,0.034
26145,Saginaw,MI,E,DTX,se,43.335,-84.0532,0.08092,0.42735,0.58086,0.27183,53736,4348,25.43335,7.17820,0.17097,0.11355,2112.8233,1227.2545,524.4613,88.88,187782,54100,0.808,0.234,0.162,0.052
9013,Tolland,CT,E,BOX,nn,41.855,-72.3365,0.08492,0.94993,0.07915,0.18552,94095,7991,87.13821,0.93205,0.18017,0.61527,1079.8362,85.4690,81.1893,0.00,,,0.000,0.000,0.000,0.033
19123,Mahaska,IA,C,DMX,sc,41.3351,-92.6409,0.07528,0.10399,0.82622,0.18632,2949,222,1.98566,10.97529,0.07360,0.06403,1485.1277,1227.0422,127.6032,14.73,21874,68800,0.986,0.230,0.117,0.026
17177,Stephenson,IL,C,DVN,nw,42.3517,-89.6625,0.15911,0.34257,0.83768,0.35742,6681,1063,4.56800,5.26479,0.09075,0.05442,1462.5049,1225.1111,419.6884,29.47,43105,61000,0.795,0.217,0.127,0.050
36039,Greene,NY,E,ALY,ec,42.2766,-74.1227,0.07733,0.84471,0.09865,0.18609,47033,3637,27.59094,1.27570,0.08478,0.75105,1704.6434,168.1631,142.0495,27.61,47062,71400,0.899,0.289,0.135,0.038
51111,Lunenburg,VA,E,AKQ,sc,36.9462,-78.2405,0.16818,0.23985,0.15982,0.18611,3574,601,3.19083,0.95029,0.05412,0.58948,1119.9538,178.9910,42.9308,10.75,12038,47700,0.555,0.112,0.191,0.033
48161,Freestone,TX,C,FWD,cc,31.7049,-96.149,0.02741,0.18515,0.53013,0.13908,8172,224,3.53674,19.34075,0.06711,0.18365,2310.6885,1224.9653,226.8022,8.85,20441,56400,0.780,0.159,0.154,0.051
37047,Columbus,NC,E,ILM,se,34.2655,-78.655,0.05580,0.48038,0.24229,0.18657,12635,705,5.11417,4.34211,0.08047,0.23485,2470.6601,598.6162,287.5645,20.29,50121,45400,0.672,0.151,0.201,0.040
31011,Boone,NE,C,OAX,ne,41.7068,-98.0673,0.03023,0.08138,0.68763,0.11915,827,25,0.46458,22.74661,0.04622,0.00430,1780.1106,1224.0575,99.6191,2.98,5310,68500,0.981,0.189,0.097,0.017
39173,Wood,OH,E,CLE,nw,41.3617,-83.623,0.05488,0.57645,0.76121,0.28878,35311,1938,21.97262,13.87044,0.18208,0.03560,1607.0638,1223.3130,705.1787,82.54,132650,67300,1.022,0.374,0.098,0.032
12007,Bradford,FL,E,JAX,nn,29.9502,-82.1689,0.06887,0.58332,0.16244,0.18687,6563,452,8.44771,2.35865,0.11242,0.34610,776.8964,126.1991,73.6145,35.86,27858,57700,0.832,0.150,0.154,0.031
29005,Atchison,MO,C,EAX,nw,40.4307,-95.427,0.19671,0.15374,0.86271,0.29659,871,171,0.61447,4.38569,0.05146,0.05562,1417.8940,1223.2313,188.0553,3.60,5107,57900,0.893,0.220,0.113,0.027
6101,Sutter,CA,P,STO,cc,39.0345,-121.6949,0.15947,0.45281,0.77524,0.38254,19164,3056,12.15985,4.86135,0.07841,0.00289,1576.0387,1221.8082,553.2522,62.15,97948,66100,0.722,0.202,0.153,0.078
49049,Utah,UT,M,SLC,nn,40.1196,-111.6706,0.13400,0.76815,0.06388,0.18734,156134,20922,28.15784,0.47672,0.10160,0.28250,5544.9613,354.2121,272.0883,129.70,719174,95100,1.074,0.438,0.090,0.026
30081,Ravalli,MT,M,MSO,wc,46.0817,-114.1207,0.16724,0.67432,0.05832,0.18736,51449,8604,8.27616,0.34872,0.03040,0.50119,6216.4704,362.5446,244.4712,7.68,47738,65800,0.969,0.298,0.107,0.031
6097,Sonoma,CA,P,MTR,nn,38.5286,-122.8873,0.11017,0.96318,0.06207,0.18745,366863,40417,89.11117,0.56340,0.11567,0.32471,4116.9097,255.5366,246.1277,117.03,481812,96300,1.052,0.378,0.091,0.036
40003,Alfalfa,OK,C,OUN,nw,36.731,-98.324,0.01676,0.13878,0.53392,0.10749,14499,243,6.35119,31.85680,0.05510,0.00689,2282.9035,1218.8878,169.1559,2.48,5673,58000,0.973,0.207,0.198,0.027
29115,Linn,MO,C,EAX,nc,39.8702,-93.1072,0.06319,0.19824,0.75573,0.21155,6505,411,4.04092,11.95965,0.05703,0.12601,1609.7897,1216.5664,241.1736,7.32,11791,52800,0.816,0.201,0.153,0.038
35061,Valencia,NM,M,ABQ,cc,34.7154,-106.8091,0.19059,0.88551,0.03934,0.18795,18747,3573,6.77631,0.20641,0.05350,0.01333,2766.6048,108.8382,96.3772,28.61,79141,53300,0.890,0.208,0.173,0.041
50025,Windham,VT,E,ALY,ss,42.9906,-72.7138,0.13559,0.92457,0.05335,0.18841,96242,13049,46.55987,0.39347,0.06071,0.82186,2067.0671,110.2780,101.9597,22.24,45966,62000,0.831,0.424,0.101,0.023
54065,Morgan,WV,E,LWX,pa,39.5604,-78.2578,0.08583,0.71280,0.10969,0.18862,6990,600,11.75174,1.27799,0.08692,0.78310,594.8319,65.2471,46.5084,29.67,17649,56200,1.038,0.176,0.107,0.031
17109,McDonough,IL,C,DVN,wc,40.4562,-90.678,0.24594,0.16652,0.79565,0.31941,4188,1030,2.74064,3.23514,0.07406,0.11664,1528.1097,1215.8405,202.4675,17.56,26839,52800,0.688,0.318,0.199,0.046
42117,Tioga,PA,E,CTP,nc,41.7721,-77.2543,0.05003,0.58519,0.23001,0.18884,85855,4295,29.14832,4.59744,0.06558,0.67750,2945.4363,677.4798,396.4560,13.87,40840,61200,0.852,0.215,0.130,0.038
45047,Greenwood,SC,E,GSP,up,34.1538,-82.1259,0.14100,0.33571,0.14264,0.18901,7248,1022,6.04539,1.01163,0.14074,0.54653,1198.9802,171.0225,57.4145,57.93,69460,49900,0.776,0.256,0.169,0.035
47143,Rhea,TN,E,MRX,ea,35.6087,-84.9244,0.06996,0.44685,0.21599,0.18901,8733,611,10.02515,3.08734,0.11341,0.54842,871.1095,188.1509,84.0750,38.94,33924,59200,0.908,0.174,0.160,0.045
20003,Anderson,KS,C,TOP,ec,38.2143,-95.2933,0.13567,0.14085,0.80240,0.24843,1312,178,0.86701,5.91435,0.05616,0.10234,1513.2392,1214.2231,171.0258,5.18,7838,59700,0.867,0.158,0.116,0.021
30009,Carbon,MT,M,BYZ,sc,45.2273,-109.0283,0.20088,0.43072,0.07841,0.18931,19201,3857,3.59504,0.39033,0.02218,0.11987,5340.9124,418.7809,180.3783,2.14,11419,67100,0.987,0.303,0.106,0.028
46101,Moody,SD,C,FSD,ec,44.0221,-96.671,0.19810,0.20748,0.89858,0.33302,3503,694,2.59567,4.53599,0.05788,0.00608,1349.6894,1212.8039,251.6379,4.78,6450,70600,1.000,0.310,0.098,0.020
29069,Dunklin,MO,C,MEG,se,36.2718,-90.0909,0.12433,0.20468,0.85519,0.27919,9190,1143,6.48924,6.87839,0.07214,0.01111,1416.2228,1211.1396,247.8955,19.09,27032,39700,0.613,0.126,0.230,0.050
19075,Grundy,IA,C,DMX,cc,42.402,-92.7911,0.37594,0.16862,0.92930,0.38910,1633,614,1.25486,2.47194,0.06428,0.00145,1301.5111,1209.4943,203.9507,9.52,12384,79400,1.139,0.247,0.067,0.028
19145,Page,IA,C,OAX,sw,40.7391,-95.1502,0.56651,0.05443,0.87222,0.29961,842,477,0.60725,1.53964,0.06505,0.05082,1386.5901,1209.4116,65.8266,10.83,15014,60600,0.869,0.188,0.138,0.026
36007,Broome,NY,E,BGM,cc,42.1602,-75.8196,0.04309,0.74221,0.21363,0.18975,98405,4240,53.10030,4.95776,0.15145,0.59757,1853.1867,395.8963,293.8369,105.81,196077,60500,0.762,0.306,0.168,0.039
17187,Warren,IL,C,DVN,wc,40.8488,-90.615,0.61270,0.15750,0.85962,0.43613,1619,992,1.15082,1.40300,0.06673,0.07028,1406.8856,1209.3870,190.4841,11.50,16185,57400,0.747,0.220,0.121,0.042
21029,Bullitt,KY,E,LMK,cc,37.97,-85.6959,0.04551,0.83941,0.17967,0.19004,12107,551,15.57322,3.94792,0.18875,0.55078,777.4199,139.6790,117.2478,109.16,84863,77200,1.303,0.189,0.084,0.041
45057,Lancaster,SC,E,CAE,cc,34.6867,-80.7054,0.13158,0.34242,0.15375,0.19063,4484,590,3.11781,1.16849,0.13344,0.55753,1438.2106,221.1249,75.7173,75.24,108215,70100,1.092,0.312,0.108,0.033
20133,Neosho,KS,C,ICT,se,37.5586,-95.3068,0.66227,0.15900,0.80768,0.43977,5007,3316,3.34444,1.21956,0.06494,0.08651,1497.1130,1209.1882,192.2654,10.30,15420,49300,0.717,0.218,0.149,0.035
54027,Hampshire,WV,E,LWX,ee,39.3171,-78.6142,0.10128,0.43962,0.15633,0.19093,7507,760,4.49708,1.54354,0.05611,0.77251,1669.3915,260.9760,114.7293,14.17,23649,58300,1.077,0.163,0.142,0.028
5003,Ashley,AR,C,JAN,se,33.1912,-91.7679,0.23736,0.11808,0.24857,0.19099,2389,567,0.98225,1.04723,0.05695,0.35613,2431.9829,604.5180,71.3815,7.51,18262,47300,0.851,0.122,0.184,0.056
19015,Boone,IA,C,DMX,cc,42.0366,-93.9318,0.10269,0.39404,0.81330,0.32046,11124,1142,7.48805,7.91995,0.07677,0.08792,1485.5164,1208.1705,476.0693,17.90,26590,74900,1.074,0.287,0.082,0.025
40079,Le Flore,OK,C,TSA,se,34.9001,-94.7035,0.05851,0.19413,0.29003,0.14880,4307,252,1.03416,4.95693,0.05269,0.58865,4164.8961,1207.9448,234.5014,11.91,49596,47000,0.789,0.148,0.210,0.040
38027,Eddy,ND,C,FGF,ne,47.7176,-98.9016,0.02989,0.07078,0.72374,0.11526,736,22,0.44112,24.21345,0.03910,0.01145,1668.4878,1207.5514,85.4650,1.36,2263,58800,0.803,0.282,0.115,0.026
48477,Washington,TX,C,HGX,se,30.2145,-96.4036,0.27782,0.52879,0.75015,0.47944,18996,5277,11.80344,2.70013,0.08426,0.09867,1609.3291,1207.2382,638.3728,23.00,37007,66900,0.926,0.310,0.145,0.039
54075,Pocahontas,WV,E,RLX,ne,38.3318,-80.0077,0.18023,0.61125,0.06406,0.19181,14764,2661,6.05202,0.35543,0.02572,0.89268,2439.5655,156.2786,95.5247,3.18,7765,44600,0.824,0.158,0.192,0.045
13117,Forsyth,GA,E,FFC,nc,34.2255,-84.1253,0.07597,0.84650,0.10978,0.19184,26372,2003,41.15863,1.44504,0.45422,0.32195,640.7413,70.3406,59.5431,425.89,272887,131000,1.800,0.566,0.051,0.025
40073,Kingfisher,OK,C,OUN,cc,35.9454,-97.9421,0.12970,0.12487,0.51438,0.20272,717,93,0.30559,3.96592,0.06411,0.02617,2346.5180,1207.0019,150.7198,6.60,15481,73000,1.225,0.228,0.120,0.023
20159,Rice,KS,C,ICT,cc,38.3471,-98.2011,0.01973,0.13859,0.63930,0.12046,1166,23,0.61794,32.40243,0.05985,0.01289,1886.5313,1206.0595,167.1527,4.91,9260,61700,0.897,0.243,0.106,0.025
37037,Chatham,NC,E,RAH,cc,35.7027,-79.2553,0.05689,0.70026,0.17745,0.19192,176911,10064,96.33107,3.11918,0.10631,0.59456,1836.4856,325.8844,228.2050,44.45,81624,84500,1.252,0.480,0.084,0.030
31107,Knox,NE,C,OAX,ne,42.6369,-97.8919,0.01485,0.16443,0.40851,0.09992,6194,92,2.09858,27.50909,0.03972,0.06266,2951.7508,1205.8197,198.2716,2.81,8298,54900,0.786,0.197,0.137,0.022
5041,Desha,AR,C,LZK,se,33.8333,-91.254,0.13220,0.17793,0.56739,0.23720,8419,1113,3.96651,4.29191,0.03450,0.00141,2122.5579,1204.3181,214.2832,4.94,10479,41300,0.743,0.130,0.250,0.046
55109,St. Croix,WI,C,MPX,wc,45.034,-92.4528,0.23375,0.54014,0.62972,0.43000,32149,7515,16.87114,2.69399,0.12801,0.18610,1905.5729,1199.9774,648.1537,50.78,96763,97600,1.374,0.394,0.057,0.035
27093,Meeker,MN,C,MPX,cc,45.1231,-94.5274,0.10141,0.46349,0.71770,0.32311,10797,1095,6.46247,7.07721,0.07218,0.04075,1670.6766,1199.0446,555.7425,14.06,23490,76500,0.929,0.204,0.084,0.031
24025,Harford,MD,E,LWX,nn,39.5717,-76.25035,0.05279,0.92543,0.14530,0.19219,2366,125,61.08562,2.75242,0.02099,0.01056,1145.5684,166.4511,154.0382,231.02,264644,100000,1.057,0.395,0.073,0.020
48107,Crosby,TX,C,LUB,nw,33.6146,-101.3,0.04596,0.39847,0.51224,0.21090,10705,492,4.58407,11.14534,0.03558,0.00326,2335.2635,1196.2154,476.6562,2.11,4917,46500,0.643,0.141,0.217,0.042
22001,Acadia,LA,C,LCH,sw,30.2906,-92.412,0.19388,0.51111,0.70215,0.41130,37333,7238,21.91670,3.62157,0.09837,0.03041,1703.4032,1196.0446,611.3137,33.16,56489,43000,0.775,0.134,0.250,0.037
20157,Republic,KS,C,TOP,nc,39.8278,-97.6505,0.07058,0.09465,0.64057,0.16235,6220,439,3.33367,9.07580,0.05212,0.03753,1865.6682,1195.0911,113.1211,2.48,4627,54000,0.784,0.254,0.119,0.021
17115,Macon,IL,C,ILX,cc,39.8599,-88.9617,0.07491,0.32852,0.78813,0.26868,17742,1329,11.70027,10.52103,0.15305,0.03865,1516.3463,1195.0780,392.6117,66.34,100591,60600,0.790,0.241,0.157,0.060
48409,San Patricio,TX,C,CRP,sc,28.0095,-97.5188,0.13178,0.54116,0.65372,0.35991,100240,13210,54.89734,4.96069,0.10448,0.01176,1825.9591,1193.6660,645.9628,38.70,70660,62900,0.871,0.172,0.172,0.048
37111,McDowell,NC,E,GSP,ww,35.6813,-82.0487,0.14155,0.73638,0.06858,0.19264,16249,2300,14.05181,0.48449,0.10665,0.79431,1156.3522,79.3026,58.3965,38.82,44893,54000,0.800,0.176,0.151,0.032
19183,Washington,IA,C,DVN,se,41.3356,-91.7179,0.06935,0.18805,0.80622,0.21907,4701,326,3.18001,11.62538,0.07592,0.08126,1478.2608,1191.8034,224.1164,15.26,22560,70500,1.012,0.249,0.095,0.026
19105,Jones,IA,C,DVN,ec,42.1212,-91.1314,0.16873,0.13479,0.79730,0.26272,2051,346,1.37297,4.72530,0.06762,0.10797,1493.5535,1190.8102,160.5123,13.99,20900,70700,1.014,0.207,0.103,0.035
27051,Grant,MN,C,FGF,wc,45.934,-96.0121,0.20003,0.25728,0.79873,0.34512,11794,2359,7.91594,3.99305,0.05431,0.01506,1489.8805,1190.0123,306.1714,4.12,6139,68400,0.830,0.191,0.107,0.032
34025,Monmouth,NJ,E,PHI,cc,40.259,-74.2257,0.06543,0.95149,0.11562,0.19308,235953,15438,191.65720,1.76708,0.53965,0.14887,1231.1201,142.3421,135.4365,522.13,642799,118000,1.222,0.506,0.067,0.038
48155,Foard,TX,C,OUN,nn,33.9746,-99.778,0.11088,0.30638,0.21197,0.19311,1804,200,0.98426,1.91171,0.01892,0.04479,1832.6454,388.4658,119.0175,0.59,1079,47700,0.659,0.145,0.168,0.033
20037,Crawford,KS,C,SGF,se,37.5073,-94.8518,0.15889,0.21140,0.77165,0.29594,5646,897,3.66328,4.85650,0.08540,0.09730,1541.2989,1189.3433,251.4311,25.15,38764,51800,0.753,0.320,0.173,0.028
37011,Avery,NC,E,GSP,ww,36.0766,-81.9224,0.12431,0.96826,0.05999,0.19328,26860,3339,41.95488,0.48258,0.10462,0.81645,640.2059,38.4060,37.1868,27.43,17561,53900,0.798,0.219,0.159,0.030
51169,Scott,VA,E,MRX,sw,36.7142,-82.603,0.12429,0.32882,0.17680,0.19333,3918,487,2.80807,1.42248,0.06758,0.71812,1395.3177,246.6922,81.1168,15.36,21433,43700,0.510,0.142,0.205,0.032
27109,Olmsted,MN,C,ARX,se,44.0036,-92.4018,0.06262,0.61696,0.70077,0.30027,69902,4377,41.23623,11.19083,0.14787,0.12365,1695.1519,1187.9116,732.8883,97.21,164784,88000,1.069,0.485,0.080,0.021
29083,Henry,MO,C,EAX,wc,38.3852,-93.7927,0.29038,0.25562,0.62550,0.35941,10059,2921,5.30192,2.15407,0.05885,0.16239,1897.2866,1186.7528,303.3528,11.85,22485,54200,0.836,0.161,0.163,0.031
48257,Kaufman,TX,C,FWD,nc,32.5996,-96.2879,0.06388,0.49558,0.56758,0.26192,21416,1368,10.24759,8.88510,0.13104,0.10594,2089.8168,1186.1382,587.8209,88.85,185690,92800,1.284,0.253,0.096,0.041
20201,Washington,KS,C,TOP,nc,39.7842,-97.0874,0.00666,0.10254,0.50929,0.07033,1051,7,0.45129,76.46997,0.04748,0.05019,2327.9439,1185.5985,121.5705,2.36,5504,63800,0.927,0.233,0.113,0.021
47137,Pickett,TN,C,OHX,mi,36.5585,-85.0748,0.06310,0.56180,0.20686,0.19428,3312,209,7.32510,3.27829,0.06468,0.65283,452.1439,93.5305,52.5452,11.34,5128,47900,0.735,0.172,0.166,0.041
47035,Cumberland,TN,C,OHX,mi,35.9504,-84.9983,0.08891,0.51880,0.15955,0.19451,14768,1313,8.32366,1.79451,0.10747,0.66037,1774.2300,283.0784,146.8618,36.50,64760,53400,0.818,0.185,0.146,0.042
31081,Hamilton,NE,C,GID,sc,40.8735,-98.0233,0.06036,0.18620,0.83715,0.21111,2021,122,1.42732,13.86928,0.06388,0.00614,1416.0016,1185.4057,220.7202,6.74,9537,75400,1.079,0.296,0.074,0.019
12079,Madison,FL,E,TAE,bb,30.4442,-83.47,0.08088,0.39210,0.23263,0.19467,5687,460,3.06687,2.87624,0.06026,0.29949,1854.4629,431.4037,169.1552,9.99,18519,46100,0.666,0.125,0.198,0.033
22033,East Baton Rouge,LA,C,LIX,se,30.5383,-91.0957,0.06715,0.60990,0.18014,0.19467,131472,8828,107.87756,2.68265,0.41382,0.07820,1218.7173,219.5397,133.8968,367.98,448467,61400,1.107,0.382,0.200,0.034
44005,Newport,RI,E,BOX,,41.556,-71.2366,0.06849,0.98918,0.10896,0.19471,88097,6034,314.94641,1.59089,0.44009,0.20256,279.7195,30.4782,30.1485,299.70,83832,92800,1.147,0.530,0.113,0.026
48419,Shelby,TX,C,SHV,ee,31.7924,-94.145,0.17875,0.18935,0.21857,0.19485,3385,605,1.56642,1.22277,0.06545,0.44690,2160.7837,472.2825,89.4267,11.19,24179,51600,0.713,0.137,0.180,0.045
46039,Deuel,SD,C,ABR,ne,44.76,-96.668,0.09396,0.17944,0.71816,0.22963,1754,165,1.06401,7.64325,0.04932,0.00920,1648.9007,1184.1745,212.4843,2.64,4354,77700,1.101,0.241,0.092,0.028
22045,Iberia,LA,C,LCH,sc,29.8941,-91.7307,0.09757,0.30490,0.24969,0.19511,5934,579,3.67453,2.55909,0.08862,0.00610,1614.9047,403.2256,122.9417,41.90,67659,45100,0.813,0.147,0.221,0.041
26029,Charlevoix,MI,E,APX,nn,45.302,-85.1283,0.13226,0.79236,0.07089,0.19512,29857,3949,25.23277,0.53599,0.08081,0.41017,1183.2792,83.8827,66.4651,22.11,26159,71400,1.066,0.339,0.091,0.046
13061,Clay,GA,E,TAE,sw,31.6264,-84.9803,0.08120,0.37516,0.24484,0.19538,2020,164,3.59446,3.01527,0.04808,0.41611,561.8896,137.5730,51.6115,5.08,2853,38000,0.522,0.226,0.264,0.078
48213,Henderson,TX,C,FWD,cc,32.2121,-95.8538,0.47964,0.36048,0.48099,0.43649,29270,14039,11.90884,1.00281,0.09554,0.18683,2457.8794,1182.2154,426.1637,35.05,86158,62800,0.869,0.202,0.169,0.041
45037,Edgefield,SC,E,CAE,cc,33.7723,-81.9666,0.17916,0.32773,0.12743,0.19559,2445,438,1.86324,0.71126,0.07965,0.62837,1312.0774,167.1980,54.7960,21.04,27607,61300,0.955,0.214,0.168,0.031
55107,Rusk,WI,C,MPX,nw,45.4751,-91.1331,0.10389,0.39612,0.18193,0.19563,10800,1122,4.47936,1.75118,0.04293,0.46907,2410.9978,438.6328,173.7524,5.87,14143,56400,0.794,0.163,0.137,0.037
19173,Taylor,IA,C,DMX,sw,40.7374,-94.6965,0.40499,0.03563,0.85296,0.23089,215,87,0.15510,2.10613,0.05385,0.07949,1385.0157,1181.3630,42.0959,4.28,5924,56000,0.804,0.155,0.130,0.022
48061,Cameron,TX,C,BRO,ds,26.1293,-97.5292,0.04904,0.78882,0.47314,0.26354,605784,29708,242.83373,9.64804,0.19352,0.00461,2494.6462,1180.3169,931.0561,171.05,426710,49600,0.686,0.206,0.235,0.054
9011,New London,CT,E,OKX,ss,41.4893,-72.1004,0.11894,0.92229,0.06855,0.19591,150533,17904,85.20018,0.57634,0.20763,0.54528,1766.8196,121.1155,111.7034,0.00,,,0.000,0.000,0.000,0.036
46009,Bon Homme,SD,C,FSD,se,42.9884,-97.8847,0.08612,0.07390,0.78276,0.17078,883,76,0.58614,9.08918,0.05368,0.01381,1505.6472,1178.5604,87.0900,4.69,7065,63000,0.892,0.201,0.134,0.019
36019,Clinton,NY,E,BTV,nn,44.7462,-73.6781,0.08879,0.55347,0.15350,0.19612,21016,1866,7.26094,1.72880,0.07214,0.56081,2894.4347,444.2957,245.9036,26.99,78115,65300,0.821,0.268,0.137,0.035
12107,Putnam,FL,E,JAX,ne,29.6086,-81.7442,0.12288,0.61265,0.10026,0.19616,28240,3470,13.17871,0.81592,0.13042,0.34983,2142.8226,214.8394,131.6213,35.45,75955,46500,0.671,0.141,0.211,0.040
51127,New Kent,VA,E,AKQ,ec,37.5052,-76.9972,0.13097,0.60153,0.09610,0.19636,18264,2392,31.55073,0.73376,0.09946,0.49506,578.8852,55.6309,33.4634,45.15,26134,116000,1.347,0.355,0.056,0.026
29109,Lawrence,MO,C,SGF,sw,37.1063,-93.8329,0.52421,0.22596,0.73893,0.44399,3102,1626,1.95259,1.40961,0.07985,0.17544,1588.5640,1173.8376,265.2348,24.47,38872,58000,0.896,0.166,0.149,0.031
48051,Burleson,TX,C,HGX,se,30.4924,-96.621,0.56408,0.46510,0.66805,0.55963,27519,15523,15.67600,1.18432,0.07214,0.18276,1755.4960,1172.7591,545.4554,11.09,19475,62100,0.859,0.231,0.139,0.036
37023,Burke,NC,E,GSP,ww,35.7495,-81.7045,0.10343,0.68479,0.10711,0.19649,12501,1293,9.37635,1.03558,0.15023,0.69185,1333.2332,142.8026,97.7894,66.26,88338,60600,0.898,0.202,0.159,0.033
48163,Frio,TX,C,EWX,sc,28.8678,-99.1083,0.10960,0.35466,0.19567,0.19666,4890,536,1.66461,1.78531,0.03112,0.00886,2937.9243,574.8636,203.8789,6.12,17987,46800,0.647,0.114,0.256,0.033
13285,Troup,GA,E,FFC,wc,33.0335,-85.0283,0.13417,0.45749,0.12451,0.19698,8260,1108,7.15179,0.92800,0.13804,0.55718,1154.9084,143.7976,65.7866,61.25,70742,55900,0.768,0.225,0.181,0.028
40075,Kiowa,OK,C,OUN,sw,34.9163,-98.9808,0.07392,0.11238,0.43897,0.15392,2841,210,1.06355,5.93845,0.06520,0.00961,2671.1320,1172.5468,131.7737,3.14,8398,45000,0.754,0.184,0.217,0.036
5069,Jefferson,AR,C,LZK,se,34.2688,-91.9315,0.02547,0.16856,0.49501,0.12857,18057,460,7.63005,19.43502,0.09317,0.18733,2366.5642,1171.4729,197.4626,26.90,63661,45900,0.827,0.206,0.243,0.046
36049,Lewis,NY,E,BUF,cc,43.7847,-75.4488,0.09235,0.54865,0.15159,0.19730,14727,1360,4.40843,1.64147,0.03904,0.60053,3340.5406,506.3925,277.8316,7.95,26548,64500,0.811,0.194,0.110,0.044
1091,Marengo,AL,C,BMX,sw,32.2476,-87.7895,0.10085,0.37787,0.20161,0.19732,2647,267,1.03985,1.99911,0.04776,0.42264,2545.8093,513.2606,193.9444,7.34,18684,45600,0.764,0.204,0.235,0.033
17137,Morgan,IL,C,ILX,wc,39.7156,-90.2015,0.13849,0.15471,0.79002,0.25676,3249,450,2.19243,5.70453,0.08123,0.10956,1482.1033,1170.8912,181.1475,21.69,32140,64800,0.845,0.233,0.139,0.042
17131,Mercer,IL,C,DVN,nw,41.2053,-90.7414,0.16195,0.13179,0.79383,0.25684,2334,378,1.58407,4.90170,0.05913,0.10607,1473.4170,1169.6426,154.1457,10.51,15487,70400,0.918,0.189,0.098,0.047
5123,St. Francis,AR,C,MEG,ee,35.022,-90.7478,0.21523,0.16379,0.70290,0.29154,1018,219,0.61153,3.26581,0.06214,0.06963,1663.8869,1169.5461,191.5552,13.28,22101,38100,0.686,0.129,0.343,0.050
13083,Dade,GA,E,FFC,nw,34.8546,-85.5045,0.06228,0.74115,0.16910,0.19837,3475,216,7.70221,2.71516,0.11252,0.69281,451.1321,76.2864,56.5394,35.83,16165,59700,0.821,0.190,0.141,0.026
55069,Lincoln,WI,C,GRB,nc,45.3375,-89.7346,0.13273,0.55051,0.10699,0.19847,19250,2555,8.19375,0.80607,0.05283,0.46251,2349.3047,251.3521,138.3727,12.09,28405,59600,0.839,0.194,0.099,0.032
29211,Sullivan,MO,C,EAX,nc,40.2107,-93.1115,0.24004,0.09814,0.69279,0.25365,1029,247,0.60991,2.88614,0.04217,0.22663,1687.1425,1168.8355,114.7074,3.44,5797,52400,0.809,0.147,0.129,0.033
55045,Green,WI,C,MKX,sc,42.6799,-89.6022,0.17207,0.46856,0.77162,0.39624,10153,1747,6.70604,4.48434,0.07994,0.11301,1514.0279,1168.2542,547.4000,24.41,36951,79300,1.117,0.270,0.083,0.024
12073,Leon,FL,E,TAE,bb,30.4581,-84.2778,0.18273,0.78481,0.05480,0.19882,176012,32163,96.83239,0.29990,0.17974,0.43882,1817.6965,99.6098,78.1751,163.35,296913,61600,0.888,0.486,0.176,0.031
31147,Richardson,NE,C,OAX,se,40.1249,-95.7167,0.06698,0.20093,0.80953,0.22169,5091,341,3.53530,12.08615,0.05420,0.07239,1440.0057,1165.7278,234.2336,5.34,7689,56100,0.804,0.224,0.111,0.021
20085,Jackson,KS,C,TOP,ne,39.417,-95.7937,0.12201,0.11381,0.68180,0.21155,1598,195,0.93797,5.58807,0.05506,0.12464,1703.9131,1161.7280,132.2181,7.85,13368,70400,1.024,0.210,0.105,0.023
39145,Scioto,OH,E,ILN,sc,38.804,-82.9928,0.09561,0.46889,0.17588,0.19903,23614,2258,14.80121,1.83956,0.10519,0.69293,1595.3895,280.5971,131.5683,45.11,71969,48500,0.737,0.180,0.186,0.048
55049,Iowa,WI,C,MKX,sc,43.0005,-90.1354,0.38670,0.48851,0.58372,0.47953,45219,17486,22.72888,1.50949,0.06186,0.31258,1989.5029,1161.3126,567.3182,12.04,23956,76400,1.075,0.285,0.084,0.026
50005,Caledonia,VT,E,BTV,ne,44.4647,-72.1022,0.08718,0.73225,0.12368,0.19912,22552,1966,13.24727,1.41867,0.06492,0.68939,1702.3903,210.5516,154.1768,17.98,30610,61600,0.826,0.319,0.140,0.023
37103,Jones,NC,E,MHX,ee,35.0222,-77.3555,0.08735,0.45146,0.20103,0.19940,5759,503,4.69749,2.30143,0.04043,0.28882,1225.9063,246.4439,111.2596,7.67,9401,56100,0.831,0.179,0.191,0.032
31023,Butler,NE,C,OAX,ec,41.225,-97.1314,0.05917,0.13521,0.76300,0.18276,1453,86,0.95548,12.89505,0.06086,0.02500,1521.1301,1160.6223,156.9224,5.56,8459,76400,1.094,0.252,0.083,0.017
37183,Wake,NC,E,RAH,cc,35.7901,-78.6504,0.09114,0.94355,0.09236,0.19952,532671,48548,239.94910,1.01339,0.49373,0.31449,2219.9315,205.0329,193.4580,536.18,1190275,97100,1.438,0.563,0.072,0.030
39153,Summit,OH,E,CLE,ne,41.1259,-81.5321,0.10866,0.99477,0.07369,0.19971,200958,21836,184.67888,0.67817,0.62475,0.25390,1088.1463,80.1855,79.7660,492.34,535733,66000,1.004,0.353,0.129,0.037
54107,Wood,WV,E,RLX,nw,39.2111,-81.515,0.12177,0.46200,0.14161,0.19972,34581,4211,35.42205,1.16293,0.16000,0.66258,976.2676,138.2493,63.8708,85.07,83052,57600,1.065,0.229,0.137,0.041
51083,Halifax,VA,E,RNK,sc,36.767,-78.9367,0.18167,0.20707,0.21230,0.19989,14157,2572,6.58953,1.16860,0.06471,0.56156,2148.4660,456.1193,94.4482,15.56,33432,50600,0.589,0.182,0.197,0.040
37175,Transylvania,NC,E,GSP,ww,35.2022,-82.7983,0.16347,0.99390,0.04935,0.20015,74528,12183,75.62127,0.30189,0.09820,0.83960,985.5458,48.6367,48.3399,34.04,33549,62200,0.921,0.386,0.125,0.032
50017,Orange,VT,E,BTV,cc,44.0056,-72.3769,0.07684,0.81041,0.12912,0.20034,41241,3169,23.02844,1.68037,0.05685,0.74184,1790.8817,231.2386,187.3986,16.72,29943,73100,0.980,0.365,0.097,0.020
48253,Jones,TX,C,SJT,wc,32.7399,-99.8787,0.02836,0.33383,0.47738,0.16534,10474,297,4.31510,16.83286,0.05179,0.02857,2427.2343,1158.7131,386.8180,8.40,20381,51900,0.718,0.112,0.205,0.046
19049,Dallas,IA,C,DMX,cc,41.6849,-94.0398,0.20977,0.38692,0.75576,0.39438,13825,2900,9.02162,3.60280,0.12312,0.07763,1532.4279,1158.1477,448.1159,72.49,111092,109000,1.566,0.516,0.060,0.022
55017,Chippewa,WI,C,MPX,wc,45.0694,-91.2799,0.06591,0.36689,0.42937,0.21816,24990,1647,9.26611,6.51449,0.08497,0.27318,2696.9678,1157.9971,424.8543,24.83,66970,74400,1.048,0.241,0.090,0.035
17053,Ford,IL,C,LOT,ec,40.5972,-88.2233,0.33172,0.30026,0.91865,0.45062,2647,878,2.10090,2.76935,0.07472,0.00468,1259.8496,1157.3608,347.5102,10.52,13250,67100,0.875,0.194,0.110,0.044
51097,King and Queen,VA,E,AKQ,ec,37.7182,-76.8949,0.08522,0.54792,0.17324,0.20074,8683,740,10.25810,2.03286,0.04203,0.53200,846.4505,146.6391,80.3469,7.94,6720,62200,0.724,0.195,0.127,0.027
19159,Ringgold,IA,C,DMX,sc,40.7352,-94.244,0.55787,0.22537,0.82909,0.47063,4935,2753,3.53522,1.48617,0.05037,0.09784,1395.9205,1157.3437,260.8306,3.33,4642,60100,0.862,0.252,0.141,0.022
29155,Pemiscot,MO,C,MEG,se,36.2111,-89.7858,0.44480,0.22451,0.87194,0.44323,3527,1569,2.65784,1.96030,0.05481,0.00108,1327.1808,1157.2220,259.8042,11.01,14613,38500,0.594,0.128,0.274,0.049
27081,Lincoln,MN,C,FSD,sw,44.4126,-96.267,0.39888,0.23878,0.81282,0.42620,6200,2473,4.36468,2.03776,0.05830,0.01248,1420.4705,1154.5868,275.6904,3.89,5521,64900,0.788,0.244,0.097,0.030
18073,Jasper,IN,C,LOT,nw,41.023,-87.1162,0.08209,0.32732,0.79421,0.27737,4592,377,3.15931,9.67487,0.09725,0.08039,1453.5156,1154.3966,377.8533,23.07,33535,75700,1.134,0.181,0.087,0.036
31053,Dodge,NE,C,OAX,ec,41.578,-96.654,0.01921,0.19951,0.82085,0.14653,7044,135,5.01299,42.73035,0.08719,0.01118,1405.1919,1153.4518,230.1248,26.46,37187,68300,0.978,0.215,0.098,0.022
19097,Jackson,IA,C,DVN,ec,42.1717,-90.5742,0.06241,0.22326,0.68537,0.21216,10191,636,6.05559,10.98173,0.05964,0.20059,1682.9078,1153.4145,257.5146,11.49,19342,64800,0.929,0.184,0.093,0.035
31001,Adams,NE,C,GID,sc,40.5245,-98.5012,0.12126,0.15799,0.78855,0.24721,1765,214,1.20765,6.50297,0.08336,0.00497,1461.3493,1152.3470,182.0595,21.14,30899,64200,0.920,0.288,0.119,0.021
39105,Meigs,OH,E,RLX,se,39.0821,-82.0229,0.12033,0.35173,0.19544,0.20224,2568,309,2.29367,1.62420,0.08460,0.69807,1119.6015,218.8149,76.9639,19.44,21767,46400,0.705,0.118,0.208,0.054
20199,Wallace,KS,M,GLD,wc,38.9166,-101.7636,0.01954,0.06472,0.48657,0.08505,1177,23,0.49714,24.90123,0.02658,0.00002,2367.3525,1151.8827,74.5464,0.64,1509,62300,0.905,0.227,0.134,0.022
31025,Cass,NE,C,OAX,se,40.9098,-96.1408,0.04852,0.27792,0.78548,0.21961,10325,501,7.04097,16.18879,0.08343,0.06475,1466.4193,1151.8430,320.1258,18.72,27446,93200,1.335,0.319,0.066,0.023
40065,Jackson,OK,C,OUN,sw,34.588,-99.4148,0.03027,0.17357,0.55233,0.14264,2577,78,1.23698,18.24678,0.07422,0.00758,2083.3103,1150.6748,199.7200,11.84,24669,53500,0.897,0.242,0.165,0.029
20021,Cherokee,KS,C,SGF,se,37.1693,-94.8462,0.25228,0.30072,0.75123,0.38484,3643,919,2.38007,2.97776,0.07298,0.11621,1530.5600,1149.8026,345.7735,12.45,19054,55000,0.799,0.201,0.152,0.027
6021,Glenn,CA,P,STO,cc,39.5984,-122.3922,0.04769,0.25930,0.33388,0.16043,37766,1801,10.98720,7.00105,0.03983,0.02013,3437.2332,1147.6234,297.5840,8.18,28129,63200,0.691,0.165,0.135,0.063
55033,Dunn,WI,C,MPX,wc,44.9466,-91.8964,0.27948,0.34396,0.51264,0.36663,20463,5719,9.14548,1.83426,0.07262,0.30489,2237.5378,1147.0514,394.5393,20.47,45794,71400,1.005,0.292,0.109,0.034
51017,Bath,VA,E,RNK,wc,38.0587,-79.7411,0.27603,0.49288,0.06173,0.20327,11810,3260,8.53051,0.22364,0.02846,0.88637,1384.4921,85.4647,42.1234,2.93,4051,59800,0.696,0.156,0.105,0.028
27133,Rock,MN,C,FSD,sw,43.6747,-96.2532,0.44332,0.35120,0.91707,0.52267,5761,2554,4.60680,2.06864,0.06549,0.00393,1250.5534,1146.8450,402.7761,7.64,9551,69800,0.848,0.263,0.098,0.018
50003,Bennington,VT,E,ALY,ss,43.0355,-73.0929,0.16500,0.89958,0.05707,0.20385,53334,8800,30.39421,0.34588,0.05865,0.82282,1754.7563,100.1439,90.0873,21.19,37183,69200,0.929,0.412,0.119,0.025
37043,Clay,NC,E,MRX,sw,35.0572,-83.7502,0.10609,0.88313,0.09042,0.20385,6400,679,11.20181,0.85230,0.06804,0.80708,571.3652,51.6628,45.6249,20.76,11864,57700,0.855,0.314,0.121,0.037
29137,Monroe,MO,C,LSX,ne,39.4955,-92.0007,0.11998,0.09307,0.66058,0.19466,1409,169,0.81148,5.50575,0.04904,0.21004,1735.8059,1146.6387,106.7182,5.01,8698,50300,0.776,0.174,0.123,0.032
25011,Franklin,MA,E,BOX,ww,42.5831,-72.5919,0.11664,0.96823,0.07556,0.20435,95062,11088,50.64679,0.64781,0.07897,0.75676,1876.9602,141.8231,137.3171,37.74,70836,69900,0.740,0.403,0.119,0.029
41047,Marion,OR,P,PQR,nw,44.9035,-122.5826,0.29580,0.64917,0.37025,0.41427,153476,45398,49.60650,1.25169,0.12537,0.21779,3093.8611,1145.5021,743.6298,112.07,346741,70900,0.937,0.260,0.141,0.037
31139,Pierce,NE,C,OAX,ne,42.2644,-97.6013,0.05139,0.20620,0.76744,0.20109,2139,110,1.43581,14.93364,0.05687,0.00738,1489.8401,1143.3629,235.7571,4.90,7299,70900,1.015,0.229,0.092,0.018
20115,Marion,KS,C,ICT,cc,38.3588,-97.0969,0.02331,0.17884,0.46298,0.12451,5147,120,2.08443,19.86186,0.05298,0.02407,2469.4506,1143.3062,204.4721,4.73,11690,64300,0.935,0.288,0.109,0.025
48287,Lee,TX,C,EWX,sc,30.3107,-96.9657,0.10627,0.39391,0.69557,0.30764,13286,1412,8.09123,6.54531,0.05781,0.16549,1642.0383,1142.1526,449.9056,11.11,18240,65900,0.912,0.187,0.112,0.032
31035,Clay,NE,C,GID,sc,40.5244,-98.0512,0.04478,0.16645,0.76882,0.17895,2345,105,1.57830,17.16883,0.06404,0.00560,1485.5076,1142.0880,190.1028,4.12,6116,64300,0.920,0.229,0.096,0.024
38011,Bowman,ND,M,BIS,sw,46.1126,-103.5207,0.01823,0.18882,0.37767,0.10914,5265,96,1.74206,20.71695,0.03333,0.00032,3022.3671,1141.4574,215.5357,0.95,2867,75400,1.029,0.273,0.095,0.013
48493,Wilson,TX,C,EWX,sc,29.1741,-98.0866,0.09769,0.44804,0.54395,0.28768,10943,1069,5.22597,5.56812,0.07850,0.06688,2094.0026,1139.0327,510.3310,25.88,54183,79400,1.099,0.263,0.099,0.032
53029,Island,WA,P,SEW,nw,48.1629,-122.5486,0.05597,0.97696,0.15922,0.20572,99771,5584,183.65138,2.84474,0.30967,0.44243,543.2617,86.4981,84.5055,158.79,86267,82700,0.906,0.357,0.086,0.043
29215,Texas,MO,C,SGF,sc,37.3173,-91.9651,0.24120,0.26008,0.37264,0.28593,7819,1886,2.56020,1.54494,0.04494,0.56148,3054.1493,1138.0982,295.9953,8.39,25619,46600,0.720,0.158,0.203,0.038
26133,Osceola,MI,E,GRR,cc,43.9899,-85.3252,0.09764,0.40840,0.22042,0.20637,14042,1371,9.45900,2.25748,0.07602,0.37059,1484.4631,327.2054,133.6312,15.72,23330,54700,0.818,0.164,0.168,0.048
19037,Chickasaw,IA,C,ARX,ne,43.0601,-92.3176,0.17562,0.17647,0.86918,0.29977,757,133,0.57848,4.94921,0.06694,0.02945,1309.1553,1137.8916,200.8031,8.90,11658,74100,1.063,0.191,0.088,0.025
24045,Wicomico,MD,E,AKQ,se,38.3127,-75.73205,0.06216,0.95650,0.14865,0.20675,28,2,1.79963,2.39141,0.00114,0.00000,996.5403,148.1357,141.6913,105.16,104800,68900,0.725,0.291,0.154,0.025
19103,Johnson,IA,C,DVN,ec,41.6715,-91.5881,0.08306,0.56621,0.70469,0.32121,98801,8206,61.19522,8.48411,0.13623,0.08475,1614.5170,1137.7340,644.2017,97.57,157528,74900,1.075,0.546,0.155,0.024
55021,Columbia,WI,C,MKX,sc,43.4665,-89.3338,0.29210,0.66853,0.55186,0.47588,42936,12542,20.83538,1.88928,0.09243,0.15259,2060.7092,1137.2230,760.2728,28.19,58091,78800,1.109,0.257,0.079,0.026
28043,Grenada,MS,C,JAN,nc,33.77,-89.802,0.11066,0.37240,0.21553,0.20710,2566,284,2.20489,1.94768,0.07575,0.40044,1163.9877,250.8743,93.4260,18.10,21065,46700,0.885,0.237,0.209,0.035
5077,Lee,AR,C,MEG,ee,34.7807,-90.782,0.31288,0.08496,0.70852,0.26606,1301,407,0.81078,2.26451,0.04403,0.04106,1604.4091,1136.7559,96.5814,5.11,8201,35200,0.634,0.069,0.387,0.052
20041,Dickinson,KS,C,TOP,cc,38.8664,-97.1527,0.03554,0.20221,0.51493,0.15468,2054,73,0.93085,14.48875,0.05976,0.03422,2206.8011,1136.3481,229.7830,8.36,18445,63100,0.917,0.219,0.105,0.028
19067,Floyd,IA,C,ARX,nc,43.06,-92.789,0.16629,0.17842,0.87443,0.29604,1864,310,1.43588,5.25846,0.07361,0.03156,1298.2960,1135.2690,202.5544,11.80,15326,64600,0.926,0.185,0.115,0.034
20149,Pottawatomie,KS,C,TOP,ne,39.379,-96.3425,0.16858,0.28816,0.18464,0.20777,27494,4635,12.31424,1.09527,0.05206,0.09256,2232.7321,412.2517,118.7961,11.82,26382,85800,1.247,0.365,0.079,0.023
20123,Mitchell,KS,C,GID,nc,39.3933,-98.2095,0.02236,0.13481,0.60942,0.12247,3931,88,2.11220,27.25492,0.04966,0.01681,1861.3237,1134.3279,152.9138,3.07,5719,63900,0.929,0.254,0.105,0.020
31119,Madison,NE,C,OAX,ne,41.9167,-97.6008,0.02511,0.17870,0.76139,0.15061,7332,184,4.92250,30.32218,0.08073,0.01106,1489.5082,1134.0966,202.6669,23.92,35627,63500,0.909,0.235,0.116,0.020
9015,Windham,CT,E,BOX,nn,41.8299,-71.9875,0.11742,0.83797,0.09136,0.20793,43852,5149,32.46594,0.77806,0.13438,0.57691,1350.7001,123.4000,103.4052,0.00,,,0.000,0.000,0.000,0.039
1115,St. Clair,AL,C,BMX,cc,33.7157,-86.3147,0.13779,0.37979,0.17188,0.20797,5407,745,3.19322,1.24741,0.12769,0.57157,1693.1933,291.0261,110.5288,56.43,95552,70400,1.179,0.199,0.108,0.021
40071,Kay,OK,C,OUN,nn,36.818,-97.1439,0.02556,0.12672,0.46288,0.11445,3051,78,1.24636,18.10955,0.07099,0.02670,2447.9693,1133.1160,143.5849,17.83,43641,53100,0.890,0.185,0.188,0.036
20059,Franklin,KS,C,TOP,ec,38.5646,-95.2859,0.05434,0.22784,0.75708,0.21085,2208,120,1.47860,13.93228,0.07404,0.14910,1493.6354,1130.8015,257.6434,17.49,26125,67300,0.977,0.253,0.111,0.025
50019,Orleans,VT,E,BTV,ne,44.8288,-72.2438,0.08816,0.57111,0.17981,0.20842,30209,2663,16.18241,2.03959,0.05842,0.58738,1866.7601,335.6621,191.6995,14.74,27516,56800,0.762,0.286,0.141,0.034
12053,Hernando,FL,E,TBW,wc,28.5528,-82.4209,0.06675,0.87039,0.15594,0.20847,73366,4897,57.82881,2.33618,0.28697,0.27327,1268.6795,197.8379,172.1967,167.74,212807,60600,0.874,0.204,0.121,0.038
20165,Rush,KS,C,DDC,cc,38.5233,-99.3092,0.25000,0.11549,0.60723,0.25978,656,164,0.35257,2.42892,0.05095,0.00180,1860.6154,1129.8215,130.4802,1.52,2830,56600,0.823,0.215,0.124,0.022
39121,Noble,OH,E,PBZ,ec,39.766,-81.4556,0.09220,0.43131,0.22938,0.20894,5727,528,5.46537,2.48785,0.07756,0.66403,1047.8022,240.3449,103.6638,13.66,14311,57100,0.867,0.137,0.150,0.049
19185,Wayne,IA,C,DMX,sc,40.7395,-93.3274,0.21231,0.06974,0.82387,0.23020,325,69,0.23809,3.88050,0.05168,0.09949,1365.0389,1124.6146,78.4319,4.80,6557,58000,0.832,0.160,0.147,0.029
29169,Pulaski,MO,C,SGF,cc,37.8246,-92.2076,0.16226,0.24845,0.22660,0.20904,4240,688,2.96935,1.39652,0.08326,0.66431,1427.9236,323.5675,80.3916,37.69,53812,61700,0.953,0.279,0.114,0.036
18181,White,IN,E,IWX,nw,40.7499,-86.8654,0.11102,0.26294,0.85253,0.29196,2061,229,1.56402,7.67907,0.09198,0.03903,1317.7224,1123.3979,295.3899,18.91,24917,66200,0.991,0.183,0.108,0.027
20101,Lane,KS,C,DDC,wc,38.4814,-100.4664,0.04628,0.09166,0.60401,0.13684,280,13,0.15053,13.05121,0.03429,0.00009,1858.1901,1122.3654,102.8792,0.82,1529,64900,0.943,0.246,0.102,0.027
39147,Seneca,OH,E,CLE,nw,41.1239,-83.1277,0.26842,0.39873,0.78423,0.43784,9963,2674,6.96387,2.92165,0.11272,0.08939,1430.6320,1121.9445,447.3574,38.11,54527,63200,0.961,0.207,0.128,0.036
17189,Washington,IL,C,LSX,sc,38.3522,-89.4105,0.06656,0.24976,0.76787,0.23371,2449,163,1.67618,11.53651,0.07614,0.10473,1461.0600,1121.9041,280.2029,9.26,13536,72000,0.938,0.244,0.087,0.028
41009,Columbia,OR,P,PQR,nw,45.9439,-123.0881,0.16262,0.71778,0.07863,0.20937,81538,13260,45.73443,0.48352,0.06920,0.59257,1782.8495,140.1855,100.6230,30.22,53880,77600,1.026,0.192,0.098,0.044
13145,Harris,GA,E,FFC,wc,32.736,-84.909,0.15986,0.64592,0.08913,0.20956,8875,1419,7.24572,0.55755,0.08573,0.66749,1224.9098,109.1762,70.5187,29.92,36654,90600,1.246,0.347,0.086,0.028
13059,Clarke,GA,E,FFC,ne,33.9513,-83.3675,0.07378,0.98405,0.12697,0.20968,101432,7484,322.83658,1.72093,0.42716,0.38942,314.1907,39.8928,39.2564,413.55,129933,49800,0.685,0.487,0.241,0.033
19061,Dubuque,IA,C,DVN,ne,42.4689,-90.8824,0.09878,0.33375,0.70146,0.28490,29784,2942,18.64967,7.10124,0.11779,0.15733,1597.0255,1120.2495,373.8823,61.92,98887,73500,1.054,0.329,0.096,0.029
51007,Amelia,VA,E,AKQ,cc,37.336,-77.976,0.12520,0.35510,0.20804,0.20991,8594,1076,9.25390,1.66166,0.05457,0.54557,928.6865,193.2039,68.6073,14.52,13480,65800,0.767,0.168,0.100,0.030
31137,Phelps,NE,C,GID,sc,40.5111,-99.4145,0.01211,0.13194,0.79962,0.10851,4293,52,3.06620,66.02973,0.05867,0.00014,1400.1401,1119.5800,147.7193,6.47,9057,66300,0.949,0.267,0.083,0.018
5101,Newton,AR,C,LZK,nc,35.92,-93.2179,0.18332,0.49044,0.10297,0.20998,6535,1198,3.06497,0.56170,0.02994,0.85797,2132.1596,219.5485,107.6761,3.32,7071,48000,0.865,0.143,0.188,0.034
22067,Morehouse,LA,C,JAN,ne,32.8205,-91.8017,0.41673,0.08694,0.53636,0.26885,1740,725,0.83412,1.28707,0.05206,0.14086,2085.6922,1118.6819,97.2550,11.49,23955,39500,0.712,0.127,0.313,0.059
5147,Woodruff,AR,C,LZK,ee,35.1863,-91.2432,0.16379,0.17573,0.72664,0.27552,2357,386,1.53088,4.43641,0.03444,0.00706,1539.4067,1118.5945,196.5756,3.87,5964,41200,0.743,0.159,0.244,0.036
31151,Saline,NE,C,OAX,se,40.524,-97.1408,0.05039,0.18441,0.74806,0.19085,2838,143,1.90236,14.84541,0.06299,0.03961,1491.7831,1115.9433,205.7862,9.76,14555,72900,1.045,0.201,0.105,0.024
19013,Black Hawk,IA,C,DMX,ne,42.4701,-92.3085,0.11182,0.35926,0.75214,0.31147,28270,3161,19.08519,6.72635,0.16310,0.01224,1481.2365,1114.0972,400.2528,88.08,130471,62000,0.890,0.301,0.142,0.032
22047,Iberville,LA,C,LIX,se,30.2585,-91.3494,0.09754,0.48359,0.19852,0.21078,16081,1569,9.51041,2.03527,0.06404,0.00158,1690.9021,335.6779,162.3302,17.52,29617,53200,0.959,0.166,0.202,0.042
36093,Schenectady,NY,E,ALY,ec,42.8182,-74.0585,0.06668,0.77970,0.18026,0.21083,23996,1600,44.20395,2.70336,0.28990,0.43587,542.8506,97.8542,76.2970,294.56,159902,74200,0.934,0.351,0.140,0.035
20119,Meade,KS,C,DDC,sw,37.2383,-100.3662,0.03633,0.17273,0.43733,0.14001,4266,155,1.68156,12.03771,0.03306,0.00005,2537.2220,1109.6033,191.6589,1.54,3911,68000,0.989,0.228,0.096,0.021
31021,Burt,NE,C,OAX,ec,41.8515,-96.3287,0.22840,0.19612,0.86154,0.33793,4807,1098,3.73443,3.77207,0.05226,0.02218,1287.3326,1109.0885,217.5098,5.23,6727,58100,0.832,0.257,0.103,0.025
31029,Chase,NE,M,LBF,sw,40.5242,-101.6979,0.00454,0.03022,0.47704,0.04030,881,4,0.37895,105.07489,0.03110,0.00002,2324.8641,1109.0532,33.5196,1.60,3724,65000,0.931,0.241,0.098,0.017
19121,Madison,IA,C,DMX,sc,41.3307,-94.0155,0.14199,0.32826,0.76069,0.32852,7572,1075,5.19897,5.35735,0.05968,0.15168,1456.4037,1107.8717,363.6648,11.65,16971,80900,1.160,0.255,0.070,0.035
22009,Avoyelles,LA,C,LCH,cc,31.0762,-92.0013,0.23542,0.12862,0.49179,0.24603,1716,404,0.76545,2.08899,0.05594,0.02649,2241.9600,1102.5735,141.8180,17.13,38408,41600,0.750,0.109,0.270,0.042
29097,Jasper,MO,C,SGF,sw,37.2035,-94.3406,0.02773,0.33529,0.66344,0.18340,29061,806,17.49559,23.92499,0.14660,0.15966,1661.0573,1102.0119,369.4882,75.29,125056,53500,0.827,0.251,0.155,0.030
20047,Edwards,KS,C,DDC,sc,37.8876,-99.312,0.03299,0.07587,0.68381,0.11962,424,14,0.26337,20.72780,0.04666,0.00040,1611.1557,1101.7244,83.5859,1.70,2733,55800,0.810,0.207,0.120,0.023
20077,Harper,KS,C,ICT,sc,37.1916,-98.0755,0.01747,0.12757,0.52953,0.10568,2290,40,1.10116,30.31082,0.05247,0.01234,2079.6304,1101.2267,140.4807,2.61,5435,52900,0.768,0.217,0.141,0.023
17125,Mason,IL,C,ILX,cc,40.2397,-89.9168,0.03416,0.35995,0.75291,0.20998,22715,776,15.56787,22.04069,0.05511,0.07550,1459.1207,1098.5866,395.4394,8.58,12523,60800,0.792,0.171,0.149,0.052
19089,Howard,IA,C,ARX,ne,43.3568,-92.3172,0.13635,0.20130,0.89457,0.29065,1437,196,1.17148,6.56084,0.06052,0.03455,1227.0490,1097.6812,220.9672,7.64,9376,67000,0.961,0.187,0.099,0.032
20001,Allen,KS,C,ICT,se,37.8858,-95.3014,0.51684,0.26790,0.83813,0.48777,4305,2225,3.29010,1.62164,0.06495,0.07770,1308.4819,1096.6779,293.8026,9.49,12412,51000,0.741,0.213,0.160,0.028
55005,Barron,WI,C,MPX,nw,45.4238,-91.8484,0.09935,0.40511,0.47529,0.26744,12803,1272,5.55413,4.78400,0.08687,0.31006,2305.1245,1095.6026,443.8383,20.32,46833,62300,0.877,0.223,0.100,0.036
22041,Franklin,LA,C,JAN,ne,32.1333,-91.6738,0.61903,0.12150,0.66491,0.36843,2774,1717,1.68516,1.07412,0.05977,0.02853,1645.9541,1094.4113,132.9714,11.72,19285,38600,0.696,0.162,0.239,0.052
36091,Saratoga,NY,E,ALY,ec,43.1074,-73.8639,0.09073,0.87957,0.11974,0.21220,143673,13035,65.75599,1.31974,0.16683,0.50903,2184.9451,261.6253,230.1184,109.25,238711,93300,1.175,0.438,0.072,0.029
28083,Leflore,MS,C,JAN,nc,33.5505,-90.301,0.21810,0.12931,0.69470,0.26958,917,200,0.58381,3.18524,0.05617,0.00154,1570.7128,1091.1742,141.0950,16.79,26378,35500,0.673,0.200,0.288,0.049
13063,Clayton,GA,E,FFC,nc,33.5419,-84.3577,0.36346,0.79092,0.03327,0.21227,17666,6421,47.28274,0.09154,0.73153,0.16274,373.6271,12.4306,9.8316,798.39,298300,57600,0.792,0.213,0.173,0.041
19071,Fremont,IA,C,OAX,sw,40.7456,-95.6047,0.28376,0.14087,0.81448,0.31932,3154,895,2.35674,2.87031,0.05991,0.06487,1338.3303,1090.0433,153.5573,4.83,6458,69000,0.990,0.211,0.098,0.023
17203,Woodford,IL,C,ILX,cc,40.7882,-89.2111,0.39452,0.31309,0.77519,0.45749,19494,7691,13.86964,1.96489,0.08634,0.09781,1405.5479,1089.5667,341.1284,27.24,38285,85900,1.119,0.361,0.069,0.040
20139,Osage,KS,C,TOP,ec,38.6524,-95.7269,0.16666,0.27250,0.58425,0.29826,12564,2094,6.74469,3.50564,0.06092,0.12380,1862.8298,1088.3583,296.5815,8.49,15824,63000,0.915,0.210,0.108,0.026
39063,Hancock,OH,E,CLE,nw,41.0019,-83.6665,0.22638,0.41977,0.78751,0.42141,18323,4148,13.25831,3.47871,0.13842,0.06001,1382.0181,1088.3531,456.8537,54.05,74704,72700,1.104,0.297,0.106,0.029
31099,Kearney,NE,C,GID,sc,40.5067,-98.948,0.05282,0.21301,0.81355,0.20918,3162,167,2.36512,15.40231,0.05688,0.00040,1336.8183,1087.5685,231.6636,5.06,6770,74700,1.070,0.329,0.079,0.017
28163,Yazoo,MS,C,JAN,cc,32.7804,-90.3965,0.78523,0.15930,0.44930,0.38305,3204,2516,1.32441,0.57219,0.04818,0.28701,2419.4621,1087.0643,173.1746,10.66,25796,39600,0.751,0.133,0.309,0.034
5117,Prairie,AR,C,LZK,cc,34.8297,-91.5528,0.15536,0.21793,0.61943,0.27577,4570,710,2.61101,3.98706,0.04033,0.07348,1750.2354,1084.1483,236.2655,4.59,8036,51000,0.919,0.167,0.154,0.031
45085,Sumter,SC,E,CAE,cc,33.9162,-80.3823,0.18441,0.21943,0.23781,0.21270,4561,841,2.58187,1.28957,0.13632,0.16186,1766.3730,420.0612,92.1728,58.97,104165,56900,0.886,0.232,0.175,0.038
31169,Thayer,NE,C,GID,sc,40.1763,-97.5947,0.01563,0.12412,0.72691,0.11214,896,14,0.60112,46.50736,0.05640,0.02375,1489.8121,1082.9593,134.4216,3.24,4829,61100,0.875,0.230,0.093,0.018
37017,Bladen,NC,E,ILM,se,34.6143,-78.5632,0.10972,0.45921,0.19126,0.21280,8540,937,3.71702,1.74316,0.06639,0.28224,2297.4840,439.4168,201.7854,12.83,29484,46000,0.681,0.206,0.193,0.042
41039,Lane,OR,P,PQR,ww,43.9386,-122.847,0.16062,0.90762,0.06618,0.21288,369174,59297,30.87832,0.41203,0.05100,0.69928,11955.7690,791.2328,718.1400,31.88,381181,64200,0.849,0.334,0.147,0.040
34035,Somerset,NJ,E,PHI,nn,40.5637,-74.6164,0.06214,0.98941,0.15729,0.21305,148919,9254,188.48553,2.53122,0.47356,0.24515,790.0809,124.2718,122.9553,441.53,348842,135000,1.399,0.574,0.055,0.038
29061,Daviess,MO,C,EAX,nc,39.9607,-93.9855,0.68330,0.18141,0.73341,0.44965,6136,4193,4.16328,1.07334,0.05433,0.17919,1473.9428,1081.0044,196.1019,5.80,8551,53600,0.828,0.184,0.128,0.028
12093,Okeechobee,FL,E,MLB,ec,27.4283,-80.9015,0.12192,0.44748,0.53731,0.30834,15915,1940,7.91605,4.40707,0.05702,0.02995,2010.4677,1080.2444,483.3855,20.61,41427,50200,0.724,0.161,0.170,0.032
19131,Mitchell,IA,C,ARX,nc,43.3564,-92.7891,0.58514,0.18005,0.88825,0.45401,4370,2557,3.59436,1.51801,0.06545,0.02634,1215.7587,1079.8977,194.4394,8.65,10518,65100,0.934,0.227,0.092,0.023
26057,Gratiot,MI,E,GRR,cc,43.2927,-84.6048,0.19497,0.43176,0.72869,0.39438,15643,3050,10.56701,3.73745,0.09397,0.04082,1480.3666,1078.7283,465.7523,27.94,41368,58100,0.868,0.190,0.163,0.044
47161,Stewart,TN,C,OHX,mi,36.5012,-87.8385,0.22928,0.39868,0.10646,0.21350,7240,1660,5.66748,0.46432,0.05547,0.70999,1277.4635,135.9988,54.2204,11.13,14222,60200,0.924,0.162,0.129,0.036
47037,Davidson,TN,C,OHX,mi,36.1694,-86.7848,0.10164,0.92102,0.10405,0.21356,231056,23485,169.56708,1.02371,0.50194,0.34246,1362.6206,141.7807,130.5830,522.77,712334,72600,1.112,0.473,0.123,0.027
5043,Drew,AR,C,LZK,se,33.5895,-91.72,0.41259,0.11770,0.20135,0.21384,2191,904,1.01235,0.48801,0.04972,0.39503,2164.2991,435.7816,51.2927,7.83,16945,48600,0.876,0.233,0.206,0.042
46057,Hamlin,SD,C,ABR,ne,44.6737,-97.1883,0.06386,0.09528,0.77397,0.16762,1378,88,0.98904,12.11979,0.05334,0.00657,1393.2655,1078.3457,102.7451,4.63,6451,74000,1.048,0.244,0.072,0.018
21111,Jefferson,KY,E,LMK,cc,38.1872,-85.6595,0.10904,0.94879,0.09533,0.21445,193817,21134,187.74652,0.87427,0.66003,0.19431,1032.3359,98.4126,93.3727,747.96,772144,64700,1.092,0.366,0.162,0.039
29091,Howell,MO,C,SGF,sc,36.774,-91.8865,0.24651,0.16001,0.44812,0.26049,3651,900,1.51845,1.81786,0.06559,0.46512,2404.3883,1077.4545,172.4083,16.94,40735,44900,0.692,0.175,0.167,0.037
47053,Gibson,TN,C,MEG,we,35.9966,-88.9326,0.14083,0.43092,0.68830,0.34697,11856,1670,7.58313,4.88745,0.10815,0.09654,1563.4187,1076.1011,463.7139,32.65,51045,55600,0.852,0.191,0.147,0.035
51045,Craig,VA,E,RNK,sw,37.4813,-80.2123,0.11104,0.80784,0.11027,0.21466,5897,655,6.88404,0.99307,0.03802,0.84020,856.5618,94.4531,76.3034,5.65,4843,62700,0.730,0.173,0.123,0.032
27117,Pipestone,MN,C,FSD,sw,44.023,-96.2586,0.06386,0.27339,0.89062,0.24959,7564,483,6.26457,13.94645,0.06739,0.00336,1207.3614,1075.3002,293.9754,7.66,9245,65500,0.795,0.216,0.103,0.028
51049,Cumberland,VA,E,AKQ,cc,37.512,-78.245,0.09600,0.58913,0.17511,0.21475,8624,828,11.10989,1.82406,0.05263,0.59187,776.2603,135.9309,80.0807,12.73,9878,55300,0.644,0.182,0.142,0.035
31159,Seward,NE,C,OAX,se,40.8723,-97.1395,0.03391,0.23970,0.72086,0.18028,6902,234,4.62822,21.25804,0.06713,0.03435,1491.1793,1074.9315,257.6638,11.85,17671,77800,1.114,0.316,0.069,0.020
13197,Marion,GA,E,FFC,wc,32.3534,-84.5246,0.28758,0.22796,0.15114,0.21478,1342,386,1.41015,0.52556,0.05515,0.55210,951.8315,143.8598,32.7938,7.82,7440,47200,0.649,0.136,0.242,0.036
20121,Miami,KS,C,EAX,ec,38.5636,-94.8381,0.36553,0.35585,0.70146,0.45019,16559,6053,10.83324,1.91902,0.07852,0.18002,1528.5792,1072.2372,381.5522,23.11,35320,82600,1.200,0.321,0.070,0.026
48273,Kleberg,TX,C,CRP,sc,27.4338,-97.7344,0.46920,0.34776,0.46803,0.42426,62569,29357,27.38408,0.99751,0.03796,0.00532,2284.8613,1069.3836,371.8863,13.16,30069,51300,0.710,0.237,0.221,0.046
13199,Meriwether,GA,E,FFC,wc,33.0407,-84.6883,0.23909,0.23865,0.17484,0.21527,2141,512,1.63611,0.73127,0.06944,0.58754,1308.8702,228.8429,54.6141,15.99,20931,53000,0.729,0.130,0.159,0.039
17119,Madison,IL,C,LSX,sw,38.8299,-89.9051,0.03317,0.42618,0.55604,0.19883,72495,2405,37.80473,16.76334,0.24773,0.12996,1917.6133,1066.2697,454.4219,137.02,262752,67400,0.879,0.308,0.111,0.041
48391,Refugio,TX,C,CRP,sc,28.3269,-97.1655,0.23799,0.30618,0.52764,0.33751,12121,2885,6.00519,2.21707,0.02530,0.02137,2018.3929,1064.9848,326.0804,3.30,6666,50900,0.705,0.138,0.168,0.039
21143,Lyon,KY,C,PAH,ww,37.0191,-88.0832,0.11131,0.39670,0.22723,0.21569,10745,1196,16.18048,2.04142,0.07504,0.50154,664.0628,150.8950,59.8602,13.83,9187,58900,0.995,0.163,0.159,0.044
39137,Putnam,OH,E,IWX,wc,41.0221,-84.1317,0.03584,0.19833,0.84731,0.18194,4241,152,3.38139,23.64146,0.10713,0.02605,1254.1547,1062.6578,210.7570,27.27,34199,81800,1.243,0.263,0.065,0.026
27041,Douglas,MN,C,MPX,wc,45.9337,-95.4535,0.14317,0.39692,0.56959,0.31869,9667,1384,5.18445,3.97842,0.08667,0.09461,1864.5235,1062.0139,421.5386,21.43,39953,73500,0.893,0.290,0.087,0.026
20125,Montgomery,KS,C,ICT,se,37.1925,-95.7429,0.14075,0.16410,0.62918,0.24403,1897,267,1.12441,4.47020,0.08429,0.15554,1687.1033,1061.4917,174.1901,18.12,30568,55000,0.798,0.213,0.173,0.030
19181,Warren,IA,C,DMX,sc,41.3343,-93.5614,0.28061,0.26044,0.71447,0.37376,3236,908,2.17952,2.54613,0.08671,0.15158,1484.6297,1060.7234,276.2511,37.18,55205,90900,1.305,0.327,0.058,0.026
8014,Broomfield,CO,M,BOU,ne,39.954,-105.0525,0.01974,1.00000,0.13727,0.13941,45447,897,526.72609,6.95390,0.69846,0.00000,86.2829,11.8441,11.8441,890.79,76860,115000,1.288,0.586,0.051,0.030
20067,Grant,KS,C,DDC,sw,37.5622,-101.308,0.00160,0.03826,0.71157,0.03518,626,1,0.42014,444.73125,0.04821,0.00000,1489.2569,1059.7105,40.5432,4.80,7147,66000,0.959,0.256,0.112,0.027
37181,Vance,NC,E,RAH,cc,36.3648,-78.4083,0.08424,0.64622,0.18496,0.21594,6719,566,9.61455,2.19563,0.13863,0.49791,698.8148,129.2528,83.5257,60.53,42301,50000,0.740,0.185,0.232,0.054
20137,Norton,KS,C,GLD,nw,39.7844,-99.9034,0.00528,0.06307,0.46400,0.05366,1326,7,0.58100,87.87879,0.04354,0.00068,2282.6738,1059.1606,66.8052,2.33,5330,56600,0.822,0.194,0.139,0.020
47135,Perry,TN,C,OHX,mi,35.6426,-87.859,0.22485,0.45156,0.09983,0.21642,8935,2009,8.15925,0.44398,0.04617,0.79237,1095.0365,109.3175,49.3632,8.12,8891,46400,0.712,0.127,0.175,0.052
31105,Kimball,NE,M,CYS,pa,41.1977,-103.715,0.02329,0.13326,0.42870,0.10999,4466,104,1.81054,18.40704,0.02745,0.00019,2466.5098,1057.3928,140.9123,1.33,3289,55800,0.799,0.143,0.123,0.020
37077,Granville,NC,E,RAH,cc,36.304,-78.653,0.09692,0.54381,0.19289,0.21663,21998,2132,15.82772,1.99020,0.10014,0.58782,1389.8191,268.0822,145.7861,44.75,62192,74100,1.098,0.240,0.114,0.030
13011,Banks,GA,E,FFC,ne,34.3541,-83.4974,0.19933,0.20811,0.24542,0.21673,1520,303,2.50930,1.23122,0.10195,0.57652,605.7958,148.6744,30.9408,32.67,19789,66900,0.920,0.173,0.122,0.022
48175,Goliad,TX,C,CRP,sc,28.6571,-97.4264,0.05398,0.27707,0.47428,0.19214,8577,463,3.85402,8.78622,0.03295,0.09784,2225.5661,1055.5415,292.4544,3.21,7144,62800,0.869,0.190,0.138,0.037
28135,Tallahatchie,MS,C,MEG,nw,33.9505,-90.1732,0.37147,0.07920,0.62425,0.26383,966,359,0.57220,1.68049,0.04341,0.16930,1688.9776,1054.3443,83.5015,7.01,11837,39000,0.739,0.119,0.312,0.033
47151,Scott,TN,E,MRX,ea,36.4286,-84.5035,0.52880,0.37607,0.05154,0.21722,10458,5530,7.57171,0.09747,0.05911,0.85990,1381.1519,71.1846,26.7707,16.05,22171,44600,0.684,0.102,0.210,0.048
48311,McMullen,TX,C,CRP,sc,28.3491,-98.5674,0.70992,0.25551,0.05670,0.21747,19064,13534,6.44212,0.07987,0.01675,0.00059,2959.2846,167.7914,42.8731,0.19,568,67500,0.934,0.150,0.124,0.017
29027,Callaway,MO,C,LSX,cc,38.8355,-91.926,0.28090,0.32763,0.47998,0.35350,11271,3166,5.13686,1.70872,0.07174,0.41597,2194.1411,1053.1438,345.0388,20.39,44731,72400,1.118,0.254,0.130,0.028
38087,Slope,ND,M,BIS,sw,46.4472,-103.4599,0.00072,0.13512,0.33347,0.03189,5524,4,1.74937,463.15278,0.02493,0.01316,3157.6696,1052.9881,142.2746,0.21,674,69200,0.946,0.228,0.143,0.024
23001,Androscoggin,ME,E,GYX,sw,44.1654,-70.2045,0.10859,0.85510,0.11161,0.21802,48348,5250,37.96750,1.02781,0.13931,0.54945,1273.4009,142.1243,121.5307,89.34,113765,62800,0.904,0.234,0.130,0.030
38047,Logan,ND,C,BIS,se,46.4574,-99.4775,0.06407,0.09616,0.40025,0.13510,1623,104,0.61995,6.24707,0.03035,0.00029,2618.4639,1048.0402,100.7809,0.71,1869,60700,0.829,0.262,0.141,0.023
27085,McLeod,MN,C,MPX,cc,44.8235,-94.2724,0.12856,0.41989,0.79885,0.35067,7833,1007,5.98165,6.21383,0.08940,0.02381,1309.5183,1046.1087,439.2523,28.09,36785,80900,0.982,0.196,0.079,0.032
22099,St. Martin,LA,C,LCH,sc,30.1291,-91.6083,0.13308,0.39310,0.19913,0.21840,17215,2291,8.14273,1.49632,0.05972,0.00120,2114.1901,420.9987,165.4940,24.15,51057,54300,0.978,0.153,0.181,0.036
47027,Clay,TN,C,OHX,mi,36.5511,-85.5438,0.17071,0.28400,0.21491,0.21841,2267,387,3.37631,1.25892,0.06429,0.62459,671.4431,144.2998,40.9809,11.49,7714,43400,0.666,0.120,0.212,0.044
39129,Pickaway,OH,E,ILN,cc,39.642,-83.0243,0.25555,0.41068,0.79585,0.43712,14529,3713,11.06987,3.11426,0.10881,0.08178,1312.5038,1044.5561,428.9757,46.54,61086,75900,1.154,0.213,0.116,0.033
5019,Clark,AR,C,LZK,sw,34.051,-93.1764,0.38377,0.22127,0.12293,0.21855,3278,1258,1.43413,0.32032,0.05214,0.56346,2285.6930,280.9802,62.1718,9.31,21274,50500,0.910,0.255,0.189,0.047
13217,Newton,GA,E,FFC,nc,33.5551,-83.8503,0.08767,0.58736,0.20306,0.21867,10687,937,14.76951,2.31619,0.23381,0.46738,723.6080,146.9358,86.3043,166.02,120135,72100,0.992,0.236,0.118,0.038
27011,Big Stone,MN,C,ABR,wc,45.4261,-96.411,0.05656,0.25935,0.76362,0.22375,5870,332,4.29345,13.50106,0.05118,0.00785,1367.2587,1044.0661,270.7775,3.73,5105,57800,0.702,0.213,0.118,0.034
20107,Linn,KS,C,EAX,ec,38.2122,-94.8429,0.30527,0.16037,0.66463,0.31925,7882,2406,5.01908,2.17719,0.05930,0.21464,1570.3114,1043.6761,167.3776,6.28,9860,59700,0.867,0.225,0.110,0.039
20083,Hodgeman,KS,C,DDC,sw,38.0875,-99.8979,0.00213,0.06532,0.46834,0.04024,1411,3,0.63342,219.87793,0.03617,0.00013,2228.1541,1043.5337,68.1643,0.74,1655,67500,0.980,0.284,0.104,0.022
48021,Bastrop,TX,C,EWX,sc,30.1036,-97.3121,0.21697,0.67227,0.44960,0.40326,53802,11673,23.18521,2.07218,0.10197,0.29383,2320.5450,1043.3170,701.3885,47.74,110778,73400,1.016,0.233,0.113,0.034
29177,Ray,MO,C,EAX,wc,39.3524,-93.9899,0.17526,0.20555,0.70146,0.29345,2716,476,1.82851,4.00240,0.06703,0.19849,1485.3605,1041.9210,214.1697,15.61,23182,70500,1.088,0.150,0.099,0.033
1117,Shelby,AL,C,BMX,cc,33.2643,-86.6607,0.20117,0.43185,0.12158,0.21941,40453,8138,19.29424,0.60436,0.19296,0.55175,2096.6112,254.9060,110.0813,111.13,233000,98300,1.646,0.462,0.084,0.018
46135,Yankton,SD,C,FSD,se,43.009,-97.3947,0.00746,0.14327,0.75536,0.09311,8708,65,6.31315,101.25469,0.07111,0.02865,1379.3581,1041.9119,149.2699,17.05,23517,63000,0.892,0.277,0.114,0.018
46069,Hyde,SD,C,ABR,cc,44.5474,-99.4871,0.00243,0.03669,0.46412,0.03459,411,1,0.18312,190.99588,0.02455,0.00068,2244.3778,1041.6606,38.2185,0.53,1186,64400,0.912,0.211,0.112,0.018
18083,Knox,IN,E,IND,sw,38.6891,-87.418,0.11004,0.32201,0.76643,0.30058,5728,630,4.22058,6.96501,0.10333,0.06971,1357.1428,1040.1550,334.9437,26.58,36070,58200,0.872,0.178,0.157,0.030
36083,Rensselaer,NY,E,ALY,ec,42.7111,-73.5097,0.06431,0.92081,0.17906,0.21969,83922,5397,48.69316,2.78433,0.13339,0.59724,1723.4944,308.6089,284.1692,92.43,159305,80000,1.007,0.373,0.124,0.033
19009,Audubon,IA,C,DMX,wc,41.6846,-94.9058,0.64182,0.04942,0.90326,0.30600,142,91,0.12342,1.40734,0.05825,0.01315,1148.7793,1037.6464,51.2842,4.82,5534,60500,0.868,0.206,0.102,0.022
26129,Ogemaw,MI,E,APX,nn,44.3349,-84.1266,0.12044,0.51638,0.17074,0.21980,15394,1854,10.34350,1.41764,0.07207,0.46273,1488.2760,254.1082,131.2158,14.10,20990,53500,0.799,0.159,0.157,0.066
17197,Will,IL,C,LOT,ne,41.445,-87.9787,0.15752,0.84027,0.47169,0.39671,132488,20870,60.23180,2.99448,0.38265,0.05363,2199.6281,1037.5426,871.8137,318.57,700728,97100,1.265,0.365,0.072,0.042
6107,Tulare,CA,P,HNX,cc,36.2201,-118.8005,0.14294,0.29852,0.24924,0.21991,74800,10692,5.96831,1.74367,0.04754,0.20609,12532.9268,3123.7067,932.4884,38.26,479468,64300,0.703,0.158,0.175,0.100
54083,Randolph,WV,E,RLX,ne,38.7748,-79.8758,0.30838,0.67238,0.05135,0.22000,14524,4479,5.39319,0.16652,0.03327,0.89195,2693.0664,138.2890,92.9824,10.16,27350,49400,0.912,0.190,0.189,0.048
29163,Pike,MO,C,LSX,ne,39.3438,-91.1714,0.21974,0.13844,0.58456,0.26102,7964,1750,4.49032,2.66023,0.05780,0.28979,1773.5924,1036.7712,143.5300,10.11,17935,59100,0.912,0.166,0.146,0.032
48013,Atascosa,TX,C,EWX,sc,28.8907,-98.5279,0.06437,0.37017,0.32393,0.19763,6043,389,1.88818,5.03231,0.05413,0.00817,3200.3890,1036.7020,383.7563,16.18,51784,59800,0.828,0.153,0.184,0.038
17061,Greene,IL,C,LSX,sw,39.3562,-90.3905,0.16554,0.16202,0.73214,0.26979,1189,197,0.83975,4.42274,0.05475,0.17864,1415.3309,1036.2204,167.8883,8.16,11543,58200,0.758,0.163,0.138,0.044
48309,McLennan,TX,C,FWD,cc,31.5524,-97.2018,0.02376,0.53044,0.37722,0.16815,55433,1317,20.18791,15.87626,0.16480,0.05982,2745.8647,1035.7951,549.4246,97.81,268583,63200,0.874,0.278,0.167,0.037
51009,Amherst,VA,E,RNK,cc,37.6048,-79.1451,0.11805,0.64756,0.13973,0.22023,27581,3256,22.23641,1.18365,0.07288,0.74425,1240.3546,173.3147,112.2323,25.31,31396,61300,0.714,0.230,0.125,0.032
9003,Hartford,CT,E,BOX,nn,41.8064,-72.7328,0.15627,0.96730,0.07072,0.22029,240110,37522,123.51314,0.45255,0.45075,0.36282,1944.0061,137.4801,132.9849,0.00,,,0.000,0.000,0.000,0.038
18107,Montgomery,IN,E,IND,wc,40.0404,-86.8933,0.53518,0.33057,0.79109,0.51919,9419,5041,7.19732,1.47818,0.09400,0.10557,1308.7050,1035.3034,342.2359,29.47,38573,66300,0.993,0.195,0.109,0.028
47081,Hickman,TN,C,OHX,mi,35.8033,-87.4733,0.20545,0.29369,0.17806,0.22066,2135,439,1.34498,0.86668,0.05653,0.74290,1587.0956,282.5982,82.9952,16.27,25826,56900,0.873,0.136,0.159,0.028
13115,Floyd,GA,E,FFC,nw,34.2632,-85.2143,0.09499,0.56562,0.20035,0.22080,14969,1422,11.14927,2.10917,0.14209,0.57053,1342.6313,268.9962,152.1491,74.56,100113,56700,0.779,0.249,0.170,0.032
39097,Madison,OH,E,ILN,cc,39.8941,-83.3999,0.16389,0.45948,0.85519,0.40083,25450,4171,21.07797,5.21807,0.08966,0.04980,1207.4390,1032.5898,474.4549,36.94,44602,78500,1.194,0.224,0.093,0.030
19093,Ida,IA,C,FSD,wc,42.3869,-95.5136,0.08763,0.09335,0.91900,0.19589,582,51,0.51996,10.48728,0.05982,0.00467,1119.3229,1028.6577,96.0203,6.10,6833,67700,0.971,0.207,0.094,0.021
46127,Union,SD,C,FSD,se,42.8324,-96.6561,0.01943,0.24999,0.84776,0.16028,4838,94,3.99854,43.63150,0.07117,0.01670,1210.0103,1025.7983,256.4440,14.20,17183,85700,1.214,0.365,0.057,0.021
5055,Greene,AR,C,MEG,ee,36.1177,-90.5591,0.06278,0.19432,0.68286,0.20272,4851,305,3.23118,10.87703,0.07449,0.17128,1501.1559,1025.0793,199.1962,31.14,46743,54500,0.981,0.165,0.162,0.033
47087,Jackson,TN,C,OHX,mi,36.3592,-85.6732,0.17507,0.39697,0.15767,0.22211,2936,514,3.54721,0.90061,0.06495,0.74013,827.6937,130.5025,51.8058,14.94,12363,43300,0.664,0.135,0.200,0.041
19091,Humboldt,IA,C,DMX,nc,42.7764,-94.2073,0.01754,0.03978,0.90775,0.08588,114,2,0.10102,51.75314,0.06044,0.00376,1128.5066,1024.4019,40.7476,8.42,9500,71500,1.026,0.193,0.096,0.027
21047,Christian,KY,C,PAH,sc,36.8941,-87.4904,0.24962,0.31893,0.54574,0.35155,2416,603,1.28821,2.18628,0.10589,0.32794,1875.2031,1023.3733,326.3881,38.41,72032,56600,0.956,0.200,0.178,0.051
25003,Berkshire,MA,E,ALY,ww,42.3706,-73.2064,0.16142,0.99021,0.06877,0.22235,238319,38469,97.24748,0.42603,0.09868,0.70841,2450.6491,168.5311,166.8814,51.75,126818,71100,0.752,0.383,0.125,0.036
13109,Evans,GA,E,CHS,se,32.1568,-81.8868,0.17504,0.29108,0.21586,0.22239,1811,317,3.74115,1.23320,0.08862,0.28308,484.0761,104.4927,30.4160,22.22,10754,45200,0.621,0.151,0.237,0.029
42111,Somerset,PA,E,CTP,sc,39.9725,-79.0283,0.07371,0.63894,0.23387,0.22250,30049,2215,10.73009,3.17284,0.08556,0.62746,2800.4547,654.9423,418.4714,25.78,72197,50500,0.704,0.173,0.120,0.040
1015,Calhoun,AL,C,BMX,ec,33.7714,-85.8261,0.09112,0.65046,0.18589,0.22252,20348,1854,12.82929,2.04006,0.17687,0.55826,1586.0476,294.8304,191.7755,73.41,116429,52800,0.884,0.205,0.201,0.028
20195,Trego,KS,C,DDC,wc,38.9143,-99.8729,0.00525,0.11744,0.43911,0.06469,3617,19,1.55335,83.64000,0.03993,0.00007,2328.4712,1022.4550,120.0741,1.17,2731,54600,0.794,0.287,0.107,0.030
29117,Livingston,MO,C,EAX,nc,39.7821,-93.5483,0.14273,0.22106,0.73243,0.28484,5668,809,4.06435,5.13158,0.05479,0.13611,1394.5547,1021.4137,225.7910,10.44,14557,56700,0.875,0.183,0.139,0.024
17029,Coles,IL,C,ILX,ec,39.5202,-88.2218,0.04951,0.49436,0.77288,0.26645,49180,2435,37.22839,15.61058,0.10192,0.11313,1321.0448,1021.0091,504.7488,34.87,46060,57700,0.752,0.271,0.173,0.044
28027,Coahoma,MS,C,MEG,nw,34.2292,-90.6027,0.11591,0.09683,0.67586,0.19649,1596,185,1.05701,5.83090,0.05976,0.00147,1509.9249,1020.4978,98.8176,13.30,20077,36100,0.683,0.190,0.308,0.049
29167,Polk,MO,C,SGF,sw,37.6165,-93.4005,0.14850,0.32639,0.61294,0.30971,8384,1245,5.03813,4.12754,0.06502,0.30870,1664.0450,1019.9597,332.9045,19.70,32780,53700,0.829,0.210,0.146,0.031
8087,Morgan,CO,M,BOU,ne,40.2627,-103.8098,0.03552,0.27972,0.30423,0.14459,16806,597,5.01521,8.56503,0.03957,0.00000,3351.0540,1019.4912,285.1689,8.81,29524,65600,0.736,0.176,0.125,0.030
36025,Delaware,NY,E,BGM,cc,42.1982,-74.9664,0.11026,0.63412,0.15971,0.22352,40407,4455,10.62710,1.44849,0.05990,0.74857,3802.2557,607.2583,385.0750,11.68,44410,61400,0.773,0.267,0.163,0.040
40013,Bryan,OK,C,OUN,se,33.9623,-96.26,0.16179,0.18794,0.41631,0.23306,3257,527,1.33346,2.57315,0.06301,0.25087,2442.7687,1016.9490,191.1296,20.05,48967,53800,0.902,0.244,0.181,0.029
12027,DeSoto,FL,E,TBW,sc,27.1863,-81.8093,0.15484,0.44061,0.61379,0.34726,8414,1303,5.07998,3.96403,0.05653,0.01336,1656.3626,1016.6588,447.9471,21.72,35979,47100,0.680,0.110,0.188,0.036
17147,Piatt,IL,C,ILX,cc,40.0104,-88.5911,0.05905,0.40998,0.89114,0.27838,15512,916,13.60217,15.09128,0.07711,0.01903,1140.3889,1016.2462,416.6381,14.66,16714,85400,1.113,0.319,0.068,0.038
12101,Pasco,FL,E,TBW,wc,28.3093,-82.3911,0.06037,0.84723,0.21950,0.22392,128566,7762,64.97321,3.63591,0.33076,0.12049,1978.7566,434.3371,367.9837,319.90,632996,65900,0.952,0.280,0.105,0.033
55111,Sauk,WI,C,MKX,sc,43.4268,-89.9484,0.19483,0.77875,0.46204,0.41233,118573,23102,53.95907,2.37150,0.09477,0.35876,2197.4572,1015.3131,790.6789,30.00,65920,70500,0.992,0.265,0.094,0.026
29053,Cooper,MO,C,EAX,cc,38.8439,-92.8103,0.16536,0.24064,0.68682,0.30122,3435,568,2.32609,4.15348,0.05726,0.22653,1476.7279,1014.2463,244.0640,11.48,16947,63200,0.976,0.240,0.102,0.030
16051,Jefferson,ID,M,PIH,se,43.8201,-112.3113,0.05828,0.32025,0.35407,0.18766,45316,2641,15.82482,6.07533,0.04886,0.00113,2863.5989,1013.9145,324.7108,11.94,34198,76500,1.053,0.272,0.078,0.026
27171,Wright,MN,C,MPX,cc,45.1739,-93.963,0.07910,0.59112,0.54776,0.29477,26132,2067,14.12211,6.92491,0.15182,0.09242,1850.4111,1013.5812,599.1445,81.68,151150,95300,1.157,0.340,0.054,0.029
39065,Hardin,OH,E,ILN,wc,40.6615,-83.6594,0.30932,0.36060,0.83132,0.45262,11697,3618,9.59721,2.68757,0.08981,0.06706,1218.7679,1013.1861,365.3559,24.92,30368,58800,0.894,0.189,0.148,0.038
46065,Hughes,SD,C,ABR,cc,44.389,-99.9961,0.00664,0.08835,0.48716,0.06587,9946,66,4.79882,73.36747,0.03927,0.00175,2072.6934,1009.7333,89.2147,8.50,17624,79300,1.123,0.359,0.086,0.016
48065,Carson,TX,C,AMA,pa,35.4035,-101.3542,0.04637,0.19725,0.42083,0.15672,2998,139,1.25244,9.07548,0.04483,0.00000,2393.4616,1007.2404,198.6779,2.46,5878,71900,0.995,0.259,0.091,0.030
20141,Osborne,KS,C,GID,nc,39.3504,-98.7679,0.11474,0.12628,0.43485,0.18470,1099,126,0.47454,3.78987,0.03965,0.01523,2316.1640,1007.1839,127.1891,1.48,3427,54000,0.784,0.230,0.121,0.022
31065,Furnas,NE,C,GID,sc,40.1765,-99.9123,0.06463,0.09582,0.53922,0.14947,944,61,0.50574,8.34318,0.04707,0.00091,1866.2374,1006.3125,96.4255,2.44,4556,54200,0.776,0.223,0.120,0.019
27115,Pine,MN,C,DLH,ec,46.1208,-92.7414,0.13171,0.48125,0.18294,0.22634,22580,2974,6.07716,1.38896,0.04337,0.37110,3715.5672,679.7259,327.1194,8.13,30197,65100,0.791,0.163,0.113,0.049
48001,Anderson,TX,C,FWD,cc,31.8134,-95.6525,0.26767,0.38430,0.36025,0.33339,7681,2056,2.75158,1.34587,0.05836,0.30479,2791.5192,1005.6448,386.4689,20.68,57736,60800,0.841,0.145,0.214,0.035
28001,Adams,MS,C,JAN,sw,31.4832,-91.3531,0.33401,0.23982,0.14502,0.22648,7871,2629,6.24921,0.43418,0.07011,0.47929,1259.5200,182.6556,43.8041,22.82,28746,39500,0.749,0.193,0.252,0.044
13151,Henry,GA,E,FFC,nc,33.4534,-84.1554,0.13364,0.57451,0.15140,0.22653,18707,2500,22.26169,1.13289,0.39507,0.36870,840.3393,127.2274,73.0930,302.99,254613,82400,1.132,0.280,0.103,0.035
13035,Butts,GA,E,FFC,cc,33.2891,-83.9572,0.13531,0.48561,0.17773,0.22688,5905,799,11.99753,1.31350,0.11696,0.55170,492.1848,87.4760,42.4789,54.63,26887,62200,0.856,0.139,0.155,0.029
13077,Coweta,GA,E,FFC,wc,33.3535,-84.7633,0.10325,0.71541,0.15831,0.22698,16446,1698,14.23338,1.53327,0.21218,0.51630,1155.4546,182.9200,130.8631,134.92,155892,87600,1.205,0.347,0.099,0.029
5075,Lawrence,AR,C,LZK,ee,36.0413,-91.1071,0.14790,0.29426,0.65536,0.30553,1440,213,0.93876,4.43110,0.05206,0.21673,1534.1278,1005.4060,295.8459,10.64,16318,47300,0.852,0.140,0.183,0.034
27165,Watonwan,MN,C,MPX,sc,43.9783,-94.6141,0.34763,0.27998,0.88086,0.44095,4133,1437,3.62788,2.53390,0.06388,0.01191,1139.2641,1003.5322,280.9710,9.72,11077,61300,0.744,0.182,0.100,0.029
42057,Fulton,PA,E,CTP,sc,39.9255,-78.1124,0.06696,0.77128,0.22963,0.22804,33783,2262,29.77387,3.42936,0.06651,0.68905,1134.6404,260.5475,200.9539,12.75,14468,64400,0.897,0.171,0.127,0.031
21063,Elliott,KY,E,JKL,ec,38.1179,-83.0976,0.25845,0.38059,0.12087,0.22824,217,56,0.35563,0.46767,0.06098,0.80648,609.2718,73.6427,28.0279,11.89,7245,40300,0.680,0.062,0.258,0.082
17085,Jo Daviess,IL,C,DVN,nw,42.3657,-90.2123,0.29488,0.42250,0.62513,0.42705,8868,2615,5.53386,2.11995,0.07171,0.23951,1602.4978,1001.7694,423.2460,13.58,21756,67200,0.876,0.288,0.086,0.041
31179,Wayne,NE,C,OAX,ne,42.2092,-97.1193,0.05069,0.16378,0.87226,0.19347,2229,113,1.94122,17.20773,0.06151,0.00494,1148.4507,1001.7476,164.0621,8.60,9874,65700,0.940,0.294,0.124,0.020
36009,Cattaraugus,NY,E,BUF,ww,42.2486,-78.6789,0.08793,0.66421,0.20474,0.22867,37018,3255,10.80933,2.32844,0.07375,0.67351,3424.6763,701.1682,465.7205,22.08,75600,52400,0.659,0.207,0.186,0.043
46043,Douglas,SD,C,FSD,sc,43.3871,-98.3662,0.02576,0.16804,0.89067,0.15681,4193,108,3.72901,34.57570,0.05218,0.00272,1124.4573,1001.5204,168.3004,2.52,2838,73900,1.047,0.229,0.087,0.019
47019,Carter,TN,E,MRX,ea,36.2927,-82.1274,0.12658,0.91311,0.10385,0.22896,22571,2857,25.06321,0.82043,0.11151,0.75858,900.5642,93.5236,85.3975,63.32,57022,48900,0.750,0.207,0.169,0.037
20029,Cloud,KS,C,TOP,nc,39.4804,-97.6495,0.00235,0.12364,0.53503,0.05377,8526,20,4.58173,227.67234,0.05200,0.03729,1860.8708,995.6217,123.1003,4.76,8854,52500,0.763,0.224,0.121,0.028
20205,Wilson,KS,C,ICT,se,37.5593,-95.7434,0.06447,0.14814,0.66820,0.18549,1551,100,1.04158,10.36451,0.05631,0.13910,1489.0817,995.0044,147.3970,5.63,8382,52100,0.756,0.213,0.143,0.031
29023,Butler,MO,C,PAH,se,36.7164,-90.4065,0.52774,0.25948,0.54933,0.42214,4557,2405,2.51704,1.04091,0.08347,0.28973,1810.5150,994.5702,258.0752,23.17,41948,44900,0.692,0.152,0.186,0.044
13233,Polk,GA,E,FFC,nw,34.0018,-85.1881,0.12689,0.41937,0.22778,0.22971,1483,188,1.83364,1.79510,0.12661,0.56605,808.5189,184.1644,77.2326,54.70,44223,54900,0.755,0.145,0.173,0.033
13045,Carroll,GA,E,FFC,nw,33.5828,-85.0797,0.10300,0.49027,0.24028,0.22979,11815,1217,9.05362,2.33282,0.17439,0.49626,1305.0024,313.5660,153.7335,97.39,127098,69900,0.961,0.224,0.143,0.033
20065,Graham,KS,C,GLD,nw,39.3497,-99.8833,0.01569,0.03404,0.42684,0.06109,1020,16,0.43819,27.20459,0.03958,0.00050,2327.5963,993.5112,33.8147,1.02,2376,53200,0.773,0.274,0.127,0.026
42107,Schuylkill,PA,E,CTP,cc,40.7059,-76.216,0.10424,0.70935,0.16437,0.22992,63488,6618,31.32463,1.57684,0.12588,0.64010,2026.7792,333.1417,236.3126,70.94,143786,63700,0.887,0.191,0.142,0.040
22065,Madison,LA,C,JAN,ne,32.3643,-91.2427,0.03984,0.16184,0.58947,0.15606,2560,102,1.51961,14.79593,0.03587,0.00466,1684.7973,993.1375,160.7338,5.49,9246,33400,0.602,0.128,0.341,0.055
37155,Robeson,NC,E,ILM,se,34.6401,-79.1035,0.11860,0.40440,0.40224,0.26820,13297,1577,5.39798,3.39157,0.11994,0.09326,2463.2750,990.8277,400.6892,47.65,117365,39900,0.591,0.146,0.277,0.050
18091,La Porte,IN,C,IWX,nw,41.546,-86.74,0.03188,0.47485,0.63341,0.21245,35067,1118,22.43028,19.86857,0.15099,0.10871,1563.3724,990.2557,470.2268,71.45,111706,66300,0.994,0.217,0.143,0.040
27039,Dodge,MN,C,ARX,se,44.0225,-92.862,0.25321,0.44371,0.86903,0.46047,3559,901,3.12601,3.43205,0.07766,0.03895,1138.6007,989.4782,439.0425,18.52,21088,89000,1.081,0.297,0.074,0.028
40023,Choctaw,OK,C,TSA,se,34.0265,-95.5521,0.25416,0.20494,0.47693,0.29178,4017,1021,1.93691,1.87650,0.04225,0.30201,2074.0390,989.1714,202.7204,6.88,14276,42000,0.704,0.152,0.235,0.039
19125,Marion,IA,C,DMX,sc,41.3344,-93.0995,0.18238,0.21952,0.66868,0.29915,8104,1478,5.48309,3.66641,0.08100,0.15445,1477.9981,988.3078,216.9552,22.85,33770,73500,1.054,0.331,0.080,0.022
48217,Hill,TX,C,FWD,cc,31.9907,-97.1324,0.02788,0.27543,0.38631,0.14369,12556,350,4.91793,13.85617,0.08402,0.07961,2553.0250,986.2591,271.6453,14.92,38101,57600,0.796,0.185,0.142,0.040
17079,Jasper,IL,C,ILX,se,39.01,-88.1538,0.59061,0.18249,0.76447,0.43514,5943,3510,4.60767,1.29437,0.06850,0.14385,1289.8071,986.0188,179.9365,7.09,9144,66300,0.864,0.206,0.094,0.040
29103,Knox,MO,C,LSX,ne,40.1282,-92.1481,0.44827,0.05694,0.75030,0.26755,301,135,0.22945,1.67377,0.04588,0.15171,1312.5088,984.7754,56.0744,2.84,3723,49600,0.765,0.169,0.166,0.032
46035,Davison,SD,C,FSD,se,43.675,-98.1461,0.15002,0.13572,0.86936,0.26061,1027,154,0.90747,5.79496,0.07691,0.00595,1131.2201,983.4375,133.4702,17.61,19922,63800,0.903,0.250,0.094,0.017
39009,Athens,OH,E,RLX,se,39.3337,-82.0452,0.09685,0.78948,0.16208,0.23141,59626,5775,45.26842,1.67352,0.10221,0.72364,1317.1555,213.4846,168.5426,47.61,62706,48300,0.734,0.354,0.253,0.044
40131,Rogers,OK,C,TSA,ne,36.3716,-95.6044,0.07204,0.33549,0.53366,0.23452,6468,466,3.51042,7.40783,0.12434,0.22778,1842.6411,983.3438,329.9035,54.40,100248,73000,1.223,0.256,0.096,0.029
18105,Monroe,IN,E,IND,sc,39.1609,-86.5231,0.07502,0.89596,0.18505,0.23170,104167,7815,97.79125,2.46668,0.16389,0.59548,1065.2024,197.1157,176.6069,130.81,139342,64300,0.963,0.491,0.177,0.033
29075,Gentry,MO,C,EAX,nw,40.2121,-94.4099,0.13298,0.06632,0.77178,0.18952,534,71,0.41913,5.80373,0.04592,0.15346,1273.8643,983.1430,65.2053,4.94,6287,52700,0.813,0.205,0.145,0.026
48203,Harrison,TX,C,SHV,ne,32.5482,-94.3713,0.16039,0.38270,0.20326,0.23193,11098,1780,4.68219,1.26729,0.10376,0.43037,2370.2173,481.7704,184.3729,29.91,70895,64600,0.894,0.225,0.172,0.047
18003,Allen,IN,E,IWX,ne,41.0908,-85.0665,0.18286,0.42660,0.57365,0.35503,48173,8809,28.17699,3.13710,0.31134,0.07804,1709.6697,980.7520,418.3890,230.77,394545,66000,0.988,0.311,0.130,0.031
40097,Mayes,OK,C,TSA,ne,36.3018,-95.2309,0.07959,0.24917,0.55336,0.22222,2601,207,1.46925,6.95263,0.07938,0.30574,1770.2174,979.5675,244.0832,22.53,39889,50200,0.841,0.165,0.169,0.032
13281,Towns,GA,E,FFC,ne,34.9166,-83.7373,0.16596,0.96721,0.07845,0.23265,7719,1281,17.33151,0.47270,0.08156,0.80762,445.3454,34.9373,33.7918,29.27,13035,59300,0.815,0.328,0.116,0.042
48231,Hunt,TX,C,FWD,nc,33.1236,-96.0854,0.08180,0.40178,0.42837,0.24147,10893,891,4.76777,5.23680,0.10869,0.15901,2284.7085,978.7006,393.2265,49.61,113347,68000,0.941,0.219,0.127,0.041
37009,Ashe,NC,E,RNK,nw,36.4346,-81.501,0.08476,0.80935,0.18417,0.23291,19039,1614,17.22225,2.17284,0.08227,0.70165,1105.5029,203.6005,164.7846,24.48,27063,54400,0.805,0.224,0.153,0.030
19053,Decatur,IA,C,DMX,sc,40.7377,-93.7863,0.18720,0.33764,0.70820,0.35506,9279,1737,6.71792,3.78312,0.05259,0.21104,1381.1942,978.1617,330.2635,5.55,7665,51700,0.742,0.243,0.183,0.024
48341,Moore,TX,C,AMA,pa,35.8377,-101.8929,0.01029,0.12251,0.41511,0.08058,1458,15,0.61878,40.34111,0.04527,0.00000,2356.2420,978.0996,119.8263,8.99,21190,66600,0.921,0.120,0.135,0.027
46061,Hanson,SD,C,FSD,se,43.6748,-97.7874,0.14378,0.08058,0.86696,0.21576,452,65,0.40071,6.02977,0.05278,0.00345,1128.1717,978.0797,78.8140,3.08,3471,79500,1.126,0.215,0.090,0.022
37157,Rockingham,NC,E,RNK,nc,36.3961,-79.7751,0.10335,0.56509,0.21691,0.23311,16816,1738,11.34528,2.09879,0.15266,0.55097,1482.2445,321.5137,181.6834,62.42,92518,52500,0.778,0.161,0.136,0.040
18135,Randolph,IN,E,IND,ec,40.1576,-85.0114,0.24423,0.20011,0.83318,0.34404,762,186,0.64885,3.41146,0.09028,0.06210,1173.7501,977.9451,195.6975,20.63,24216,56900,0.853,0.144,0.146,0.032
17193,White,IL,C,PAH,se,38.0875,-88.1795,0.06956,0.15915,0.75236,0.20270,7145,497,5.49863,10.81599,0.07453,0.11305,1299.4080,977.6226,155.5847,10.31,13401,54600,0.712,0.149,0.149,0.041
22083,Richland,LA,C,JAN,ne,32.4177,-91.7636,0.63336,0.19216,0.66658,0.43290,7291,4618,4.98408,1.05245,0.06520,0.00873,1462.9194,975.1528,187.3811,13.47,19712,44500,0.802,0.181,0.251,0.046
17143,Peoria,IL,C,ILX,cc,40.7881,-89.76,0.21110,0.39685,0.59680,0.36840,56586,11945,34.63206,2.82710,0.16686,0.19276,1633.9096,975.1172,386.9787,108.64,177513,65400,0.852,0.345,0.168,0.055
26037,Clinton,MI,E,GRR,sc,42.9436,-84.6015,0.16837,0.49043,0.65504,0.37818,52618,8859,35.35634,3.89048,0.13260,0.08223,1488.2307,974.8506,478.0960,53.57,79720,80200,1.199,0.342,0.070,0.033
10005,Sussex,DE,E,PHI,ss,38.6621,-75.399,0.01955,0.74345,0.39561,0.17915,286636,5604,116.34111,20.23581,0.19180,0.14174,2463.7532,974.6854,724.6299,106.95,263509,81200,0.991,0.326,0.101,0.038
39107,Mercer,OH,E,ILN,wc,40.54,-84.6293,0.17668,0.19895,0.79413,0.30335,4952,875,4.04001,4.49474,0.11180,0.04702,1225.8584,973.4909,193.6792,34.62,42439,72100,1.096,0.222,0.076,0.023
16027,Canyon,ID,M,BOI,sw,43.625,-116.7092,0.11177,0.66196,0.62250,0.35845,84212,9412,53.88509,5.56947,0.23972,0.00014,1562.8030,972.8449,643.9881,164.88,257674,70600,0.972,0.228,0.101,0.034
18007,Benton,IN,E,LOT,nw,40.6063,-87.3109,0.08287,0.20866,0.92351,0.25182,2064,171,1.96053,11.14408,0.06774,0.00632,1052.5349,972.0265,202.8223,8.29,8729,62200,0.932,0.188,0.099,0.026
51101,King William,VA,E,AKQ,ec,37.7067,-77.0884,0.13333,0.45527,0.21180,0.23427,6930,924,9.36899,1.58854,0.05940,0.44748,739.6725,156.6626,71.3239,25.73,19030,82700,0.964,0.243,0.071,0.027
19137,Montgomery,IA,C,OAX,sw,41.0301,-95.1563,0.12234,0.07024,0.88233,0.19646,376,46,0.34175,7.21211,0.06692,0.03597,1100.2176,970.7550,68.1890,9.22,10139,58900,0.845,0.187,0.130,0.026
22019,Calcasieu,LA,C,LCH,sw,30.2292,-93.3579,0.07540,0.47009,0.34248,0.22982,26095,1968,9.20751,4.54218,0.17459,0.13698,2834.1340,970.6342,456.2894,71.90,203761,61800,1.114,0.247,0.176,0.034
48249,Jim Wells,TX,C,CRP,sc,27.7311,-98.0902,0.51963,0.44259,0.43181,0.46309,18481,9603,8.22557,0.83100,0.05299,0.00935,2246.8010,970.1911,429.3926,17.21,38662,48300,0.668,0.152,0.212,0.052
17163,St. Clair,IL,C,LSX,sw,38.4703,-89.9284,0.04940,0.42134,0.55577,0.22616,32792,1620,18.78818,11.25040,0.25099,0.09925,1745.3659,970.0220,408.7076,143.82,251018,67200,0.875,0.307,0.134,0.046
20095,Kingman,KS,C,ICT,sc,37.5589,-98.1364,0.00510,0.07041,0.43142,0.05371,7249,37,3.22949,84.59216,0.05106,0.01876,2244.6433,968.3840,68.1883,3.15,7066,65600,0.953,0.238,0.119,0.027
40015,Caddo,OK,C,OUN,sw,35.1744,-98.3751,0.01371,0.12821,0.28912,0.07980,2042,28,0.61105,21.08826,0.06527,0.09287,3341.8365,966.1918,123.8775,7.84,26214,51100,0.856,0.155,0.211,0.034
19003,Adams,IA,C,DMX,sw,41.029,-94.6992,0.43226,0.10634,0.87542,0.34267,310,134,0.28134,2.02522,0.05537,0.04971,1101.8777,964.6058,102.5731,3.22,3544,59000,0.846,0.245,0.116,0.022
29009,Barry,MO,C,SGF,sw,36.7099,-93.8291,0.17889,0.36485,0.47052,0.31315,7821,1399,3.81772,2.63022,0.06878,0.43875,2048.4931,963.8570,351.6610,17.22,35265,50000,0.771,0.134,0.155,0.035
55071,Manitowoc,WI,C,GRB,ec,44.1198,-87.8096,0.14023,0.56644,0.62437,0.36741,60765,8521,39.36521,4.45247,0.13178,0.05642,1543.6245,963.7928,545.9309,52.69,81331,62900,0.885,0.222,0.092,0.030
42081,Lycoming,PA,E,CTP,nc,41.3433,-77.0645,0.15689,0.58715,0.14187,0.23555,74322,11660,23.07127,0.90426,0.08134,0.75139,3221.3960,457.0195,268.3403,34.99,112724,61700,0.860,0.248,0.128,0.035
37163,Sampson,NC,E,RAH,cc,34.9915,-78.3712,0.05334,0.24717,0.39245,0.17296,7780,415,3.17047,7.35752,0.09164,0.22384,2453.9285,963.0442,238.0347,24.29,59601,52200,0.774,0.158,0.185,0.035
37149,Polk,NC,E,GSP,ww,35.2793,-82.1696,0.08623,0.96355,0.15810,0.23595,24923,2149,40.32789,1.83347,0.12446,0.68164,618.0003,97.7058,94.1441,32.46,20060,61600,0.912,0.329,0.128,0.033
42133,York,PA,E,CTP,sc,39.9199,-76.7265,0.08623,0.75324,0.40730,0.29797,106238,9161,45.06366,4.72341,0.26414,0.31083,2357.5100,960.2138,723.2745,197.09,464640,79900,1.114,0.272,0.085,0.030
13237,Putnam,GA,E,FFC,cc,33.3218,-83.3728,0.27837,0.37842,0.12489,0.23607,4383,1220,4.69213,0.44865,0.08916,0.60593,934.0589,116.6546,44.1449,24.76,23129,62200,0.856,0.283,0.156,0.038
28101,Newton,MS,C,JAN,ec,32.4002,-89.1188,0.24085,0.31926,0.17137,0.23620,847,204,0.56416,0.71152,0.07338,0.43337,1501.3402,257.2847,82.1404,14.00,21019,47300,0.896,0.175,0.183,0.036
20087,Jefferson,KS,C,TOP,ne,39.2358,-95.3834,0.16619,0.35700,0.66571,0.34056,14848,2468,10.29449,4.00572,0.06643,0.19890,1442.3579,960.1921,342.7919,12.71,18327,75800,1.101,0.246,0.083,0.025
36027,Dutchess,NY,E,ALY,ec,41.7652,-73.7428,0.08269,0.94893,0.16821,0.23633,207788,17182,97.19991,2.03422,0.19190,0.52627,2137.7368,359.5887,341.2247,139.00,297150,90700,1.142,0.397,0.080,0.033
12047,Hamilton,FL,E,JAX,nn,30.4964,-82.9478,0.15994,0.52524,0.15713,0.23633,3690,590,2.74363,0.98243,0.06132,0.31834,1344.7787,211.3051,110.9867,10.02,13471,45500,0.656,0.112,0.219,0.043
51057,Essex,VA,E,AKQ,ec,37.9192,-76.87985,0.15580,0.66712,0.12703,0.23635,19654,3062,14.36428,0.81534,0.05838,0.42943,684.0966,86.9008,57.9734,15.49,10598,58200,0.678,0.175,0.130,0.037
39163,Vinton,OH,E,RLX,se,39.251,-82.4854,0.15758,0.64711,0.12952,0.23638,17039,2685,15.85488,0.82193,0.05927,0.78127,1074.7108,139.1965,90.0753,11.61,12474,51000,0.775,0.151,0.188,0.048
29205,Shelby,MO,C,LSX,ne,39.7978,-92.0766,0.37115,0.08536,0.73755,0.28589,908,337,0.69778,1.98720,0.05280,0.16199,1301.2690,959.7510,81.9279,4.56,5931,54300,0.838,0.180,0.153,0.027
26059,Hillsdale,MI,E,IWX,se,41.8878,-84.593,0.11240,0.47042,0.61014,0.31834,18510,2081,11.77076,5.42829,0.09454,0.13110,1572.5056,959.4486,451.3472,28.99,45587,60100,0.898,0.206,0.148,0.042
40011,Blaine,OK,C,OUN,nw,35.8752,-98.4335,0.03191,0.12150,0.39445,0.11521,1410,45,0.57987,12.36133,0.05664,0.07866,2431.5937,959.1421,116.5328,3.51,8539,54600,0.916,0.180,0.163,0.023
20079,Harvey,KS,C,ICT,sc,38.0432,-97.4273,0.01948,0.38657,0.68449,0.17274,30892,602,22.06579,35.13809,0.08511,0.02534,1399.9936,958.2816,370.4464,23.93,33504,73900,1.073,0.315,0.082,0.029
18085,Kosciusko,IN,E,IWX,nc,41.2441,-85.8607,0.01704,0.23497,0.66729,0.13876,20245,345,14.10295,39.16021,0.14169,0.09111,1435.5049,957.8981,225.0818,55.98,80364,71600,1.073,0.246,0.094,0.034
1081,Lee,AL,C,BMX,ec,32.6012,-85.3556,0.18373,0.56367,0.12861,0.23704,71704,13174,44.97556,0.69999,0.17968,0.52346,1594.2986,205.0427,115.5758,114.92,183215,59600,0.999,0.413,0.179,0.023
55121,Trempealeau,WI,C,ARX,wc,44.304,-91.3585,0.03806,0.19619,0.49842,0.15497,13583,517,7.06852,13.09564,0.07182,0.34870,1921.6491,957.7883,187.9100,16.08,30899,68200,0.960,0.202,0.118,0.035
5071,Johnson,AR,C,LZK,ww,35.5701,-93.4599,0.15468,0.41207,0.21048,0.23761,4726,731,2.67269,1.36074,0.05299,0.67907,1768.1799,372.1665,153.3585,14.78,26129,46700,0.841,0.181,0.171,0.044
47045,Dyer,TN,C,MEG,we,36.059,-89.4138,0.48746,0.27389,0.70080,0.45398,5434,2649,3.98522,1.43766,0.07789,0.03989,1363.6170,955.6228,261.7326,26.77,36498,53700,0.823,0.216,0.177,0.035
13015,Bartow,GA,E,FFC,nw,34.2379,-84.8405,0.10026,0.63731,0.21044,0.23779,42258,4237,34.69869,2.09894,0.18422,0.52699,1217.8643,256.2874,163.3339,94.46,115041,80000,1.100,0.229,0.097,0.031
55123,Vernon,WI,C,ARX,sw,43.5939,-90.8344,0.17549,0.48805,0.45128,0.33811,31859,5591,15.06698,2.57154,0.06763,0.43133,2114.5143,954.2380,465.7170,14.74,31170,67800,0.954,0.248,0.125,0.028
45091,York,SC,E,GSP,up,34.9747,-81.1845,0.14027,0.48751,0.19692,0.23791,35340,4957,19.61436,1.40386,0.22549,0.49586,1801.7383,354.7983,172.9662,165.57,298320,83700,1.303,0.381,0.096,0.028
17041,Douglas,IL,C,ILX,ec,39.7695,-88.2174,0.33135,0.26891,0.88201,0.42834,1808,599,1.67213,2.66187,0.08704,0.01537,1081.1036,953.5442,256.4221,18.16,19629,67800,0.883,0.202,0.090,0.036
37007,Anson,NC,E,RAH,cc,34.9738,-80.1027,0.10556,0.64290,0.19847,0.23793,10553,1114,7.58579,1.88016,0.07967,0.52024,1391.1391,276.0994,177.5042,15.74,21897,48300,0.715,0.109,0.241,0.040
51193,Westmoreland,VA,E,AKQ,ec,38.1237,-76.7652,0.14111,0.69363,0.13805,0.23818,716,101,8.00048,0.97831,0.00998,0.00891,608.8763,84.0554,58.3033,31.23,19013,61500,0.717,0.197,0.125,0.033
34021,Mercer,NJ,E,PHI,cc,40.2833,-74.7014,0.08429,0.98703,0.16252,0.23823,192199,16200,324.41157,1.92811,0.50835,0.17017,592.4537,96.2856,95.0370,644.22,381671,94800,0.984,0.449,0.106,0.039
47013,Campbell,TN,E,MRX,ea,36.4036,-84.1493,0.55090,0.32073,0.07681,0.23853,13487,7430,10.44779,0.13943,0.09789,0.76623,1290.9055,99.1545,31.8014,31.16,40223,44300,0.679,0.132,0.206,0.041
42015,Bradford,PA,E,BGM,ne,41.7886,-76.5157,0.14197,0.26537,0.31703,0.22858,9157,1300,3.04505,2.23308,0.08509,0.55759,3007.0788,953.3342,252.9820,19.85,59695,63500,0.885,0.212,0.139,0.033
17121,Marion,IL,C,LSX,sc,38.6496,-88.919,0.10439,0.22149,0.63903,0.24538,9225,963,6.18700,6.12156,0.10144,0.24200,1490.9953,952.7907,211.0302,24.60,36673,58500,0.762,0.173,0.160,0.049
1121,Talladega,AL,C,BMX,ec,33.38,-86.1659,0.21394,0.30427,0.20951,0.23892,2117,453,1.07535,0.97929,0.12072,0.54858,1969.0010,412.5254,125.5176,41.20,81132,55200,0.924,0.168,0.170,0.028
16045,Gem,ID,M,BOI,sw,44.0617,-116.3973,0.16104,0.66951,0.12668,0.23904,20727,3338,14.14488,0.78664,0.04941,0.14121,1465.3595,185.6317,124.2818,14.38,21071,60800,0.837,0.223,0.109,0.038
41061,Union,OR,P,PDT,ne,45.3104,-118.009,0.14605,0.84467,0.11073,0.23905,87796,12823,16.62959,0.75817,0.03232,0.56603,5279.4982,584.5988,493.7907,4.91,25944,57100,0.755,0.249,0.136,0.039
51139,Page,VA,E,LWX,nw,38.62,-78.4841,0.06772,0.84883,0.23775,0.23909,38307,2594,47.08944,3.51078,0.08917,0.65851,813.4870,193.4065,164.1702,29.18,23741,60100,0.700,0.152,0.142,0.035
31079,Hall,NE,C,GID,sc,40.8725,-98.5022,0.03360,0.38270,0.66619,0.20461,19373,651,13.54585,19.82708,0.10557,0.00091,1430.1788,952.7708,364.6208,43.49,62197,66300,0.949,0.211,0.108,0.023
19143,Osceola,IA,C,FSD,nw,43.3785,-95.6237,0.44131,0.09681,0.91936,0.33993,360,159,0.34824,2.08325,0.06473,0.00179,1034.6175,951.1859,92.0878,5.78,5978,65000,0.932,0.154,0.105,0.019
55115,Shawano,WI,C,GRB,ne,44.7892,-88.7656,0.17621,0.33352,0.40364,0.28733,6645,1171,2.82159,2.29068,0.07133,0.20435,2355.1785,950.6442,317.0564,17.45,41109,66700,0.939,0.187,0.115,0.030
13271,Telfair,GA,E,FFC,cc,31.9298,-82.9389,0.31039,0.25668,0.17229,0.23943,834,259,0.72552,0.55508,0.06006,0.29627,1150.1251,198.1551,50.8626,9.49,10920,41500,0.571,0.101,0.301,0.066
46027,Clay,SD,C,FSD,se,42.9146,-96.9757,0.11106,0.18073,0.88054,0.26048,8158,906,7.55901,7.92851,0.06099,0.01576,1079.1988,950.2777,171.7462,14.30,15431,55300,0.783,0.460,0.175,0.021
39169,Wayne,OH,E,CLE,ne,40.8289,-81.8883,0.06900,0.76475,0.65896,0.32639,120407,8308,83.57735,9.55014,0.16251,0.14582,1440.6597,949.3371,726.0041,80.87,116510,70100,1.066,0.247,0.092,0.028
26005,Allegan,MI,E,GRR,sw,42.5913,-85.8884,0.16507,0.68576,0.43355,0.36612,60637,10009,27.77756,2.62646,0.14287,0.23813,2182.9418,946.4144,649.0131,55.86,121939,75900,1.134,0.261,0.099,0.034
20147,Phillips,KS,C,GID,nc,39.7845,-99.3469,0.00620,0.08949,0.40815,0.06095,2421,15,1.04471,65.83065,0.04887,0.00743,2317.3900,945.8427,84.6478,2.05,4761,58800,0.855,0.223,0.101,0.022
27161,Waseca,MN,C,MPX,sc,44.0221,-93.5873,0.14537,0.30222,0.84351,0.33340,2580,375,2.30136,5.80250,0.06965,0.01653,1120.8972,945.4880,285.7457,16.93,18981,71500,0.869,0.209,0.094,0.039
41005,Clackamas,OR,P,PQR,nw,45.1887,-122.2214,0.14556,0.71238,0.13371,0.24024,118211,17207,24.29473,0.91859,0.11291,0.57974,4865.7164,650.5949,463.4713,86.97,423173,96900,1.281,0.397,0.069,0.034
55095,Polk,WI,C,MPX,nw,45.4614,-92.4414,0.06932,0.56052,0.38162,0.24567,25072,1738,10.12393,5.50519,0.07522,0.37927,2476.5487,945.1005,529.7468,18.48,45762,74000,1.041,0.237,0.091,0.041
51029,Buckingham,VA,E,RNK,cc,37.5722,-78.5287,0.23861,0.43019,0.13532,0.24038,8809,2102,5.82778,0.56712,0.04867,0.63683,1511.4906,204.5349,87.9895,11.23,16978,56000,0.652,0.135,0.181,0.039
16077,Power,ID,M,PIH,se,42.6937,-112.8407,0.17023,0.18249,0.25286,0.19879,7657,1303,2.04955,1.48540,0.02683,0.06140,3736.1729,944.7287,172.4059,2.21,8253,57400,0.791,0.167,0.124,0.038
21083,Graves,KY,C,PAH,ww,36.723,-88.6512,0.13670,0.19515,0.65520,0.25952,7388,1010,5.12626,4.79298,0.09409,0.21302,1441.2810,944.3273,184.2827,25.30,36461,53400,0.901,0.174,0.176,0.042
55087,Outagamie,WI,C,GRB,ne,44.4161,-88.4649,0.08692,0.53862,0.56571,0.29808,60231,5235,36.08804,6.50840,0.18455,0.03772,1668.9976,944.1686,508.5514,115.78,193234,78800,1.109,0.320,0.063,0.026
42129,Westmoreland,PA,E,PBZ,sw,40.3107,-79.4668,0.08463,0.77197,0.21532,0.24140,67060,5675,24.98283,2.54425,0.22382,0.54075,2684.2282,577.9680,446.1764,130.82,351163,71200,0.991,0.318,0.108,0.035
20163,Rooks,KS,C,GID,nc,39.3502,-99.3251,0.00402,0.12176,0.40716,0.05841,2490,10,1.07370,101.28358,0.04627,0.00235,2318.8870,944.1580,114.9607,2.06,4778,57000,0.829,0.240,0.112,0.026
26155,Shiawassee,MI,E,DTX,se,42.9537,-84.1467,0.17117,0.49531,0.67375,0.38512,10199,1746,7.28305,3.93615,0.12255,0.06212,1400.4239,943.5356,467.3383,48.57,68025,62000,0.926,0.195,0.122,0.043
19051,Davis,IA,C,DMX,se,40.7477,-92.4097,0.16486,0.06438,0.72129,0.19709,431,71,0.32937,4.37517,0.05370,0.19146,1307.5421,943.1170,60.7169,7.01,9169,65200,0.935,0.176,0.116,0.024
49005,Cache,UT,M,SLC,nn,41.7224,-111.7435,0.11643,0.64153,0.18999,0.24211,51389,5983,16.91616,1.63180,0.06120,0.35069,3037.8426,577.1597,370.2661,46.87,142393,76600,0.866,0.404,0.107,0.023
47047,Fayette,TN,C,MEG,we,35.1971,-89.4144,0.41767,0.25166,0.51523,0.37834,14545,6075,7.95118,1.23358,0.07432,0.28513,1829.2656,942.4925,237.1866,24.15,44175,84300,1.293,0.269,0.128,0.036
47115,Marion,TN,C,MRX,ea,35.1294,-85.622,0.19237,0.67211,0.10988,0.24220,15001,2886,11.30625,0.57119,0.07682,0.74224,1326.7858,145.7872,97.9856,22.15,29382,58700,0.900,0.165,0.151,0.039
21065,Estill,KY,E,JKL,ec,37.6924,-83.9643,0.32197,0.28788,0.15372,0.24243,1012,326,1.52727,0.47744,0.06861,0.76125,662.3551,101.8172,29.3115,21.04,13936,39400,0.665,0.099,0.227,0.050
29087,Holt,MO,C,EAX,nw,40.0946,-95.215,0.03286,0.31736,0.77414,0.20061,30332,997,24.97116,23.55873,0.05473,0.09209,1214.6820,940.3339,298.4244,3.50,4248,51300,0.792,0.205,0.122,0.024
19005,Allamakee,IA,C,ARX,ne,43.2843,-91.3781,0.06545,0.19783,0.55019,0.19242,9717,636,5.69558,8.40626,0.05601,0.31665,1706.0344,938.6431,185.6938,8.25,14074,60700,0.871,0.199,0.111,0.038
27147,Steele,MN,C,MPX,sc,44.0223,-93.226,0.59786,0.46064,0.83779,0.61334,10958,6551,9.79100,1.40131,0.09649,0.02466,1119.2294,937.6792,431.9366,33.43,37421,75500,0.917,0.297,0.078,0.030
30047,Lake,MT,M,MSO,nw,47.6459,-114.0892,0.12591,0.73839,0.15492,0.24331,41704,5251,9.73565,1.23040,0.03798,0.44140,4283.6002,663.6153,490.0096,7.78,33338,57200,0.843,0.305,0.139,0.036
19189,Winnebago,IA,C,DMX,nc,43.3775,-93.7342,0.23466,0.27922,0.90052,0.38931,2037,478,1.95864,3.83755,0.06345,0.00881,1040.0176,936.5566,261.5017,10.16,10571,66800,0.958,0.251,0.114,0.038
48501,Yoakum,TX,C,LUB,nw,33.1729,-102.8278,0.00275,0.07352,0.45196,0.04504,1090,3,0.52639,164.34909,0.05535,0.00003,2071.3692,936.1760,68.8289,3.61,7468,62700,0.868,0.142,0.130,0.034
19129,Mills,IA,C,OAX,sw,41.0332,-95.6214,0.22241,0.21851,0.82205,0.34185,1879,418,1.65040,3.69610,0.07213,0.07366,1138.7541,936.1128,204.5483,12.85,14633,75800,1.088,0.320,0.085,0.027
29077,Greene,MO,C,SGF,sw,37.2581,-93.342,0.11909,0.47596,0.53297,0.31145,64310,7659,36.63480,4.47535,0.22418,0.23480,1755.4413,935.5975,445.3116,173.52,304611,55800,0.861,0.324,0.141,0.026
39061,Hamilton,OH,E,ILN,sw,39.1954,-84.5426,0.19308,0.98800,0.07591,0.24374,204059,39400,190.87240,0.39315,0.65988,0.23444,1069.0857,81.1543,80.1807,773.61,827058,67000,1.019,0.414,0.136,0.032
31145,Red Willow,NE,C,GLD,sw,40.1758,-100.4768,0.05118,0.06550,0.50265,0.11900,1700,87,0.91412,9.82122,0.04387,0.00033,1859.7123,934.7844,61.2329,5.62,10457,60100,0.861,0.260,0.115,0.019
17157,Randolph,IL,C,LSX,sw,38.0521,-89.8253,0.42726,0.36978,0.60316,0.45676,3707,1584,2.39671,1.41169,0.08745,0.22477,1546.8417,932.9930,345.0019,19.27,29815,62600,0.815,0.142,0.118,0.040
29145,Newton,MO,C,SGF,sw,36.9055,-94.3392,0.33042,0.35977,0.57438,0.40873,12203,4032,7.51888,1.73833,0.10636,0.30860,1622.9304,932.1788,335.3738,37.39,60677,57400,0.886,0.230,0.130,0.030
20129,Morton,KS,C,DDC,sw,37.1914,-101.7993,0.00352,0.18752,0.49297,0.06878,10795,38,5.70947,140.04830,0.03543,0.00000,1890.6307,932.0242,174.7767,1.36,2580,62900,0.914,0.166,0.120,0.026
22029,Concordia,LA,C,JAN,ne,31.4458,-91.6397,0.08678,0.12685,0.48005,0.17418,3607,313,1.86011,5.53180,0.04111,0.00524,1938.9248,930.7809,118.0666,9.12,17688,41100,0.741,0.174,0.252,0.047
12043,Glades,FL,E,MFL,ss,26.9605,-81.2397,0.05565,0.36370,0.45328,0.20934,15618,869,7.60666,8.14519,0.03272,0.07565,2053.2079,930.6781,338.4864,6.23,12786,50600,0.730,0.127,0.169,0.038
55097,Portage,WI,C,GRB,cc,44.476,-89.5015,0.13741,0.59821,0.43665,0.32986,92179,12666,43.25537,3.17772,0.09655,0.23412,2131.0430,930.5199,556.6467,33.33,71024,71400,1.004,0.337,0.098,0.030
19017,Bremer,IA,C,DMX,ne,42.7747,-92.3182,0.21021,0.26172,0.81656,0.35549,10652,2239,9.35514,3.88450,0.08649,0.02905,1138.6520,929.7777,243.3451,22.23,25307,83800,1.202,0.352,0.078,0.025
41055,Sherman,OR,P,PDT,nc,45.4052,-120.6894,0.03803,0.29346,0.43159,0.16888,20795,791,9.65886,11.34867,0.02981,0.00007,2152.9732,929.2017,272.6828,0.91,1951,71500,0.945,0.161,0.145,0.038
20031,Coffey,KS,C,TOP,ec,38.237,-95.7342,0.16543,0.18523,0.54654,0.25585,4794,793,2.82761,3.30375,0.05673,0.07279,1695.2983,926.5483,171.6246,4.87,8251,69100,1.004,0.212,0.098,0.033
54105,Wirt,WV,E,RLX,nw,39.0224,-81.3786,0.33910,0.45384,0.09660,0.24589,1619,549,2.66100,0.28487,0.04740,0.83729,608.4186,58.7732,26.6738,8.22,5000,43400,0.803,0.162,0.177,0.058
19195,Worth,IA,C,DMX,nc,43.3774,-93.2609,0.17327,0.31971,0.89045,0.36674,2118,367,2.03568,5.13909,0.06251,0.01503,1040.4837,926.4987,296.2085,7.01,7297,71300,1.023,0.201,0.092,0.030
29001,Adair,MO,C,EAX,ne,40.1906,-92.6007,0.05770,0.16035,0.62643,0.17963,8042,464,5.45371,10.85667,0.06532,0.27407,1474.5925,923.7290,148.1228,17.04,25122,46400,0.717,0.350,0.182,0.036
45077,Pickens,SC,E,GSP,up,34.8875,-82.7254,0.14763,0.70881,0.14280,0.24631,33591,4959,25.34314,0.96728,0.18445,0.60991,1325.4545,189.2749,134.1592,102.23,135495,55300,0.862,0.273,0.168,0.029
26067,Ionia,MI,E,GRR,sc,42.9451,-85.0746,0.05140,0.40784,0.61443,0.23441,12121,623,8.06671,11.95389,0.10482,0.14617,1502.6451,923.2702,376.5458,44.10,66262,74400,1.112,0.180,0.133,0.036
17097,Lake,IL,C,LOT,ne,42.3231,-88.0036,0.11639,0.99684,0.12925,0.24660,333072,38766,273.26307,1.11049,0.61428,0.09687,1218.8705,157.5390,157.0409,581.49,708760,102000,1.324,0.470,0.082,0.050
48245,Jefferson,TX,C,LCH,se,29.8838,-94.1722,0.18414,0.45193,0.37227,0.31407,114118,21014,46.07526,2.02167,0.17176,0.01188,2476.7665,922.0259,416.6866,101.54,251496,55100,0.762,0.194,0.201,0.063
27131,Rice,MN,C,MPX,sc,44.3541,-93.2966,0.11400,0.66181,0.68934,0.37327,36925,4209,27.62246,6.04684,0.10642,0.08994,1336.7731,921.4912,609.8536,50.83,67948,78000,0.947,0.297,0.103,0.026
48473,Waller,TX,C,HGX,se,30.011,-95.9877,0.57399,0.65852,0.68560,0.63755,28106,16133,20.93097,1.19445,0.12428,0.09321,1342.7915,920.6179,606.2408,47.33,63553,75200,1.041,0.266,0.139,0.046
47061,Grundy,TN,C,OHX,mi,35.3884,-85.7226,0.15204,0.76131,0.13029,0.24706,5327,810,5.69693,0.85695,0.06401,0.74945,935.1389,121.8392,92.7578,14.92,13955,44200,0.678,0.124,0.228,0.045
31129,Nuckolls,NE,C,GID,sc,40.1764,-98.0472,0.17954,0.14551,0.61703,0.25261,1593,286,1.06773,3.43673,0.05220,0.02270,1491.9146,920.5561,133.9547,2.74,4095,57300,0.820,0.266,0.108,0.020
21117,Kenton,KY,E,ILN,nn,38.9334,-84.5331,0.07531,0.90515,0.22243,0.24751,14659,1104,34.43137,2.95353,0.37063,0.38578,425.7310,94.6953,85.7134,402.42,171321,77300,1.304,0.376,0.106,0.037
39131,Pike,OH,E,ILN,sc,39.0774,-83.0668,0.13531,0.46193,0.24345,0.24780,2488,337,2.16388,1.79920,0.08426,0.64396,1149.7445,279.9053,129.2973,23.48,27001,55000,0.836,0.146,0.195,0.046
47123,Monroe,TN,E,MRX,ea,35.4428,-84.2528,0.19682,0.38307,0.20186,0.24782,15237,2999,9.00918,1.02561,0.07347,0.68473,1691.2982,341.4055,130.7838,28.73,48594,56000,0.859,0.158,0.160,0.036
27103,Nicollet,MN,C,MPX,sc,44.35,-94.2474,0.17608,0.27961,0.75970,0.33443,7871,1386,6.50614,4.31452,0.07606,0.05653,1209.8432,919.1179,256.9978,28.30,34242,78100,0.948,0.357,0.087,0.022
28107,Panola,MS,C,MEG,nw,34.3639,-89.9505,0.14567,0.17752,0.50282,0.23515,5890,858,3.22502,3.45177,0.07562,0.32320,1826.3467,918.3236,163.0171,17.89,32669,40600,0.769,0.155,0.262,0.039
13245,Richmond,GA,E,CAE,ec,33.3596,-82.0735,0.41886,0.50559,0.07215,0.24814,36372,15235,42.75904,0.17225,0.34261,0.30885,850.6321,61.3731,31.0295,241.48,205414,50100,0.688,0.241,0.222,0.046
31051,Dixon,NE,C,FSD,ne,42.4932,-96.8678,0.19933,0.17848,0.73448,0.29674,8995,1793,7.19537,3.68474,0.05019,0.05112,1250.1212,918.1890,163.8775,4.39,5491,61100,0.876,0.237,0.084,0.020
17081,Jefferson,IL,C,PAH,sc,38.3005,-88.924,0.20907,0.27330,0.60719,0.32615,8299,1735,5.48879,2.90424,0.10464,0.22028,1511.9215,918.0236,250.8989,24.02,36320,58600,0.764,0.184,0.154,0.047
19063,Emmet,IA,C,DMX,nw,43.3779,-94.6784,0.07054,0.08201,0.88089,0.17209,241,17,0.23129,12.48781,0.05887,0.01255,1041.9961,917.8839,75.2787,8.86,9229,56800,0.815,0.157,0.098,0.031
12049,Hardee,FL,E,TBW,cc,27.4927,-81.8099,0.17539,0.46726,0.55491,0.35694,5794,1016,3.50439,3.16386,0.04353,0.01629,1653.3012,917.4334,428.6771,15.58,25760,48600,0.701,0.123,0.205,0.041
39071,Highland,OH,E,ILN,sc,39.1848,-83.6009,0.12668,0.47240,0.63366,0.33596,17878,2265,12.37350,5.00205,0.08833,0.26424,1444.8948,915.5720,432.5120,30.18,43614,59500,0.904,0.156,0.121,0.046
29133,Mississippi,MO,C,PAH,se,36.8281,-89.2911,0.04872,0.30932,0.82409,0.23158,6158,300,5.54404,16.91482,0.06018,0.00101,1110.7760,915.3794,283.1458,10.64,11822,42400,0.654,0.141,0.205,0.038
39161,Van Wert,OH,E,IWX,wc,40.8554,-84.5861,0.14579,0.28072,0.86075,0.32781,8361,1219,7.86468,5.90404,0.10176,0.03251,1063.1493,915.1058,256.8858,27.00,28704,59400,0.903,0.170,0.109,0.028
47071,Hardin,TN,C,MEG,we,35.1987,-88.1845,0.21132,0.30418,0.23941,0.24874,7354,1554,4.76149,1.13293,0.07470,0.51004,1544.3912,369.7427,112.4692,17.63,27229,42600,0.653,0.148,0.197,0.040
29057,Dade,MO,C,SGF,sw,37.432,-93.8502,0.28707,0.34997,0.69673,0.41213,10994,3156,8.38333,2.42704,0.04858,0.21922,1311.4050,913.6952,319.7692,5.88,7716,49400,0.762,0.152,0.142,0.030
48489,Willacy,TX,C,BRO,ds,26.4706,-97.6732,0.21042,0.43282,0.58326,0.37591,21700,4566,13.85336,2.77188,0.04339,0.00730,1566.3728,913.6026,395.4255,12.79,20037,41600,0.576,0.122,0.278,0.078
18051,Gibson,IN,C,PAH,sw,38.3118,-87.5846,0.11712,0.43249,0.70592,0.32945,28133,3295,21.76694,6.02732,0.10601,0.09021,1292.4501,912.3664,394.5890,25.46,32904,66200,0.992,0.190,0.110,0.024
21141,Logan,KY,C,LMK,sc,36.8597,-86.8789,0.86888,0.27408,0.63101,0.53165,25622,22262,17.75501,0.72623,0.07988,0.27639,1443.0814,910.5988,249.5734,19.60,28283,56800,0.959,0.166,0.148,0.041
39077,Huron,OH,E,CLE,nc,41.1462,-82.5984,0.21650,0.48554,0.71080,0.42119,9244,2001,7.21799,3.28314,0.11703,0.14288,1280.7295,910.3425,442.0089,45.44,58199,61500,0.935,0.169,0.132,0.045
22107,Tensas,LA,C,JAN,ne,32.0016,-91.34,0.12976,0.13651,0.54792,0.21331,1433,186,0.86288,4.22256,0.03365,0.00204,1661.1700,910.1883,124.2537,2.27,3764,33300,0.600,0.131,0.308,0.051
39069,Henry,OH,E,IWX,nw,41.3339,-84.0682,0.11033,0.28822,0.83566,0.29841,4632,511,4.25785,7.57419,0.10617,0.03611,1087.7833,909.0170,261.9981,25.30,27520,72100,1.096,0.187,0.085,0.042
29111,Lewis,MO,C,LSX,ne,40.0969,-91.7222,0.13183,0.19034,0.68620,0.25822,5363,707,4.05335,5.20519,0.05446,0.20254,1323.1021,907.9127,172.8093,7.42,9818,57100,0.881,0.165,0.153,0.029
31143,Polk,NE,C,GID,ec,41.1869,-97.5684,0.08342,0.15388,0.79497,0.21690,851,71,0.74570,9.52973,0.05501,0.00881,1141.3628,907.3492,139.6195,4.58,5228,70800,1.014,0.186,0.073,0.019
18139,Rush,IN,E,IND,cc,39.6199,-85.4658,0.09155,0.29648,0.85697,0.28546,1922,176,1.81616,9.36068,0.07680,0.05487,1058.4744,907.0808,268.9282,15.92,16847,61700,0.923,0.168,0.108,0.027
26025,Calhoun,MI,E,GRR,sc,42.2466,-85.0055,0.10734,0.58055,0.48737,0.31200,64764,6952,34.80577,4.54043,0.15236,0.14095,1860.7362,906.8670,526.4814,71.67,133366,59700,0.891,0.222,0.140,0.043
48147,Fannin,TX,C,FWD,nc,33.5939,-96.1066,0.09827,0.27665,0.38931,0.21956,2829,278,1.21476,3.96164,0.05767,0.19076,2328.8630,906.6497,250.8213,16.13,37571,61000,0.843,0.202,0.142,0.034
51037,Charlotte,VA,E,RNK,sc,37.0116,-78.6616,0.29452,0.25404,0.21108,0.25089,3049,898,2.46589,0.71669,0.05430,0.53131,1236.4857,260.9974,66.3029,9.17,11336,50200,0.584,0.187,0.208,0.035
12023,Columbia,FL,E,JAX,nn,30.2243,-82.6215,0.15793,0.53775,0.18622,0.25101,18153,2867,8.74995,1.17913,0.10145,0.37365,2074.6804,386.3470,207.7593,35.22,73063,54100,0.780,0.163,0.170,0.034
36011,Cayuga,NY,E,BUFBGM,cc,42.9169,-76.5543,0.06686,0.74708,0.47666,0.28768,62603,4186,32.92139,7.12923,0.10120,0.25823,1901.5828,906.4085,677.1627,39.17,74485,64100,0.807,0.239,0.133,0.036
28031,Covington,MS,C,JAN,se,31.6332,-89.5526,0.51910,0.12365,0.24664,0.25109,576,299,0.53590,0.47513,0.08823,0.38018,1074.8196,265.0935,32.7792,16.80,18059,46600,0.883,0.159,0.193,0.027
39047,Fayette,OH,E,ILN,cc,39.5599,-83.4561,0.32121,0.29897,0.85816,0.43517,3530,1134,3.34850,2.67165,0.09125,0.04501,1054.3129,904.7692,270.4963,27.33,28817,56900,0.865,0.138,0.144,0.036
55127,Walworth,WI,C,MKX,se,42.6685,-88.5419,0.04935,0.67157,0.60488,0.27165,19796,977,13.25742,12.25694,0.15775,0.10625,1493.1742,903.1912,606.5571,70.87,105822,73700,1.038,0.323,0.105,0.029
21231,Wayne,KY,E,JKL,sc,36.8013,-84.8285,0.26379,0.29643,0.20416,0.25180,1096,289,0.87327,0.77395,0.05888,0.67611,1254.5563,256.1302,75.9255,15.61,19580,39900,0.673,0.137,0.250,0.056
48491,Williamson,TX,C,EWX,sc,30.6481,-97.6008,0.01655,0.73296,0.30729,0.15505,196236,3248,66.76805,18.56737,0.23501,0.10740,2939.0653,903.1454,661.9736,237.22,697191,102000,1.410,0.474,0.064,0.034
1119,Sumter,AL,C,BMX,wc,32.591,-88.1988,0.25865,0.28446,0.21734,0.25194,3298,853,1.39419,0.84029,0.04269,0.39614,2365.4202,514.1004,146.2416,4.96,11727,35200,0.589,0.190,0.335,0.037
48139,Ellis,TX,C,FWD,nc,32.3484,-96.7945,0.02236,0.48586,0.36630,0.15847,28913,646,11.73077,16.38193,0.15525,0.07553,2464.7209,902.8273,438.6500,90.41,222829,89300,1.236,0.286,0.074,0.037
47131,Obion,TN,C,MEG,we,36.3582,-89.1488,0.16262,0.43403,0.62750,0.35381,5992,974,4.16566,3.85869,0.08125,0.14803,1438.3830,902.5853,391.7453,21.14,30411,50200,0.769,0.181,0.193,0.038
22025,Catahoula,LA,C,JAN,ne,31.6661,-91.8471,0.06016,0.10242,0.47008,0.14255,2377,143,1.24129,7.81383,0.03914,0.13516,1915.0311,900.2178,92.1990,4.39,8414,41700,0.751,0.166,0.300,0.043
50027,Windsor,VT,E,BTV,ss,43.5798,-72.5855,0.20464,0.93571,0.08482,0.25325,130876,26782,51.73004,0.41448,0.07078,0.79973,2529.9848,214.5933,200.7973,22.96,58101,74200,0.996,0.419,0.099,0.018
42017,Bucks,PA,E,PHI,se,40.337,-75.1067,0.07259,0.97929,0.22943,0.25360,331042,24030,205.46454,3.16063,0.40441,0.29256,1611.1892,369.6551,361.9995,400.94,645984,105000,1.465,0.439,0.067,0.030
39125,Paulding,OH,E,IWX,wc,41.1166,-84.5801,0.17854,0.25309,0.82966,0.33469,6139,1096,5.65853,4.64691,0.09484,0.04643,1084.8579,900.0632,227.7990,17.24,18706,66300,1.008,0.157,0.101,0.031
48291,Liberty,TX,C,HGX,se,30.1516,-94.8122,0.08565,0.39302,0.29533,0.21502,14887,1275,4.88630,3.44810,0.10397,0.16411,3046.6398,899.7641,353.6238,35.54,108272,61900,0.856,0.112,0.145,0.055
17111,McHenry,IL,C,LOT,ne,42.3244,-88.4524,0.14736,0.69861,0.56815,0.38817,141263,20817,89.24464,3.85552,0.26328,0.09116,1582.8791,899.3128,628.2702,197.61,312800,99100,1.292,0.352,0.063,0.037
19175,Union,IA,C,DMX,sc,41.0277,-94.2424,0.39503,0.11854,0.81409,0.33655,3215,1270,2.91445,2.06083,0.06614,0.09454,1103.1030,898.0251,106.4485,10.79,11906,55800,0.801,0.241,0.137,0.030
17027,Clinton,IL,C,LSX,sc,38.6065,-89.4224,0.17397,0.29664,0.68801,0.32868,28040,4878,21.50558,3.95476,0.09872,0.04679,1303.8499,897.0618,266.1062,28.21,36785,79600,1.037,0.244,0.075,0.033
51678,City of Lexington,VA,E,RNK,wc,37.7823,-79.4445,0.13549,1.00000,0.00968,0.10946,1863,252,293.13781,0.07144,0.93686,0.04903,6.3547,0.0615,0.0615,1184.63,7528,62400,0.727,0.573,0.214,0.044
31095,Jefferson,NE,C,OAX,se,40.1757,-97.1426,0.01007,0.31757,0.60176,0.12438,4669,47,3.13207,59.75770,0.05409,0.04596,1490.6119,896.9906,284.8595,4.73,7054,59500,0.852,0.197,0.110,0.020
42079,Luzerne,PA,E,BGM,ne,41.1771,-75.9889,0.25797,0.73448,0.08778,0.25526,110841,28594,47.17870,0.34027,0.18345,0.65834,2349.3939,206.2298,151.4715,139.35,327388,59400,0.827,0.250,0.164,0.043
13267,Tattnall,GA,E,CHS,se,32.0458,-82.0582,0.27363,0.24805,0.24619,0.25566,1575,431,1.24511,0.89972,0.07601,0.22888,1265.0318,311.4382,77.2520,19.21,24296,47400,0.652,0.146,0.257,0.032
20051,Ellis,KS,C,DDC,cc,38.9148,-99.3173,0.00314,0.26586,0.38407,0.06844,9555,30,4.09649,122.31529,0.05705,0.00121,2332.3806,895.7974,238.1558,12.35,28810,61700,0.896,0.395,0.156,0.019
36111,Ulster,NY,E,ALY,ec,41.8881,-74.2585,0.23825,0.93385,0.07536,0.25595,178471,42521,59.36367,0.31631,0.10147,0.72109,3006.4086,226.5630,211.5749,60.65,182333,79300,0.998,0.371,0.127,0.034
51031,Campbell,VA,E,RNK,cc,37.2056,-79.0963,0.20189,0.33772,0.24595,0.25596,6677,1348,5.08180,1.21824,0.10951,0.52212,1313.8556,323.1428,109.1307,42.07,55270,63500,0.740,0.257,0.124,0.033
29099,Jefferson,MO,C,LSX,ec,38.261,-90.5378,0.16344,0.69055,0.14914,0.25628,49603,8107,28.83808,0.91251,0.19962,0.60847,1720.0479,256.5279,177.1465,134.43,231230,78300,1.209,0.236,0.092,0.028
36015,Chemung,NY,E,BGM,cc,42.1413,-76.76,0.09297,0.80862,0.22421,0.25640,51148,4755,48.07679,2.41164,0.14294,0.60522,1063.8868,238.5341,192.8831,76.44,81325,56700,0.713,0.269,0.169,0.040
51125,Nelson,VA,E,LWX,cc,37.7874,-78.8867,0.18055,0.69523,0.13434,0.25644,24496,4423,19.93893,0.74406,0.05721,0.75358,1228.5327,165.0411,114.7423,11.97,14705,66600,0.776,0.337,0.138,0.027
55093,Pierce,WI,C,MPX,wc,44.7196,-92.4225,0.19696,0.40581,0.58399,0.36006,16599,3269,10.83354,2.96502,0.08563,0.27917,1532.1759,894.7754,363.1109,28.08,43026,85500,1.203,0.320,0.083,0.035
37057,Davidson,NC,E,RAH,cc,35.7932,-80.2127,0.10272,0.71890,0.22897,0.25667,13921,1430,9.48374,2.22907,0.22722,0.46683,1467.8487,336.0933,241.6179,119.09,174804,63600,0.942,0.207,0.140,0.034
28057,Itawamba,MS,C,MEG,ne,34.28,-88.3613,0.58841,0.15755,0.18254,0.25674,1380,812,0.98590,0.31023,0.07803,0.45763,1399.7357,255.5078,40.2561,17.21,24093,56500,1.070,0.148,0.140,0.029
18023,Clinton,IN,E,IND,cc,40.3017,-86.4752,0.20222,0.21171,0.85103,0.33151,890,180,0.84811,4.20844,0.09812,0.03914,1049.5381,893.1884,189.0954,31.19,32730,60900,0.912,0.167,0.114,0.026
47163,Sullivan,TN,E,MRX,ea,36.5129,-82.3042,0.09493,0.77228,0.23098,0.25679,48255,4581,43.34478,2.43316,0.27074,0.45512,1113.2726,257.1437,198.5862,145.64,162135,54400,0.833,0.266,0.135,0.035
24015,Cecil,MD,E,LWX,ne,39.5678,-75.97435,0.09953,0.89021,0.19114,0.25680,99776,9931,54.78180,1.92043,0.19117,0.34231,910.6742,174.0663,154.9547,116.04,105672,84500,0.890,0.269,0.100,0.022
20005,Atchison,KS,C,EAX,ne,39.5319,-95.3129,0.04315,0.13923,0.79034,0.16808,9270,400,8.22701,18.31611,0.06742,0.12209,1126.7343,890.5032,123.9886,14.21,16016,59100,0.858,0.229,0.136,0.034
18131,Pulaski,IN,E,IWX,nw,41.0419,-86.6989,0.36014,0.15799,0.79083,0.35568,3349,1206,2.97534,2.19590,0.07987,0.09052,1125.4962,890.0762,140.6238,11.00,12385,60500,0.906,0.137,0.113,0.029
19007,Appanoose,IA,C,DMX,sc,40.7432,-92.8687,0.24797,0.12536,0.66465,0.27440,2662,660,1.99034,2.68036,0.06025,0.19947,1337.2863,888.8273,111.4261,9.06,12119,53600,0.769,0.193,0.161,0.033
18157,Tippecanoe,IN,E,IND,wc,40.3886,-86.8941,0.03338,0.63933,0.68053,0.24398,149785,5000,114.94852,20.38736,0.18197,0.10949,1303.0638,886.7740,566.9397,144.88,188792,56100,0.840,0.401,0.171,0.029
48017,Bailey,TX,C,LUB,nw,34.0685,-102.8298,0.03351,0.13515,0.41366,0.12327,1373,46,0.64046,12.34437,0.04411,0.00013,2143.1074,886.5178,119.8097,3.11,6672,52800,0.730,0.167,0.164,0.047
48487,Wilbarger,TX,C,OUN,nn,34.0807,-99.241,0.23077,0.21662,0.34906,0.25937,1001,231,0.39517,1.51259,0.04096,0.00421,2533.0626,884.1908,191.5324,4.94,12522,53000,0.733,0.174,0.169,0.050
46129,Walworth,SD,C,ABR,nc,45.4299,-100.0316,0.00795,0.07671,0.45853,0.06539,881,7,0.45695,57.67673,0.03621,0.00067,1927.4733,883.8043,67.7996,2.73,5269,57100,0.809,0.311,0.158,0.032
48079,Cochran,TX,C,LUB,nw,33.6041,-102.8285,0.11655,0.12287,0.44008,0.18471,592,69,0.29479,3.77589,0.02961,0.00002,2008.2184,883.7768,108.5897,1.25,2509,45800,0.633,0.107,0.220,0.040
42131,Wyoming,PA,E,BGM,ne,41.5184,-76.0165,0.15410,0.63409,0.17613,0.25818,16541,2549,15.77551,1.14296,0.08232,0.67773,1048.5214,184.6761,117.1006,24.70,25902,67600,0.942,0.215,0.135,0.037
26117,Montcalm,MI,E,GRR,cc,43.311,-85.1524,0.10901,0.38171,0.47291,0.26998,12439,1356,6.66133,4.33823,0.10006,0.18578,1867.3636,883.0949,337.0903,36.50,68154,61600,0.920,0.149,0.138,0.043
55133,Waukesha,WI,C,MKX,se,43.0181,-88.3045,0.07764,0.95050,0.23364,0.25834,149468,11605,99.42448,3.00927,0.43893,0.10178,1503.3347,351.2391,333.8534,274.45,412591,99500,1.401,0.479,0.055,0.026
13159,Jasper,GA,E,FFC,cc,33.3165,-83.6881,0.34399,0.35117,0.14314,0.25859,7579,2607,7.83243,0.41612,0.06036,0.66840,967.6127,138.5041,48.6388,17.01,16455,63700,0.876,0.199,0.148,0.029
27125,Red Lake,MN,C,FGF,nw,47.8717,-96.0953,0.20374,0.21639,0.78816,0.32632,1595,325,1.42405,3.86846,0.05133,0.01822,1120.1445,882.8531,191.0373,3.49,3911,74100,0.900,0.176,0.099,0.039
20027,Clay,KS,C,TOP,nc,39.3497,-97.1651,0.07313,0.07004,0.51944,0.13857,1873,137,1.10357,7.10297,0.04945,0.04410,1697.5969,881.7997,61.7602,4.72,8007,59000,0.858,0.234,0.110,0.025
34041,Warren,NJ,E,PHI,nw,40.8574,-74.997,0.07843,0.91729,0.24178,0.25910,78115,6127,83.16448,3.08275,0.16964,0.48396,939.2883,227.1011,208.3172,118.44,111252,97700,1.014,0.364,0.083,0.040
47075,Haywood,TN,C,MEG,we,35.5832,-89.2838,0.08874,0.16630,0.63731,0.21109,6277,557,4.53684,7.18177,0.06707,0.06962,1383.5176,881.7296,146.6358,12.52,17328,46400,0.711,0.131,0.210,0.044
34005,Burlington,NJ,E,PHI,ss,39.8774,-74.6679,0.16294,0.92599,0.11538,0.25917,184206,30015,86.73174,0.70811,0.22967,0.28608,2123.8635,245.0514,226.9140,220.90,469167,100000,1.040,0.420,0.068,0.039
45083,Spartanburg,SC,E,GSP,up,34.9313,-81.9907,0.15448,0.49248,0.22895,0.25922,22042,3405,10.38808,1.48207,0.28558,0.41908,2121.8182,485.7903,239.2411,168.11,356698,58500,0.911,0.257,0.140,0.029
26147,St. Clair,MI,E,DTX,se,42.9425,-82.6823,0.12890,0.60328,0.46648,0.33103,73011,9411,38.64897,3.61893,0.18423,0.19484,1889.0717,881.2142,531.6203,84.63,159874,64900,0.970,0.203,0.117,0.038
29113,Lincoln,MO,C,LSX,ec,39.0581,-90.9602,0.11685,0.25102,0.53154,0.24982,21925,2562,13.22549,4.54891,0.09377,0.31040,1657.8027,881.1884,221.1934,39.03,64699,77900,1.203,0.184,0.084,0.031
5143,Washington,AR,C,TSA,nw,35.98,-94.2147,0.13872,0.65575,0.35572,0.31866,92869,12883,37.50672,2.56430,0.13270,0.49234,2476.0556,880.7825,577.5754,105.63,261549,62100,1.119,0.346,0.135,0.023
46021,Campbell,SD,C,ABR,nc,45.7711,-100.0517,0.00631,0.10605,0.44053,0.06655,1109,7,0.55511,69.81458,0.02887,0.00110,1997.5365,879.9748,93.3196,0.67,1340,65600,0.929,0.295,0.110,0.025
17039,De Witt,IL,C,ILX,cc,40.1746,-88.9041,0.22055,0.35996,0.83788,0.40518,11770,2596,11.21871,3.79905,0.07728,0.05961,1049.1755,879.0832,316.4373,14.64,15365,64300,0.837,0.214,0.108,0.044
39089,Licking,OH,E,ILN,cc,40.0918,-82.4835,0.11124,0.71018,0.49293,0.33895,87246,9705,48.93668,4.43123,0.17473,0.32031,1782.8296,878.8102,624.1175,102.76,183201,76600,1.164,0.293,0.097,0.031
53057,Skagit,WA,P,SEW,nw,48.4794,-121.7285,0.23637,0.92797,0.07989,0.25974,168988,39944,37.14601,0.33799,0.05883,0.67716,4549.2818,363.4421,337.2637,28.89,131417,79100,0.867,0.291,0.097,0.046
26045,Eaton,MI,E,GRR,sc,42.5961,-84.8384,0.16900,0.54037,0.58507,0.37664,17748,2999,11.83575,3.46195,0.15002,0.10564,1499.5585,877.3467,474.0945,72.57,108820,71500,1.068,0.304,0.101,0.036
47155,Sevier,TN,E,MRX,ea,35.7847,-83.5242,0.15707,0.82887,0.13522,0.26014,43915,6898,28.36794,0.86089,0.13528,0.70880,1548.0359,209.3254,173.5026,64.22,99415,59500,0.913,0.214,0.122,0.030
17025,Clay,IL,C,ILX,sc,38.7542,-88.4902,0.08829,0.11505,0.72083,0.19418,838,74,0.68884,8.16434,0.07262,0.16755,1216.8016,877.1071,100.9122,10.68,12999,55300,0.720,0.156,0.149,0.053
27157,Wabasha,MN,C,ARX,se,44.2842,-92.2303,0.55216,0.44397,0.61543,0.53235,22722,12546,15.95585,1.11459,0.06914,0.22306,1424.0396,876.3967,389.0969,15.23,21683,79000,0.959,0.266,0.081,0.027
17023,Clark,IL,C,ILX,ec,39.3335,-87.7878,0.11434,0.30712,0.66987,0.28653,2947,337,2.25430,5.85858,0.08039,0.23164,1307.4469,875.8195,268.9809,11.54,15088,63700,0.829,0.243,0.120,0.046
36001,Albany,NY,E,ALY,ec,42.6002,-73.9735,0.12749,0.78810,0.17576,0.26041,136674,17425,98.97062,1.37862,0.25555,0.47119,1380.9602,242.7176,191.2848,229.30,316659,77000,0.969,0.452,0.129,0.033
47039,Decatur,TN,C,MEG,we,35.603,-88.1088,0.42214,0.18070,0.23154,0.26042,1902,803,2.12928,0.54849,0.06867,0.58437,893.3642,206.8495,37.3778,13.05,11656,52300,0.802,0.150,0.192,0.045
17015,Carroll,IL,C,DVN,nw,42.0688,-89.9345,0.12091,0.29950,0.72604,0.29735,20180,2440,16.73012,6.00480,0.07074,0.12789,1206.2020,875.7509,262.2867,12.87,15526,64200,0.836,0.182,0.129,0.044
31101,Keith,NE,M,LBF,sw,41.1988,-101.6613,0.00269,0.17592,0.30457,0.05243,8907,24,3.09895,113.22305,0.03164,0.00050,2874.3345,875.4361,154.0051,2.82,8113,60600,0.868,0.213,0.112,0.018
31037,Colfax,NE,C,OAX,ne,41.5733,-97.0865,0.08035,0.09514,0.80785,0.18347,946,76,0.87299,10.05414,0.06309,0.01097,1083.4381,875.2555,83.2742,9.75,10566,69500,0.996,0.141,0.097,0.018
55055,Jefferson,WI,C,MKX,se,43.0209,-88.7759,0.31367,0.69969,0.57967,0.50295,80807,25347,53.53643,1.84802,0.12221,0.06201,1509.3924,874.9495,612.1975,56.81,85743,78700,1.108,0.281,0.093,0.028
29171,Putnam,MO,C,EAX,nc,40.4789,-93.0161,0.21921,0.15120,0.64999,0.27826,2395,525,1.77970,2.96515,0.04655,0.26439,1345.7235,874.7068,132.2596,3.45,4638,49500,0.765,0.193,0.153,0.031
29229,Wright,MO,C,SGF,sw,37.2701,-92.4687,0.36179,0.10342,0.49430,0.26446,937,339,0.52955,1.36626,0.05333,0.43894,1769.4232,874.6259,90.4567,10.97,19403,45000,0.695,0.143,0.175,0.035
27079,Le Sueur,MN,C,MPX,sc,44.3714,-93.73,0.09352,0.44944,0.71151,0.31040,13278,1242,10.81865,7.60811,0.08044,0.06689,1227.3636,873.2815,392.4875,23.84,29255,86900,1.055,0.254,0.074,0.039
20175,Seward,KS,C,DDC,sw,37.1933,-100.8513,0.01714,0.11349,0.52638,0.10079,3850,66,2.32064,30.71062,0.05410,0.00000,1659.0243,873.2772,99.1118,12.70,21067,63600,0.924,0.127,0.144,0.025
31127,Nemaha,NE,C,OAX,se,40.3881,-95.8486,0.05603,0.24248,0.81775,0.22314,3819,214,3.57999,14.59486,0.05728,0.06140,1066.8218,872.3935,211.5402,6.63,7076,61900,0.887,0.292,0.118,0.022
29063,DeKalb,MO,C,EAX,nw,39.8932,-94.4047,0.07303,0.12237,0.79080,0.19190,2109,154,1.91213,10.82843,0.06078,0.12202,1102.7701,872.0706,106.7111,8.98,9899,66900,1.032,0.148,0.116,0.029
48313,Madison,TX,C,HGX,se,30.9656,-95.9284,0.12538,0.34769,0.71231,0.31431,4706,590,3.84531,5.68121,0.05929,0.11115,1223.7540,871.6922,303.0759,11.23,13742,53900,0.746,0.145,0.183,0.046
37189,Watauga,NC,E,RNK,nw,36.2313,-81.6969,0.17273,0.94472,0.10998,0.26182,83234,14377,102.77214,0.63672,0.14206,0.73738,809.8895,89.0716,84.1478,67.60,54748,57900,0.857,0.477,0.186,0.030
29105,Laclede,MO,C,SGF,sw,37.6583,-92.5903,0.15049,0.22062,0.43813,0.24411,3119,469,1.56794,2.91136,0.06259,0.49072,1989.3262,871.5835,192.2871,18.44,36680,53200,0.822,0.157,0.170,0.032
48037,Bowie,TX,C,SHV,ne,33.4454,-94.4229,0.05125,0.29767,0.36521,0.17728,15732,806,6.59240,7.12605,0.11469,0.25402,2386.4329,871.5492,259.4378,38.42,91687,52500,0.726,0.221,0.148,0.042
48399,Runnels,TX,C,SJT,wc,31.8311,-99.9762,0.02505,0.26598,0.31761,0.12839,5509,138,2.01209,12.67904,0.03885,0.01676,2737.9532,869.6013,231.2961,3.60,9868,52700,0.730,0.191,0.153,0.039
51730,City of Petersburg,VA,E,AKQ,sc,37.2042,-77.3915,0.02514,0.81831,0.05217,0.10238,2626,66,43.64046,2.07518,0.63306,0.22510,60.1642,3.1388,2.5685,553.64,33309,42400,0.494,0.250,0.212,0.054
37115,Madison,NC,E,GSP,ww,35.8581,-82.7057,0.19256,0.87408,0.10695,0.26208,16098,3100,13.76336,0.55541,0.06858,0.81632,1169.6110,125.0899,109.3389,18.87,22071,54100,0.802,0.315,0.138,0.032
26115,Monroe,MI,E,DTX,se,41.9292,-83.5373,0.02192,0.62462,0.59496,0.20121,80127,1756,54.87907,27.14234,0.22048,0.10038,1460.0737,868.6854,542.6013,106.19,155045,72200,1.078,0.234,0.113,0.042
22073,Ouachita,LA,C,SHV,nc,32.4785,-92.1545,0.28213,0.40060,0.15996,0.26246,17637,4976,10.76355,0.56697,0.18991,0.21542,1638.6297,262.1152,105.0031,96.16,157568,47300,0.853,0.275,0.214,0.038
16057,Latah,ID,P,OTX,pa,46.8161,-116.7117,0.07619,0.53496,0.31094,0.23315,37491,2856,13.44200,4.08111,0.05665,0.41864,2789.0967,867.2417,463.9387,14.81,41301,60100,0.828,0.449,0.143,0.027
40105,Nowata,OK,C,TSA,ne,36.7985,-95.6174,0.30658,0.10183,0.57597,0.26198,359,110,0.23847,1.87869,0.04367,0.15257,1504.5381,866.5688,88.2445,6.27,9438,54300,0.911,0.164,0.174,0.030
29045,Clark,MO,C,DVN,ne,40.4104,-91.7384,0.39355,0.17001,0.65356,0.35231,1024,403,0.77239,1.66068,0.05214,0.23297,1325.7484,866.4561,147.3059,5.01,6641,63200,0.976,0.123,0.145,0.038
39159,Union,OH,E,ILN,cc,40.2995,-83.3715,0.21189,0.47289,0.76500,0.42479,33990,7202,30.03047,3.61036,0.13159,0.09294,1131.8445,865.8610,409.4597,61.53,69637,105000,1.589,0.391,0.054,0.028
1049,DeKalb,AL,C,HUN,ne,34.4598,-85.8041,0.09780,0.44868,0.42922,0.26606,5746,562,2.84930,4.38875,0.11051,0.42480,2016.7488,865.6289,388.3893,35.98,72569,50000,0.838,0.139,0.216,0.023
36071,Orange,NY,E,OKX,se,41.4022,-74.3056,0.13220,0.92041,0.14996,0.26327,152680,20184,70.34393,1.13434,0.21368,0.50525,2170.4814,325.4854,299.5813,187.73,407470,88500,1.114,0.322,0.127,0.034
50023,Washington,VT,E,BTV,cc,44.2734,-72.6149,0.20765,0.94807,0.09272,0.26330,79657,16541,44.22364,0.44652,0.07160,0.77441,1801.2331,167.0103,158.3380,33.39,60142,77400,1.039,0.470,0.086,0.020
42055,Franklin,PA,E,CTP,sc,39.9275,-77.7212,0.10887,0.76514,0.43251,0.33028,118227,12871,59.08133,3.97272,0.15467,0.39841,2001.0890,865.4910,662.2217,78.88,157854,73700,1.027,0.240,0.082,0.029
5137,Stone,AR,C,LZK,nc,35.8599,-92.1567,0.24124,0.46615,0.16258,0.26344,3146,759,1.99299,0.67393,0.04154,0.75668,1578.6239,256.6527,119.6395,8.03,12671,41100,0.740,0.154,0.177,0.041
37105,Lee,NC,E,RAH,cc,35.475,-79.1716,0.21294,0.54767,0.15685,0.26348,4875,1038,7.25856,0.73659,0.19379,0.52725,671.5535,105.3332,57.6875,99.86,67059,58200,0.863,0.216,0.147,0.040
26087,Lapeer,MI,E,DTX,se,43.0901,-83.2218,0.08819,0.66748,0.50388,0.30955,58402,5150,34.00656,5.71357,0.13317,0.18173,1717.3823,865.3546,577.6085,51.81,88977,72700,1.087,0.198,0.094,0.041
50021,Rutland,VT,E,BTV,ss,43.5801,-73.0366,0.18002,0.90281,0.11269,0.26359,122056,21973,49.88716,0.62599,0.06386,0.72757,2446.6461,275.7125,248.9159,24.63,60271,61300,0.822,0.335,0.118,0.024
29079,Grundy,MO,C,EAX,nc,40.114,-93.5653,0.01803,0.05562,0.76133,0.09140,1165,21,1.02695,42.22573,0.05371,0.13697,1134.4316,863.6768,48.0371,8.65,9815,48500,0.748,0.159,0.160,0.031
17049,Effingham,IL,C,ILX,sc,39.0597,-88.5899,0.37127,0.25783,0.69471,0.40514,2532,940,2.03707,1.87117,0.10901,0.19047,1242.8989,863.4543,222.6211,27.62,34331,74800,0.975,0.260,0.098,0.032
39021,Champaign,OH,E,ILN,wc,40.1377,-83.7696,0.12221,0.58344,0.77565,0.38100,10856,1327,9.75360,6.34686,0.09398,0.11704,1113.0210,863.3147,503.6928,34.90,38845,72800,1.106,0.191,0.088,0.032
31121,Merrick,NE,C,GID,cc,41.1698,-98.0376,0.01512,0.11981,0.67194,0.10677,1984,30,1.54822,44.44048,0.06040,0.00193,1281.2957,860.9538,103.1524,6.05,7755,68800,0.985,0.176,0.093,0.020
5095,Monroe,AR,C,LZK,ee,34.6778,-91.2038,0.08948,0.18527,0.53478,0.20697,1598,143,0.99299,5.97653,0.04010,0.01435,1609.3228,860.6336,159.4474,4.05,6512,33100,0.596,0.156,0.263,0.039
48255,Karnes,TX,C,EWX,sc,28.9057,-97.8594,0.10679,0.25691,0.44085,0.22954,3596,384,1.84219,4.12820,0.08259,0.01957,1951.9254,860.5063,221.0731,7.69,15018,61900,0.856,0.160,0.236,0.031
38057,Mercer,ND,C,BIS,sc,47.3092,-101.8315,0.00720,0.18857,0.29850,0.07400,4724,34,1.63951,41.45833,0.03271,0.02025,2881.4102,860.1009,162.1884,2.88,8309,90100,1.230,0.226,0.081,0.026
40039,Custer,OK,C,OUN,ww,35.6389,-99.0015,0.04969,0.17393,0.33131,0.14200,2777,138,1.07026,6.66754,0.06303,0.02171,2595.1073,859.7850,149.5431,10.89,28266,54100,0.906,0.333,0.182,0.028
26023,Branch,MI,E,IWX,sw,41.9161,-85.059,0.45970,0.32432,0.63875,0.45666,5651,2598,4.20028,1.38949,0.09944,0.05341,1345.4945,859.4346,278.7281,33.60,45215,63600,0.951,0.169,0.149,0.039
18025,Crawford,IN,E,LMK,sc,38.2923,-86.4517,0.23704,0.40319,0.19525,0.26524,2054,487,2.56768,0.82370,0.07401,0.70611,800.1360,156.2266,62.9894,13.05,10438,53500,0.802,0.111,0.177,0.036
25015,Hampshire,MA,E,BOX,ww,42.3401,-72.6638,0.20570,0.97560,0.09306,0.26531,420040,86402,297.30103,0.45241,0.13848,0.62877,1412.8428,131.4792,128.2715,115.02,162502,81900,0.866,0.511,0.124,0.029
47173,Union,TN,E,MRX,ea,36.2879,-83.8375,0.22097,0.48544,0.17413,0.26533,7462,1649,11.65974,0.78803,0.09689,0.61097,640.0201,111.4467,54.1011,32.41,20741,51200,0.784,0.145,0.159,0.038
51660,City of Harrisonburg,VA,E,LWX,ww,38.4362,-78.8735,0.01217,1.00000,0.08077,0.09943,24315,296,535.18480,6.63681,0.85379,0.05949,45.4333,3.6696,3.6696,1124.33,51082,56100,0.653,0.367,0.238,0.035
18011,Boone,IN,E,IND,cc,40.0508,-86.4687,0.12216,0.46966,0.78317,0.35551,33662,4112,30.70151,6.41102,0.15515,0.05199,1096.4407,858.6995,403.2950,69.42,76120,103000,1.540,0.505,0.047,0.025
48025,Bee,TX,C,CRP,sc,28.4174,-97.7412,0.31953,0.30388,0.37655,0.33190,10318,3297,4.52566,1.17845,0.04816,0.03455,2279.9795,858.5263,260.8865,13.53,30850,48200,0.667,0.114,0.249,0.051
36065,Oneida,NY,E,BGM,cc,43.2418,-75.4359,0.15372,0.67611,0.26359,0.30146,63121,9703,19.38576,1.71474,0.12228,0.44337,3256.0314,858.2573,580.2732,69.89,227555,63900,0.804,0.278,0.157,0.037
18145,Shelby,IN,E,IND,cc,39.5236,-85.7918,0.08825,0.34300,0.80174,0.28952,2062,182,1.92754,9.08487,0.11826,0.06391,1069.9176,857.7957,294.2272,42.28,45231,66000,0.989,0.194,0.112,0.028
19101,Jefferson,IA,C,DVN,se,41.0318,-91.9489,0.14254,0.27746,0.75663,0.31046,5374,766,4.75186,5.30819,0.07490,0.14780,1130.9493,855.7102,237.4280,13.65,15440,59600,0.855,0.416,0.141,0.027
51015,Augusta,VA,E,LWX,ww,38.1646,-79.1338,0.13087,0.73653,0.33979,0.31995,80545,10541,32.02779,2.59639,0.08632,0.56434,2514.8463,854.5196,629.3811,31.11,78247,77500,0.903,0.233,0.082,0.025
29201,Scott,MO,C,PAH,se,37.053,-89.5686,0.47726,0.34208,0.77393,0.50180,4802,2292,4.35305,1.62161,0.11051,0.07257,1103.2406,853.8310,292.0801,34.34,37889,57700,0.890,0.217,0.151,0.030
47183,Weakley,TN,C,MEG,we,36.2983,-88.7178,0.79869,0.16252,0.56649,0.41895,6194,4947,4.11072,0.70927,0.08916,0.20613,1506.7742,853.5725,138.7213,21.96,33084,49800,0.764,0.216,0.186,0.036
31063,Frontier,NE,C,LBF,sw,40.5301,-100.3942,0.02726,0.06022,0.33578,0.08199,1761,48,0.69379,12.31768,0.02770,0.00093,2538.2182,852.2829,51.3229,1.02,2585,58200,0.834,0.261,0.131,0.020
27169,Winona,MN,C,ARX,se,43.9869,-91.7791,0.05886,0.60606,0.51190,0.26333,18062,1063,10.86882,8.69691,0.07926,0.35538,1661.7974,850.6741,515.5621,29.92,49721,65700,0.798,0.321,0.121,0.023
19059,Dickinson,IA,C,FSD,nw,43.3779,-95.151,0.30007,0.25311,0.81286,0.39523,3989,1197,3.81488,2.70890,0.07972,0.01075,1045.6638,849.9783,215.1363,17.27,18056,75400,1.082,0.323,0.079,0.029
51091,Highland,VA,E,LWX,ww,38.3623,-79.5685,0.15382,0.74053,0.16666,0.26676,16429,2527,15.25076,1.08347,0.02796,0.79196,1077.2317,179.5314,132.9483,2.17,2339,54500,0.635,0.355,0.129,0.023
48423,Smith,TX,C,SHV,ne,32.375,-95.2692,0.07189,0.61552,0.34557,0.24821,37655,2707,15.31176,4.80693,0.17318,0.28380,2459.2060,849.8278,523.0896,99.71,245209,68000,0.940,0.277,0.132,0.036
18095,Madison,IN,E,IND,cc,40.1617,-85.7194,0.03404,0.42151,0.72380,0.21817,19771,673,16.85302,21.26322,0.19720,0.05835,1173.1238,849.1070,357.9037,112.95,132504,58900,0.883,0.201,0.130,0.036
46073,Jerauld,SD,C,FSD,cc,44.0664,-98.6298,0.16129,0.03954,0.61521,0.15772,155,25,0.11237,3.81431,0.03794,0.00408,1379.4018,848.6218,33.5570,1.20,1660,57600,0.815,0.211,0.127,0.017
48041,Brazos,TX,C,HGX,se,30.6611,-96.3023,0.11901,0.69935,0.55458,0.35871,117943,14036,77.15294,4.65994,0.20300,0.13902,1528.6974,847.7850,592.8952,160.07,244703,60400,0.835,0.425,0.237,0.031
36003,Allegany,NY,E,BUF,ww,42.2574,-78.0276,0.14610,0.56014,0.23401,0.26754,35024,5117,13.07195,1.60171,0.07476,0.66701,2679.3496,626.9946,351.2076,17.41,46651,55500,0.698,0.246,0.150,0.043
36051,Livingston,NY,E,BUF,ww,42.728,-77.7754,0.28783,0.76736,0.51098,0.48326,60682,17466,36.58740,1.77528,0.10299,0.32566,1658.5361,847.4788,650.3214,36.87,61158,75100,0.945,0.306,0.113,0.035
37169,Stokes,NC,E,RNK,nc,36.4018,-80.2395,0.15740,0.58209,0.20931,0.26767,18182,2862,15.39736,1.32980,0.11389,0.62326,1180.8797,247.1699,143.8754,38.56,45532,56300,0.833,0.185,0.105,0.031
29031,Cape Girardeau,MO,C,PAH,se,37.3839,-89.6845,0.15277,0.40098,0.55766,0.32447,39713,6067,26.15262,3.65032,0.12323,0.27976,1518.5226,846.8193,339.5586,54.65,82984,64100,0.990,0.339,0.126,0.027
39051,Fulton,OH,E,IWX,nw,41.6018,-84.1301,0.14097,0.39949,0.80156,0.35606,4859,685,4.60608,5.68603,0.11945,0.04999,1054.9257,845.5862,337.7992,39.82,42007,75400,1.146,0.188,0.080,0.035
42059,Greene,PA,E,PBZ,sw,39.8538,-80.2229,0.20569,0.47575,0.19674,0.26802,10607,2182,7.08523,0.95649,0.10028,0.67669,1497.0026,294.5203,140.1177,22.95,34357,63100,0.879,0.211,0.155,0.037
31157,Scotts Bluff,NE,M,CYS,pa,41.8506,-103.708,0.01018,0.39533,0.43789,0.12079,23372,238,12.10413,43.01473,0.08274,0.00886,1930.8901,845.5175,334.2572,18.49,35699,56900,0.814,0.259,0.155,0.026
29199,Scotland,MO,C,DVN,ne,40.4526,-92.1471,0.57413,0.12576,0.74308,0.37716,1937,1112,1.70243,1.29427,0.04959,0.16637,1137.6909,845.3954,106.3145,4.11,4676,55000,0.848,0.145,0.131,0.024
39091,Logan,OH,E,ILN,wc,40.3885,-83.7658,0.21928,0.56882,0.69903,0.44343,27435,6016,22.69470,3.18784,0.11632,0.14669,1208.8842,845.0463,480.6779,38.10,46057,62400,0.949,0.183,0.112,0.030
29025,Caldwell,MO,C,EAX,nc,39.6557,-93.9828,0.22197,0.18107,0.75870,0.31242,1248,277,1.12124,3.41803,0.05958,0.15211,1112.9816,844.4191,152.9012,8.05,8955,56700,0.875,0.184,0.115,0.031
47145,Roane,TN,E,MRX,ea,35.8478,-84.5233,0.29280,0.42321,0.15661,0.26873,19706,5770,19.25502,0.53487,0.15876,0.56758,1023.4189,160.2776,67.8317,54.81,56096,63400,0.972,0.220,0.134,0.036
29071,Franklin,MO,C,LSX,ec,38.4112,-91.075,0.22883,0.52200,0.34998,0.34706,32050,7334,13.29682,1.52943,0.10839,0.50344,2410.3329,843.5683,440.3459,44.14,106404,65800,1.015,0.230,0.098,0.028
1017,Chambers,AL,C,BMX,ec,32.9144,-85.392,0.54877,0.25892,0.13739,0.26926,4743,2603,3.03619,0.25036,0.07828,0.55724,1562.2704,214.6403,55.5740,21.81,34079,45600,0.763,0.146,0.171,0.024
31087,Hitchcock,NE,C,GLD,sw,40.1763,-101.0422,0.01480,0.04398,0.45325,0.06657,473,7,0.25420,30.62500,0.03420,0.00015,1861.0255,843.5098,37.0979,1.37,2552,54500,0.780,0.198,0.142,0.027
29003,Andrew,MO,C,EAX,nw,39.9834,-94.8021,0.12873,0.21866,0.74604,0.27589,1810,233,1.60133,5.79539,0.07194,0.15117,1130.3135,843.2591,184.3874,16.04,18127,72600,1.121,0.269,0.084,0.026
29185,St. Clair,MO,C,SGF,wc,38.0371,-93.776,0.38537,0.32359,0.46343,0.38662,3749,1445,2.06242,1.20256,0.04351,0.40515,1817.9039,842.4712,272.6177,5.36,9752,45200,0.697,0.137,0.182,0.038
19111,Lee,IA,C,DVN,se,40.642,-91.4792,0.16825,0.19777,0.60308,0.27174,3834,645,2.74751,3.58443,0.09138,0.23423,1395.3181,841.4884,166.4184,23.34,32565,59000,0.847,0.210,0.144,0.041
42011,Berks,PA,E,PHI,ee,40.4164,-75.926,0.15657,0.84342,0.37447,0.36705,152511,23879,68.01293,2.39171,0.22585,0.37367,2242.3895,839.7076,708.2282,193.02,432821,72200,1.005,0.272,0.119,0.035
26113,Missaukee,MI,E,APX,nn,44.3373,-85.0947,0.20689,0.46272,0.20482,0.26966,4403,911,2.96300,0.98999,0.04923,0.39694,1486.0968,304.3823,140.8428,10.30,15311,59200,0.885,0.180,0.115,0.048
29019,Boone,MO,C,LSX,cc,38.9907,-92.3096,0.12217,0.54226,0.46874,0.31432,165602,20232,92.51147,3.83678,0.14642,0.34928,1790.0658,839.0754,454.9968,105.84,189463,64000,0.988,0.510,0.144,0.025
45059,Laurens,SC,E,GSP,up,34.4836,-82.006,0.34457,0.29172,0.19574,0.26996,5445,1876,2.90370,0.56807,0.10301,0.57074,1875.0380,367.0199,107.0661,36.73,68873,53800,0.838,0.179,0.167,0.032
19139,Muscatine,IA,C,DVN,ec,41.4839,-91.1127,0.07777,0.50240,0.72132,0.30432,11036,858,9.48912,9.27504,0.10225,0.07136,1163.0550,838.9348,421.4805,36.30,42218,69100,0.991,0.227,0.117,0.032
19087,Henry,IA,C,DVN,se,40.9879,-91.5446,0.08699,0.15518,0.74149,0.21551,1368,119,1.20956,8.52385,0.08171,0.15363,1130.9931,838.6201,130.1380,17.28,19547,63700,0.914,0.225,0.127,0.033
5063,Independence,AR,C,LZK,nc,35.7415,-91.5698,0.08883,0.15639,0.41973,0.17999,1914,170,0.95792,4.72509,0.06328,0.46092,1997.7715,838.5246,131.1391,19.18,38320,57600,1.038,0.169,0.135,0.034
41021,Gilliam,OR,P,PDT,nc,45.378,-120.2109,0.11702,0.11284,0.26450,0.15172,3291,385,1.03909,2.26030,0.02217,0.00302,3167.0473,837.6840,94.5279,0.64,2026,69000,0.913,0.209,0.118,0.042
45005,Allendale,SC,E,CHS,se,32.9881,-81.3581,0.34270,0.29114,0.20004,0.27125,2250,771,2.10539,0.58372,0.05831,0.30274,1068.5898,213.7607,62.2343,6.90,7369,35200,0.549,0.133,0.326,0.053
48073,Cherokee,TX,C,SHV,ne,31.837,-95.1652,0.16440,0.29119,0.30396,0.24413,7713,1268,2.80431,1.84891,0.06115,0.40050,2750.3146,835.9856,243.4271,18.99,52217,50400,0.697,0.185,0.189,0.044
29049,Clinton,MO,C,EAX,nw,39.6018,-94.4046,0.47525,0.25235,0.76185,0.45040,5538,2632,5.04968,1.60305,0.07289,0.13150,1096.7360,835.5483,210.8519,19.65,21548,68300,1.055,0.227,0.097,0.030
39175,Wyandot,OH,E,CLE,nw,40.8424,-83.3044,0.46928,0.38179,0.79118,0.52141,16171,7589,15.31784,1.68594,0.09574,0.09030,1055.7166,835.2619,318.8952,20.32,21457,65600,0.998,0.207,0.088,0.026
55135,Waupaca,WI,C,GRB,ne,44.4704,-88.9648,0.04928,0.33911,0.42007,0.19147,16780,827,8.46575,8.52415,0.09064,0.20407,1982.1365,832.6361,282.3568,25.93,51388,66000,0.928,0.202,0.121,0.030
36013,Chautauqua,NY,E,BUF,ww,42.2282,-79.3664,0.11197,0.70178,0.29613,0.28549,97126,10875,34.56359,2.64473,0.11353,0.50248,2810.0539,832.1413,583.9761,44.44,124891,55600,0.700,0.251,0.167,0.043
40017,Canadian,OK,C,OUN,cc,35.5425,-97.9825,0.01906,0.18007,0.35480,0.10679,6085,116,2.59543,18.61490,0.12342,0.05747,2344.4467,831.8097,149.7854,75.00,175829,81800,1.371,0.318,0.079,0.027
19039,Clarke,IA,C,DMX,sc,41.029,-93.7851,0.21814,0.11026,0.74367,0.26153,2846,621,2.54518,3.40914,0.05840,0.18064,1118.2716,831.6250,91.6982,8.57,9588,65100,0.934,0.160,0.105,0.029
5115,Pope,AR,C,LZK,cc,35.4476,-93.0342,0.25253,0.35765,0.22224,0.27177,18132,4579,8.42671,0.88005,0.07643,0.63546,2151.7752,478.2105,171.0328,30.02,64593,57900,1.043,0.246,0.135,0.039
28143,Tunica,MS,C,MEG,nw,34.652,-90.3755,0.22112,0.15087,0.66711,0.28129,3220,712,2.58534,3.01696,0.05274,0.00080,1245.4855,830.8758,125.3582,7.41,9234,37700,0.714,0.161,0.276,0.035
50007,Chittenden,VT,E,BTV,nw,44.4609,-73.0809,0.12679,0.99026,0.16006,0.27188,245162,31084,152.76446,1.26240,0.13513,0.50934,1604.8337,256.8697,254.3669,105.61,169481,86600,1.161,0.558,0.078,0.016
17065,Hamilton,IL,C,PAH,sc,38.0816,-88.5391,0.13473,0.12108,0.73428,0.22880,1804,243,1.59790,5.45001,0.06949,0.17665,1128.7667,828.8308,100.3541,7.01,7911,57000,0.743,0.185,0.113,0.038
40145,Wagoner,OK,C,TSA,ne,35.9609,-95.5212,0.30636,0.46067,0.54137,0.42433,8496,2603,5.55011,1.76710,0.11303,0.25120,1530.8533,828.7581,381.7864,58.32,89280,73900,1.238,0.269,0.104,0.032
21009,Barren,KY,C,LMK,sc,36.9656,-85.9336,0.27259,0.28507,0.63998,0.36774,10272,2800,7.93341,2.34778,0.09994,0.23297,1294.7470,828.6122,236.2085,34.76,45008,50700,0.855,0.178,0.180,0.044
40041,Delaware,OK,C,TSA,ne,36.4082,-94.8027,0.10123,0.40387,0.40305,0.25447,5897,597,2.87356,3.98153,0.07613,0.43576,2052.2813,827.1720,334.0714,20.32,41703,54800,0.919,0.192,0.210,0.033
19163,Scott,IA,C,DVN,ec,41.6371,-90.6232,0.01225,0.42005,0.68185,0.15195,30250,371,24.94776,55.66122,0.20135,0.04560,1212.5214,826.7577,347.2783,143.73,174270,68600,0.984,0.362,0.110,0.035
51021,Bland,VA,E,RNK,sw,37.134,-81.1302,0.30874,0.37376,0.17543,0.27254,2102,649,2.26235,0.56821,0.03840,0.77070,929.1615,163.0028,60.9240,6.65,6179,55700,0.649,0.154,0.139,0.030
17063,Grundy,IL,C,LOT,ne,41.285,-88.4185,0.05364,0.47620,0.74161,0.26657,13498,724,12.10926,13.82569,0.12665,0.05895,1114.7177,826.6858,393.6716,48.06,53578,93900,1.223,0.242,0.068,0.046
48317,Martin,TX,C,MAF,ww,32.306,-101.9512,0.23812,0.13930,0.34833,0.22607,1705,406,0.71900,1.46283,0.06829,0.00025,2371.3603,826.0159,115.0666,2.20,5216,73300,1.014,0.178,0.119,0.027
1083,Limestone,AL,C,HUN,nc,34.8101,-86.9813,0.40836,0.65192,0.52467,0.51885,42756,17460,27.19507,1.28482,0.14098,0.18164,1572.2140,824.8935,537.7607,72.93,114654,83200,1.393,0.304,0.086,0.021
20169,Saline,KS,C,ICT,cc,38.7839,-97.65,0.02234,0.25164,0.44137,0.13538,6669,149,3.57012,19.75694,0.07913,0.02946,1868.0071,824.4823,207.4700,28.42,53098,57600,0.836,0.291,0.115,0.024
22035,East Carroll,LA,C,JAN,ne,32.7325,-91.235,0.02263,0.09603,0.71924,0.11605,928,21,0.80974,31.78259,0.03586,0.00055,1146.0473,824.2831,79.1536,5.96,6829,30700,0.553,0.110,0.465,0.088
29225,Webster,MO,C,SGF,sw,37.2809,-92.8759,0.40824,0.25377,0.53440,0.38113,1928,787,1.25364,1.30903,0.07504,0.38341,1537.7416,821.7691,208.5386,26.97,41472,59800,0.923,0.186,0.129,0.027
18111,Newton,IN,C,LOT,nw,40.9559,-87.3975,0.27185,0.53075,0.78452,0.48373,26930,7321,25.76295,2.88586,0.07781,0.07694,1045.3112,820.0675,435.2492,13.35,13960,66800,1.001,0.137,0.102,0.039
42091,Montgomery,PA,E,PHI,se,40.2109,-75.3672,0.14613,0.99406,0.14168,0.27404,478080,69862,378.68415,0.96955,0.63420,0.19671,1262.4766,178.8677,177.8043,688.13,868742,107000,1.487,0.523,0.069,0.028
54053,Mason,WV,E,RLX,ww,38.7697,-82.0265,0.23613,0.42745,0.20398,0.27408,7263,1715,6.30582,0.86385,0.07323,0.67492,1151.7934,234.9428,100.4254,21.50,24765,48100,0.889,0.162,0.180,0.046
37061,Duplin,NC,E,MHX,ee,34.9365,-77.9333,0.03033,0.24085,0.38615,0.14129,5375,163,2.53346,12.73162,0.08885,0.22887,2121.6041,819.2574,197.3188,23.34,49520,51300,0.759,0.175,0.198,0.033
34037,Sussex,NJ,E,PHI,nw,41.1395,-74.6902,0.18705,0.95964,0.11490,0.27424,90823,16988,65.42534,0.61427,0.15554,0.56321,1388.1916,159.5032,153.0656,105.27,146132,111000,1.155,0.400,0.054,0.043
39171,Williams,OH,E,IWX,nw,41.5603,-84.5882,0.33339,0.38835,0.74735,0.45909,7457,2486,6.80524,2.24167,0.11507,0.05137,1095.7192,818.8857,318.0111,33.39,36591,61000,0.927,0.142,0.111,0.031
37135,Orange,NC,E,RAH,cc,36.0614,-79.1205,0.10734,0.95800,0.20111,0.27449,285950,30694,275.18575,1.87358,0.17514,0.58180,1039.1168,208.9768,200.2000,144.96,150626,87800,1.300,0.618,0.117,0.029
42007,Beaver,PA,E,PBZ,ww,40.6823,-80.3493,0.15690,0.76004,0.17443,0.27502,27868,4372,24.24278,1.11173,0.23648,0.55715,1149.5271,200.5120,152.3976,144.09,165631,67100,0.935,0.283,0.104,0.041
5007,Benton,AR,C,TSA,nw,36.3392,-94.2573,0.21242,0.76715,0.35909,0.38823,81433,17298,35.71542,1.69047,0.18863,0.39815,2280.0503,818.7433,628.0985,136.41,311013,86400,1.556,0.366,0.078,0.024
55081,Monroe,WI,C,ARX,wc,43.9457,-90.6179,0.47351,0.37115,0.34785,0.39393,9288,4398,3.94850,0.73462,0.08506,0.40774,2352.3146,818.2526,303.6950,19.62,46151,65200,0.918,0.200,0.128,0.027
39101,Marion,OH,E,CLE,nc,40.5873,-83.1609,0.39966,0.54693,0.78108,0.55476,38363,15332,36.64805,1.95436,0.12747,0.07266,1046.7852,817.6230,447.1859,61.95,64851,59000,0.897,0.137,0.160,0.034
28053,Humphreys,MS,C,JAN,cc,33.1287,-90.5265,0.08071,0.17032,0.73089,0.21578,3618,292,3.23999,9.05576,0.04388,0.00022,1116.6716,816.1641,139.0120,6.46,7216,33100,0.628,0.194,0.328,0.066
39149,Shelby,OH,E,ILN,wc,40.3315,-84.2048,0.04970,0.32456,0.76634,0.23122,2797,139,2.62701,15.41932,0.12313,0.09860,1064.6552,815.8879,264.8013,44.86,47765,72500,1.102,0.206,0.104,0.031
51075,Goochland,VA,E,AKQ,cc,37.722,-77.9164,0.16342,0.68414,0.18776,0.27586,13989,2286,18.62366,1.14894,0.10850,0.58290,751.1162,141.0296,96.4840,36.21,27197,114000,1.324,0.470,0.067,0.029
39135,Preble,OH,E,ILN,wc,39.7416,-84.6481,0.16121,0.49777,0.73857,0.38988,31104,5014,28.16912,4.58142,0.10446,0.15009,1104.1914,815.5226,405.9396,36.73,40556,67600,1.028,0.179,0.104,0.031
16067,Minidoka,ID,M,PIH,sc,42.8544,-113.6375,0.05763,0.18764,0.41271,0.16464,4616,266,2.33697,7.16137,0.05196,0.00000,1975.1377,815.1591,152.9570,11.38,22480,60800,0.838,0.168,0.112,0.027
18099,Marshall,IN,E,IWX,nc,41.325,-86.2618,0.18211,0.35959,0.69879,0.35768,4327,788,3.71315,3.83719,0.12478,0.09501,1165.3191,814.3133,292.8224,39.78,46352,70900,1.062,0.204,0.106,0.034
24023,Garrett,MD,E,LWX,ww,39.5286,-79.2739,0.12593,0.99526,0.16836,0.27633,135254,17033,79.62509,1.33693,0.07037,0.69389,1698.6385,285.9828,284.6260,16.73,28423,59100,0.622,0.246,0.108,0.023
16025,Camas,ID,M,BOI,sw,43.4633,-114.8059,0.50339,0.38933,0.10769,0.27635,6937,3492,2.48253,0.21393,0.01321,0.21021,2794.3194,300.9203,117.1558,0.44,1232,73300,1.009,0.274,0.082,0.032
39033,Crawford,OH,E,CLE,nc,40.8509,-82.9197,0.19547,0.54001,0.77939,0.43492,5860,1145,5.61588,3.98726,0.11878,0.08906,1043.4414,813.2478,439.1654,39.80,41529,55900,0.850,0.155,0.124,0.043
39011,Auglaize,OH,E,ILN,wc,40.5609,-84.2217,0.35100,0.32327,0.78110,0.44586,3473,1219,3.33857,2.22536,0.12795,0.07309,1040.2535,812.5420,262.6720,44.27,46050,71700,1.089,0.208,0.085,0.026
42061,Huntingdon,PA,E,CTP,cc,40.417,-77.9812,0.16854,0.78168,0.16094,0.27678,101650,17132,44.14965,0.95491,0.06471,0.74612,2302.4062,370.5493,289.6520,18.90,43514,58200,0.810,0.182,0.130,0.043
28127,Simpson,MS,C,JAN,cc,31.9132,-89.9195,0.52397,0.20478,0.19786,0.27690,2185,1145,1.42838,0.37762,0.07492,0.51106,1529.4247,302.6120,61.9684,16.81,25715,51000,0.966,0.165,0.201,0.030
18053,Grant,IN,E,IWX,cc,40.5158,-85.6548,0.14698,0.33705,0.75543,0.33449,6253,919,5.81974,5.13968,0.14306,0.08485,1074.3936,811.6292,273.5580,61.62,66200,51100,0.765,0.204,0.200,0.035
18027,Daviess,IN,E,IND,sw,38.7024,-87.0721,0.10040,0.23666,0.71733,0.25735,1424,143,1.25889,7.14472,0.10443,0.13089,1131.3839,811.5756,192.0693,29.75,33656,63800,0.955,0.151,0.106,0.024
39027,Clinton,OH,E,ILN,sw,39.415,-83.8084,0.21595,0.52655,0.75960,0.44204,21657,4677,20.28282,3.51748,0.11227,0.11932,1067.7745,811.0815,427.0754,39.28,41938,65900,1.002,0.201,0.125,0.040
31173,Thurston,NE,C,OAX,ne,42.1582,-96.5441,0.06264,0.15702,0.78985,0.19806,830,52,0.80870,12.60936,0.05305,0.08023,1026.4309,810.7264,127.3041,6.39,6557,57100,0.818,0.202,0.196,0.027
18017,Cass,IN,E,IWX,nc,40.7615,-86.346,0.36931,0.17319,0.75363,0.36393,1121,414,1.04316,2.04064,0.10886,0.11377,1074.6171,809.8637,140.2568,35.05,37666,60500,0.905,0.156,0.131,0.037
54029,Hancock,WV,E,PBZ,nn,40.5213,-80.5739,0.23914,0.69939,0.12858,0.27809,1050,251,4.58617,0.53768,0.20835,0.59422,228.8606,29.4269,20.5809,122.98,28145,58100,1.074,0.202,0.141,0.058
48275,Knox,TX,C,OUN,nn,33.6061,-99.7414,0.03067,0.20821,0.36488,0.13257,3097,95,1.39787,11.89697,0.02283,0.04582,2215.6333,808.4403,168.3291,1.49,3302,47200,0.653,0.156,0.205,0.035
19177,Van Buren,IA,C,DVN,se,40.7532,-91.95,0.04584,0.17756,0.63535,0.17293,1942,89,1.52820,13.86017,0.05462,0.27105,1270.5610,807.2509,143.3385,5.72,7266,64600,0.926,0.194,0.148,0.031
37069,Franklin,NC,E,RAH,cc,36.0827,-78.2857,0.15186,0.58386,0.24408,0.27867,27822,4225,21.71917,1.60727,0.11663,0.47666,1281.0097,312.6688,182.5562,60.11,77001,72400,1.073,0.244,0.113,0.035
26149,St. Joseph,MI,E,IWX,sw,41.9145,-85.5278,0.17020,0.53402,0.59785,0.37876,12795,2178,9.48035,3.51263,0.11957,0.11394,1349.5922,806.8537,430.8721,45.11,60878,60500,0.904,0.171,0.117,0.044
39115,Morgan,OH,E,RLX,se,39.6203,-81.8527,0.20044,0.48431,0.22474,0.27942,9110,1826,8.33876,1.12123,0.07099,0.69118,1092.4730,245.5224,118.9080,12.49,13646,58800,0.894,0.142,0.152,0.045
50015,Lamoille,VT,E,BTV,nw,44.6057,-72.6414,0.23627,0.93541,0.09874,0.27945,24303,5742,20.23250,0.41791,0.06023,0.77145,1201.1690,118.6034,110.9433,21.70,26060,65200,0.874,0.438,0.096,0.025
21101,Henderson,KY,C,PAH,nw,37.7961,-87.5729,0.19304,0.32195,0.66659,0.34602,33353,6438,27.56207,3.45312,0.09816,0.10536,1210.0921,806.6353,259.6941,36.46,44119,55500,0.937,0.190,0.132,0.040
28119,Quitman,MS,C,MEG,nw,34.2514,-90.2891,0.76983,0.09838,0.76514,0.38698,1832,1410,1.73950,0.99391,0.05042,0.00149,1052.9283,805.6376,79.2625,5.27,5546,40300,0.763,0.152,0.321,0.048
8115,Sedgwick,CO,M,BOU,ne,40.8758,-102.3518,0.04885,0.17113,0.56576,0.16786,4974,243,3.49442,11.58158,0.04081,0.00000,1423.4025,805.3042,137.8124,1.62,2299,47000,0.527,0.274,0.147,0.031
37089,Henderson,NC,E,GSP,ww,35.3362,-82.4799,0.16160,0.98402,0.13842,0.28025,115128,18605,118.53789,0.85656,0.23098,0.61729,971.2367,134.4386,132.2897,122.76,119230,65300,0.966,0.351,0.106,0.029
20143,Ottawa,KS,C,TOP,nc,39.1326,-97.6503,0.00598,0.14660,0.42982,0.07223,4848,29,2.59276,71.87625,0.04232,0.03025,1869.8355,803.6927,117.8191,3.11,5818,69500,1.010,0.243,0.102,0.023
47001,Anderson,TN,E,MRX,ea,36.1184,-84.1985,0.24568,0.73823,0.12190,0.28066,66917,16440,74.95076,0.49617,0.18073,0.65758,892.8064,108.8331,80.3434,89.87,80234,64600,0.991,0.263,0.144,0.032
10003,New Castle,DE,E,PHI,nn,39.5811,-75.6488,0.11430,0.88849,0.21878,0.28113,235674,26938,205.26073,1.91409,0.44221,0.13017,1148.1676,251.1961,223.1855,503.93,578592,85400,1.043,0.392,0.109,0.039
1079,Lawrence,AL,C,HUN,nw,34.522,-87.311,0.10040,0.42396,0.43125,0.26379,10737,1078,5.77292,4.29532,0.07708,0.34221,1859.8992,802.0815,340.0491,18.01,33502,55500,0.930,0.156,0.142,0.023
18075,Jay,IN,E,IWX,ec,40.438,-85.0057,0.05121,0.21594,0.80659,0.20739,3554,182,3.57495,15.75063,0.09231,0.08768,994.1447,801.8672,173.1520,20.15,20032,57700,0.864,0.127,0.134,0.031
39141,Ross,OH,E,ILN,sc,39.3376,-83.057,0.28474,0.59035,0.44559,0.42153,6695,1906,3.73056,1.56490,0.09763,0.44256,1794.6931,799.6973,472.0997,42.63,76501,60400,0.917,0.171,0.165,0.034
31083,Harlan,NE,C,GID,sc,40.1765,-99.4046,0.00060,0.12729,0.53692,0.03448,4969,3,3.34117,894.86667,0.04678,0.00330,1487.1564,798.4840,101.6387,2.05,3045,62100,0.889,0.242,0.101,0.019
39039,Defiance,OH,E,IWX,nw,41.3239,-84.4906,0.60796,0.25354,0.74396,0.48584,4553,2768,4.24431,1.22370,0.11574,0.08810,1072.7123,798.0550,202.3403,35.72,38315,63900,0.971,0.201,0.089,0.035
17123,Marshall,IL,C,ILX,cc,41.0332,-89.3448,0.12796,0.24615,0.77286,0.28982,7510,961,7.27656,6.03986,0.06400,0.10888,1032.0815,797.6545,196.3394,11.32,11683,69600,0.907,0.187,0.102,0.052
5105,Perry,AR,C,LZK,cc,34.9474,-92.9315,0.45758,0.31646,0.15525,0.28223,2153,985,1.48288,0.33928,0.04897,0.66943,1451.6633,225.3707,71.3213,7.02,10184,56600,1.020,0.171,0.141,0.036
36069,Ontario,NY,E,BUF,ww,42.8529,-77.2998,0.12698,0.81337,0.46492,0.36347,93299,11847,54.38073,3.66136,0.13790,0.30179,1715.6623,797.6457,648.7803,65.57,112494,76600,0.964,0.372,0.082,0.033
17033,Crawford,IL,C,ILX,ec,39.0028,-87.7595,0.25523,0.11299,0.69059,0.27106,1407,359,1.21841,2.70576,0.08072,0.17977,1154.4178,797.2294,90.0799,15.85,18300,66300,0.864,0.206,0.142,0.040
17069,Hardin,IL,C,PAH,ss,37.5182,-88.2669,0.10553,0.85890,0.24822,0.28230,1270,134,2.70017,2.35213,0.05334,0.64213,470.2593,116.7278,100.2570,7.59,3569,46600,0.607,0.122,0.192,0.055
24019,Dorchester,MD,E,AKQ,se,38.51445,-76.07275,0.16736,0.95304,0.14110,0.28233,1352,226,15.15496,0.84309,0.00845,0.00155,1512.2685,213.3811,203.3601,21.74,32879,54200,0.571,0.188,0.157,0.023
48347,Nacogdoches,TX,C,SHV,ee,31.616,-94.6158,0.26137,0.37424,0.23044,0.28248,15101,3947,5.94192,0.88166,0.07340,0.44001,2541.5067,585.6648,219.1781,25.72,65375,51700,0.715,0.265,0.196,0.043
29139,Montgomery,MO,C,LSX,ec,38.9415,-91.4702,0.05923,0.19021,0.56946,0.18581,3866,229,2.76272,9.61438,0.06021,0.34067,1399.3468,796.8720,151.5738,8.19,11459,56500,0.873,0.165,0.147,0.030
42127,Wayne,PA,E,BGM,ne,41.6487,-75.3033,0.22400,0.62826,0.16098,0.28296,25710,5759,13.22662,0.71866,0.08719,0.66443,1943.8102,312.9146,196.5928,26.37,51262,57000,0.794,0.216,0.128,0.039
29129,Mercer,MO,C,EAX,nc,40.4223,-93.5685,0.02128,0.08990,0.67557,0.10892,329,7,0.27907,31.74671,0.04442,0.24555,1178.9161,796.4403,71.5964,2.94,3469,49700,0.767,0.179,0.128,0.028
48187,Guadalupe,TX,C,EWX,sc,29.5831,-97.9484,0.01409,0.55296,0.43005,0.14964,41544,585,22.45708,30.52165,0.15173,0.12706,1849.9406,795.5670,439.9206,101.87,188454,86000,1.190,0.309,0.081,0.034
31167,Stanton,NE,C,OAX,ne,41.9169,-97.1939,0.03797,0.18800,0.71265,0.17199,3319,126,2.97320,18.76876,0.05286,0.01571,1116.2432,795.4907,149.5544,5.25,5856,75100,1.075,0.223,0.072,0.019
31057,Dundy,NE,M,GLD,sw,40.1762,-101.6879,0.00697,0.05631,0.33303,0.05075,1578,11,0.66165,47.78049,0.02538,0.00004,2384.9587,794.2628,44.7262,0.65,1561,58400,0.837,0.233,0.135,0.017
13213,Murray,GA,E,FFC,nw,34.7885,-84.7481,0.18296,0.66558,0.18724,0.28356,16013,2930,17.82290,1.02339,0.10832,0.64470,898.4385,168.2236,111.9662,45.67,41035,62100,0.854,0.137,0.144,0.041
12095,Orange,FL,E,MLB,ec,28.5148,-81.3238,0.29791,0.83656,0.09220,0.28430,508761,151565,195.65003,0.30949,0.43855,0.05419,2600.3632,239.7535,200.5679,565.85,1471416,72100,1.041,0.384,0.124,0.028
29173,Ralls,MO,C,LSX,ne,39.5276,-91.5219,0.03984,0.17622,0.63319,0.16443,929,37,0.74116,15.89332,0.05674,0.25627,1253.0560,793.4225,139.8167,8.37,10489,65000,1.004,0.175,0.100,0.028
48151,Fisher,TX,C,SJT,wc,32.7428,-100.4022,0.08363,0.21440,0.33945,0.18258,4771,399,2.04284,4.05895,0.02506,0.00558,2335.4696,792.7752,169.9716,1.55,3612,57900,0.801,0.182,0.143,0.033
12069,Lake,FL,E,MLB,ec,28.7615,-81.7113,0.14853,0.74249,0.20943,0.28478,127623,18956,42.60833,1.41002,0.19460,0.14953,2995.2693,627.2992,465.7652,141.71,424462,67600,0.976,0.268,0.107,0.031
1077,Lauderdale,AL,C,HUN,nw,34.9015,-87.6543,0.38894,0.42719,0.42502,0.41334,32877,12787,17.66101,1.09276,0.12234,0.31697,1861.5461,791.1943,337.9929,52.01,96814,59000,0.989,0.271,0.136,0.025
18179,Wells,IN,E,IWX,ne,40.7291,-85.2212,0.42386,0.21713,0.82400,0.42328,10690,4531,11.14505,1.94404,0.10061,0.06211,959.1480,790.3380,171.6078,29.77,28555,68900,1.032,0.189,0.086,0.027
48401,Rusk,TX,C,SHV,ne,32.1078,-94.7618,0.23631,0.32216,0.32454,0.29126,5924,1400,2.43625,1.37337,0.07772,0.38489,2431.4820,789.1132,254.2241,21.83,53079,55100,0.762,0.179,0.142,0.041
24021,Frederick,MD,E,LWX,nc,39.4722,-77.3981,0.29895,0.96778,0.45618,0.50914,152911,45713,88.46020,1.52594,0.19483,0.32434,1728.5883,788.5474,763.1390,169.73,293391,117000,1.230,0.449,0.064,0.020
18065,Henry,IN,E,IND,ec,39.931,-85.3964,0.04007,0.40988,0.77034,0.23302,14601,585,14.27412,19.22486,0.12013,0.09675,1022.8712,787.9586,322.9660,47.83,48929,54700,0.819,0.167,0.127,0.034
39083,Knox,OH,E,CLE,nc,40.3988,-82.4216,0.20891,0.66496,0.57421,0.43047,31644,6611,23.07123,2.74860,0.10760,0.30444,1371.5816,787.5759,523.7030,46.17,63320,68300,1.039,0.243,0.114,0.033
39143,Sandusky,OH,E,CLE,nw,41.3565,-83.145,0.13062,0.67041,0.73254,0.40031,43540,5687,40.62065,5.60818,0.14252,0.05981,1071.8752,785.1915,526.4011,54.77,58709,62500,0.950,0.191,0.103,0.035
26073,Isabella,MI,E,GRR,cc,43.6406,-84.8467,0.03851,0.74154,0.52400,0.24642,57888,2229,38.69007,13.60686,0.10887,0.15699,1496.2002,784.0089,581.3768,42.85,64118,54600,0.816,0.308,0.210,0.045
42039,Crawford,PA,E,CLE,nw,41.6848,-80.1063,0.08378,0.63508,0.29123,0.24931,50525,4233,18.79888,3.47613,0.09767,0.49384,2687.6548,782.7257,497.0971,30.51,82001,54800,0.763,0.212,0.126,0.037
27037,Dakota,MN,C,MPX,ec,44.6718,-93.0656,0.13841,0.85010,0.51541,0.39288,160405,22202,105.62435,3.72379,0.31947,0.07024,1518.6352,782.7198,665.3870,294.63,447440,97700,1.187,0.446,0.060,0.026
19117,Lucas,IA,C,DMX,sc,41.0293,-93.3277,0.34681,0.10083,0.69433,0.28957,2209,766,1.96412,2.00205,0.05556,0.20344,1124.5384,780.8007,78.7317,7.78,8747,60200,0.864,0.145,0.137,0.024
40061,Haskell,OK,C,TSA,se,35.2248,-95.1166,0.22521,0.06684,0.48207,0.19361,422,95,0.26047,2.14054,0.04836,0.33568,1619.5118,780.7181,52.1864,7.31,11832,44500,0.747,0.152,0.174,0.048
37193,Wilkes,NC,E,RNK,nw,36.2065,-81.1638,0.21249,0.64370,0.17144,0.28623,24712,5251,12.55875,0.80681,0.10410,0.69522,1967.7461,337.3504,217.1520,33.55,66013,48200,0.714,0.167,0.163,0.037
20043,Doniphan,KS,C,EAX,ne,39.7885,-95.147,0.43250,0.11642,0.75892,0.33682,1126,487,1.09487,1.75473,0.05760,0.15206,1028.4320,780.4976,90.8650,7.29,7493,64600,0.939,0.215,0.123,0.025
6025,Imperial,CA,P,PSR,se,33.0395,-115.3653,0.27010,0.49984,0.17384,0.28631,129271,34916,11.13643,0.64361,0.02908,0.00000,11607.9406,2017.9244,1008.6494,15.43,179057,55500,0.607,0.161,0.173,0.173
18169,Wabash,IN,E,IWX,nc,40.8457,-85.794,0.07817,0.31284,0.71569,0.25963,7011,548,6.42941,9.15556,0.10334,0.14481,1090.4106,780.3960,244.1362,28.13,30670,64000,0.959,0.216,0.118,0.031
40093,Major,OK,C,OUN,nw,36.3116,-98.536,0.03372,0.21264,0.31375,0.13103,1483,50,0.59772,9.30457,0.04470,0.06931,2481.0767,778.4378,165.5308,3.06,7581,63800,1.071,0.180,0.123,0.026
37199,Yancey,NC,E,GSP,ww,35.8989,-82.3076,0.34459,0.92013,0.07430,0.28667,29151,10045,35.94551,0.21562,0.07040,0.84666,810.9679,60.2549,55.4424,23.35,18938,54500,0.807,0.230,0.159,0.031
12001,Alachua,FL,E,JAX,nn,29.6749,-82.3576,0.11807,0.83621,0.24014,0.28728,529952,62571,211.18246,2.03388,0.13552,0.33914,2509.4488,602.6190,503.9172,113.97,285994,58800,0.848,0.477,0.185,0.031
1071,Jackson,AL,C,HUN,ne,34.7794,-85.9993,0.38746,0.51846,0.26651,0.37689,15465,5992,5.29907,0.68784,0.06785,0.58088,2918.3943,777.7813,403.2489,18.32,53467,52000,0.870,0.156,0.160,0.025
40111,Okmulgee,OK,C,TSA,ne,35.6467,-95.9643,0.38485,0.17569,0.42753,0.30691,2258,869,1.24140,1.11090,0.07189,0.37803,1818.9131,777.6399,136.6259,20.36,37035,45800,0.767,0.173,0.193,0.042
40115,Ottawa,OK,C,TSA,ne,36.8355,-94.8105,0.09427,0.29358,0.61829,0.25769,1697,160,1.35194,6.55871,0.08466,0.20801,1255.4756,776.2480,227.8892,24.12,30287,47900,0.803,0.150,0.216,0.030
17201,Winnebago,IL,C,LOT,nc,42.3363,-89.1609,0.12995,0.74956,0.57686,0.38302,61675,8015,45.86137,4.43909,0.28620,0.07497,1344.8170,775.7711,581.4877,208.89,280922,62600,0.815,0.246,0.147,0.062
51079,Greene,VA,E,LWX,cc,38.2977,-78.4669,0.13339,0.76807,0.23375,0.28824,5979,798,14.70604,1.75238,0.09941,0.64993,406.5801,95.0381,72.9956,52.39,21301,82800,0.964,0.285,0.089,0.025
5121,Randolph,AR,C,LZK,ee,36.3415,-91.0278,0.08536,0.23996,0.45623,0.21063,2648,226,1.55807,5.34478,0.04503,0.43061,1699.2294,775.2394,186.0302,11.13,18907,45600,0.822,0.145,0.185,0.035
1111,Randolph,AL,C,BMX,ec,33.2938,-85.4591,0.48664,0.26676,0.18458,0.28830,2770,1348,1.83090,0.37929,0.08279,0.58739,1512.9170,279.2542,74.4948,15.06,22786,49400,0.828,0.205,0.159,0.024
1087,Macon,AL,C,BMX,se,32.386,-85.6926,0.34126,0.41576,0.16933,0.28855,14901,5085,9.38067,0.49619,0.05814,0.48324,1588.4264,268.9682,111.8263,11.56,18370,36600,0.613,0.207,0.288,0.032
19153,Polk,IA,C,DMX,cc,41.6855,-93.5734,0.06929,0.65087,0.50495,0.28345,87765,6081,57.25326,7.28749,0.35495,0.06122,1532.9205,774.0482,503.8014,329.60,505255,77400,1.110,0.395,0.115,0.029
21227,Warren,KY,C,LMK,sc,36.9936,-86.4239,0.09609,0.37298,0.54546,0.26939,15454,1485,10.89492,5.67655,0.15932,0.28395,1418.4252,773.6942,288.5729,100.27,142229,60700,1.024,0.334,0.142,0.039
31049,Deuel,NE,M,LBF,pa,41.1116,-102.3339,0.02580,0.10861,0.67619,0.12374,1163,30,1.01853,26.20891,0.04365,0.00003,1141.8457,772.1046,83.8551,1.64,1871,56100,0.803,0.225,0.119,0.026
39045,Fairfield,OH,E,ILN,cc,39.7516,-82.6305,0.05158,0.66123,0.58609,0.27139,52516,2709,39.86725,11.36274,0.17535,0.22608,1317.2697,772.0386,510.4972,125.53,165360,82400,1.253,0.319,0.084,0.031
21059,Daviess,KY,C,PAH,nw,37.7318,-87.0873,0.05944,0.36183,0.62440,0.23769,5030,299,4.07770,10.50471,0.14867,0.15703,1233.5718,770.2422,278.6957,83.87,103458,65900,1.113,0.252,0.162,0.043
31177,Washington,NE,C,OAX,ec,41.5311,-96.2218,0.22908,0.16243,0.75477,0.30397,8045,1843,7.88801,3.29479,0.08650,0.05302,1019.9275,769.8107,125.0418,20.74,21152,87400,1.251,0.365,0.061,0.021
20045,Douglas,KS,C,TOP,ec,38.8845,-95.2924,0.18368,0.70038,0.62596,0.43183,99504,18277,80.97067,3.40788,0.13463,0.17998,1228.8879,769.2347,538.7546,98.10,120553,67500,0.980,0.520,0.133,0.026
20105,Lincoln,KS,C,ICT,cc,39.0453,-98.2078,0.00523,0.08123,0.41222,0.05595,1339,7,0.71817,78.81836,0.04297,0.01840,1864.4658,768.5701,62.4331,1.57,2920,58000,0.843,0.215,0.118,0.021
22039,Evangeline,LA,C,LCH,cc,30.729,-92.4059,0.15943,0.13809,0.43645,0.21260,2393,382,1.35931,2.73757,0.06597,0.20926,1760.2817,768.2749,106.0905,18.04,31754,40900,0.738,0.126,0.222,0.039
29175,Randolph,MO,C,EAX,nc,39.4402,-92.4971,0.01624,0.13084,0.60810,0.10892,3695,60,2.92592,37.44458,0.07894,0.26971,1262.8498,767.9390,100.4752,19.09,24109,48800,0.753,0.171,0.138,0.035
16069,Nez Perce,ID,P,OTX,nc,46.3268,-116.7502,0.00621,0.22234,0.34517,0.07811,22367,139,10.08411,55.58293,0.05624,0.17148,2217.9999,765.5870,170.2217,19.38,42987,65600,0.903,0.268,0.110,0.028
17145,Perry,IL,C,PAH,sc,38.0838,-89.3671,0.14061,0.30879,0.66142,0.30623,2539,357,2.19407,4.70393,0.08735,0.17071,1157.1719,765.3766,236.3437,17.72,20503,53100,0.691,0.123,0.170,0.053
47147,Robertson,TN,C,OHX,mi,36.5254,-86.8705,0.21157,0.61622,0.62001,0.43238,4802,1016,3.89120,2.93052,0.13363,0.23581,1234.1101,765.1606,471.5064,62.21,76776,77300,1.185,0.211,0.099,0.027
18015,Carroll,IN,E,IND,nc,40.5829,-86.5635,0.11684,0.20599,0.78765,0.26664,1729,202,1.77965,6.74127,0.09274,0.09351,971.3893,765.1148,157.6091,21.13,20525,64700,0.969,0.155,0.092,0.029
6067,Sacramento,CA,P,STO,cc,38.4542,-121.3384,0.12491,0.59888,0.30066,0.28227,415612,51914,163.42398,2.40701,0.35179,0.00104,2543.1526,764.6243,457.9155,622.96,1584288,84000,0.918,0.333,0.119,0.044
55117,Sheboygan,WI,C,MKX,ec,43.7212,-87.9454,0.08846,0.68571,0.57005,0.32579,66172,5854,49.37962,6.44416,0.16848,0.10319,1340.0570,763.8995,523.8099,87.87,117752,65000,0.915,0.273,0.089,0.025
19115,Louisa,IA,C,DVN,se,41.2185,-91.2597,0.81553,0.20125,0.70579,0.48747,8155,6651,7.53896,0.86544,0.06206,0.08722,1081.7701,763.5025,153.6520,9.72,10513,71000,1.018,0.165,0.098,0.032
47167,Tipton,TN,C,MEG,we,35.4966,-89.7594,0.19126,0.17680,0.62077,0.27586,3456,661,2.81125,3.24569,0.09044,0.14659,1229.3457,763.1409,134.9256,50.45,62015,68800,1.054,0.185,0.148,0.038
20177,Shawnee,KS,C,TOP,ec,39.0415,-95.7564,0.20916,0.49815,0.52911,0.38059,44684,9346,31.01627,2.52969,0.19504,0.13407,1440.6672,762.2714,379.7289,123.38,177746,61300,0.890,0.323,0.126,0.027
26075,Jackson,MI,E,GRR,sc,42.2485,-84.4233,0.14485,0.79029,0.40664,0.35973,115767,16769,61.76079,2.80732,0.15861,0.15659,1874.4439,762.2239,602.3761,85.05,159424,61300,0.916,0.230,0.137,0.040
16053,Jerome,ID,M,BOI,sc,42.6898,-114.2641,0.01535,0.23918,0.48938,0.12157,2998,46,1.92578,31.88143,0.06946,0.00000,1556.5648,761.7517,182.1983,16.37,25479,61500,0.847,0.134,0.123,0.031
39109,Miami,OH,E,ILN,wc,40.0534,-84.2289,0.32258,0.51468,0.71752,0.49204,32833,10591,30.97611,2.22432,0.17686,0.09250,1059.9367,760.5258,391.4275,104.61,110876,72900,1.108,0.249,0.096,0.032
26065,Ingham,MI,E,GRR,sc,42.5971,-84.3736,0.05785,0.69990,0.52298,0.27666,105969,6130,72.94559,9.04028,0.22805,0.07482,1452.7154,759.7411,531.7443,195.93,284637,60600,0.905,0.413,0.162,0.039
1089,Madison,AL,C,HUN,nc,34.7631,-86.5502,0.06023,0.68090,0.35995,0.24531,84956,5117,40.35200,5.97626,0.27466,0.26802,2105.3828,757.8325,516.0063,195.97,412600,80400,1.347,0.457,0.105,0.020
36043,Herkimer,NY,E,ALY,ee,43.4196,-74.9626,0.24091,0.67991,0.15151,0.29169,41484,9994,10.98249,0.62891,0.04353,0.65712,3777.3091,572.3001,389.1154,15.75,59484,62200,0.783,0.226,0.141,0.041
1043,Cullman,AL,C,HUN,nc,34.132,-86.8676,0.09343,0.26309,0.38754,0.21198,7910,739,4.04613,4.14792,0.13614,0.41107,1954.9619,757.6259,199.3254,47.07,92016,61800,1.035,0.191,0.155,0.020
19179,Wapello,IA,C,DMX,se,41.0306,-92.4095,0.16008,0.12758,0.67043,0.23924,1599,256,1.41613,4.18809,0.09502,0.19295,1129.2476,757.0815,96.5889,31.14,35166,61600,0.883,0.194,0.138,0.035
13221,Oglethorpe,GA,E,FFC,ne,33.8807,-83.0806,0.23835,0.57901,0.18103,0.29234,7468,1780,6.52119,0.75951,0.05227,0.60707,1145.1812,207.3122,120.0368,13.76,15754,62500,0.859,0.245,0.131,0.028
47059,Greene,TN,E,MRX,ea,36.1754,-82.8458,0.43916,0.57206,0.46747,0.48971,11707,5141,7.24089,1.06446,0.12612,0.39429,1616.7723,755.7925,432.3611,44.89,72577,50400,0.773,0.177,0.148,0.042
29067,Douglas,MO,C,SGF,sw,36.9326,-92.4988,0.38222,0.10497,0.35804,0.24309,1415,541,0.67093,0.93674,0.04322,0.58223,2109.6461,755.3377,79.2863,5.80,12228,43700,0.674,0.155,0.163,0.033
18045,Fountain,IN,E,IND,wc,40.1209,-87.2419,0.30732,0.19224,0.73185,0.35098,1038,319,1.00729,2.38139,0.07559,0.16847,1030.4837,754.1595,144.9785,16.24,16731,64000,0.958,0.137,0.106,0.031
27003,Anoka,MN,C,MPX,ec,45.2732,-93.2464,0.15592,0.90953,0.17782,0.29325,91878,14326,79.50876,1.14046,0.36237,0.13454,1155.5737,205.4841,186.8935,322.30,372441,92200,1.120,0.317,0.065,0.028
18049,Fulton,IN,E,IWX,nc,41.047,-86.2636,0.10563,0.19155,0.78346,0.25121,1127,119,1.17102,7.41702,0.09360,0.06857,962.0836,753.7540,144.3833,21.16,20358,62400,0.935,0.162,0.110,0.035
47021,Cheatham,TN,C,OHX,mi,36.2612,-87.0868,0.14203,0.83306,0.21372,0.29352,13617,1934,17.10952,1.50475,0.11562,0.63038,795.8580,170.0908,141.6955,53.09,42254,78400,1.202,0.251,0.087,0.026
26161,Washtenaw,MI,E,DTX,se,42.2534,-83.8384,0.07560,0.94953,0.40253,0.30686,488060,36897,260.80290,5.32447,0.25770,0.16740,1871.3737,753.2841,715.2679,195.33,365536,80900,1.209,0.581,0.146,0.033
6095,Solano,CA,P,STO,cc,38.2805,-121.9266,0.12003,0.74929,0.34487,0.31419,120626,14479,55.27493,2.87320,0.15271,0.00641,2182.2836,752.6041,563.9200,205.85,449218,92700,1.013,0.284,0.103,0.047
45075,Orangeburg,SC,E,CAE,cc,33.439,-80.8003,0.07201,0.27106,0.25741,0.17127,12346,889,4.22566,3.57464,0.11002,0.21783,2921.6075,752.0510,203.8495,28.35,82820,42200,0.657,0.194,0.217,0.044
42043,Dauphin,PA,E,CTP,sc,40.4155,-76.7793,0.13533,0.76473,0.24517,0.29385,86356,11687,59.80258,1.81165,0.23235,0.45357,1444.0256,354.0318,270.7400,200.30,289234,67800,0.945,0.343,0.129,0.032
48027,Bell,TX,C,FWD,cc,31.0377,-97.4782,0.02473,0.49913,0.26636,0.14870,66080,1634,23.45016,10.77072,0.18235,0.14393,2817.8882,750.5727,374.6300,139.53,393193,62400,0.863,0.272,0.115,0.045
20103,Leavenworth,KS,C,EAX,ne,39.1993,-95.0379,0.07293,0.44648,0.61812,0.27202,22145,1615,18.25496,8.47552,0.11636,0.22794,1213.0833,749.8310,334.7865,68.85,83518,79100,1.150,0.366,0.083,0.027
47103,Lincoln,TN,C,HUN,mi,35.1405,-86.5889,0.09577,0.31016,0.50508,0.24664,13417,1285,9.07842,5.27389,0.08454,0.38523,1477.9002,746.4578,231.5246,24.47,36169,61600,0.944,0.193,0.145,0.032
31181,Webster,NE,C,GID,sc,40.1764,-98.4999,0.00603,0.07310,0.50111,0.06045,996,6,0.66862,83.10282,0.04981,0.01305,1489.1967,746.2514,54.5487,2.25,3351,62700,0.898,0.219,0.125,0.025
55083,Oconto,WI,C,GRB,ne,45.0255,-88.2676,0.03020,0.30328,0.28138,0.13710,16027,484,6.06041,9.31722,0.06946,0.27232,2644.5886,744.1343,225.6803,15.04,39775,68100,0.959,0.187,0.086,0.033
29127,Marion,MO,C,LSX,ne,39.806,-91.6224,0.01381,0.16481,0.64661,0.11375,3114,43,2.70761,46.82187,0.08361,0.22049,1150.1546,743.7015,122.5706,24.64,28336,57600,0.890,0.257,0.124,0.031
18129,Posey,IN,C,PAH,sw,38.0218,-87.8684,0.07219,0.41512,0.68419,0.27370,7813,564,7.19217,9.47763,0.09656,0.11494,1086.2615,743.2093,308.5199,23.05,25040,75900,1.137,0.253,0.093,0.027
17071,Henderson,IL,C,DVN,wc,40.8181,-90.9251,0.34824,0.18945,0.72624,0.36321,1907,664,1.86334,2.08546,0.05878,0.12180,1023.2998,743.1612,140.7953,5.95,6088,61900,0.806,0.192,0.132,0.042
39003,Allen,OH,E,IWX,wc,40.7715,-84.1057,0.18191,0.43858,0.70231,0.38266,20758,3776,19.69459,3.86076,0.19995,0.08150,1053.9814,740.2217,324.6474,95.67,100838,60400,0.918,0.199,0.141,0.037
13055,Chattooga,GA,E,FFC,nw,34.475,-85.3454,0.17614,0.68314,0.21566,0.29606,9549,1682,11.76266,1.22437,0.07682,0.62749,811.8259,175.0784,119.6034,31.07,25222,50700,0.697,0.107,0.207,0.037
55009,Brown,WI,C,GRB,ne,44.4537,-88.0032,0.01319,0.56654,0.52908,0.15812,101743,1342,72.73681,40.11221,0.28027,0.05748,1398.7807,740.0669,419.2795,194.04,271417,72400,1.019,0.324,0.097,0.027
42027,Centre,PA,E,CTP,cc,40.919,-77.8196,0.18457,0.91308,0.15423,0.29622,251045,46335,87.17658,0.83562,0.09015,0.72185,2879.7273,444.1403,405.5340,54.80,157795,67700,0.942,0.465,0.171,0.027
39055,Geauga,OH,E,CLE,ne,41.4995,-81.1786,0.12243,0.93894,0.22631,0.29631,114542,14023,108.28038,1.84848,0.20449,0.49007,1057.8309,239.3977,224.7804,90.19,95407,102000,1.545,0.387,0.063,0.031
22077,Pointe Coupee,LA,C,LIX,se,30.7097,-91.6009,0.10299,0.18881,0.48430,0.21118,1738,179,1.13741,4.70240,0.06249,0.00544,1528.0319,740.0258,139.7239,13.09,20000,56500,1.018,0.155,0.201,0.038
18171,Warren,IN,E,IND,wc,40.3469,-87.3533,0.07889,0.28815,0.77727,0.26046,1242,98,1.30827,9.85258,0.06626,0.13881,949.4842,738.0056,212.6593,8.97,8518,73500,1.101,0.172,0.096,0.029
27087,Mahnomen,MN,C,FGF,nw,47.3252,-95.809,0.03755,0.21413,0.48853,0.15778,1438,54,0.95237,13.01012,0.03588,0.24903,1509.9509,737.6563,157.9580,3.50,5280,52900,0.643,0.143,0.193,0.047
36121,Wyoming,NY,E,BUF,ww,42.7023,-78.2245,0.47696,0.66417,0.47735,0.53276,38203,18221,24.73355,1.00082,0.08241,0.35701,1544.5693,737.3002,489.6907,25.59,39532,65500,0.825,0.182,0.106,0.039
6007,Butte,CA,P,STO,nn,39.6669,-121.6007,0.18163,0.58172,0.24856,0.29724,138589,25172,31.90740,1.36850,0.07938,0.20954,4343.4898,1079.6178,628.0403,47.70,207172,63400,0.692,0.317,0.199,0.052
29089,Howard,MO,C,EAX,cc,39.1428,-92.6958,0.44303,0.25543,0.60455,0.40899,1571,696,1.28891,1.36458,0.04968,0.30021,1218.8599,736.8618,188.2166,8.29,10101,53900,0.831,0.280,0.120,0.031
55011,Buffalo,WI,C,ARX,wc,44.3799,-91.7545,0.05103,0.24312,0.40086,0.17069,8897,454,4.84098,7.85538,0.05209,0.41601,1837.9164,736.7472,179.1170,7.30,13419,64000,0.900,0.221,0.102,0.044
47157,Shelby,TN,C,MEG,we,35.1837,-89.8956,0.22962,0.46826,0.24568,0.29782,177572,40774,87.49833,1.06994,0.46098,0.12091,2029.4361,498.5919,233.4690,448.42,910042,61500,0.942,0.342,0.182,0.043
28049,Hinds,MS,C,JAN,cc,32.2667,-90.4427,0.00425,0.28174,0.32338,0.07289,24702,105,10.86855,76.08941,0.16235,0.36554,2272.8360,734.9897,207.0736,94.54,214870,47500,0.899,0.311,0.210,0.031
18069,Huntington,IN,E,IWX,ne,40.8291,-85.4881,0.02168,0.33873,0.73077,0.17508,17478,379,17.39572,33.70710,0.11412,0.12543,1004.7041,734.2076,248.6949,36.61,36781,59500,0.891,0.231,0.089,0.030
17139,Moultrie,IL,C,ILX,cc,39.6413,-88.6194,0.06904,0.16715,0.82243,0.21172,2231,154,2.50045,11.91237,0.07531,0.06274,892.1186,733.7051,122.6407,16.08,14342,75500,0.984,0.188,0.110,0.036
36077,Otsego,NY,E,BGM,cc,42.6338,-75.0326,0.20279,0.62475,0.27893,0.32816,46451,9420,17.66754,1.37546,0.08014,0.54579,2629.1484,733.3484,458.1582,22.87,60126,69000,0.868,0.339,0.142,0.038
5079,Lincoln,AR,C,LZK,se,33.9575,-91.7333,0.10935,0.12279,0.49211,0.18765,1134,124,0.76522,4.50032,0.04126,0.21110,1481.9287,729.2719,89.5463,8.70,12898,48300,0.870,0.109,0.262,0.040
48055,Caldwell,TX,C,EWX,sc,29.8372,-97.62,0.16096,0.53225,0.51259,0.35281,10041,1616,7.08325,3.18458,0.08863,0.16200,1417.5252,726.6092,386.7403,35.17,49859,60800,0.842,0.164,0.137,0.035
48381,Randall,TX,C,AMA,pa,34.9659,-101.8969,0.00372,0.30097,0.30296,0.06974,26864,100,11.24506,81.44086,0.10106,0.01379,2388.9642,723.7606,217.8337,62.06,148255,77100,1.066,0.321,0.087,0.029
39015,Brown,OH,E,ILN,sw,38.9344,-83.868,0.14589,0.40361,0.56403,0.32144,9103,1328,7.09739,3.86613,0.10151,0.32014,1282.5780,723.4125,291.9786,34.13,43777,64000,0.973,0.158,0.151,0.041
18035,Delaware,IN,E,IND,ec,40.2275,-85.3969,0.11766,0.40928,0.70539,0.32386,19301,2271,18.82116,5.99516,0.19069,0.07788,1025.4947,723.3737,296.0600,109.53,112321,54100,0.810,0.257,0.194,0.038
12111,St. Lucie,FL,E,MLB,ec,27.3764,-80.4836,0.22772,0.49762,0.48497,0.38019,59026,13441,39.57830,2.12968,0.28328,0.01690,1491.3798,723.2745,359.9138,250.50,373586,64000,0.924,0.254,0.104,0.035
39053,Gallia,OH,E,RLX,se,38.8247,-82.3169,0.26192,0.43480,0.23350,0.29848,3566,934,2.92052,0.89149,0.09395,0.64555,1221.0015,285.1039,123.9627,23.74,28986,51400,0.782,0.179,0.174,0.043
51165,Rockingham,VA,E,LWX,ww,38.5122,-78.8758,0.30511,0.82780,0.32718,0.43557,94366,28792,42.69074,1.07233,0.09660,0.56903,2210.4456,723.2136,598.6772,39.16,86568,72900,0.850,0.284,0.101,0.025
18153,Sullivan,IN,E,IND,sw,39.0888,-87.4146,0.31061,0.32929,0.61434,0.39756,15447,4798,13.13658,1.97785,0.09057,0.21577,1175.8976,722.4009,237.8824,17.65,20757,55500,0.831,0.143,0.156,0.038
18103,Miami,IN,E,IWX,nc,40.7695,-86.0451,0.16854,0.31106,0.73878,0.33834,3495,589,3.57555,4.38341,0.11823,0.12366,977.3816,722.0700,224.6073,36.22,35402,60800,0.911,0.161,0.152,0.039
18177,Wayne,IN,E,ILN,ec,39.8644,-85.0099,0.11605,0.54824,0.68895,0.35259,20811,2415,19.87052,5.93667,0.13757,0.16264,1047.3118,721.5455,395.5815,63.14,66127,51600,0.773,0.202,0.173,0.034
20097,Kiowa,KS,C,DDC,sc,37.5582,-99.286,0.01593,0.26520,0.38454,0.11756,2762,44,1.47564,24.13936,0.03588,0.00050,1871.7622,719.7674,190.8841,1.27,2374,61700,0.896,0.276,0.121,0.025
13205,Mitchell,GA,E,TAE,sw,31.2254,-84.1942,0.04472,0.09949,0.54039,0.13397,1006,45,0.75621,12.08386,0.07597,0.23537,1330.7008,719.0974,71.5449,15.87,21114,45300,0.623,0.129,0.238,0.037
5045,Faulkner,AR,C,LZK,cc,35.147,-92.332,0.07177,0.37565,0.41782,0.22417,39181,2812,22.77530,5.82165,0.12931,0.36495,1720.3285,718.7877,270.0140,75.54,129951,63400,1.143,0.332,0.129,0.029
19135,Monroe,IA,C,DMX,sc,41.0297,-92.869,0.14712,0.13680,0.63882,0.23427,1176,173,1.04593,4.34217,0.05534,0.27983,1124.2490,718.1927,98.2495,6.67,7504,66200,0.949,0.200,0.102,0.028
29135,Moniteau,MO,C,LSX,cc,38.6327,-92.583,0.12779,0.25210,0.66204,0.27732,1925,246,1.77468,5.18069,0.05892,0.25839,1084.6842,718.1043,181.0375,14.06,15256,64500,0.996,0.172,0.102,0.026
18001,Adams,IN,E,IWX,ne,40.7456,-84.9366,0.77905,0.15044,0.81367,0.45687,3839,2991,4.36051,1.04444,0.11268,0.05857,880.4713,716.4131,107.7762,41.21,36288,60600,0.908,0.152,0.114,0.027
51121,Montgomery,VA,E,RNK,sw,37.174,-80.3869,0.13915,0.86957,0.22363,0.30022,110624,15393,109.67840,1.60711,0.15725,0.60860,1008.6244,225.5587,196.1402,97.82,98666,69700,0.812,0.484,0.238,0.028
19057,Des Moines,IA,C,DVN,se,40.9232,-91.1815,0.30664,0.12706,0.64309,0.29262,4334,1329,3.89339,2.09721,0.11099,0.17158,1113.1866,715.8792,90.9589,34.36,38253,59700,0.856,0.238,0.143,0.042
51067,Franklin,VA,E,RNK,wc,36.9919,-79.881,0.26507,0.44555,0.22961,0.30043,13943,3696,7.56532,0.86622,0.09194,0.61247,1843.0782,423.1892,188.5500,30.14,55549,68100,0.793,0.243,0.114,0.030
37179,Union,NC,E,GSP,pd,34.9884,-80.5307,0.19288,0.47817,0.43210,0.34157,16109,3107,9.72405,2.24025,0.21729,0.31826,1656.5829,715.8095,342.2783,154.81,256452,95100,1.408,0.390,0.084,0.030
12121,Suwannee,FL,E,JAX,nn,30.1956,-82.9915,0.04071,0.39385,0.39934,0.18569,11346,462,6.33029,9.80938,0.09486,0.31468,1792.2993,715.7368,281.8953,25.74,46130,51300,0.740,0.164,0.173,0.034
47003,Bedford,TN,C,OHX,mi,35.5138,-86.4589,0.19817,0.42187,0.58135,0.36494,5611,1112,4.56273,2.93359,0.10209,0.30520,1229.8292,714.9612,301.6207,43.14,53055,70200,1.076,0.169,0.133,0.033
51061,Fauquier,VA,E,LWX,nn,38.7386,-77.8094,0.35955,0.79524,0.42329,0.49465,70720,25427,41.91570,1.17728,0.08520,0.44526,1687.2073,714.1780,567.9429,44.55,75165,120000,1.401,0.397,0.061,0.025
47097,Lauderdale,TN,C,MEG,we,35.7609,-89.6314,0.58155,0.14645,0.54305,0.35895,4899,2849,3.72869,0.93380,0.05630,0.11589,1313.8653,713.4946,104.4904,18.73,24610,47600,0.729,0.109,0.246,0.051
13169,Jones,GA,E,FFC,cc,33.0251,-83.5605,0.66704,0.45814,0.08937,0.30115,26177,17461,25.55607,0.13398,0.07791,0.70734,1024.2978,91.5415,41.9390,28.28,28969,65500,0.901,0.184,0.127,0.031
51640,City of Galax,VA,E,RNK,sw,36.6663,-80.9173,0.00395,0.80932,0.12585,0.07382,506,2,23.80930,31.86076,0.59842,0.25966,21.2672,2.6765,2.1661,315.84,6717,44700,0.521,0.183,0.208,0.039
18031,Decatur,IN,E,IND,cc,39.3069,-85.5013,0.43844,0.30146,0.73566,0.45984,4443,1948,4.59460,1.67790,0.10107,0.15784,967.0038,711.3860,214.4532,27.30,26399,65800,0.986,0.201,0.106,0.027
48071,Chambers,TX,C,HGX,se,29.739,-94.6073,0.08083,0.57103,0.43621,0.27205,142050,11482,87.10506,5.39663,0.11262,0.01701,1630.7929,711.3682,406.2095,33.04,53876,102000,1.413,0.230,0.086,0.054
26017,Bay,MI,E,DTX,se,43.7072,-83.9921,0.15398,0.52900,0.61218,0.36807,31290,4818,26.97530,3.97571,0.17329,0.05719,1159.9349,710.0889,375.6389,88.37,102500,56400,0.843,0.214,0.128,0.049
17005,Bond,IL,C,LSX,sc,38.8868,-89.4356,0.34385,0.33809,0.71559,0.43654,4141,1424,4.17798,2.08111,0.08314,0.17560,991.2321,709.3158,239.8092,16.60,16450,66100,0.861,0.212,0.136,0.042
39117,Morrow,OH,E,CLE,nc,40.524,-82.7941,0.28270,0.80463,0.67119,0.53447,12608,3564,11.95274,2.37421,0.09898,0.21917,1054.8580,708.0101,569.6873,33.74,35595,71800,1.092,0.182,0.108,0.035
47099,Lawrence,TN,C,OHX,mi,35.2173,-87.3956,0.06988,0.30282,0.44229,0.21074,4880,341,3.04863,6.32928,0.09194,0.42825,1600.7215,707.9831,214.3891,28.81,46114,55600,0.852,0.155,0.149,0.035
17077,Jackson,IL,C,PAH,ss,37.7852,-89.3821,0.15763,0.74722,0.45297,0.37646,48714,7679,31.21430,2.87363,0.09337,0.33928,1560.6253,706.9164,528.2231,33.41,52141,44800,0.583,0.351,0.207,0.044
41071,Yamhill,OR,P,PQR,nw,45.2326,-123.3081,0.26101,0.80922,0.37925,0.43107,32112,8382,17.26151,1.45301,0.08709,0.41832,1860.3505,705.5379,570.9328,58.40,108644,78000,1.031,0.292,0.106,0.035
53013,Columbia,WA,P,PDT,se,46.2976,-117.9079,0.02424,0.16131,0.31154,0.10680,7097,172,3.13670,12.85231,0.02653,0.23999,2262.5909,704.8876,113.7076,1.79,4053,62900,0.690,0.272,0.136,0.044
12083,Marion,FL,E,JAX,nn,29.2103,-82.0567,0.17467,0.67395,0.23703,0.30331,192316,33592,44.64977,1.35702,0.20111,0.37800,4307.2008,1020.9358,688.0638,95.18,409959,54500,0.787,0.224,0.150,0.036
29015,Benton,MO,C,SGF,cc,38.2948,-93.2879,0.33026,0.26642,0.36159,0.31687,10725,3542,5.50298,1.09486,0.05742,0.48535,1948.9243,704.7115,187.7515,10.55,20552,51500,0.795,0.152,0.181,0.043
17101,Lawrence,IL,C,ILX,se,38.72,-87.7266,0.26493,0.16822,0.72727,0.31883,1759,466,1.81596,2.74514,0.08268,0.12039,968.5901,704.4265,118.4953,15.29,14813,57500,0.749,0.146,0.183,0.053
27055,Houston,MN,C,ARX,se,43.6714,-91.4929,0.13172,0.45472,0.47748,0.30581,14154,1864,9.60540,3.62496,0.05795,0.38847,1473.5246,703.5785,319.9301,12.61,18582,76200,0.925,0.280,0.078,0.025
28103,Noxubee,MS,C,JAN,ec,33.1101,-88.5698,0.06588,0.22410,0.38791,0.17891,14116,930,7.78561,5.88813,0.04444,0.24170,1813.1246,703.3292,157.6190,5.47,9914,36600,0.693,0.111,0.289,0.047
36117,Wayne,NY,E,BUF,ww,43.1566,-77.0292,0.34187,0.76491,0.44213,0.48716,81214,27765,51.20664,1.29327,0.12900,0.25565,1586.0041,701.2200,536.3695,57.27,90829,70900,0.892,0.255,0.110,0.034
18113,Noble,IN,E,IWX,ne,41.3986,-85.4174,0.07299,0.46268,0.64778,0.27968,19825,1447,18.32740,8.87491,0.11688,0.10443,1081.6904,700.6974,324.1980,43.85,47430,69600,1.042,0.178,0.106,0.037
20167,Russell,KS,C,ICT,cc,38.9149,-98.7623,0.00412,0.38404,0.30091,0.07809,14808,61,6.35958,73.03641,0.04608,0.00814,2328.3804,700.6329,269.0745,2.89,6723,48800,0.708,0.181,0.131,0.023
22123,West Carroll,LA,C,JAN,ne,32.7885,-91.4567,0.03372,0.11439,0.75046,0.14252,1127,38,1.20775,22.25563,0.05542,0.02979,933.1414,700.2853,80.1022,9.99,9323,41400,0.746,0.141,0.196,0.062
53055,San Juan,WA,P,SEW,nw,48.5786,-122.9627,0.18534,0.99784,0.15310,0.30479,78945,14632,172.59412,0.82605,0.10466,0.63939,457.4015,70.0282,69.8770,40.59,18566,84000,0.921,0.534,0.094,0.034
28051,Holmes,MS,C,JAN,cc,33.1235,-90.0922,0.06289,0.08780,0.35270,0.12488,1113,70,0.56244,5.60820,0.04962,0.38341,1978.8840,697.9524,61.2826,7.97,15777,32000,0.606,0.137,0.356,0.057
18133,Putnam,IN,E,IND,wc,39.6663,-86.845,0.40148,0.49650,0.55802,0.48093,33822,13579,27.06004,1.38991,0.09226,0.33363,1249.8936,697.4656,346.2937,30.06,37567,68300,1.023,0.199,0.108,0.032
17159,Richland,IL,C,ILX,se,38.7124,-88.085,0.07973,0.15308,0.74235,0.20847,740,59,0.78903,9.31080,0.08766,0.13331,937.8604,696.2207,106.5742,16.51,15488,56800,0.741,0.189,0.131,0.042
47055,Giles,TN,C,OHX,mi,35.2022,-87.0348,0.28668,0.44940,0.43923,0.38392,3952,1133,2.49691,1.53213,0.07684,0.46921,1582.8310,695.2269,312.4352,19.41,30721,54700,0.838,0.192,0.153,0.033
26021,Berrien,MI,E,IWX,sw,41.9546,-86.4123,0.14851,0.82332,0.46152,0.38356,132317,19650,88.04934,3.10767,0.22641,0.17712,1502.7580,693.5529,571.0128,101.32,152261,61800,0.923,0.302,0.136,0.042
46053,Gregory,SD,C,FSD,sc,43.1924,-99.1856,0.00646,0.07448,0.25385,0.04962,1083,7,0.39693,39.29567,0.02803,0.06928,2728.7501,692.6932,51.5926,1.47,4018,49200,0.697,0.209,0.145,0.019
39023,Clark,OH,E,ILN,wc,39.9168,-83.7835,0.29374,0.66936,0.66210,0.50682,41360,12149,39.56995,2.25403,0.21248,0.10264,1045.2301,692.0468,463.2318,128.79,134610,57300,0.870,0.185,0.152,0.036
29021,Buchanan,MO,C,EAX,nw,39.6598,-94.8062,0.20898,0.42454,0.64383,0.38512,23914,4998,22.27006,3.08082,0.14213,0.16109,1073.8384,691.3694,293.5112,77.25,82956,56800,0.876,0.233,0.151,0.029
36029,Erie,NY,E,BUF,ww,42.7621,-78.7308,0.04992,0.86384,0.25479,0.22231,287948,14374,106.27377,5.10397,0.32252,0.30581,2709.4927,690.3516,596.3528,349.20,946147,69900,0.880,0.369,0.141,0.038
17017,Cass,IL,C,ILX,wc,39.9736,-90.2474,0.36086,0.27312,0.69325,0.40881,3744,1351,3.76665,1.92111,0.05592,0.14081,993.9358,689.0460,188.1914,12.67,12596,62100,0.810,0.200,0.116,0.044
21093,Hardin,KY,E,LMK,cc,37.6979,-85.9635,0.12489,0.40490,0.42151,0.27726,4820,602,2.95422,3.37505,0.15353,0.39706,1631.7061,687.7804,278.4833,68.81,112273,61900,1.045,0.244,0.142,0.041
47085,Humphreys,TN,C,OHX,mi,36.0408,-87.7757,0.47931,0.35838,0.16848,0.30702,32568,15610,22.58804,0.35151,0.06220,0.66594,1441.8236,242.9184,87.0574,13.32,19209,58900,0.903,0.164,0.147,0.033
39049,Franklin,OH,E,ILN,cc,39.9696,-83.0093,0.13841,0.96987,0.21559,0.30702,440304,60942,312.92723,1.55762,0.68440,0.07599,1407.0486,303.3456,294.2063,942.44,1326063,69800,1.060,0.420,0.151,0.031
47091,Johnson,TN,E,MRX,ea,36.4549,-81.8518,0.30676,0.64956,0.14585,0.30745,5578,1711,7.11472,0.47545,0.06614,0.76542,783.9566,114.3401,74.2704,23.44,18375,45500,0.697,0.157,0.209,0.032
17089,Kane,IL,C,LOT,ne,41.939,-88.4287,0.25013,0.82728,0.50351,0.47055,197690,49448,145.66007,2.01299,0.39847,0.05675,1357.2005,683.3640,565.3360,379.44,514982,93500,1.218,0.375,0.084,0.051
31061,Franklin,NE,C,GID,sc,40.1764,-98.9527,0.06425,0.12959,0.45697,0.15611,638,41,0.42772,7.11237,0.04318,0.00792,1492.0246,681.8105,88.3529,1.89,2825,59400,0.851,0.200,0.126,0.021
36037,Genesee,NY,E,BUF,ww,43.001,-78.1936,0.05058,0.68468,0.53111,0.26397,48338,2445,37.66857,10.50040,0.11023,0.15203,1283.2481,681.5459,466.6406,44.83,57529,69000,0.868,0.236,0.104,0.033
41053,Polk,OR,P,PQR,nw,44.9034,-123.4134,0.15402,0.87357,0.35313,0.36219,93621,14420,48.57354,2.29275,0.06979,0.43731,1927.4079,680.6256,594.5763,46.59,89805,77200,1.020,0.306,0.118,0.038
28095,Monroe,MS,C,MEG,ne,33.8923,-88.4804,0.10251,0.20262,0.34003,0.19186,1112,114,0.55622,3.31704,0.07530,0.26249,1999.4705,679.8800,137.7544,16.81,33609,51800,0.980,0.164,0.173,0.038
51163,Rockbridge,VA,E,RNK,wc,37.8146,-79.4475,0.17786,0.70670,0.23331,0.30838,17659,3141,11.34582,1.31176,0.06983,0.68491,1556.4690,363.1398,256.6295,14.36,22358,64400,0.750,0.315,0.114,0.027
26159,Van Buren,MI,E,GRR,sw,42.2513,-86.0189,0.30897,0.55432,0.42115,0.41627,44583,13775,27.62374,1.36308,0.13269,0.20342,1613.9483,679.7143,376.7808,46.96,75798,61600,0.921,0.229,0.147,0.047
31093,Howard,NE,C,GID,cc,41.22,-98.5171,0.01985,0.10934,0.45483,0.09957,1461,29,0.97957,22.91335,0.04863,0.01059,1491.1464,678.2181,74.1571,4.38,6527,69400,0.994,0.230,0.101,0.019
29039,Cedar,MO,C,SGF,sw,37.7238,-93.8566,0.15624,0.21468,0.52513,0.26019,4411,689,3.41628,3.36105,0.05368,0.36190,1291.1657,678.0298,145.5593,11.36,14672,46000,0.709,0.178,0.150,0.035
20207,Woodson,KS,C,ICT,se,37.8867,-95.7402,0.01387,0.12712,0.51752,0.09699,1586,22,1.21128,37.31218,0.04424,0.10494,1309.1270,677.4994,86.1254,2.38,3115,49500,0.719,0.226,0.139,0.034
51143,Pittsylvania,VA,E,RNK,sc,36.8213,-79.3971,0.10029,0.26819,0.26687,0.19290,4487,450,1.77068,2.66098,0.08531,0.53538,2534.0386,676.2589,181.3673,23.51,59571,49700,0.579,0.154,0.137,0.031
13187,Lumpkin,GA,E,FFC,nc,34.5722,-84.0031,0.46352,0.81674,0.07810,0.30922,9050,4195,12.26268,0.16849,0.09350,0.81088,738.0328,57.6404,47.0770,47.77,35258,71500,0.983,0.315,0.151,0.027
5009,Boone,AR,C,LZK,nc,36.3086,-93.0915,0.36318,0.29236,0.43385,0.35848,3808,1383,2.44303,1.19459,0.07427,0.45265,1558.7170,676.2494,197.7113,24.72,38530,53000,0.955,0.163,0.149,0.031
37145,Person,NC,E,RAH,cc,36.3901,-78.9717,0.19186,0.65866,0.23477,0.30957,35109,6736,33.54745,1.22365,0.10675,0.54481,1046.5476,245.6980,161.8306,37.97,39737,61300,0.908,0.198,0.143,0.035
50001,Addison,VT,E,BTV,cc,44.0306,-73.1407,0.26689,0.92888,0.32295,0.43100,135317,36115,64.63196,1.21005,0.05300,0.49509,2093.6537,676.1455,628.0551,18.02,37720,79500,1.067,0.435,0.087,0.017
1101,Montgomery,AL,C,BMX,sc,32.2202,-86.2076,0.04702,0.37080,0.32620,0.17850,28881,1358,13.94488,6.93747,0.17255,0.24741,2071.1122,675.5968,250.5096,108.63,224980,56900,0.952,0.343,0.183,0.028
17175,Stark,IL,C,ILX,nc,41.0934,-89.7975,0.29275,0.14023,0.90258,0.33338,946,277,1.26682,3.08311,0.05491,0.04047,746.6821,673.9403,94.5094,6.99,5218,59200,0.772,0.193,0.113,0.056
18039,Elkhart,IN,E,IWX,nc,41.5974,-85.8587,0.11565,0.64550,0.55604,0.34624,87837,10158,72.48379,4.80796,0.28882,0.04742,1211.8149,673.8176,434.9505,170.33,206409,63800,0.955,0.197,0.117,0.040
48499,Wood,TX,C,SHV,ne,32.7864,-95.3821,0.21972,0.52971,0.37362,0.35165,17595,3866,9.76490,1.70044,0.08613,0.29216,1801.8393,673.2032,356.6037,26.60,47921,57500,0.796,0.223,0.152,0.044
18071,Jackson,IN,E,IND,sc,38.9064,-86.0376,0.06927,0.44690,0.50568,0.25016,18772,1300,14.11001,7.30013,0.09981,0.32702,1330.4225,672.7680,300.6619,34.92,46460,66100,0.990,0.203,0.101,0.028
27009,Benton,MN,C,MPX,cc,45.6991,-93.9989,0.23062,0.43108,0.62861,0.39684,14552,3356,13.60687,2.72574,0.10101,0.10813,1069.4815,672.2868,289.8070,38.90,41600,71500,0.868,0.245,0.137,0.036
17129,Menard,IL,C,ILX,cc,40.0274,-89.8022,0.29485,0.32705,0.82271,0.42969,33240,9801,40.70007,2.79027,0.06298,0.09260,816.7160,671.9204,219.7546,14.64,11954,78100,1.018,0.265,0.103,0.039
26027,Cass,MI,E,IWX,sw,41.9153,-85.9936,0.09472,0.59004,0.50958,0.30538,15160,1436,11.51157,5.37986,0.11327,0.18993,1316.9587,671.0958,395.9762,39.21,51642,65700,0.982,0.216,0.123,0.044
29059,Dallas,MO,C,SGF,sw,37.6804,-93.0236,0.14909,0.32574,0.47644,0.28495,2352,351,1.67259,3.19565,0.05340,0.46260,1405.9054,669.8296,218.1888,12.64,17768,49800,0.769,0.148,0.159,0.031
5091,Miller,AR,C,SHV,sw,33.3124,-93.8918,0.04606,0.18023,0.40589,0.14992,2128,98,1.29039,8.81220,0.07912,0.26807,1648.7952,669.2295,120.6133,25.72,42415,48700,0.877,0.160,0.215,0.036
39139,Richland,OH,E,CLE,nc,40.7747,-82.5365,0.16124,0.63138,0.51636,0.37460,54410,8773,41.99024,3.20243,0.18540,0.27192,1295.7807,669.0893,422.4491,96.52,125064,54900,0.835,0.179,0.144,0.041
18055,Greene,IN,E,IND,sw,39.0364,-86.962,0.38641,0.41940,0.47284,0.42475,55919,21608,39.54348,1.22367,0.08538,0.40936,1414.1104,668.6480,280.4310,22.06,31196,61700,0.924,0.146,0.119,0.039
36063,Niagara,NY,E,BUF,ww,43.2011,-78.7427,0.11371,0.86626,0.48948,0.36397,60286,6855,44.15261,4.30463,0.20849,0.12992,1365.4035,668.3377,578.9565,153.40,209457,63600,0.800,0.272,0.138,0.041
42009,Bedford,PA,E,CTP,sc,40.0066,-78.4902,0.25680,0.52497,0.22461,0.31169,35130,9021,13.33150,0.87465,0.07366,0.68689,2635.1086,591.8717,310.7140,17.97,47350,55500,0.773,0.163,0.112,0.035
18087,Lagrange,IN,E,IWX,ne,41.6427,-85.4265,0.05917,0.61132,0.66670,0.28891,19992,1183,19.96310,11.26753,0.11008,0.02832,1001.4497,667.6665,408.1562,40.85,40907,81000,1.213,0.111,0.084,0.031
55141,Wood,WI,C,GRB,cc,44.4553,-90.0416,0.03996,0.36729,0.31837,0.16718,20474,818,9.76644,7.96722,0.10297,0.21066,2096.3812,667.4249,245.1408,35.27,73939,64400,0.907,0.214,0.098,0.035
18063,Hendricks,IN,E,IND,cc,39.7695,-86.51,0.09490,0.53415,0.62985,0.31724,47776,4534,45.11853,6.63699,0.25998,0.10506,1058.8983,666.9471,356.2512,176.02,186387,94800,1.419,0.396,0.056,0.027
13247,Rockdale,GA,E,FFC,nc,33.6545,-84.0267,0.48842,0.63060,0.09912,0.31254,18830,9197,55.13894,0.20294,0.40289,0.42675,341.5050,33.8500,21.3459,281.07,95987,72000,0.990,0.291,0.130,0.037
36053,Madison,NY,E,BGM,cc,42.9129,-75.6697,0.22640,0.70729,0.38866,0.39629,41232,9335,24.06787,1.71670,0.10057,0.40567,1713.1673,665.8396,470.9406,39.06,66921,69900,0.879,0.280,0.110,0.037
1011,Bullock,AL,C,BMX,se,32.1005,-85.7161,0.66162,0.23872,0.19389,0.31286,5855,3874,3.61001,0.29305,0.04321,0.49134,1621.9761,314.4849,75.0741,6.10,9897,35800,0.600,0.090,0.336,0.024
5015,Carroll,AR,C,TSA,nw,36.341,-93.5382,0.03051,0.31314,0.40085,0.15645,11540,352,6.97532,13.13832,0.06219,0.51153,1654.4690,663.1939,207.6737,17.42,28814,50400,0.909,0.211,0.148,0.029
17055,Franklin,IL,C,PAH,sc,37.9923,-88.9242,0.03364,0.29928,0.59255,0.18136,7293,245,6.52831,17.61445,0.12206,0.15638,1117.2110,662.0034,198.1211,33.24,37138,49100,0.640,0.171,0.179,0.055
29153,Ozark,MO,C,SGF,sw,36.6493,-92.4446,0.06891,0.15316,0.33794,0.15279,1727,119,0.88309,4.90408,0.04002,0.57843,1955.6428,660.8899,101.2192,4.59,8970,44200,0.683,0.124,0.202,0.047
37151,Randolph,NC,E,RAH,cc,35.7103,-79.806,0.23030,0.54873,0.24435,0.31373,8311,1914,4.06211,1.06101,0.15613,0.52480,2045.9814,499.9356,274.3316,72.07,147458,58000,0.860,0.176,0.155,0.036
18033,De Kalb,IN,E,IWX,ne,41.3976,-84.9991,0.38731,0.45012,0.69911,0.49580,7506,2907,7.96551,1.80504,0.13424,0.09702,942.2622,658.7449,296.5136,46.91,44198,72900,1.092,0.201,0.113,0.030
40135,Sequoyah,OK,C,TSA,ec,35.4953,-94.7549,0.09548,0.30909,0.35538,0.21889,9258,884,5.00081,3.72204,0.06830,0.47264,1851.3906,657.9472,203.3678,21.76,40291,47500,0.796,0.152,0.223,0.037
1069,Houston,AL,C,TAE,se,31.1532,-85.3025,0.03509,0.30903,0.43588,0.16782,12937,454,8.58670,12.42177,0.17122,0.16363,1506.6332,656.7113,202.9413,71.99,108462,56800,0.952,0.228,0.165,0.026
26081,Kent,MI,E,GRR,sw,43.0322,-85.5492,0.04893,0.74954,0.29061,0.22007,242189,11850,107.21580,5.93930,0.34466,0.20612,2258.8911,656.4563,492.0433,292.78,661354,76900,1.149,0.396,0.105,0.032
42029,Chester,PA,E,PHI,se,39.9733,-75.7483,0.28784,0.97388,0.33358,0.45389,474343,136535,241.06364,1.15891,0.34641,0.28428,1967.7103,656.3888,639.2450,279.40,549784,117000,1.634,0.566,0.062,0.026
10001,Kent,DE,E,PHI,cc,39.0867,-75.5688,0.03190,0.70287,0.42645,0.21225,290437,9265,189.11959,13.36834,0.18140,0.05770,1535.7305,654.9123,460.3192,123.58,189789,71900,0.877,0.267,0.117,0.045
47119,Maury,TN,C,OHX,mi,35.617,-87.077,0.09191,0.50395,0.41062,0.26693,7588,697,4.76112,4.46763,0.13429,0.43724,1593.7545,654.4275,329.8013,69.50,110760,70200,1.077,0.265,0.107,0.028
29151,Osage,MO,C,LSX,cc,38.4604,-91.8618,0.25438,0.24262,0.41186,0.29403,1199,305,0.75468,1.61907,0.04778,0.50305,1588.7443,654.3402,158.7566,8.48,13468,69100,1.067,0.248,0.105,0.024
21017,Bourbon,KY,E,LMK,cc,38.2068,-84.2171,0.31337,0.36994,0.86495,0.46458,6861,2150,9.07888,2.76016,0.06852,0.06388,755.7102,653.6515,241.8098,26.64,20134,56900,0.960,0.255,0.142,0.036
29149,Oregon,MO,C,SGF,sc,36.6867,-91.4033,0.18117,0.16444,0.31862,0.21173,8390,1520,4.09202,1.75868,0.03356,0.63148,2050.2999,653.2666,107.4220,4.25,8720,45300,0.699,0.144,0.189,0.035
47093,Knox,TN,E,MRX,ea,35.9932,-83.9371,0.20846,0.78481,0.19305,0.31610,188665,39329,138.53364,0.92608,0.45103,0.30986,1361.8692,262.9088,206.3340,367.63,500669,70000,1.073,0.402,0.138,0.028
51033,Caroline,VA,E,AKQ,nc,38.0272,-77.3475,0.37301,0.60120,0.14089,0.31614,12182,4544,8.72752,0.37771,0.07276,0.56460,1395.8191,196.6570,118.2300,23.38,32640,72200,0.841,0.232,0.093,0.031
54031,Hardy,WV,E,LWX,ee,39.0075,-78.8579,0.41760,0.53806,0.14095,0.31639,11285,4713,7.45495,0.33752,0.04955,0.79488,1513.8237,213.3735,114.8082,9.41,14251,53900,0.996,0.157,0.138,0.043
17169,Schuyler,IL,C,ILX,wc,40.158,-90.6151,0.53677,0.19139,0.57132,0.38862,1550,832,1.35572,1.06437,0.05452,0.33379,1143.3044,653.1927,125.0130,5.89,6733,63000,0.820,0.189,0.137,0.043
16065,Madison,ID,M,PIH,se,43.7842,-111.6594,0.09628,0.34873,0.53241,0.26147,10148,977,8.27675,5.52981,0.06666,0.16715,1226.0557,652.7643,227.6356,44.49,54547,52200,0.719,0.403,0.206,0.022
17035,Cumberland,IL,C,ILX,ec,39.2732,-88.2403,0.07394,0.33590,0.72572,0.26219,1420,105,1.58005,9.81499,0.08057,0.18194,898.7704,652.2557,219.0946,11.42,10261,79100,1.031,0.186,0.112,0.035
42001,Adams,PA,E,CTP,sc,39.8715,-77.2179,0.31308,0.62134,0.48294,0.45460,48997,15340,36.27846,1.54255,0.15711,0.32286,1350.5888,652.2534,405.2685,79.04,106748,76600,1.066,0.248,0.093,0.026
39057,Greene,OH,E,ILN,wc,39.6915,-83.8898,0.28309,0.61272,0.60496,0.47167,65824,18634,61.06933,2.13699,0.24086,0.13841,1077.8639,652.0645,399.5328,157.43,169691,82800,1.258,0.413,0.099,0.032
21225,Union,KY,C,PAH,nw,37.6584,-87.9453,0.19069,0.19246,0.69177,0.29391,2171,414,2.30639,3.62772,0.08112,0.12450,941.3150,651.1735,125.3242,13.92,13106,58200,0.983,0.118,0.145,0.049
18175,Washington,IN,E,LMK,sc,38.6,-86.1053,0.20728,0.26477,0.48446,0.29847,9673,2005,7.22944,2.33723,0.07836,0.41868,1338.0016,648.2083,171.6271,21.08,28205,65300,0.979,0.138,0.130,0.031
55137,Waushara,WI,C,GRB,cc,44.1131,-89.2429,0.08607,0.52676,0.39215,0.26100,14919,1284,9.03754,4.55618,0.07563,0.25132,1650.7490,647.3412,340.9966,15.10,24934,56000,0.788,0.174,0.105,0.035
55035,Eau Claire,WI,C,MPX,wc,44.7268,-91.2861,0.04069,0.53262,0.38725,0.20322,25193,1025,15.07596,9.51708,0.11774,0.31186,1671.0963,647.1320,344.6727,64.57,107903,70600,0.993,0.357,0.108,0.027
18147,Spencer,IN,C,PAH,sw,38.0142,-87.0077,0.13811,0.32691,0.62195,0.30395,9775,1350,9.40607,4.50329,0.10383,0.22433,1039.1950,646.3273,211.2884,19.16,19910,70400,1.055,0.212,0.087,0.029
36075,Oswego,NY,E,BUF,cc,43.4261,-76.1412,0.28161,0.75673,0.15136,0.31832,103507,29149,39.37937,0.53748,0.09769,0.51248,2628.4651,397.8445,301.0624,44.95,118162,59300,0.747,0.219,0.149,0.043
37101,Johnston,NC,E,RAH,cc,35.5176,-78.3657,0.24022,0.59781,0.31297,0.35554,40842,9811,19.81108,1.30285,0.18504,0.23102,2061.5562,645.2052,385.7125,117.37,241955,80600,1.194,0.276,0.108,0.032
55103,Richland,WI,C,ARX,sw,43.3756,-90.4295,0.19966,0.44760,0.42142,0.33520,15140,3023,9.91957,2.11069,0.05999,0.47460,1526.3183,643.2211,287.9035,11.27,17197,67100,0.944,0.207,0.130,0.030
48227,Howard,TX,C,MAF,ww,32.3062,-101.4355,0.01423,0.11598,0.27397,0.07675,1967,28,0.83991,19.25299,0.07717,0.00328,2341.9297,641.6185,74.4132,13.05,30554,59600,0.825,0.153,0.180,0.043
17161,Rock Island,IL,C,DVN,nw,41.4673,-90.5674,0.13995,0.42252,0.54817,0.31884,32089,4491,27.46236,3.91690,0.18864,0.15751,1168.4862,640.5291,270.6369,120.87,141236,62700,0.816,0.241,0.148,0.051
55119,Taylor,WI,C,ARX,nc,45.2115,-90.5012,0.45692,0.23801,0.25120,0.30117,11890,5433,4.66326,0.54977,0.04692,0.37631,2549.8108,640.5125,152.4456,7.87,20058,67500,0.951,0.167,0.113,0.037
39005,Ashland,OH,E,CLE,nc,40.846,-82.2707,0.35226,0.66321,0.57926,0.51341,19633,6916,17.75905,1.64441,0.11922,0.27477,1105.5323,640.3906,424.7124,47.21,52190,62000,0.943,0.221,0.135,0.034
28089,Madison,MS,C,JAN,cc,32.6347,-90.0338,0.04517,0.28117,0.33296,0.16171,19326,873,10.05765,7.37126,0.12289,0.30764,1921.5305,639.7928,179.8903,58.55,112511,80600,1.528,0.489,0.100,0.025
28093,Marshall,MS,C,MEG,nw,34.7623,-89.5031,0.09669,0.15810,0.34799,0.17457,3227,312,1.75539,3.59903,0.07707,0.45533,1838.2972,639.7090,101.1409,18.56,34123,52200,0.988,0.145,0.211,0.036
18183,Whitley,IN,E,IWX,ne,41.1394,-85.5052,0.46238,0.39435,0.72871,0.51029,7883,3645,9.00514,1.57600,0.11599,0.11182,875.4010,637.9135,251.5641,39.69,34742,72400,1.085,0.228,0.085,0.027
53023,Garfield,WA,P,OTX,se,46.4316,-117.5452,0.02607,0.14913,0.34290,0.11006,3337,87,1.79427,13.15305,0.02669,0.12223,1859.8767,637.7517,95.1092,1.27,2363,64400,0.706,0.268,0.141,0.055
55139,Winnebago,WI,C,GRB,ec,44.0689,-88.6446,0.05090,0.66634,0.42530,0.24343,68930,3509,45.99191,8.35560,0.16995,0.02382,1498.7458,637.4166,424.7364,114.59,171735,69900,0.984,0.310,0.103,0.027
38065,Oliver,ND,C,BIS,sc,47.1153,-101.3403,0.00798,0.10166,0.33655,0.06487,1254,10,0.66204,42.17419,0.02830,0.01020,1893.7392,637.3379,64.7946,0.99,1879,79500,1.086,0.205,0.108,0.031
29165,Platte,MO,C,EAX,wc,39.3804,-94.7736,0.06081,0.44862,0.57591,0.25046,25004,1520,22.59846,9.47065,0.16408,0.19543,1106.4649,637.2242,285.8709,101.17,111940,93900,1.450,0.456,0.061,0.026
36067,Onondaga,NY,E,BGM,cc,43.0058,-76.1946,0.12521,0.86690,0.30503,0.32111,177422,22215,85.02651,2.43615,0.26052,0.29731,2086.6674,636.4962,551.7797,224.22,467873,70900,0.893,0.381,0.136,0.035
36115,Washington,NY,E,ALY,ec,43.3137,-73.4307,0.22545,0.78544,0.29035,0.37185,37360,8423,17.05318,1.28787,0.07593,0.54259,2190.8138,636.1028,499.6223,27.41,60047,67000,0.843,0.212,0.115,0.034
48471,Walker,TX,C,HGX,se,30.739,-95.5722,0.01870,0.28562,0.30615,0.11781,15131,283,7.28914,16.37166,0.08376,0.44845,2075.7649,635.4954,181.5074,39.15,81268,53300,0.737,0.214,0.224,0.046
13321,Worth,GA,E,TAE,sc,31.5516,-83.851,0.09878,0.19816,0.42662,0.20288,1043,103,0.70080,4.31889,0.06862,0.25056,1487.8930,634.7649,125.7849,13.63,20273,49000,0.673,0.113,0.214,0.032
40033,Cotton,OK,C,OUN,sw,34.2902,-98.3721,0.04923,0.19478,0.38162,0.15410,2261,111,1.35994,7.75178,0.06262,0.02779,1662.8117,634.5622,123.5981,3.26,5427,51000,0.856,0.209,0.173,0.031
31133,Pawnee,NE,C,OAX,se,40.1314,-96.237,0.01334,0.30207,0.56579,0.13162,3373,45,3.00835,42.41304,0.04887,0.06784,1121.3378,634.4417,191.6449,2.24,2512,55600,0.796,0.204,0.137,0.020
28109,Pearl River,MS,C,LIX,ss,30.7686,-89.5898,0.43412,0.42461,0.17961,0.32110,4517,1961,2.12935,0.41373,0.08700,0.33689,2121.3733,381.0199,161.7830,27.33,57978,55800,1.058,0.160,0.189,0.030
13033,Burke,GA,E,CAE,ec,33.0612,-82.0008,0.19140,0.29179,0.29319,0.25393,6285,1203,2.90619,1.53182,0.06412,0.23585,2162.6906,634.0793,185.0206,11.30,24438,49400,0.680,0.143,0.212,0.055
1061,Geneva,AL,C,TAE,se,31.095,-85.839,0.93306,0.20864,0.42285,0.43501,10218,9534,6.81475,0.45319,0.09199,0.24247,1499.3951,634.0192,132.2807,18.00,26988,51600,0.864,0.133,0.192,0.024
20111,Lyon,KS,C,TOP,ec,38.4563,-96.1527,0.04942,0.25278,0.28621,0.15291,4128,204,1.86384,5.79138,0.06212,0.05899,2214.8935,633.9247,160.2452,14.53,32172,55900,0.812,0.277,0.137,0.026
42125,Washington,PA,E,PBZ,sw,40.1894,-80.2482,0.08321,0.59292,0.28421,0.24114,68577,5706,30.75405,3.41558,0.18629,0.51195,2229.8482,633.7452,375.7602,94.28,210232,70800,0.986,0.328,0.095,0.034
13071,Colquitt,GA,E,TAE,sc,31.1884,-83.7688,0.29348,0.40037,0.43800,0.37197,2883,846,1.99948,1.49244,0.10047,0.21540,1441.7156,631.4714,252.8249,32.02,46167,49200,0.677,0.157,0.234,0.028
21027,Breckinridge,KY,C,LMK,cc,37.7732,-86.4293,0.08991,0.18865,0.41502,0.19165,941,85,0.62016,4.61595,0.06286,0.49333,1516.6573,629.4431,118.7468,13.93,21124,52400,0.884,0.149,0.165,0.049
18141,St. Joseph,IN,E,IWX,nc,41.6167,-86.2898,0.05399,0.53819,0.52678,0.24829,59574,3216,49.89713,9.75699,0.30094,0.09938,1193.9423,628.9449,338.4950,228.53,272848,61000,0.914,0.326,0.142,0.039
39041,Delaware,OH,E,ILN,cc,40.2785,-83.0052,0.09511,0.85867,0.53227,0.35161,134107,12755,113.55516,5.59636,0.26021,0.16481,1180.9822,628.6014,539.7631,196.14,231636,122000,1.847,0.580,0.050,0.028
31085,Hayes,NE,C,LBF,sw,40.5248,-101.0618,0.23209,0.07218,0.33996,0.17858,362,84,0.19588,1.46478,0.02490,0.00010,1847.6729,628.1349,45.3418,0.46,846,60100,0.861,0.159,0.135,0.016
17133,Monroe,IL,C,LSX,sw,38.2785,-90.1774,0.12360,0.61622,0.60942,0.35938,13657,1688,13.25817,4.93058,0.10165,0.20679,1030.0916,627.7584,386.8363,33.94,34957,100000,1.309,0.382,0.049,0.031
21211,Shelby,KY,E,LMK,cc,38.2155,-85.1948,0.25900,0.47196,0.62827,0.42506,9803,2539,9.81473,2.42575,0.10487,0.26103,998.8213,627.5295,296.1688,49.57,49515,81800,1.381,0.310,0.116,0.035
36017,Chenango,NY,E,BGM,cc,42.4936,-75.6115,0.10020,0.69708,0.26954,0.26603,27594,2765,11.85536,2.69002,0.07354,0.60073,2327.5719,627.3737,437.3280,19.73,45920,60800,0.765,0.192,0.143,0.035
28125,Sharkey,MS,C,JAN,wc,32.8797,-90.8132,0.16431,0.18668,0.55659,0.25750,1241,204,1.10131,3.38744,0.03173,0.00009,1126.5068,627.0024,117.0514,2.96,3336,36400,0.689,0.154,0.345,0.062
31125,Nance,NE,C,GID,cc,41.3973,-97.9923,0.02586,0.13860,0.53950,0.12458,696,18,0.59976,20.86234,0.04224,0.02241,1160.4617,626.0691,86.7716,2.82,3274,62900,0.900,0.184,0.113,0.021
39007,Ashtabula,OH,E,CLE,ne,41.7074,-80.7485,0.08374,0.61536,0.33852,0.25935,34319,2874,18.67272,4.04251,0.13530,0.38719,1837.9184,622.1721,382.8588,52.69,96845,52500,0.798,0.160,0.178,0.040
29043,Christian,MO,C,SGF,sw,36.9696,-93.1889,0.07576,0.43097,0.42335,0.23999,16473,1248,11.27660,5.58804,0.10582,0.46352,1460.7688,618.4165,266.5180,64.64,94422,73600,1.136,0.326,0.074,0.025
42049,Erie,PA,E,CLE,nw,41.9917,-80.0322,0.05166,0.60392,0.29679,0.20999,121378,6270,58.28320,5.74506,0.18898,0.41952,2082.5636,618.0841,373.2710,128.48,267571,56500,0.787,0.296,0.145,0.038
21219,Todd,KY,C,PAH,sc,36.8356,-87.1791,0.33679,0.40501,0.63176,0.44170,3395,1143,3.47777,1.87583,0.07062,0.28607,976.3124,616.7951,249.8075,12.80,12494,53300,0.899,0.159,0.163,0.038
29157,Perry,MO,C,PAH,se,37.7071,-89.8244,0.05698,0.28796,0.49044,0.20039,3370,192,2.68612,8.60723,0.07842,0.39168,1254.4721,615.2433,177.1633,15.11,18950,63100,0.974,0.221,0.100,0.025
37191,Wayne,NC,E,RAH,cc,35.3638,-78.004,0.10054,0.46677,0.42658,0.27153,16948,1704,11.75496,4.24289,0.17089,0.13305,1441.7750,615.0324,287.0803,82.32,118686,55600,0.824,0.213,0.171,0.037
45007,Anderson,SC,E,GSP,up,34.5191,-82.6379,0.12843,0.46989,0.31255,0.26619,52659,6763,26.84314,2.43362,0.21492,0.36923,1961.7433,613.1429,288.1074,108.62,213076,62700,0.976,0.264,0.135,0.028
42085,Mercer,PA,E,PBZ,nw,41.3022,-80.2577,0.06741,0.66043,0.34665,0.24897,34681,2338,19.61712,5.14241,0.14766,0.45377,1767.9178,612.8487,404.7466,61.37,108503,57700,0.804,0.251,0.126,0.038
37147,Pitt,NC,E,MHX,ee,35.5935,-77.3748,0.16245,0.56998,0.36063,0.32202,22529,3660,13.29129,2.21994,0.15037,0.16575,1695.0466,611.2847,348.4216,103.31,175119,57300,0.849,0.339,0.194,0.039
17093,Kendall,IL,C,LOT,ne,41.5906,-88.4289,0.07255,0.68171,0.73140,0.33072,52336,3797,62.63571,10.08132,0.20249,0.04488,835.5613,611.1295,416.6156,167.52,139976,103000,1.336,0.364,0.051,0.038
26015,Barry,MI,E,GRR,sw,42.595,-85.309,0.07863,0.75593,0.40866,0.28961,65685,5165,43.95722,5.19725,0.10686,0.28197,1494.2844,610.6543,461.6148,42.70,63808,71200,1.063,0.243,0.083,0.035
55061,Kewaunee,WI,C,GRB,ne,44.5161,-87.6154,0.17127,0.48734,0.68399,0.38505,13108,2245,14.72533,3.99364,0.09417,0.04481,890.1817,608.8754,296.7267,23.24,20690,73700,1.038,0.206,0.087,0.025
17165,Saline,IL,C,PAH,ss,37.7533,-88.5408,0.22402,0.49888,0.60624,0.40767,19481,4364,19.43629,2.70619,0.09645,0.21724,1002.2858,607.6257,303.1339,22.82,22873,51000,0.664,0.202,0.185,0.050
28017,Chickasaw,MS,C,MEG,ne,33.9208,-88.9479,0.14495,0.09736,0.46518,0.18724,821,119,0.62859,3.20924,0.06095,0.28133,1306.0935,607.5686,59.1538,12.91,16866,43800,0.829,0.124,0.196,0.042
5049,Fulton,AR,C,LZK,nc,36.3817,-91.8183,0.09504,0.19774,0.37637,0.19196,2578,245,1.60456,3.96012,0.04594,0.54800,1606.5416,604.6541,119.5669,7.73,12421,42600,0.767,0.157,0.175,0.038
47189,Wilson,TN,C,OHX,mi,36.1549,-86.2976,0.19795,0.66382,0.40029,0.37468,22360,4426,14.80410,2.02218,0.18301,0.38677,1510.3603,604.5821,401.3342,108.37,163674,88500,1.356,0.372,0.066,0.027
5087,Madison,AR,C,TSA,nw,36.011,-93.7246,0.12307,0.53236,0.27795,0.26309,3453,425,1.59282,2.25847,0.04223,0.66708,2168.0277,602.6033,320.8001,8.20,17775,51200,0.923,0.128,0.148,0.026
51520,City of Bristol,VA,E,MRX,sw,36.6181,-82.1606,0.00326,1.00000,0.05831,0.05750,2764,9,80.82130,17.88650,0.75953,0.16755,34.2046,1.9945,1.9945,491.37,16807,43100,0.502,0.239,0.218,0.037
5083,Logan,AR,C,LZK,ww,35.2153,-93.7163,0.13986,0.21224,0.31738,0.21120,3332,466,1.75849,2.26927,0.05346,0.56058,1894.8112,601.3752,127.6361,11.29,21400,48500,0.874,0.155,0.166,0.040
16061,Lewis,ID,P,OTX,nc,46.237,-116.4262,0.00795,0.17177,0.48336,0.08707,1635,13,1.31604,60.80000,0.04071,0.21060,1242.7115,600.6770,103.1807,3.01,3739,55100,0.759,0.200,0.135,0.034
39151,Stark,OH,E,CLE,ne,40.8138,-81.3659,0.12345,0.84674,0.39879,0.34673,111661,13785,74.21775,3.23038,0.35976,0.20736,1504.5033,599.9809,508.0305,247.73,372716,64600,0.981,0.250,0.123,0.037
47079,Henry,TN,C,MEG,we,36.3317,-88.3013,0.10321,0.19641,0.38949,0.19912,20589,2125,13.39463,3.77376,0.08223,0.38011,1537.1080,598.6882,117.5862,21.18,32554,51200,0.785,0.186,0.183,0.038
18005,Bartholomew,IN,E,IND,cc,39.2059,-85.8977,0.05969,0.31637,0.56268,0.21985,3870,231,3.64987,9.42670,0.14985,0.25843,1060.2648,596.5898,188.7448,79.23,84003,68900,1.032,0.354,0.100,0.028
18121,Parke,IN,E,IND,wc,39.7736,-87.2063,0.03089,0.27892,0.50987,0.16378,5438,168,4.66515,16.50599,0.06971,0.38612,1165.6711,594.3407,165.7739,14.14,16484,64700,0.969,0.142,0.152,0.033
18159,Tipton,IN,E,IND,cc,40.3114,-86.0519,0.15645,0.20158,0.88133,0.30292,256,40,0.37915,5.63330,0.09302,0.01186,674.3073,594.2873,119.7974,22.62,15256,65000,0.974,0.249,0.090,0.030
40091,McIntosh,OK,C,TSA,se,35.3737,-95.6668,0.10363,0.17251,0.32163,0.17915,1206,125,0.65368,3.10364,0.05755,0.38634,1845.1982,593.4711,102.3807,10.62,19603,43700,0.733,0.144,0.192,0.054
21151,Madison,KY,E,LMK,cc,37.7202,-84.278,0.19383,0.67670,0.51663,0.40769,38736,7508,33.75161,2.66538,0.14463,0.32915,1147.6806,592.9262,401.2313,84.29,96735,61000,1.030,0.342,0.138,0.039
36073,Orleans,NY,E,BUF,ww,43.2522,-78.2312,0.14710,0.80602,0.58224,0.41022,34670,5100,34.04850,3.95812,0.09756,0.14107,1018.2643,592.8742,477.8676,38.42,39124,62900,0.792,0.175,0.117,0.040
51011,Appomattox,VA,E,RNK,cc,37.3722,-78.8121,0.43917,0.36459,0.22577,0.33065,3910,1717,4.51022,0.51408,0.06815,0.56644,866.8358,195.7055,71.3525,19.45,16864,62400,0.727,0.205,0.114,0.036
21199,Pulaski,KY,E,JKL,sc,37.1039,-84.5771,0.35428,0.57828,0.33662,0.41009,19273,6828,10.99243,0.95015,0.11493,0.51401,1753.3026,590.1967,341.2969,37.75,66191,46400,0.783,0.179,0.170,0.048
48057,Calhoun,TX,C,CRP,so,28.4909,-96.6495,0.07394,0.45500,0.42127,0.24200,31071,2297,22.20774,5.69746,0.06173,0.00602,1399.1049,589.4009,268.1756,14.08,19696,62700,0.868,0.169,0.146,0.033
17059,Gallatin,IL,C,PAH,ss,37.7628,-88.2305,0.25856,0.39232,0.69227,0.41257,1918,496,2.25524,2.67741,0.05601,0.15413,850.6133,588.8541,231.0200,5.49,4670,51400,0.669,0.153,0.175,0.054
20053,Ellsworth,KS,C,ICT,cc,38.6966,-98.2048,0.01571,0.36876,0.31388,0.12206,9356,147,4.99335,19.97963,0.04839,0.01906,1873.7101,588.1201,216.8724,3.39,6357,63600,0.925,0.221,0.123,0.024
1103,Morgan,AL,C,HUN,nc,34.4535,-86.8529,0.13869,0.40251,0.37849,0.27646,23007,3191,14.82842,2.72904,0.16960,0.33617,1551.5717,587.2544,236.3774,80.65,125133,62300,1.043,0.232,0.120,0.020
29125,Maries,MO,C,SGF,cc,38.1616,-91.9249,0.25630,0.19080,0.42761,0.27550,1151,295,0.83854,1.66840,0.03949,0.50931,1372.6034,586.9389,111.9866,6.14,8430,54800,0.846,0.160,0.118,0.032
1085,Lowndes,AL,C,BMX,sc,32.1548,-86.6501,0.09908,0.23292,0.31242,0.19319,3846,381,2.04786,3.15321,0.04260,0.41707,1877.8442,586.6761,136.6496,5.17,9717,42300,0.708,0.139,0.294,0.046
53011,Clark,WA,P,PQR,sw,45.7793,-122.4826,0.22546,0.83492,0.19434,0.33197,233953,52747,137.64640,0.86197,0.26185,0.37965,1699.6651,330.3129,275.7863,306.62,521150,91100,0.999,0.330,0.075,0.043
21107,Hopkins,KY,C,PAH,nw,37.3088,-87.541,0.25415,0.22879,0.40834,0.28742,12937,3288,9.01048,1.60669,0.10356,0.35400,1435.7727,586.2834,134.1336,31.29,44929,52200,0.881,0.166,0.160,0.044
28137,Tate,MS,C,MEG,nw,34.6503,-89.9448,0.46577,0.13894,0.55093,0.32913,2366,1102,2.22359,1.18284,0.07242,0.27718,1064.0430,586.2132,81.4488,26.56,28261,58600,1.111,0.209,0.151,0.033
1095,Marshall,AL,C,HUN,ne,34.3669,-86.3066,0.03695,0.31501,0.36280,0.16163,16969,627,10.51428,9.81867,0.13732,0.38209,1613.9013,585.5234,184.4452,62.43,100756,53400,0.894,0.213,0.165,0.021
26049,Genesee,MI,E,DTX,se,43.0217,-83.7067,0.04458,0.62488,0.34800,0.21323,59382,2647,35.30998,7.80619,0.36400,0.17483,1681.7283,585.2414,365.7048,238.76,401522,57400,0.858,0.228,0.179,0.050
5047,Franklin,AR,C,TSA,wc,35.5123,-93.8906,0.16714,0.28849,0.36336,0.25973,3721,622,2.31883,2.17399,0.05252,0.54185,1604.8718,583.1462,168.2325,10.88,17468,48200,0.869,0.132,0.190,0.032
31097,Johnson,NE,C,OAX,se,40.3926,-96.2649,0.04590,0.18183,0.59732,0.17083,2135,98,2.18770,13.01351,0.05426,0.05562,975.9864,582.9762,106.0041,5.33,5198,60500,0.867,0.190,0.129,0.031
18059,Hancock,IN,E,IND,cc,39.8235,-85.7732,0.17896,0.60627,0.73356,0.43015,26514,4745,33.37627,4.09902,0.19730,0.05774,794.3999,582.7400,353.3007,108.47,86166,87800,1.316,0.342,0.057,0.028
27019,Carver,MN,C,MPX,ec,44.8208,-93.8025,0.24902,0.71593,0.59675,0.47384,58251,14506,59.79287,2.39639,0.17003,0.08078,974.2097,581.3596,416.2107,114.00,111057,118000,1.428,0.505,0.046,0.024
18037,Dubois,IN,E,LMK,sc,38.3643,-86.8798,0.15321,0.29315,0.51323,0.28460,2917,447,2.58826,3.34985,0.11867,0.32658,1127.2025,578.5141,169.5894,38.63,43546,71200,1.066,0.243,0.077,0.025
47149,Rutherford,TN,C,OHX,mi,35.8427,-86.4167,0.14226,0.69973,0.35789,0.32904,64544,9182,39.93038,2.51575,0.26249,0.35319,1616.4162,578.4992,404.7945,227.11,367101,77300,1.185,0.344,0.091,0.026
29141,Morgan,MO,C,SGF,cc,38.4239,-92.8861,0.21014,0.17397,0.36374,0.23692,1242,261,0.78116,1.73094,0.06426,0.52863,1589.9477,578.3276,100.6141,13.82,21970,51700,0.798,0.149,0.149,0.037
42087,Mifflin,PA,E,CTP,cc,40.6104,-77.6171,0.22018,0.69614,0.24566,0.33517,14856,3271,13.83788,1.11572,0.09368,0.64593,1073.5920,263.7386,183.5985,42.77,45922,57100,0.795,0.132,0.152,0.035
40021,Cherokee,OK,C,TSA,ec,35.9066,-94.9997,0.14956,0.36124,0.28759,0.24953,12945,1936,6.43797,1.92291,0.06512,0.58599,2010.6857,578.2531,208.8876,23.96,48185,49400,0.828,0.294,0.187,0.035
51065,Fluvanna,VA,E,AKQ,cc,37.8418,-78.2774,0.38513,0.59866,0.16379,0.33550,18343,7064,24.40485,0.42528,0.08030,0.62439,751.5978,123.1042,73.6979,37.87,28462,88200,1.027,0.356,0.076,0.025
17007,Boone,IL,C,LOT,nc,42.3231,-88.8234,0.30963,0.64873,0.78994,0.54138,12276,3801,16.80979,2.55124,0.14071,0.04415,730.3118,576.9025,374.2534,72.85,53202,83700,1.091,0.232,0.108,0.070
47113,Madison,TN,C,MEG,we,35.6082,-88.8385,0.30082,0.28544,0.39864,0.32469,8796,2646,6.07943,1.32518,0.15106,0.33632,1446.8460,576.7707,164.6332,68.56,99193,57100,0.875,0.260,0.186,0.033
31007,Banner,NE,M,CYS,pa,41.546,-103.7104,0.06500,0.21900,0.29834,0.16194,1092,71,0.56506,4.58985,0.01988,0.01472,1933.1365,576.7319,126.3031,0.35,674,66600,0.954,0.326,0.116,0.029
40103,Noble,OK,C,OUN,nn,36.3886,-97.2306,0.01397,0.26305,0.29976,0.10328,6442,90,3.34990,21.45741,0.05730,0.07250,1922.9246,576.4159,151.6256,5.63,10832,61400,1.030,0.203,0.133,0.026
47165,Sumner,TN,C,OHX,mi,36.4694,-86.4603,0.09676,0.50986,0.40977,0.27241,23646,2288,16.81054,4.23491,0.21528,0.34262,1406.6254,576.3929,293.8781,147.87,207994,87500,1.341,0.326,0.089,0.026
24013,Carroll,MD,E,LWX,nc,39.5631,-77.0228,0.16031,0.87147,0.49185,0.40959,69867,11200,59.63997,3.06812,0.21783,0.26535,1171.4723,576.1887,502.1336,150.78,176639,105000,1.107,0.397,0.064,0.017
29055,Crawford,MO,C,LSX,ec,37.9764,-91.304,0.59466,0.28352,0.22826,0.33762,7656,4553,3.97386,0.38385,0.05358,0.69481,1926.7091,439.7906,124.6914,11.79,22719,52500,0.811,0.128,0.147,0.034
29017,Bollinger,MO,C,PAH,se,37.3222,-90.0259,0.33052,0.17144,0.35795,0.27272,12541,4145,7.79485,1.08299,0.04056,0.56745,1608.8830,575.8997,98.7320,6.55,10544,53900,0.833,0.142,0.146,0.030
18021,Clay,IN,E,IND,wc,39.3928,-87.1158,0.36027,0.36121,0.61589,0.43115,4580,1650,4.90670,1.70952,0.09978,0.25870,933.3916,574.8666,207.6494,28.35,26460,59100,0.885,0.170,0.126,0.034
29197,Schuyler,MO,C,EAX,ne,40.4703,-92.5209,0.42499,0.16338,0.71984,0.36836,520,221,0.65156,1.69378,0.05204,0.19743,798.1043,574.5074,93.8630,5.08,4053,49500,0.764,0.106,0.145,0.039
37013,Beaufort,NC,E,MHX,ee,35.4947,-76.8631,0.01282,0.38855,0.26642,0.10989,23090,296,10.70933,20.78159,0.06846,0.27974,2156.0794,574.4227,223.1941,20.63,44481,54400,0.806,0.206,0.193,0.040
18137,Ripley,IN,E,ILN,se,39.1034,-85.2624,0.12145,0.56739,0.49455,0.32421,4331,526,3.73367,4.07205,0.09016,0.39430,1159.9861,573.6711,325.4973,25.20,29227,63600,0.952,0.194,0.103,0.035
55015,Calumet,WI,C,GRB,ec,44.0817,-88.218,0.10032,0.58366,0.55625,0.31935,29636,2973,28.82085,5.54476,0.10682,0.03006,1028.2970,571.9902,333.8475,51.74,53199,85600,1.205,0.325,0.046,0.024
31073,Gosper,NE,C,GID,sc,40.5148,-99.8307,0.00214,0.09733,0.47585,0.04628,1403,3,1.17071,222.35981,0.04065,0.00007,1198.6050,570.3562,55.5102,1.54,1847,67700,0.969,0.288,0.089,0.022
47017,Carroll,TN,C,MEG,we,35.9731,-88.4503,0.03151,0.16127,0.36703,0.12309,3078,97,1.98129,11.64805,0.08254,0.43209,1553.7244,570.2635,91.9641,18.57,28860,52700,0.808,0.189,0.174,0.041
24031,Montgomery,MD,E,LWX,cc,39.1363,-77.2041,0.18400,0.99338,0.21645,0.34075,707999,130272,539.10250,1.17636,0.46616,0.25940,1313.2915,284.2619,282.3797,805.97,1058474,118000,1.243,0.603,0.072,0.019
42115,Susquehanna,PA,E,BGM,ne,41.8214,-75.8008,0.27219,0.60777,0.24037,0.34132,50104,13638,23.24078,0.88310,0.08732,0.61709,2155.8644,518.2051,314.9485,17.68,38109,63400,0.883,0.198,0.120,0.032
37033,Caswell,NC,E,RNK,nc,36.3934,-79.3337,0.39433,0.47580,0.21201,0.34136,6424,2533,5.78912,0.53765,0.07329,0.62389,1109.5878,235.2437,111.9284,20.55,22807,54200,0.803,0.160,0.165,0.036
17083,Jersey,IL,C,LSX,sw,39.0856,-90.3566,0.02308,0.26540,0.58314,0.15286,10884,251,11.14947,25.26603,0.07945,0.29064,976.2123,569.2684,151.0825,21.60,21091,72400,0.943,0.205,0.108,0.039
39119,Muskingum,OH,E,PBZ,ec,39.9654,-81.9444,0.20751,0.47692,0.32675,0.31859,33970,7049,19.50065,1.57462,0.12501,0.52278,1742.0063,569.2006,271.4604,49.54,86305,58800,0.894,0.203,0.173,0.038
54077,Preston,WV,E,PBZ,ne,39.4693,-79.6681,0.29707,0.76929,0.17489,0.34190,42343,12579,25.09674,0.58872,0.06268,0.72936,1687.2063,295.0755,226.9974,20.21,34099,56000,1.035,0.179,0.173,0.039
18067,Howard,IN,E,IND,cc,40.4836,-86.117,0.06324,0.22584,0.74628,0.22007,3400,215,4.46484,11.80076,0.18673,0.04803,761.4037,568.2204,128.3268,110.10,83831,57000,0.853,0.200,0.127,0.050
39075,Holmes,OH,E,CLE,ne,40.5612,-81.9294,0.21167,0.71487,0.51465,0.42704,32928,6970,29.98437,2.43138,0.10169,0.36674,1098.1561,565.1660,404.0221,40.42,44386,75200,1.143,0.110,0.088,0.028
18127,Porter,IN,C,LOT,nw,41.4605,-87.0672,0.02060,0.44193,0.51949,0.16785,128208,2641,117.87182,25.21796,0.26164,0.11023,1087.6895,565.0438,249.7118,161.20,175335,84400,1.263,0.301,0.093,0.037
1009,Blount,AL,C,BMX,cc,33.9809,-86.5674,0.14688,0.51525,0.33454,0.29364,5399,793,3.20398,2.27764,0.10464,0.51025,1685.0488,563.7162,290.4530,35.50,59816,60600,1.014,0.156,0.128,0.021
28081,Lee,MS,C,MEG,ne,34.2899,-88.6804,0.44980,0.24051,0.47974,0.37301,4273,1922,3.64081,1.06656,0.18595,0.23957,1173.6391,563.0416,135.4146,70.55,82799,58300,1.104,0.287,0.135,0.028
5029,Conway,AR,C,LZK,cc,35.2622,-92.7014,0.08629,0.30849,0.38155,0.21656,6733,581,4.58804,4.42172,0.06872,0.43378,1467.5271,559.9350,172.7332,14.36,21077,52400,0.944,0.182,0.171,0.038
12085,Martin,FL,E,MLB,ec,27.0844,-80.3893,0.13299,0.72803,0.38673,0.33455,61641,8198,42.65986,2.90796,0.19078,0.02425,1444.9477,558.8046,406.8265,113.02,163315,80700,1.164,0.366,0.131,0.029
29183,St. Charles,MO,C,LSX,ec,38.7819,-90.6752,0.05835,0.74180,0.36379,0.25065,149380,8716,97.31122,6.23462,0.28851,0.20365,1535.0730,558.4442,414.2547,271.43,416659,98900,1.527,0.424,0.055,0.025
21183,Ohio,KY,C,LMK,cc,37.4783,-86.849,0.07454,0.16876,0.36089,0.16558,1575,117,1.01937,4.84156,0.07098,0.50740,1545.4927,557.7529,94.1265,15.29,23626,50300,0.849,0.142,0.160,0.056
13099,Early,GA,E,TAE,sw,31.3228,-84.9037,0.39743,0.26136,0.41695,0.35118,5133,2040,3.83900,1.04912,0.05837,0.24739,1337.0683,557.4906,145.7076,7.90,10563,43400,0.597,0.161,0.255,0.039
26077,Kalamazoo,MI,E,GRR,sw,42.2454,-85.5311,0.05114,0.83636,0.36985,0.25103,133544,6829,88.87537,7.23211,0.24716,0.20295,1502.5958,555.7351,464.7966,174.51,262215,69700,1.041,0.408,0.130,0.037
39029,Columbiana,OH,E,PBZ,ec,40.7686,-80.7775,0.21741,0.53569,0.40017,0.35987,21464,4666,15.48371,1.84062,0.15783,0.42200,1386.2354,554.7298,297.1622,72.27,100182,54200,0.823,0.160,0.157,0.042
42065,Jefferson,PA,E,PBZ,wc,41.1281,-78.9995,0.41562,0.45343,0.21964,0.34592,17131,7120,10.06963,0.52846,0.08410,0.65774,1701.2606,373.6649,169.4304,25.64,43612,54200,0.756,0.175,0.188,0.038
42041,Cumberland,PA,E,CTP,sc,40.1637,-77.2651,0.07067,0.91189,0.38820,0.29247,134855,9530,94.46381,5.49314,0.24622,0.34363,1427.5820,554.1873,505.3571,189.65,270738,81300,1.132,0.396,0.082,0.027
5057,Hempstead,AR,C,SHV,sw,33.7354,-93.6684,0.08415,0.31609,0.28853,0.19725,4753,400,2.47571,3.42876,0.05993,0.41684,1920.0265,553.9852,175.1095,10.07,19343,46400,0.836,0.146,0.166,0.034
16047,Gooding,ID,M,BOI,sc,42.9706,-114.8124,0.09219,0.39353,0.29261,0.21978,9263,854,4.89556,3.17399,0.05102,0.00006,1892.1804,553.6709,217.8869,8.49,16061,59800,0.824,0.171,0.128,0.030
36055,Monroe,NY,E,BUF,ww,43.1464,-77.6958,0.12248,0.88697,0.32079,0.32664,420523,51506,243.68578,2.61912,0.40850,0.15132,1725.6788,553.5805,491.0089,433.73,748482,68200,0.858,0.412,0.131,0.037
13161,Jeff Davis,GA,E,JAX,se,31.8056,-82.637,0.85505,0.20062,0.24328,0.34686,5344,4569,6.15097,0.28452,0.07939,0.28751,868.7341,211.3456,42.4010,17.16,14906,46100,0.634,0.115,0.197,0.043
29131,Miller,MO,C,SGF,cc,38.2145,-92.4284,0.45655,0.20477,0.35544,0.32150,2381,1087,1.53206,0.77853,0.06723,0.54298,1554.0581,552.3744,113.1122,16.47,25590,61700,0.953,0.210,0.144,0.031
37083,Halifax,NC,E,RAH,cc,36.2575,-77.6519,0.10967,0.27239,0.29121,0.20566,7021,770,3.70700,2.65533,0.07849,0.34961,1893.9635,551.5411,150.2327,24.97,47298,44800,0.664,0.155,0.255,0.052
47177,Warren,TN,C,OHX,mi,35.6787,-85.7785,0.22181,0.50302,0.48965,0.37945,11509,2553,10.23704,2.20752,0.10527,0.36737,1124.2180,550.4733,276.9011,37.93,42638,52500,0.805,0.151,0.176,0.041
13093,Dooly,GA,E,FFC,cc,32.1572,-83.7987,0.48240,0.19416,0.53484,0.36863,4304,2076,4.18579,1.10871,0.07540,0.16282,1028.3383,549.9965,106.7869,10.68,10981,46200,0.635,0.134,0.225,0.038
48365,Panola,TX,C,SHV,ne,32.1624,-94.3056,0.19238,0.26664,0.25850,0.23669,3702,712,1.74003,1.34369,0.07559,0.37929,2127.4857,549.9551,146.6411,10.73,22838,59800,0.827,0.179,0.136,0.045
21085,Grayson,KY,C,LMK,cc,37.4608,-86.3439,0.20201,0.21882,0.41475,0.26368,2193,443,1.65832,2.05312,0.07938,0.48507,1322.4253,548.4759,120.0152,20.28,26825,52100,0.880,0.146,0.178,0.046
37065,Edgecombe,NC,E,RAH,cc,35.9129,-77.5971,0.18166,0.45368,0.41690,0.32510,11516,2092,8.77818,2.29495,0.09312,0.18215,1311.9094,546.9350,248.1347,37.22,48832,48800,0.722,0.167,0.226,0.057
51117,Mecklenburg,VA,E,AKQ,sc,36.6804,-78.3627,0.52709,0.39374,0.20279,0.34784,27327,14404,15.53242,0.38474,0.07944,0.49522,1759.3613,356.7809,140.4789,17.42,30648,52100,0.607,0.212,0.146,0.036
13031,Bulloch,GA,E,CHS,se,32.3969,-81.7432,0.17115,0.43070,0.30640,0.28267,13801,2362,7.73498,1.79024,0.10335,0.17675,1784.2161,546.6838,235.4548,47.26,84327,49500,0.680,0.308,0.237,0.034
50013,Grand Isle,VT,E,BTV,nw,44.7968,-73.2948,0.21777,0.98480,0.19698,0.34828,24366,5306,48.35305,0.90453,0.05182,0.06344,503.9093,99.2601,97.7516,14.82,7467,76300,1.023,0.432,0.087,0.021
29047,Clay,MO,C,EAX,wc,39.3105,-94.4208,0.23510,0.60743,0.51444,0.41882,44470,10455,41.99509,2.18818,0.28782,0.14154,1058.9346,544.7583,330.9022,245.31,259772,78900,1.218,0.360,0.078,0.027
36057,Montgomery,NY,E,ALY,ee,42.9023,-74.4397,0.17511,0.77238,0.51196,0.41064,27909,4887,26.26243,2.92365,0.11120,0.29362,1062.7036,544.0617,420.2205,46.46,49368,58200,0.732,0.205,0.158,0.046
29095,Jackson,MO,C,EAX,wc,39.0085,-94.3461,0.05300,0.53122,0.34042,0.21242,81279,4308,50.91781,6.42302,0.43589,0.17727,1596.2781,543.4050,288.6700,450.15,718560,62500,0.965,0.335,0.120,0.034
51141,Patrick,VA,E,RNK,sw,36.6784,-80.2843,0.66523,0.42000,0.15408,0.35047,7344,4885,5.83593,0.23162,0.06970,0.73422,1258.4310,193.8990,81.4370,13.91,17509,49300,0.575,0.152,0.144,0.035
48449,Titus,TX,C,SHV,ne,33.2166,-94.9657,0.09798,0.29158,0.49230,0.24138,6726,659,6.09920,5.02449,0.08296,0.16240,1102.7136,542.8659,158.2882,28.44,31357,58400,0.808,0.154,0.157,0.042
18167,Vigo,IN,E,IND,wc,39.4306,-87.39,0.06708,0.46983,0.50834,0.25209,35005,2348,32.92855,7.57812,0.19303,0.22977,1063.0602,540.3960,253.8953,99.86,106153,52300,0.783,0.259,0.202,0.038
28033,DeSoto,MS,C,MEG,nw,34.8754,-89.9918,0.11151,0.29651,0.41986,0.24034,9237,1030,7.17820,3.76522,0.24238,0.19337,1286.8003,540.2760,160.1976,150.18,193247,80000,1.515,0.283,0.092,0.028
48459,Upshur,TX,C,SHV,ne,32.7363,-94.9414,0.10882,0.26091,0.35122,0.21524,2858,311,1.86200,3.22753,0.07568,0.37754,1534.8264,539.0617,140.6454,28.20,43281,59700,0.826,0.175,0.139,0.042
29065,Dent,MO,C,SGF,sc,37.6066,-91.5079,0.12845,0.18422,0.27555,0.18682,2390,307,1.22298,2.14519,0.04334,0.67148,1954.2502,538.4936,99.2000,7.49,14647,52900,0.817,0.181,0.175,0.035
51107,Loudoun,VA,E,LWX,nn,39.0907,-77.6357,0.12929,0.93372,0.39831,0.36364,216649,28011,160.53485,3.08075,0.27319,0.30175,1349.5471,537.5381,501.9085,323.33,436347,168000,1.953,0.640,0.041,0.025
31077,Greeley,NE,C,GID,cc,41.5675,-98.5212,0.04120,0.03596,0.36292,0.08131,388,16,0.26272,8.80874,0.03126,0.00303,1478.0600,536.4175,19.2881,1.50,2219,58600,0.839,0.184,0.108,0.020
47033,Crockett,TN,C,MEG,we,35.8135,-89.1395,0.18922,0.25783,0.77699,0.33592,560,106,0.81491,4.10628,0.09076,0.03804,687.4352,534.1303,137.7156,20.34,13982,53600,0.822,0.157,0.149,0.033
51019,Bedford,VA,E,RNK,sc,37.3152,-79.5242,0.06715,0.58102,0.26379,0.21752,50990,3424,25.36709,3.92837,0.09931,0.58292,2010.0933,530.2425,308.0810,40.56,81525,71100,0.829,0.336,0.099,0.029
45041,Florence,SC,E,ILM,ne,34.0245,-79.7028,0.11648,0.23773,0.25461,0.19175,4438,517,2.13228,2.18587,0.14062,0.15692,2081.5400,529.9809,125.9922,65.92,137214,52700,0.820,0.236,0.188,0.030
28115,Pontotoc,MS,C,MEG,ne,34.2254,-89.0374,0.29298,0.14738,0.40818,0.26024,413,121,0.31827,1.39320,0.08771,0.36652,1297.6419,529.6715,78.0611,24.30,31535,51100,0.968,0.177,0.133,0.027
39093,Lorain,OH,E,CLE,nc,41.2955,-82.1512,0.16171,0.78151,0.41217,0.37346,155286,25111,121.23368,2.54882,0.33786,0.15829,1280.8844,527.9421,412.5936,248.20,317910,67100,1.020,0.279,0.110,0.038
21179,Nelson,KY,E,LMK,cc,37.8051,-85.4662,0.53567,0.39150,0.47895,0.46484,5039,2699,4.58587,0.89411,0.10634,0.40127,1098.7128,526.2285,206.0159,43.44,47730,66700,1.125,0.228,0.129,0.036
42019,Butler,PA,E,PBZ,wc,40.9117,-79.913,0.06724,0.75269,0.25441,0.23438,104974,7058,50.99761,3.78361,0.17886,0.53820,2058.4013,523.6779,394.1647,96.39,198413,81500,1.135,0.386,0.093,0.031
18057,Hamilton,IN,E,IND,cc,40.0725,-86.052,0.07871,0.55930,0.50150,0.28053,91192,7178,87.43444,6.37149,0.40836,0.05714,1042.9791,523.0540,292.5432,356.33,371645,117000,1.753,0.618,0.048,0.025
40001,Adair,OK,C,TSA,ne,35.8839,-94.6587,0.14887,0.26359,0.34944,0.23935,1223,182,0.81795,2.34728,0.05564,0.56786,1494.5926,522.2704,137.6675,13.13,19627,47800,0.802,0.118,0.231,0.038
55029,Door,WI,C,GRB,ne,44.9436,-87.3173,0.05388,0.83322,0.41137,0.26433,87560,4718,69.30132,7.63493,0.10944,0.17768,1263.4667,519.7523,433.0687,24.19,30562,72300,1.018,0.371,0.088,0.030
51003,Albemarle,VA,E,LWX,cc,38.0229,-78.5565,0.23838,0.83317,0.22316,0.35389,161769,38562,86.00785,0.93615,0.10330,0.63244,1880.8681,419.7345,349.7107,61.50,115676,94700,1.104,0.606,0.080,0.026
21233,Webster,KY,C,PAH,nw,37.5183,-87.6832,0.24586,0.08919,0.59756,0.23575,362,89,0.41625,2.43049,0.07670,0.26629,869.6727,519.6816,46.3484,14.63,12726,56100,0.946,0.126,0.154,0.042
18089,Lake,IN,C,LOT,nw,41.4156,-87.3817,0.02883,0.61970,0.39898,0.19245,66007,1903,50.78471,13.83906,0.44161,0.06475,1299.7449,518.5722,321.3592,385.15,500598,66200,0.991,0.249,0.143,0.050
21035,Calloway,KY,C,PAH,ww,36.6211,-88.2723,0.06796,0.27642,0.48734,0.20919,5974,406,5.61490,7.17098,0.10461,0.30521,1063.9551,518.5079,143.3234,35.98,38280,51900,0.877,0.323,0.176,0.044
39031,Coshocton,OH,E,PBZ,ec,40.3017,-81.92,0.18529,0.43348,0.35220,0.30470,14401,2668,9.79593,1.90080,0.08556,0.53917,1470.0962,517.7679,224.4440,25.08,36869,50700,0.771,0.167,0.162,0.045
31043,Dakota,NE,C,FSD,ne,42.3911,-96.5646,0.03437,0.33940,0.74627,0.20571,11957,411,17.26530,21.71283,0.08334,0.06545,692.5530,516.8315,175.4147,30.71,21268,66000,0.945,0.151,0.136,0.027
55023,Crawford,WI,C,ARX,sw,43.2395,-90.931,0.15633,0.37659,0.33300,0.26964,7337,1147,4.72818,2.13011,0.05950,0.49037,1551.7913,516.7465,194.6022,10.27,15944,63900,0.899,0.183,0.140,0.039
37097,Iredell,NC,E,GSP,pd,35.8072,-80.8736,0.05873,0.50471,0.33333,0.21458,11306,664,7.31148,5.67563,0.22498,0.37462,1546.4008,515.4618,260.1590,129.15,199710,73400,1.088,0.333,0.092,0.032
29227,Worth,MO,C,EAX,nw,40.4791,-94.4222,0.25954,0.14071,0.74613,0.30092,466,121,0.67485,2.87482,0.04180,0.18525,690.8358,515.4533,72.5279,2.76,1907,48400,0.747,0.176,0.134,0.025
55131,Washington,WI,C,MKX,se,43.3684,-88.2308,0.22453,0.73555,0.45594,0.42228,42535,9550,37.68203,2.03064,0.23724,0.10113,1128.7775,514.6548,378.5550,122.40,138168,90300,1.271,0.348,0.060,0.026
13261,Sumter,GA,E,FFC,wc,32.04,-84.1971,0.23896,0.22074,0.40290,0.27699,16798,4014,13.16442,1.68606,0.08001,0.29195,1276.0050,514.1024,113.4816,22.64,28890,44700,0.614,0.213,0.263,0.045
39017,Butler,OH,E,ILN,sw,39.4386,-84.5755,0.14156,0.97001,0.42191,0.38694,109423,15490,89.83296,2.98043,0.37456,0.18630,1218.0699,513.9159,498.5024,322.68,393043,74800,1.138,0.325,0.119,0.032
18061,Harrison,IN,E,LMK,sc,38.1952,-86.1113,0.41703,0.36619,0.40640,0.39592,16028,6684,12.71142,0.97451,0.09478,0.48373,1260.8812,512.4221,187.6445,31.73,40006,72300,1.082,0.220,0.086,0.028
13313,Whitfield,GA,E,FFC,nw,34.8056,-84.9673,0.32738,0.64329,0.21589,0.35691,11217,3672,14.89855,0.65945,0.24978,0.48519,752.9174,162.5473,104.5648,137.71,103687,61700,0.848,0.193,0.155,0.039
31175,Valley,NE,C,GID,cc,41.5673,-98.9819,0.00000,0.06920,0.34639,0.00000,569,0,0.38503,0.00000,0.04031,0.00718,1477.7939,511.8930,35.4247,2.71,4012,55100,0.788,0.276,0.119,0.022
31163,Sherman,NE,C,GID,cc,41.2205,-98.9763,0.02565,0.12574,0.34514,0.10364,1013,26,0.68450,13.45575,0.04104,0.00352,1480.6266,511.0235,64.2577,2.01,2983,58500,0.837,0.188,0.123,0.022
18149,Starke,IN,C,IWX,nw,41.281,-86.6478,0.55501,0.33759,0.63104,0.49081,5342,2965,6.60496,1.13699,0.10529,0.16158,808.8171,510.3959,172.3069,28.69,23206,58500,0.877,0.126,0.131,0.041
28087,Lowndes,MS,C,JAN,ne,33.4729,-88.4433,0.10510,0.30507,0.38124,0.23036,7298,767,5.45520,3.62740,0.13071,0.13243,1337.7294,509.9960,155.5857,42.82,57283,49300,0.935,0.266,0.199,0.033
27059,Isanti,MN,C,MPX,ec,45.5615,-93.2952,0.14502,0.53412,0.43455,0.32288,7987,1158,6.82361,2.99648,0.09478,0.15836,1170.4293,508.6101,271.6591,36.89,43182,83200,1.011,0.196,0.077,0.038
40055,Greer,OK,C,OUN,sw,34.9357,-99.5609,0.00753,0.15507,0.30485,0.07087,1726,13,1.03583,40.48473,0.04800,0.02205,1666.4406,508.0144,78.7800,3.28,5466,40500,0.680,0.153,0.257,0.038
45031,Darlington,SC,E,ILM,ne,34.3323,-79.9577,0.02422,0.28793,0.34579,0.13410,6688,162,4.55620,14.27704,0.12695,0.13231,1467.9102,507.5887,146.1507,42.52,62416,50400,0.785,0.197,0.223,0.033
29119,McDonald,MO,C,SGF,sw,36.6287,-94.3484,0.17250,0.47543,0.36261,0.30982,2516,434,1.80013,2.10209,0.06518,0.54732,1397.6671,506.8081,240.9516,17.10,23903,50100,0.773,0.134,0.182,0.033
47069,Hardeman,TN,C,MEG,we,35.2069,-88.9931,0.22082,0.21532,0.29161,0.24024,3478,768,2.00308,1.32058,0.06108,0.47134,1736.3218,506.3288,109.0205,14.72,25567,44500,0.681,0.113,0.215,0.044
28013,Calhoun,MS,C,MEG,ne,33.9364,-89.3364,0.19108,0.12875,0.33180,0.20135,314,60,0.20621,1.73645,0.05390,0.38302,1522.7232,505.2396,65.0509,8.33,12685,44200,0.837,0.131,0.175,0.034
39155,Trumbull,OH,E,CLE,ne,41.3174,-80.7604,0.08116,0.58095,0.30692,0.24369,77566,6295,47.18610,3.78167,0.22891,0.33020,1643.8352,504.5259,293.1041,121.89,200373,54400,0.827,0.203,0.172,0.044
1031,Coffee,AL,C,TAE,se,31.4026,-85.9882,0.06083,0.21113,0.28540,0.15418,1085,66,0.61560,4.69176,0.09821,0.39585,1762.5117,503.0208,106.2034,31.57,55643,62400,1.046,0.215,0.165,0.025
36099,Seneca,NY,E,BGM,cc,42.781,-76.8237,0.12884,0.87602,0.49706,0.38282,129897,16736,128.43173,3.85796,0.10686,0.13968,1011.4076,502.7303,440.4028,31.98,32349,65400,0.822,0.241,0.141,0.035
13069,Coffee,GA,E,JAX,se,31.5492,-82.8493,0.05079,0.16143,0.32145,0.13813,4312,219,2.76265,6.32900,0.09058,0.23284,1560.8219,501.7262,80.9952,27.75,43317,48800,0.671,0.135,0.225,0.036
40147,Washington,OK,C,TSA,ne,36.7152,-95.9044,0.09073,0.34971,0.45625,0.24372,6227,565,5.66837,5.02866,0.09440,0.17661,1098.6043,501.2382,175.2889,48.89,53706,61700,1.035,0.305,0.151,0.034
39001,Adams,OH,E,ILN,sc,38.8457,-83.472,0.17952,0.54558,0.32790,0.31786,18500,3321,12.19341,1.82654,0.07087,0.58799,1517.1861,497.4853,271.4198,18.14,27521,49100,0.746,0.143,0.190,0.050
24027,Howard,MD,E,LWX,cc,39.251,-76.9315,0.20600,0.99765,0.22715,0.36007,308733,63599,470.23473,1.10267,0.45326,0.29410,656.5501,149.1354,148.7844,511.77,336001,133000,1.401,0.645,0.056,0.017
21137,Lincoln,KY,E,LMK,cc,37.4552,-84.6607,0.49090,0.34290,0.57109,0.45809,6325,3105,7.26540,1.16335,0.08713,0.33293,870.5845,497.1821,170.4833,28.46,24776,49800,0.841,0.152,0.191,0.051
17171,Scott,IL,C,ILX,wc,39.6442,-90.4747,0.19665,0.20993,0.75656,0.31492,656,129,1.00194,3.84724,0.05951,0.15540,654.7305,495.3429,103.9880,7.19,4710,64900,0.845,0.222,0.114,0.051
21069,Fleming,KY,E,JKL,ec,38.3701,-83.6967,0.25366,0.14803,0.54251,0.27311,481,122,0.52826,2.13873,0.06318,0.38699,910.4587,493.9329,73.1186,16.96,15442,50000,0.844,0.164,0.181,0.048
55047,Green Lake,WI,C,MKX,sc,43.8003,-89.045,0.09384,0.66673,0.50069,0.31524,32282,3029,32.75962,5.33557,0.08000,0.08258,985.4353,493.3976,328.9612,19.63,19344,66100,0.930,0.225,0.104,0.034
27139,Scott,MN,C,MPX,ec,44.6484,-93.5358,0.12867,0.80405,0.50767,0.37450,73143,9411,76.66612,3.94552,0.22219,0.10477,954.0522,484.3437,389.4358,163.32,155814,116000,1.405,0.431,0.053,0.025
47031,Coffee,TN,C,OHX,mi,35.4906,-86.0748,0.27803,0.63955,0.42958,0.42430,8635,2401,7.66777,1.54509,0.14002,0.35195,1126.1376,483.7662,309.3908,53.84,60633,56500,0.866,0.229,0.145,0.034
1033,Colbert,AL,C,HUN,nw,34.7004,-87.8049,0.32963,0.49120,0.29942,0.36463,15499,5109,9.59522,0.90835,0.10899,0.44618,1615.2862,483.6490,237.5696,36.13,58361,54600,0.914,0.203,0.154,0.029
22015,Bossier,LA,C,SHV,nw,32.6795,-93.6052,0.73665,0.40141,0.16059,0.36212,20527,15121,9.14237,0.21800,0.11375,0.40064,2245.2921,360.5715,144.7368,57.81,129795,63800,1.151,0.273,0.138,0.032
27025,Chisago,MN,C,MPX,ec,45.5025,-92.9083,0.28777,0.76578,0.42105,0.45272,18261,5255,15.93530,1.46315,0.11648,0.19143,1145.9238,482.4912,369.4808,51.08,58535,98200,1.192,0.240,0.056,0.033
39157,Tuscarawas,OH,E,PBZ,ec,40.441,-81.4738,0.15566,0.50982,0.32477,0.29539,15572,2424,10.52143,2.08641,0.14073,0.49835,1480.0703,480.6824,245.0615,62.07,91874,59600,0.906,0.196,0.134,0.036
18081,Johnson,IN,E,IND,cc,39.4899,-86.1017,0.07721,0.54397,0.57629,0.28927,42999,3320,51.62660,7.46393,0.26743,0.14179,832.8930,479.9879,261.0999,201.49,167819,83000,1.244,0.333,0.072,0.027
13027,Brooks,GA,E,TAE,sc,30.842,-83.5803,0.68950,0.30125,0.37156,0.42576,14928,10293,11.58106,0.53888,0.06027,0.27033,1289.0203,478.9484,144.2821,12.60,16245,43400,0.596,0.136,0.228,0.034
47187,Williamson,TN,C,OHX,mi,35.8938,-86.8986,0.07315,0.79347,0.31636,0.26382,69963,5118,46.29223,4.32481,0.24396,0.43052,1511.3387,478.1271,379.3809,174.98,264460,133000,2.046,0.618,0.049,0.025
51191,Washington,VA,E,MRX,sw,36.7245,-81.9596,0.13613,0.63618,0.32536,0.30430,17204,2342,11.73668,2.39007,0.09832,0.55995,1465.8022,476.9134,303.4032,36.87,54050,61700,0.719,0.265,0.128,0.029
27159,Wadena,MN,C,FGF,cc,46.5858,-94.9693,0.09861,0.31679,0.33906,0.21961,2586,255,1.83877,3.43839,0.05729,0.19476,1406.3311,476.8306,151.0537,10.13,14241,57500,0.699,0.175,0.135,0.047
24043,Washington,MD,E,LWX,nc,39.6037,-77.8142,0.18004,0.93465,0.39278,0.40432,70495,12692,58.21262,2.18163,0.19266,0.38448,1210.9868,475.6514,444.5692,128.67,155813,69300,0.729,0.235,0.115,0.023
45027,Clarendon,SC,E,CAE,cc,33.6658,-80.2164,0.22393,0.26225,0.26376,0.24927,34662,7762,19.23657,1.17787,0.07464,0.16113,1801.9038,475.2701,124.6387,17.21,31004,46200,0.719,0.177,0.200,0.040
21213,Simpson,KY,C,LMK,sc,36.7419,-86.5823,0.27689,0.28615,0.77638,0.39475,1454,403,2.37629,2.80393,0.11450,0.10157,611.8619,475.0373,135.9308,33.01,20195,58600,0.988,0.168,0.137,0.038
21097,Harrison,KY,E,LMK,cc,38.4418,-84.3315,0.11941,0.45112,0.59033,0.31682,1775,212,2.21242,4.94372,0.07252,0.33088,802.4586,473.7154,213.7041,24.19,19415,61000,1.029,0.201,0.139,0.038
39103,Medina,OH,E,CLE,ne,41.1176,-81.8997,0.30063,0.78655,0.43141,0.46725,57060,17154,52.07728,1.43502,0.27024,0.25945,1095.6876,472.6906,371.7939,167.97,184042,89100,1.355,0.362,0.076,0.031
18173,Warrick,IN,C,PAH,sw,38.0922,-87.2721,0.11918,0.51828,0.46635,0.30654,35744,4260,35.30647,3.91299,0.14637,0.28346,1012.3867,472.1265,244.6950,65.06,65867,84600,1.267,0.355,0.083,0.029
47051,Franklin,TN,C,HUN,mi,35.1549,-86.0922,0.14322,0.57305,0.31645,0.29614,16255,2328,10.90352,2.20954,0.09274,0.52765,1490.8242,471.7713,270.3462,29.95,44654,61400,0.942,0.231,0.129,0.035
18151,Steuben,IN,E,IWX,ne,41.6439,-85.0008,0.13394,0.43449,0.56411,0.32020,11184,1498,13.38930,4.21166,0.13244,0.04902,835.2741,471.1865,204.7258,41.80,34917,73300,1.097,0.247,0.102,0.027
41067,Washington,OR,P,PQR,nw,45.5601,-123.0985,0.14936,0.92150,0.25029,0.32538,324948,48534,172.69863,1.67575,0.21854,0.41403,1881.5901,470.9432,433.9736,318.28,598865,98700,1.305,0.467,0.081,0.032
47077,Henderson,TN,C,MEG,we,35.6543,-88.388,0.09029,0.17284,0.34494,0.17526,2005,181,1.47192,3.82036,0.08222,0.48032,1361.9117,469.7778,81.1941,20.61,28070,53800,0.825,0.144,0.140,0.037
21149,McLean,KY,C,PAH,nw,37.5291,-87.2636,0.06236,0.12028,0.70771,0.17444,449,28,0.67680,11.34878,0.07791,0.15379,663.4208,469.5095,56.4711,13.65,9054,55600,0.938,0.184,0.147,0.046
27141,Sherburne,MN,C,MPX,cc,45.4439,-93.7745,0.05617,0.72282,0.40195,0.25365,51878,2914,44.41409,7.15596,0.15183,0.18708,1168.0548,469.4996,339.3640,87.50,102206,98000,1.190,0.281,0.057,0.032
48119,Delta,TX,C,FWD,nc,33.3863,-95.6723,0.19061,0.24261,0.65106,0.31109,1831,349,2.54479,3.41567,0.04109,0.08140,719.5097,468.4440,113.6497,7.67,5520,54600,0.755,0.195,0.151,0.045
18109,Morgan,IN,E,IND,cc,39.4815,-86.4462,0.40340,0.58705,0.44135,0.47105,22112,8920,20.85299,1.09408,0.13709,0.39777,1060.3808,467.9991,274.7371,69.06,73227,75500,1.131,0.206,0.098,0.030
29161,Phelps,MO,C,SGF,ec,37.8771,-91.7924,0.35245,0.44526,0.26738,0.34749,43922,15480,25.15187,0.75863,0.06973,0.64831,1746.2607,466.9152,207.8965,25.93,45284,54700,0.845,0.315,0.158,0.031
5081,Little River,AR,C,SHV,sw,33.7005,-94.2343,0.08267,0.21913,0.31884,0.17942,1289,107,0.88052,3.85678,0.05145,0.31430,1463.3559,466.5764,102.2389,8.07,11805,48900,0.881,0.174,0.177,0.035
26093,Livingston,MI,E,DTX,se,42.603,-83.9115,0.06019,0.78106,0.30762,0.24364,86576,5211,57.09055,5.11082,0.25163,0.18441,1516.4666,466.4955,364.3620,129.75,196757,101000,1.513,0.392,0.056,0.027
50011,Franklin,VT,E,BTV,nw,44.8574,-72.912,0.12333,0.79944,0.25937,0.29462,49939,6159,27.86811,2.10306,0.07119,0.48986,1791.9588,464.7804,371.5618,28.46,50994,76400,1.025,0.288,0.099,0.018
21155,Marion,KY,E,LMK,cc,37.5525,-85.2696,0.32857,0.18826,0.51703,0.31742,937,308,1.04367,1.57358,0.07355,0.40448,898.1757,464.3838,87.4236,22.08,19834,53700,0.906,0.127,0.146,0.034
20091,Johnson,KS,C,EAX,ec,38.8838,-94.8223,0.09384,0.79811,0.37253,0.30330,166033,15581,133.48790,3.96984,0.47971,0.11675,1243.8021,463.3536,369.8080,500.27,622237,99200,1.441,0.569,0.053,0.024
29051,Cole,MO,C,LSX,cc,38.5055,-92.2816,0.07220,0.38477,0.44825,0.23179,22784,1645,22.04218,6.20845,0.13622,0.36738,1033.6578,463.3371,178.2776,74.76,77278,70800,1.093,0.375,0.094,0.025
13295,Walker,GA,E,FFC,nw,34.7356,-85.3009,0.26252,0.80280,0.24220,0.37095,11369,2985,9.81595,0.92260,0.12083,0.60066,1158.1723,280.5093,225.1933,60.00,69489,53400,0.734,0.201,0.151,0.030
51105,Lee,VA,E,MRX,sw,36.7055,-83.1285,0.35707,0.64954,0.22094,0.37143,8340,2978,7.36186,0.61876,0.08256,0.65392,1132.8643,250.2950,162.5776,19.19,21745,41600,0.484,0.127,0.250,0.038
47125,Montgomery,TN,C,OHX,mi,36.4969,-87.3828,0.06876,0.55871,0.32800,0.23270,49282,3389,34.97776,4.77022,0.21408,0.42189,1408.9598,462.1388,258.2033,170.25,239872,67500,1.034,0.317,0.126,0.037
17199,Williamson,IL,C,PAH,ss,37.7303,-88.9299,0.18994,0.51509,0.40119,0.33985,22869,4344,19.86919,2.11219,0.14470,0.36182,1150.9870,461.7645,237.8519,57.96,66706,64200,0.836,0.275,0.168,0.044
21099,Hart,KY,C,LMK,cc,37.2999,-85.8847,0.54414,0.29562,0.42644,0.40936,6763,3680,6.24649,0.78370,0.06988,0.48789,1082.6877,461.7013,136.4898,18.22,19724,47200,0.797,0.107,0.177,0.044
29073,Gasconade,MO,C,LSX,ec,38.4409,-91.5079,0.07577,0.13556,0.33825,0.15146,1861,141,1.36580,4.46417,0.05730,0.57365,1362.5805,460.8929,62.4786,10.79,14705,59300,0.915,0.186,0.105,0.027
1065,Hale,AL,C,BMX,wc,32.7627,-87.6291,0.29387,0.54927,0.27076,0.35224,13016,3825,7.65503,0.92136,0.04859,0.35665,1700.3199,460.3786,252.8742,8.76,14888,44700,0.749,0.168,0.230,0.033
40057,Harmon,OK,C,OUN,sw,34.7441,-99.8463,0.03293,0.11846,0.32827,0.10859,577,19,0.41365,9.96872,0.04126,0.01933,1394.8893,457.9003,54.2427,1.71,2392,41200,0.690,0.163,0.251,0.026
24011,Caroline,MD,E,PHI,ee,38.8717,-75.8317,0.13569,0.87133,0.54189,0.40014,30317,4114,35.90301,3.99359,0.10761,0.13964,844.4080,457.5763,398.6984,39.78,33593,66000,0.695,0.176,0.133,0.021
48197,Hardeman,TX,C,OUN,nn,34.2903,-99.7457,0.01199,0.17303,0.25327,0.08069,3170,38,1.75582,21.12344,0.03275,0.04772,1805.4020,457.2542,79.1186,1.93,3490,49500,0.685,0.150,0.164,0.048
27095,Mille Lacs,MN,C,MPX,ec,45.938,-93.6301,0.04220,0.37411,0.25848,0.15980,5123,216,2.90149,6.12512,0.05716,0.25528,1765.6763,456.3920,170.7416,15.53,27427,65300,0.793,0.176,0.107,0.051
47117,Marshall,TN,C,OHX,mi,35.4689,-86.765,0.30926,0.52275,0.46570,0.42225,4029,1246,4.13405,1.50585,0.09861,0.42479,974.5885,453.8659,237.2578,37.92,36961,64000,0.981,0.210,0.107,0.032
55101,Racine,WI,C,MKX,se,42.7477,-88.0551,0.10384,0.90485,0.50331,0.36163,45154,4689,50.11775,4.84698,0.28691,0.07381,900.9614,453.4629,410.3176,218.23,196613,72300,1.018,0.280,0.107,0.036
41003,Benton,OR,P,PQR,ww,44.4922,-123.4292,0.23449,0.96137,0.25738,0.38714,314913,73844,179.09807,1.09762,0.07050,0.55333,1758.3289,452.5587,435.0759,55.57,97713,70100,0.927,0.544,0.162,0.030
18079,Jennings,IN,E,IND,se,38.9969,-85.6281,0.04997,0.35328,0.46163,0.20124,4557,228,4.64944,9.23814,0.09215,0.42932,980.0140,452.4039,159.8251,28.19,27622,63600,0.953,0.136,0.134,0.034
39113,Montgomery,OH,E,ILN,wc,39.7545,-84.2906,0.08694,0.70704,0.37553,0.28473,117700,10233,97.85450,4.31942,0.48656,0.12126,1202.8102,451.6913,319.3658,443.79,533796,62800,0.955,0.305,0.152,0.038
18047,Franklin,IN,E,ILN,se,39.4148,-85.0603,0.07762,0.51566,0.44394,0.26095,16039,1245,15.82537,5.71940,0.08119,0.45108,1013.4880,449.9279,232.0105,22.79,23096,74800,1.120,0.195,0.088,0.031
17185,Wabash,IL,C,PAH,se,38.4461,-87.8443,0.08759,0.13492,0.76172,0.20802,1233,108,2.09046,8.69643,0.08006,0.08893,589.8386,449.2919,60.6179,18.55,10942,63800,0.831,0.187,0.144,0.034
39165,Warren,OH,E,ILN,sw,39.4277,-84.1668,0.20039,0.88187,0.42600,0.42224,58610,11745,55.58954,2.12585,0.30671,0.24520,1054.3320,449.1454,396.0859,239.15,252148,105000,1.589,0.457,0.059,0.030
1067,Henry,AL,C,TAE,se,31.5147,-85.2414,0.29125,0.29367,0.30482,0.29652,2266,660,1.53977,1.04659,0.07149,0.40602,1471.7170,448.6088,131.7420,12.16,17899,56700,0.950,0.217,0.164,0.026
37131,Northampton,NC,E,AKQ,ne,36.4177,-77.3967,0.04468,0.24029,0.31447,0.15002,2910,130,2.04027,7.03827,0.05973,0.32010,1426.0375,448.4460,107.7563,11.72,16715,51600,0.764,0.190,0.207,0.046
55001,Adams,WI,C,ARX,cc,43.9696,-89.7706,0.09841,0.51297,0.25146,0.23327,21960,2161,12.31545,2.55523,0.07591,0.37843,1783.1368,448.3876,230.0097,12.03,21449,54700,0.770,0.173,0.132,0.051
28055,Issaquena,MS,C,JAN,wc,32.7414,-90.9892,0.89493,0.08344,0.39221,0.30825,2960,2649,2.58952,0.43826,0.02257,0.00376,1143.0693,448.3232,37.4090,1.10,1256,36900,0.699,0.044,0.496,0.075
18093,Lawrence,IN,E,IND,sc,38.8412,-86.4834,0.05925,0.45510,0.38265,0.21770,10717,635,9.15311,6.45823,0.10033,0.49753,1170.8613,448.0301,203.8993,38.50,45084,60100,0.901,0.205,0.121,0.038
21049,Clark,KY,E,LMK,cc,37.9709,-84.1475,0.27413,0.46900,0.67541,0.44282,3615,991,5.46826,2.46383,0.10516,0.21331,661.0904,446.5071,209.4108,56.43,37304,61600,1.040,0.222,0.108,0.038
17047,Edwards,IL,C,PAH,se,38.4165,-88.0532,0.67622,0.21093,0.77306,0.47953,1430,967,2.47962,1.14321,0.07477,0.11599,576.7015,445.8249,94.0383,10.35,5968,58400,0.761,0.139,0.139,0.047
5033,Crawford,AR,C,TSA,nw,35.5889,-94.243,0.57794,0.45937,0.28465,0.42278,17268,9980,11.03549,0.49253,0.08583,0.58157,1564.7846,445.4159,204.6088,39.55,61891,54700,0.986,0.193,0.133,0.034
42005,Armstrong,PA,E,PBZ,wc,40.8125,-79.4645,0.12560,0.59319,0.25879,0.26815,24689,3101,14.34649,2.06043,0.10992,0.59975,1720.9255,445.3583,264.1801,37.23,64074,57600,0.802,0.189,0.119,0.039
17181,Union,IL,C,PAH,ss,37.4712,-89.2551,0.14462,0.96139,0.40715,0.38397,18458,2669,16.88323,2.81531,0.06316,0.44536,1093.2946,445.1349,427.9490,15.24,16667,51100,0.666,0.209,0.159,0.054
51197,Wythe,VA,E,RNK,sw,36.9171,-81.0786,0.14370,0.38834,0.36944,0.27420,7368,1059,6.12409,2.57091,0.08166,0.53672,1203.1720,444.4999,172.6179,23.36,28104,47300,0.551,0.197,0.135,0.030
21003,Allen,KY,C,LMK,sc,36.7513,-86.1904,0.60158,0.33970,0.48635,0.46321,10042,6041,11.01336,0.80845,0.07419,0.41404,911.7887,443.4484,150.6383,23.90,21788,61700,1.041,0.174,0.164,0.040
51023,Botetourt,VA,E,RNK,wc,37.5571,-79.8123,0.44243,0.75658,0.16504,0.38086,49277,21802,34.85127,0.37303,0.08145,0.73280,1413.9338,233.3556,176.5520,24.13,34125,81100,0.945,0.275,0.063,0.025
37045,Cleveland,NC,E,GSP,pd,35.334,-81.5554,0.04780,0.61493,0.36415,0.22038,36440,1742,30.02161,7.61820,0.17809,0.40442,1213.7908,442.0019,271.7999,83.52,101378,53200,0.788,0.211,0.172,0.035
21033,Caldwell,KY,C,PAH,ww,37.1453,-87.8679,0.04774,0.21900,0.49026,0.17242,545,26,0.60421,10.26938,0.07073,0.40317,901.2928,441.8678,96.7671,13.93,12551,51600,0.870,0.181,0.158,0.039
37127,Nash,NC,E,RAH,cc,35.9672,-77.9864,0.06299,0.52753,0.31411,0.21854,6319,398,4.49545,4.98666,0.15484,0.27455,1405.6069,441.5152,232.9124,68.69,96551,55400,0.821,0.217,0.144,0.046
13201,Miller,GA,E,TAE,sw,31.164,-84.7307,0.06016,0.21947,0.60051,0.19940,881,53,1.19902,9.98188,0.06190,0.12942,734.7691,441.2362,96.8391,7.82,5747,45200,0.621,0.219,0.211,0.027
12119,Sumter,FL,E,TBW,cc,28.7046,-82.081,0.07053,0.65195,0.29251,0.23782,63623,4487,42.33211,4.14731,0.14644,0.13640,1502.9469,439.6270,286.6147,100.85,151565,77900,1.124,0.351,0.097,0.042
48485,Wichita,TX,C,OUN,nn,33.988,-98.7032,0.03798,0.41052,0.26794,0.16105,14322,544,8.73569,7.05477,0.13607,0.01169,1639.4303,439.2690,180.3266,79.41,130180,56600,0.784,0.248,0.176,0.039
47009,Blount,TN,E,MRX,ea,35.6873,-83.9255,0.27165,0.87439,0.23612,0.38278,110346,29975,75.18991,0.86921,0.15669,0.58371,1467.5690,346.5224,302.9949,96.39,141456,69700,1.069,0.268,0.097,0.030
37159,Rowan,NC,E,GSP,pd,35.6396,-80.5247,0.02414,0.46698,0.32356,0.15393,19680,475,14.50285,13.40348,0.20029,0.40715,1356.9585,439.0575,205.0330,111.77,151661,61100,0.905,0.215,0.146,0.034
12061,Indian River,FL,E,MLB,ec,27.6929,-80.6158,0.08072,0.67667,0.32874,0.26186,95130,7679,71.30083,4.07260,0.19988,0.02532,1334.2099,438.6082,296.7946,127.26,169795,69500,1.003,0.334,0.113,0.035
51175,Southampton,VA,E,AKQ,se,36.7201,-77.1066,0.11135,0.28276,0.28132,0.20690,1194,133,0.76713,2.52645,0.05083,0.34465,1557.0827,438.0385,123.8581,11.54,17975,61200,0.714,0.186,0.133,0.026
51840,City of Winchester,VA,E,LWX,nw,39.1733,-78.1744,0.00059,1.00000,0.03911,0.02847,8434,5,348.72663,66.28814,0.91800,0.04043,24.1853,0.9459,0.9459,1141.89,27617,60600,0.705,0.316,0.162,0.028
21105,Hickman,KY,C,PAH,ww,36.6781,-88.9761,0.37348,0.51825,0.66811,0.50569,444,166,0.67838,1.78888,0.05442,0.08856,655.1818,437.7335,226.8565,6.79,4447,53800,0.909,0.144,0.187,0.045
21229,Washington,KY,E,LMK,cc,37.7534,-85.1747,0.19188,0.27387,0.55869,0.30849,881,169,1.12780,2.91166,0.06945,0.36777,780.9353,436.3007,119.4879,15.71,12267,59900,1.012,0.189,0.131,0.033
6115,Yuba,CA,P,STO,cc,39.2691,-121.3512,0.16008,0.60732,0.26086,0.29380,22071,3533,13.23580,1.62956,0.07409,0.35216,1667.5252,434.9906,264.1788,51.41,85722,63600,0.695,0.179,0.154,0.067
36021,Columbia,NY,E,ALY,ec,42.2501,-73.6318,0.28716,0.93691,0.25902,0.41151,87396,25097,52.04935,0.90201,0.10220,0.54196,1679.0973,434.9198,407.4804,36.01,60470,83500,1.051,0.381,0.137,0.030
17009,Brown,IL,C,LSX,wc,39.9618,-90.7504,0.21825,0.16089,0.54423,0.26735,1420,310,1.78535,2.49361,0.05257,0.37355,795.5937,432.9860,69.6615,7.91,6294,78100,1.017,0.151,0.137,0.024
5131,Sebastian,AR,C,TSA,wc,35.1993,-94.274,0.06471,0.21983,0.30582,0.16325,18914,1224,13.37369,4.72601,0.16104,0.44245,1414.2933,432.5192,95.0809,91.28,129098,52700,0.949,0.244,0.128,0.034
28015,Carroll,MS,C,JAN,nc,33.4485,-89.9202,0.12356,0.16781,0.26317,0.17605,308,38,0.18717,2.12990,0.05274,0.51036,1643.0935,432.4129,72.5623,5.80,9535,49400,0.936,0.185,0.172,0.039
21177,Muhlenberg,KY,C,PAH,sc,37.2157,-87.1421,0.23789,0.16466,0.34750,0.23877,4666,1110,3.75669,1.46076,0.09429,0.44466,1242.0514,431.6129,71.0692,24.61,30568,48200,0.813,0.130,0.202,0.061
13155,Irwin,GA,E,TAE,sc,31.6023,-83.2764,0.21045,0.23024,0.45916,0.28125,1302,274,1.38597,2.18180,0.05676,0.18472,939.4169,431.3427,99.3132,9.71,9120,49200,0.677,0.166,0.194,0.039
26107,Mecosta,MI,E,GRR,cc,43.6409,-85.3245,0.07549,0.48446,0.29147,0.22008,35262,2662,23.83822,3.86104,0.09721,0.34406,1479.2298,431.1511,208.8768,27.78,41099,56100,0.838,0.227,0.184,0.053
21167,Mercer,KY,E,LMK,cc,37.8111,-84.8744,0.55242,0.38778,0.65614,0.51994,10798,5965,16.47512,1.18776,0.09455,0.23610,655.4080,430.0394,166.7608,35.24,23097,65300,1.102,0.225,0.134,0.041
29085,Hickory,MO,C,SGF,cc,37.9408,-93.3207,0.10724,0.26469,0.40283,0.22529,1921,206,1.80170,3.75634,0.05094,0.50189,1066.2182,429.5047,113.6866,8.18,8718,43500,0.671,0.120,0.175,0.036
36023,Cortland,NY,E,BGM,cc,42.595,-76.0702,0.13266,0.72302,0.33064,0.31653,24583,3261,18.92489,2.49239,0.08709,0.54076,1298.9518,429.4854,310.5267,35.22,45752,58300,0.733,0.283,0.160,0.042
21067,Fayette,KY,E,LMK,cc,38.0423,-84.4588,0.23940,0.74700,0.57890,0.46955,103405,24755,139.86265,2.41813,0.35480,0.05872,739.3329,427.9998,319.7179,433.03,320154,63700,1.075,0.473,0.157,0.034
5065,Izard,AR,C,LZK,nc,36.0949,-91.9134,0.18322,0.20910,0.28292,0.22131,3777,692,2.49686,1.54415,0.05396,0.62691,1512.6292,427.9531,89.4859,9.37,14169,43900,0.791,0.187,0.203,0.051
41043,Linn,OR,P,PQR,nw,44.4886,-122.5342,0.33246,0.75090,0.23337,0.38766,66905,22243,11.18228,0.70195,0.05762,0.56259,5983.0838,1396.2723,1048.4574,21.98,131496,67300,0.889,0.208,0.142,0.041
27065,Kanabec,MN,C,MPX,ec,45.9453,-93.2935,0.17308,0.45439,0.30953,0.28982,2455,425,1.77706,1.78836,0.05200,0.35830,1381.4294,427.5938,194.2932,12.02,16602,69600,0.845,0.158,0.100,0.050
21001,Adair,KY,C,LMK,sc,37.1041,-85.2805,0.24534,0.19908,0.39996,0.26932,3061,751,2.86699,1.63023,0.07517,0.50144,1067.6718,427.0260,85.0124,18.04,19264,44200,0.745,0.188,0.221,0.050
37107,Lenoir,NC,E,MHX,ee,35.2393,-77.6416,0.40701,0.38394,0.40828,0.39958,8418,3426,8.08308,1.00312,0.12752,0.16668,1041.3743,425.1723,163.2393,52.71,54895,46400,0.687,0.158,0.231,0.034
42097,Northumberland,PA,E,CTP,cc,40.852,-76.7091,0.11008,0.53607,0.34386,0.27275,17806,1960,14.40126,3.12373,0.13944,0.45648,1236.4199,425.1553,227.9118,72.89,90120,57800,0.805,0.192,0.123,0.040
13251,Screven,GA,E,CHS,se,32.7507,-81.6119,0.06655,0.29068,0.25021,0.16916,2615,174,1.53950,3.75973,0.05495,0.24121,1698.4438,424.9676,123.5312,8.35,14174,52700,0.725,0.147,0.225,0.052
18165,Vermillion,IN,E,IND,wc,39.8538,-87.464,0.22302,0.32740,0.63101,0.35850,2202,491,3.26967,2.82939,0.10144,0.22468,673.3362,424.8819,139.1062,22.90,15417,58300,0.873,0.172,0.125,0.041
36095,Schoharie,NY,E,ALY,ec,42.5882,-74.4421,0.09562,0.72907,0.25989,0.26265,18510,1770,11.41037,2.71795,0.07419,0.60835,1622.2362,421.6030,307.3792,18.56,30105,68000,0.855,0.250,0.135,0.042
36123,Yates,NY,E,BGM,cc,42.6335,-77.1055,0.31009,0.69752,0.43286,0.45408,24370,7557,25.04521,1.39592,0.09333,0.33489,973.0566,421.1973,293.7916,25.15,24472,62600,0.788,0.250,0.123,0.032
48159,Franklin,TX,C,SHV,ne,33.1756,-95.2184,0.46913,0.48281,0.55052,0.49959,1872,878,2.45093,1.17349,0.06312,0.17560,763.6020,420.3782,202.9636,14.06,10735,56600,0.783,0.293,0.141,0.038
39013,Belmont,OH,E,PBZ,ec,40.0158,-80.9885,0.21450,0.37440,0.29825,0.28826,7826,1679,5.58153,1.39044,0.12126,0.54502,1402.0488,418.1611,156.5575,46.30,64918,55600,0.845,0.187,0.153,0.044
37167,Stanly,NC,E,RAH,cc,35.312,-80.2507,0.19988,0.53867,0.39841,0.35006,14599,2918,13.94025,1.99325,0.13610,0.39851,1047.2206,417.2232,224.7452,62.74,65699,58600,0.869,0.197,0.110,0.030
36109,Tompkins,NY,E,BGM,cc,42.452,-76.4737,0.14767,0.97599,0.32724,0.36130,519136,76661,407.65879,2.21602,0.12043,0.46635,1273.4572,416.7261,406.7191,81.32,103558,72000,0.906,0.592,0.157,0.031
13019,Berrien,GA,E,TAE,sc,31.2761,-83.2297,0.67783,0.27227,0.35066,0.40149,12739,8635,10.74314,0.51733,0.06812,0.23667,1185.7885,415.8086,113.2138,15.66,18570,48700,0.670,0.128,0.188,0.037
42031,Clarion,PA,E,PBZ,wc,41.1925,-79.421,0.21183,0.61677,0.26354,0.32533,27726,5873,17.58211,1.24411,0.08453,0.61873,1576.9222,415.5821,256.3186,23.44,36970,57800,0.806,0.233,0.142,0.042
29181,Ripley,MO,C,PAH,se,36.6528,-90.8639,0.83979,0.19772,0.25368,0.34794,2926,2457,1.78857,0.30208,0.03648,0.66992,1635.8968,414.9943,82.0521,6.61,10806,41600,0.642,0.129,0.205,0.041
28025,Clay,MS,C,JAN,ne,33.6557,-88.7815,0.06094,0.21777,0.38309,0.17195,591,36,0.54828,6.28635,0.06240,0.21153,1077.4024,412.7421,89.8817,16.90,18206,43500,0.823,0.182,0.207,0.033
39133,Portage,OH,E,CLE,ne,41.1676,-81.1962,0.05583,0.94706,0.31191,0.25454,105402,5885,80.25032,5.58678,0.21766,0.36889,1313.4123,409.6664,387.9782,123.85,162665,73000,1.109,0.315,0.129,0.035
21007,Ballard,KY,C,PAH,ww,37.0584,-88.9992,0.29217,0.33798,0.57771,0.38496,2208,645,3.11571,1.97731,0.05967,0.12540,708.5348,409.3276,138.3452,10.70,7582,56600,0.955,0.187,0.144,0.049
21055,Crittenden,KY,C,PAH,ww,37.3527,-88.0972,0.13440,0.23162,0.42619,0.23673,811,109,0.84447,3.17106,0.04971,0.46049,960.3676,409.2991,94.8028,9.34,8974,50500,0.852,0.126,0.179,0.041
55077,Marquette,WI,C,MKX,sc,43.8196,-89.3988,0.05626,0.42141,0.33996,0.20050,9491,534,7.89105,6.04266,0.07253,0.22767,1202.7869,408.8994,172.3162,13.17,15838,58200,0.819,0.152,0.116,0.037
51047,Culpeper,VA,E,LWX,nn,38.4861,-77.9559,0.37616,0.60967,0.41301,0.45584,18772,7061,18.96074,1.09796,0.09091,0.42726,990.0280,408.8915,249.2903,55.53,54973,94300,1.098,0.264,0.096,0.028
39123,Ottawa,OH,E,CLE,nw,41.5381,-83.1467,0.05918,0.75110,0.61179,0.30072,186488,11036,279.28890,10.33778,0.19235,0.03341,667.7238,408.5067,306.8300,59.61,39803,72800,1.106,0.285,0.088,0.048
18125,Pike,IN,E,PAH,sw,38.3988,-87.2322,0.12569,0.31678,0.46103,0.26379,7177,902,8.12211,3.66799,0.08038,0.36089,883.5957,407.3641,129.0442,13.70,12106,63500,0.951,0.157,0.108,0.033
47107,McMinn,TN,E,MRX,ea,35.4248,-84.6175,0.03727,0.38197,0.36385,0.17302,4052,151,3.62018,9.76254,0.13790,0.45597,1119.2670,407.2453,155.5572,49.75,55678,61000,0.934,0.175,0.149,0.042
40143,Tulsa,OK,C,TSA,ne,36.1211,-95.9414,0.11829,0.76792,0.26694,0.28944,87647,10368,57.65824,2.25666,0.46312,0.18833,1520.1192,405.7806,311.6081,449.22,682868,63400,1.064,0.337,0.151,0.032
45061,Lee,SC,E,CAE,cc,34.1633,-80.2545,0.27424,0.36485,0.38011,0.33629,4977,1365,4.67231,1.38605,0.07629,0.15815,1065.3057,404.9333,147.7411,14.99,15967,41600,0.647,0.128,0.245,0.039
47109,McNairy,TN,C,MEG,we,35.1746,-88.5637,0.47357,0.18346,0.27856,0.28926,1816,860,1.25021,0.58821,0.07743,0.50743,1452.5569,404.6243,74.2339,18.01,26163,49700,0.762,0.118,0.155,0.047
36107,Tioga,NY,E,BGM,cc,42.1703,-76.3063,0.20806,0.79633,0.29821,0.36695,51840,10786,38.28131,1.43329,0.09558,0.57069,1354.1913,403.8334,321.5864,35.24,47715,76200,0.959,0.256,0.133,0.034
1019,Cherokee,AL,C,BMX,ne,34.176,-85.6038,0.12189,0.50552,0.25846,0.25159,3421,417,2.20153,2.12044,0.07884,0.49735,1553.9991,401.6466,203.0402,16.52,25666,52600,0.881,0.159,0.156,0.024
21103,Henry,KY,E,LMK,cc,38.4484,-85.1189,0.08979,0.35947,0.53272,0.25810,1378,124,1.82754,5.93295,0.07112,0.38569,753.8517,401.5919,144.3585,21.19,15973,65100,1.098,0.148,0.146,0.037
21171,Monroe,KY,C,LMK,sc,36.7122,-85.7164,0.21296,0.15132,0.46573,0.24667,864,184,1.00434,2.18694,0.06704,0.45406,860.2679,400.6526,60.6276,13.14,11306,45900,0.774,0.149,0.237,0.043
13131,Grady,GA,E,TAE,sw,30.8747,-84.2344,0.00831,0.16245,0.33592,0.07683,5533,46,4.64045,40.42359,0.07350,0.28613,1192.3184,400.5236,65.0632,21.86,26066,48500,0.667,0.153,0.197,0.031
29219,Warren,MO,C,LSX,ec,38.7646,-91.1607,0.08842,0.39110,0.35324,0.23031,5847,517,5.15738,3.99502,0.08651,0.51722,1133.7587,400.4889,156.6322,33.35,37806,74400,1.148,0.196,0.086,0.029
29186,Ste. Genevieve,MO,C,LSX,se,37.894,-90.1952,0.08556,0.38733,0.30340,0.21584,4313,369,3.27207,3.54605,0.06402,0.59786,1318.1251,399.9192,154.9002,14.14,18642,63800,0.985,0.184,0.096,0.028
21209,Scott,KY,E,LMK,cc,38.2915,-84.5839,0.22115,0.51570,0.54115,0.39519,6380,1411,8.63367,2.44698,0.13037,0.32392,738.9620,399.8893,206.2235,81.42,60168,86200,1.454,0.332,0.100,0.033
13163,Jefferson,GA,E,FFC,ec,33.0549,-82.4181,0.08410,0.28933,0.29118,0.19207,1189,100,0.86679,3.46231,0.07017,0.30615,1371.7746,399.4333,115.5678,11.07,15183,44500,0.611,0.112,0.225,0.040
51171,Shenandoah,VA,E,LWX,nw,38.8585,-78.5704,0.16413,0.68116,0.30068,0.32274,28935,4749,21.80137,1.83196,0.09443,0.59455,1327.2180,399.0679,271.8285,34.08,45228,65300,0.761,0.214,0.099,0.027
42099,Perry,PA,E,CTP,sc,40.3984,-77.2622,0.38153,0.68753,0.24970,0.40310,31882,12164,22.15146,0.65447,0.08338,0.65296,1439.2824,359.3888,247.0888,32.02,46083,67800,0.945,0.186,0.101,0.029
37171,Surry,NC,E,RNK,nw,36.4148,-80.6882,0.04558,0.52320,0.28613,0.18967,12307,561,8.83501,6.27753,0.14582,0.53118,1392.9884,398.5758,208.5352,51.30,71462,49500,0.734,0.194,0.139,0.032
42075,Lebanon,PA,E,CTP,sc,40.3672,-76.4577,0.16076,0.88607,0.42335,0.39215,73679,11845,78.44019,2.63343,0.23008,0.32590,939.2998,397.6526,352.3498,153.57,144252,69500,0.968,0.240,0.087,0.028
45021,Cherokee,SC,E,GSP,up,35.0482,-81.6204,0.84905,0.32750,0.23703,0.40394,13158,11172,12.78830,0.27917,0.13521,0.54282,1028.9264,243.8864,79.8726,55.12,56714,50400,0.785,0.184,0.168,0.042
28145,Union,MS,C,MEG,ne,34.4905,-89.0038,0.10796,0.18036,0.36622,0.19248,2149,232,1.99007,3.39218,0.09514,0.42349,1079.8599,395.4663,71.3281,26.19,28284,56100,1.062,0.171,0.149,0.023
42037,Columbia,PA,E,CTP,cc,41.0486,-76.4052,0.05606,0.62271,0.31093,0.22141,14086,790,11.10223,5.54638,0.12012,0.54283,1268.7361,394.4881,245.6508,51.58,65439,59100,0.824,0.249,0.126,0.036
13177,Lee,GA,E,TAE,sw,31.7796,-84.141,0.07532,0.33675,0.42089,0.22019,3160,238,3.37317,5.58802,0.09219,0.22300,936.7594,394.2727,132.7705,36.16,33872,84300,1.158,0.335,0.090,0.028
13275,Thomas,GA,E,TAE,sc,30.8637,-83.9194,0.32357,0.22980,0.27503,0.27347,8839,2860,6.18121,0.84999,0.08854,0.37924,1429.9650,393.2833,90.3784,31.92,45649,52200,0.718,0.236,0.184,0.035
37085,Harnett,NC,E,RAH,cc,35.3687,-78.8693,0.12698,0.58905,0.25142,0.26593,11640,1478,7.47406,1.98000,0.16100,0.36663,1557.3839,391.5575,230.6483,90.84,141477,65200,0.966,0.239,0.137,0.039
55063,La Crosse,WI,C,ARX,wc,43.9065,-91.1152,0.14580,0.49647,0.31400,0.28327,43710,6373,35.16364,2.15364,0.13569,0.41824,1243.0558,390.3195,193.7819,96.93,120486,70100,0.986,0.361,0.121,0.026
37195,Wilson,NC,E,RAH,cc,35.7048,-77.9185,0.06369,0.52585,0.40214,0.23792,20868,1329,21.52427,6.31402,0.16317,0.14950,969.5007,389.8750,205.0175,81.45,78970,51500,0.763,0.203,0.188,0.049
21031,Butler,KY,C,LMK,sc,37.2074,-86.6816,0.52490,0.13180,0.34810,0.28878,1225,643,1.09651,0.66317,0.05423,0.56420,1117.1841,388.8918,51.2563,11.08,12375,50800,0.858,0.095,0.150,0.045
21123,Larue,KY,E,LMK,cc,37.5457,-85.698,0.16953,0.43078,0.56442,0.34544,1711,290,2.50388,3.32932,0.07697,0.35193,683.1656,385.5923,166.1048,22.40,15303,53900,0.910,0.156,0.161,0.044
21087,Green,KY,C,LMK,cc,37.2639,-85.5531,0.18316,0.13019,0.51475,0.23067,546,100,0.73025,2.81038,0.06830,0.40961,747.6407,384.8481,50.1017,15.34,11468,46200,0.779,0.166,0.176,0.038
37187,Washington,NC,E,MHX,ee,35.8221,-76.5767,0.05458,0.58698,0.39059,0.23216,10268,560,10.50559,7.15628,0.04936,0.10848,977.3465,381.7418,224.0741,10.96,10713,46100,0.682,0.122,0.226,0.048
39025,Clermont,OH,E,ILN,sw,39.0476,-84.1522,0.24053,0.67782,0.32179,0.37436,92931,22353,78.40172,1.33784,0.23740,0.41588,1185.3181,381.4235,258.5368,178.83,211972,79500,1.208,0.314,0.089,0.032
5073,Lafayette,AR,C,SHV,sw,33.2408,-93.6073,0.13931,0.20080,0.26928,0.19603,1249,174,0.88332,1.93296,0.04190,0.43000,1413.9857,380.7581,76.4576,4.31,6095,42400,0.765,0.092,0.228,0.049
47179,Washington,TN,E,MRX,ea,36.2933,-82.4974,0.09432,0.71118,0.44537,0.31029,28795,2716,33.73458,4.72190,0.24207,0.30064,853.5750,380.1567,270.3586,162.17,138420,64300,0.985,0.335,0.163,0.033
39059,Guernsey,OH,E,PBZ,ec,40.0521,-81.4942,0.08661,0.35423,0.27674,0.20400,10737,930,7.84710,3.19524,0.10266,0.59431,1368.3240,378.6700,134.1349,27.84,38089,56000,0.851,0.153,0.154,0.043
21045,Casey,KY,E,LMK,cc,37.3223,-84.9283,0.11793,0.33297,0.32779,0.23435,3180,375,2.75414,2.77953,0.06831,0.59539,1154.5782,378.4592,126.0139,13.79,15918,43500,0.735,0.118,0.211,0.041
27163,Washington,MN,C,MPX,ec,45.0383,-92.8839,0.12099,0.97387,0.34508,0.34387,193667,23432,176.71438,2.85214,0.32086,0.16810,1095.9326,378.1844,368.3014,254.52,278936,108000,1.307,0.489,0.050,0.024
17127,Massac,IL,C,PAH,ss,37.219,-88.7078,0.11608,0.78505,0.60249,0.38007,11833,1374,18.86896,5.19030,0.09076,0.21683,627.1338,377.8418,296.6251,21.78,13661,52900,0.689,0.163,0.177,0.050
48379,Rains,TX,C,FWD,nc,32.8703,-95.7934,0.37851,0.44689,0.56297,0.45666,4246,1607,6.33318,1.48733,0.06269,0.11770,670.3817,377.4048,168.6590,19.37,12986,45400,0.628,0.252,0.138,0.035
13273,Terrell,GA,E,TAE,sw,31.7768,-84.4368,0.20642,0.11867,0.43011,0.21922,218,45,0.24911,2.08366,0.05752,0.27344,875.1088,376.3930,44.6652,9.96,8718,53300,0.732,0.115,0.281,0.045
1055,Etowah,AL,C,BMX,ne,34.0453,-86.0348,0.14188,0.34217,0.26285,0.23368,5674,805,3.99259,1.85262,0.17588,0.47269,1421.1328,373.5448,127.8164,72.65,103241,55500,0.929,0.175,0.196,0.028
21075,Fulton,KY,C,PAH,ww,36.5541,-89.1873,0.13906,0.55252,0.62559,0.36359,3401,473,5.69794,4.49871,0.05891,0.04991,596.9641,373.4548,206.3420,10.62,6338,40400,0.682,0.173,0.259,0.050
21221,Trigg,KY,C,PAH,ww,36.8064,-87.8734,0.02232,0.27158,0.29946,0.12199,10485,234,8.41459,13.41667,0.06359,0.53817,1246.0162,373.1320,101.3365,11.53,14369,56400,0.953,0.203,0.136,0.047
12041,Gilchrist,FL,E,JAX,nn,29.7259,-82.8006,0.17538,0.51563,0.40412,0.33185,6209,1089,6.73345,2.30425,0.08249,0.26738,922.1599,372.6633,192.1556,21.24,19587,58200,0.840,0.145,0.135,0.033
37197,Yadkin,NC,E,RNK,nw,36.1605,-80.6653,0.50354,0.48397,0.42611,0.47003,7827,3941,8.95416,0.84623,0.12140,0.41834,874.0789,372.4538,180.2568,43.22,37774,61500,0.910,0.158,0.129,0.031
16081,Teton,ID,M,PIH,ee,43.7595,-111.2077,0.04803,0.63380,0.31841,0.21322,20708,995,17.74453,6.62940,0.05312,0.33065,1167.0057,371.5863,235.5127,10.75,12549,95600,1.316,0.483,0.066,0.023
18077,Jefferson,IN,E,LMK,sc,38.7858,-85.4385,0.14530,0.76272,0.39398,0.35213,3902,567,4.15114,2.71149,0.10091,0.46930,940.0382,370.3563,282.4767,35.16,33056,64200,0.962,0.181,0.121,0.031
13193,Macon,GA,E,FFC,wc,32.3584,-84.0425,0.54767,0.36574,0.35118,0.41280,6981,3823,6.63955,0.64123,0.06475,0.31968,1051.4895,369.2621,135.0548,11.24,11817,40100,0.551,0.110,0.316,0.042
21161,Mason,KY,E,ILN,nn,38.5952,-83.824,0.08333,0.14247,0.57764,0.18999,276,23,0.43212,6.93196,0.08933,0.30609,638.7164,368.9481,52.5626,26.37,16841,49000,0.828,0.211,0.170,0.052
37117,Martin,NC,E,MHX,ee,35.8416,-77.1072,0.14580,0.59912,0.30779,0.29958,10288,1500,8.60608,2.11104,0.06460,0.23501,1195.4483,367.9470,220.4445,17.94,21447,44400,0.658,0.151,0.197,0.044
29209,Stone,MO,C,SGF,sw,36.7469,-93.4559,0.03456,0.25996,0.27698,0.13551,5406,187,4.08552,8.01447,0.09452,0.52667,1323.1568,366.4880,95.2726,24.68,32658,56400,0.871,0.230,0.123,0.046
21139,Livingston,KY,C,PAH,ww,37.2097,-88.3536,0.01722,0.27714,0.41324,0.12540,3310,57,3.73425,23.99768,0.05786,0.37166,886.3905,366.2920,101.5137,10.03,8892,55400,0.934,0.139,0.143,0.050
47073,Hawkins,TN,E,MRX,ea,36.4412,-82.9447,0.04969,0.50813,0.28235,0.19246,32706,1625,25.27859,5.68223,0.12351,0.55629,1293.8139,365.3084,185.6248,45.29,58600,52800,0.810,0.168,0.172,0.039
13007,Baker,GA,E,TAE,sw,31.3262,-84.4447,0.10929,0.26353,0.40268,0.22635,1711,187,1.89156,3.68451,0.04585,0.32131,904.5451,364.2422,95.9870,3.03,2743,50100,0.689,0.169,0.262,0.038
21079,Garrard,KY,E,LMK,cc,37.6396,-84.5376,0.08797,0.46011,0.60031,0.28964,6275,552,10.35692,6.82403,0.07961,0.30319,605.8368,363.6899,167.3374,29.43,17829,57700,0.975,0.191,0.176,0.039
39019,Carroll,OH,E,PBZ,ec,40.5796,-81.0897,0.13651,0.60809,0.35152,0.30786,6168,842,5.96933,2.57505,0.09855,0.52273,1033.2763,363.2173,220.8676,25.90,26758,62500,0.950,0.140,0.119,0.039
21239,Woodford,KY,E,LMK,cc,38.0423,-84.7435,0.15007,0.64824,0.72537,0.41323,4238,636,8.52812,4.83354,0.11233,0.15404,496.9741,360.4901,233.6847,54.87,27268,76600,1.293,0.417,0.106,0.031
18041,Fayette,IN,E,ILN,ec,39.6401,-85.1787,0.06255,0.48770,0.64565,0.27006,6859,429,12.31080,10.32214,0.09925,0.24956,557.1381,359.7162,175.4347,41.93,23362,54900,0.822,0.164,0.161,0.044
51167,Russell,VA,E,MRX,sw,36.9338,-82.0956,0.07712,0.40008,0.29112,0.20787,3981,307,3.22319,3.77490,0.07077,0.61194,1235.0147,359.5375,143.8452,20.63,25477,49500,0.577,0.141,0.185,0.036
31015,Boyd,NE,C,LBF,nc,42.8997,-98.7665,0.00000,0.13085,0.25463,0.00000,842,0,0.59693,0.00000,0.02886,0.04044,1410.4194,359.1351,46.9918,1.22,1725,54400,0.780,0.196,0.126,0.024
47185,White,TN,C,OHX,mi,35.9264,-85.4553,0.30008,0.52377,0.36308,0.38500,4642,1393,4.72489,1.20994,0.08889,0.51306,982.4829,356.7199,186.8390,29.20,28692,49400,0.757,0.142,0.137,0.035
34019,Hunterdon,NJ,E,PHI,nw,40.5672,-74.9123,0.10715,0.96125,0.31355,0.31845,167052,17900,147.36877,2.92627,0.20755,0.40030,1133.5674,355.4301,341.6571,114.84,130183,137000,1.425,0.565,0.048,0.035
13081,Crisp,GA,E,FFC,cc,31.923,-83.7681,0.04479,0.25430,0.48709,0.17703,2322,104,3.18869,10.87497,0.12004,0.15158,728.1989,354.6984,90.1999,26.96,19631,43900,0.603,0.155,0.260,0.037
18019,Clark,IN,E,LMK,sc,38.4773,-85.7073,0.10205,0.48847,0.36392,0.26276,14903,1521,15.29590,3.56610,0.20976,0.40072,974.3429,354.5829,173.2042,128.77,125467,68500,1.026,0.255,0.094,0.031
39099,Mahoning,OH,E,CLE,ne,41.0146,-80.7753,0.48814,0.58870,0.32342,0.45297,47375,23126,43.21529,0.66256,0.32712,0.28509,1096.2499,354.5491,208.7242,205.79,225596,54800,0.833,0.264,0.195,0.042
39043,Erie,OH,E,CLE,nc,41.3635,-82.6178,0.04960,0.79233,0.53503,0.27601,110071,5460,166.89974,10.78690,0.23811,0.16219,659.5016,352.8531,279.5761,112.26,74035,67900,1.033,0.279,0.124,0.044
26111,Midland,MI,E,DTX,se,43.6468,-84.3879,0.11787,0.69282,0.25796,0.27618,25583,3015,18.71160,2.18851,0.12730,0.17058,1367.2112,352.6858,244.3466,61.47,84039,77600,1.159,0.363,0.121,0.040
47043,Dickson,TN,C,OHX,mi,36.1491,-87.3567,0.09135,0.43831,0.27711,0.22304,6973,637,5.48040,3.03350,0.11187,0.59018,1272.3521,352.5815,154.5415,44.59,56729,70200,1.076,0.214,0.099,0.027
51035,Carroll,VA,E,RNK,sw,36.7316,-80.7339,0.12858,0.43208,0.28265,0.25042,5609,721,4.53379,2.19824,0.09144,0.60029,1237.0958,349.6651,151.0821,23.64,29239,51100,0.595,0.167,0.161,0.037
45033,Dillon,SC,E,ILM,ne,34.3915,-79.3789,0.05446,0.23955,0.33132,0.16289,1873,102,1.77894,6.08373,0.09712,0.12468,1052.8738,348.8381,83.5632,26.31,27698,37800,0.588,0.117,0.244,0.044
21011,Bath,KY,E,JKL,ec,38.1449,-83.7428,0.06500,0.16634,0.47305,0.17230,1385,90,1.88345,7.27769,0.05753,0.44769,735.1245,347.7506,57.8454,17.65,12975,48300,0.815,0.144,0.178,0.056
21163,Meade,KY,E,LMK,cc,37.9695,-86.2169,0.08674,0.35294,0.41330,0.23302,1395,121,1.66150,4.76481,0.10554,0.41633,839.6132,347.0121,122.4729,35.89,30131,69600,1.175,0.184,0.117,0.046
17087,Johnson,IL,C,PAH,ss,37.4596,-88.8809,0.20675,0.97097,0.38374,0.42550,13141,2717,14.54319,1.85606,0.06487,0.47189,903.5725,346.7369,336.6694,14.75,13326,59800,0.779,0.188,0.152,0.058
13287,Turner,GA,E,TAE,sc,31.7164,-83.6242,0.02977,0.23785,0.46073,0.14831,974,29,1.29699,15.47632,0.06949,0.19258,750.9723,345.9955,82.2937,11.86,8909,40900,0.562,0.111,0.239,0.040
42073,Lawrence,PA,E,PBZ,ww,40.9912,-80.3342,0.08778,0.78583,0.36773,0.29382,23000,2019,24.47551,4.18922,0.18091,0.41191,939.7349,345.5687,271.5574,89.89,84472,58700,0.818,0.228,0.136,0.042
28117,Prentiss,MS,C,MEG,ne,34.6183,-88.5201,0.21469,0.09951,0.31899,0.18959,531,114,0.49025,1.48582,0.09454,0.41526,1083.1271,345.5067,34.3810,23.21,25135,49200,0.932,0.186,0.177,0.028
34033,Salem,NJ,E,PHI,ss,39.5873,-75.3459,0.07151,0.79402,0.39247,0.28141,24681,1765,28.05472,5.48832,0.14559,0.11060,879.7537,345.2769,274.1582,74.27,65338,76000,0.789,0.240,0.106,0.055
37079,Greene,NC,E,MHX,ee,35.4852,-77.6756,0.14618,0.33339,0.49580,0.28910,2278,333,3.30857,3.39171,0.07867,0.14873,688.5159,341.3662,113.8076,29.82,20530,50000,0.740,0.122,0.220,0.029
55059,Kenosha,WI,C,MKX,se,42.5767,-88.0418,0.14514,0.85895,0.47081,0.38863,35864,5205,49.61039,3.24383,0.30831,0.08477,722.9102,340.3534,292.3464,231.69,167488,75100,1.057,0.308,0.113,0.034
18117,Orange,IN,E,LMK,sc,38.5418,-86.4951,0.10426,0.44330,0.32163,0.24588,3194,333,3.02116,3.08488,0.07911,0.57026,1057.2084,340.0299,150.7358,18.58,19638,54100,0.811,0.152,0.137,0.034
51775,City of Salem,VA,E,RNK,wc,37.2864,-80.0556,0.00020,1.00000,0.01726,0.01511,5114,1,135.67372,86.30000,0.89134,0.09130,37.6964,0.6506,0.6506,679.11,25600,63700,0.742,0.311,0.104,0.029
18009,Blackford,IN,E,IWX,ec,40.4735,-85.3248,0.05102,0.28974,0.79166,0.22704,1450,74,3.38490,15.51666,0.10420,0.08950,428.4526,339.1888,98.2781,27.76,11893,54800,0.821,0.135,0.157,0.040
46017,Buffalo,SD,C,ABR,cc,44.0763,-99.205,0.03196,0.09773,0.26833,0.09428,219,7,0.17349,8.39581,0.01970,0.00479,1262.3528,338.7271,33.1050,1.49,1884,30700,0.434,0.070,0.331,0.044
22055,Lafayette,LA,C,LCH,sc,30.2063,-92.0639,0.07336,0.74382,0.48293,0.29758,35853,2630,51.21080,6.58302,0.43084,0.00395,700.1068,338.1026,251.4883,356.73,249750,58600,1.057,0.349,0.169,0.032
18119,Owen,IN,E,IND,wc,39.3129,-86.8376,0.33845,0.38230,0.33475,0.35119,7095,2401,7.06331,0.98907,0.07207,0.56859,1004.4390,336.2360,128.5424,21.44,21532,62500,0.935,0.170,0.125,0.037
22081,Red River,LA,C,SHV,nw,32.0933,-93.34,0.82887,0.23904,0.32048,0.39895,6276,5202,6.02800,0.38665,0.06410,0.29384,1041.1409,333.6648,79.7591,7.07,7356,44100,0.796,0.112,0.245,0.035
45069,Marlboro,SC,E,ILM,ne,34.602,-79.6786,0.02180,0.20325,0.26374,0.10533,2477,54,1.97032,12.09817,0.08575,0.17935,1256.9906,331.5187,67.3797,20.45,25704,39200,0.610,0.087,0.272,0.072
39127,Perry,OH,E,RLX,se,39.7371,-82.2361,0.16648,0.43533,0.30992,0.28215,21311,3548,19.94080,1.86160,0.09090,0.57190,1068.7308,331.2210,144.1921,33.26,35551,60400,0.919,0.150,0.137,0.040
13315,Wilcox,GA,E,FFC,cc,31.9734,-83.4322,0.23031,0.10654,0.32986,0.20078,508,117,0.51182,1.43224,0.06076,0.27125,992.5378,327.3985,34.8808,8.85,8779,44900,0.617,0.141,0.284,0.035
17153,Pulaski,IL,C,PAH,ss,37.2228,-89.1267,0.31538,0.84679,0.61700,0.54823,4942,1559,9.38076,1.95637,0.07415,0.17825,526.7953,325.0327,275.2353,9.32,4911,44900,0.585,0.119,0.224,0.077
21169,Metcalfe,KY,C,LMK,sc,36.9905,-85.6291,0.47179,0.30338,0.42899,0.39451,2613,1233,3.46742,0.90928,0.06644,0.49572,753.7115,323.3347,98.0922,13.91,10482,45000,0.759,0.131,0.242,0.048
26099,Macomb,MI,E,DTX,se,42.6956,-82.9322,0.02705,0.89017,0.25757,0.18373,162340,4391,129.85403,9.52200,0.58356,0.06479,1250.1763,322.0079,286.6407,699.98,875101,73900,1.105,0.272,0.106,0.035
21157,Marshall,KY,C,PAH,ww,36.8834,-88.3293,0.04270,0.55523,0.36436,0.20518,32665,1395,37.05901,8.53302,0.12995,0.30453,881.4284,321.1573,178.3148,36.01,31744,64400,1.087,0.210,0.138,0.040
21217,Taylor,KY,E,LMK,cc,37.3664,-85.3279,0.31044,0.19099,0.44579,0.29788,1305,405,1.81797,1.43599,0.10353,0.42009,717.6154,319.9058,61.0991,36.85,26443,52400,0.885,0.220,0.194,0.038
51069,Frederick,VA,E,LWX,nw,39.2046,-78.2626,0.07899,0.65602,0.29694,0.24872,24478,1934,22.73908,3.75921,0.15551,0.53038,1076.4910,319.6532,209.6975,89.17,95994,97100,1.131,0.303,0.074,0.025
28147,Walthall,MS,C,LIX,ss,31.1485,-90.1061,0.33971,0.10698,0.30459,0.22286,209,71,0.19954,0.89662,0.07360,0.40158,1047.3910,319.0248,34.1284,13.24,13863,40800,0.773,0.132,0.206,0.041
37001,Alamance,NC,E,RAH,cc,36.044,-79.3995,0.06374,0.89319,0.28318,0.25262,39101,2492,34.72467,4.44274,0.23178,0.43235,1126.0336,318.8702,284.8128,159.11,179165,61000,0.904,0.277,0.125,0.034
28139,Tippah,MS,C,MEG,ne,34.7684,-88.9089,0.24896,0.25378,0.26707,0.25649,241,60,0.20232,1.07274,0.07995,0.53863,1191.2064,318.1355,80.7358,17.87,21287,52600,0.997,0.164,0.173,0.028
21173,Montgomery,KY,E,JKL,ec,38.0336,-83.9132,0.06918,0.24710,0.61753,0.21937,636,44,1.23554,8.92642,0.10667,0.26829,514.7560,317.8773,78.5469,55.42,28527,55900,0.944,0.208,0.146,0.048
21039,Carlisle,KY,C,PAH,ww,36.8532,-88.9709,0.26171,0.18620,0.61446,0.31053,294,77,0.57070,2.34787,0.05820,0.19789,515.5439,316.7811,58.9857,9.12,4704,54500,0.920,0.146,0.129,0.039
26011,Arenac,MI,E,APX,nn,44.0656,-83.8948,0.04783,0.45847,0.33191,0.19380,10955,524,11.49548,6.93937,0.08632,0.19410,953.0238,316.3181,145.0235,15.89,15145,53600,0.801,0.158,0.150,0.069
21187,Owen,KY,E,ILN,nn,38.5197,-84.828,0.22418,0.26014,0.34465,0.27189,1169,262,1.27398,1.53738,0.06037,0.58559,917.3827,316.1759,82.2513,12.33,11313,60600,1.023,0.173,0.154,0.037
54063,Monroe,WV,E,RNK,se,37.5604,-80.5505,0.17901,0.40000,0.25773,0.26426,3380,605,2.75534,1.43975,0.04756,0.68486,1226.6273,316.1387,126.4555,10.09,12382,53200,0.983,0.154,0.164,0.030
21015,Boone,KY,E,ILN,nn,38.97,-84.7279,0.39383,0.83296,0.24534,0.43175,33730,13284,50.68555,0.62296,0.30781,0.39406,665.4854,163.2702,135.9976,211.12,140496,90300,1.524,0.354,0.074,0.036
47133,Overton,TN,C,OHX,mi,36.345,-85.2881,0.04140,0.34719,0.28060,0.15918,3019,125,2.68093,6.77778,0.07370,0.62354,1126.2022,316.0123,109.7163,20.71,23327,52100,0.799,0.135,0.143,0.035
47089,Jefferson,TN,E,MRX,ea,36.051,-83.4463,0.31000,0.51096,0.38796,0.39462,5631,1746,6.91580,1.25148,0.16866,0.30359,814.2480,315.8957,161.4092,71.03,57838,60800,0.932,0.210,0.129,0.035
16075,Payette,ID,M,BOI,sw,44.0067,-116.7608,0.21521,0.64374,0.29553,0.34466,14335,3085,13.49228,1.37322,0.07217,0.00012,1062.4364,313.9818,202.1216,25.68,27279,61700,0.850,0.196,0.112,0.038
28105,Oktibbeha,MS,C,JAN,ne,33.425,-88.8793,0.19457,0.64561,0.26150,0.32026,16477,3206,13.77313,1.34399,0.09000,0.35317,1196.3268,312.8395,201.9721,42.80,51203,47300,0.896,0.458,0.255,0.033
37035,Catawba,NC,E,GSP,pd,35.6626,-81.2144,0.23571,0.69413,0.29187,0.36280,22014,5189,20.55413,1.23826,0.28253,0.35874,1071.0378,312.6038,216.9877,153.72,164645,63900,0.947,0.249,0.119,0.033
47095,Lake,TN,C,MEG,we,36.3352,-89.4935,0.28372,0.83968,0.62072,0.52881,13816,3920,27.53302,2.18779,0.04197,0.00323,501.8079,311.4822,261.5452,12.65,6347,38100,0.584,0.094,0.340,0.043
13037,Calhoun,GA,E,TAE,sw,31.5292,-84.6249,0.10879,0.19605,0.42317,0.20820,919,100,1.25168,3.88979,0.04980,0.19977,734.3763,310.7660,60.9257,7.43,5457,39700,0.546,0.121,0.355,0.028
39067,Harrison,OH,E,PBZ,ec,40.2938,-81.0911,0.24446,0.56518,0.29196,0.34296,13152,3215,12.36014,1.19431,0.08689,0.57028,1064.0283,310.6537,175.5765,13.31,14159,55100,0.838,0.130,0.145,0.041
13277,Tift,GA,E,TAE,sc,31.4575,-83.5266,0.09587,0.63069,0.44320,0.29925,3839,368,5.51129,4.62293,0.15420,0.15258,696.5156,308.6957,194.6921,59.66,41554,53000,0.728,0.202,0.192,0.029
51001,Accomack,VA,E,AKQ,se,37.766,-75.6472,0.05135,0.68212,0.26189,0.20933,137598,7066,116.74939,5.10010,0.08577,0.08163,1178.5741,308.6568,210.5410,28.20,33239,56400,0.657,0.218,0.173,0.035
55091,Pepin,WI,C,MPX,wc,44.5829,-92.0017,0.12067,0.47513,0.47838,0.30157,2959,357,4.59449,3.96437,0.06302,0.31829,643.9269,308.0418,146.3602,11.56,7441,69500,0.979,0.236,0.103,0.031
29187,St. Francois,MO,C,LSX,se,37.8104,-90.4729,0.05379,0.46007,0.26285,0.18667,7660,412,6.53719,4.88660,0.12248,0.58266,1171.7317,307.9897,141.6969,57.23,67058,48600,0.750,0.160,0.153,0.039
47111,Macon,TN,C,OHX,mi,36.532,-86.0072,0.12185,0.21372,0.38430,0.21550,714,87,0.89753,3.15388,0.09362,0.51705,795.5201,305.7184,65.3396,33.68,26793,56800,0.871,0.118,0.162,0.031
22037,East Feliciana,LA,C,LIX,se,30.8451,-91.0455,0.10247,0.24151,0.25459,0.18470,2703,277,2.29082,2.48453,0.05355,0.38333,1179.9895,300.4135,72.5531,16.30,19229,56800,1.025,0.170,0.199,0.035
13129,Gordon,GA,E,FFC,nw,34.5034,-84.8757,0.11177,0.67888,0.32404,0.29079,10674,1193,11.51317,2.89917,0.14328,0.47729,927.0738,300.4090,203.9418,64.46,59757,63900,0.879,0.177,0.129,0.030
45081,Saluda,SC,E,CAE,cc,34.0061,-81.7269,0.04542,0.35047,0.25030,0.15853,5284,240,4.41805,5.51079,0.07997,0.51163,1196.0015,299.3592,104.9169,15.99,19123,57300,0.892,0.198,0.161,0.028
42109,Snyder,PA,E,CTP,cc,40.77,-77.0701,0.15366,0.65010,0.34754,0.32622,17261,2652,20.06542,2.26175,0.12529,0.51040,860.2416,298.9684,194.3584,46.17,39717,62400,0.869,0.214,0.109,0.034
51137,Orange,VA,E,LWX,cc,38.2463,-78.0134,0.14749,0.60134,0.33592,0.31001,11763,1735,13.22549,2.27758,0.08125,0.51499,889.4368,298.7796,179.6681,43.37,38574,81400,0.948,0.294,0.080,0.030
13243,Randolph,GA,E,TAE,sw,31.7626,-84.7542,0.02033,0.16153,0.26712,0.09573,492,10,0.44076,13.13920,0.04503,0.43013,1116.2649,298.1767,48.1657,5.44,6078,39200,0.539,0.150,0.267,0.042
55089,Ozaukee,WI,C,MKX,se,43.3838,-87.9515,0.14918,0.92006,0.49097,0.40694,129265,19284,213.06405,3.29112,0.28798,0.06026,606.6965,297.8698,274.0594,154.05,93460,97800,1.376,0.504,0.048,0.026
18161,Union,IN,E,ILN,ec,39.6255,-84.9251,0.25277,0.65582,0.69521,0.48664,15758,3983,36.81989,2.75037,0.07989,0.19991,427.9636,297.5246,195.1234,16.29,6973,61200,0.916,0.206,0.112,0.029
51077,Grayson,VA,E,RNK,sw,36.6566,-81.225,0.23512,0.48476,0.25749,0.30846,17199,4044,14.89212,1.09514,0.06382,0.63154,1154.9269,297.3821,144.1603,13.23,15285,45400,0.529,0.139,0.164,0.027
47159,Smith,TN,C,OHX,mi,36.2505,-85.9567,0.12342,0.32782,0.35075,0.24211,3719,459,4.41311,2.84192,0.08579,0.52403,842.7350,295.5893,96.8996,24.37,20538,64000,0.981,0.179,0.117,0.030
42095,Northampton,PA,E,PHI,ee,40.7543,-75.3074,0.23824,0.93031,0.30175,0.40591,112398,26778,115.00774,1.26658,0.36105,0.29896,977.3069,294.9024,274.3493,326.50,319091,75500,1.051,0.338,0.098,0.035
51740,City of Portsmouth,VA,E,AKQ,se,36.85735,-76.3507,0.00036,0.52599,0.00164,0.00677,246,0,8.33332,4.55556,0.08902,0.00068,89.6938,0.1471,0.0774,1079.15,96793,54800,0.639,0.232,0.187,0.037
51063,Floyd,VA,E,RNK,sw,36.9315,-80.3626,0.16450,0.66000,0.29653,0.31812,9687,1594,9.81175,1.80261,0.07270,0.61203,987.2497,292.7492,193.2134,15.88,15679,62600,0.729,0.230,0.111,0.026
28003,Alcorn,MS,C,MEG,ne,34.8808,-88.5803,0.12932,0.24755,0.27995,0.20771,1562,202,1.50254,2.16479,0.10977,0.42397,1039.5747,291.0289,72.0432,32.84,34135,49600,0.940,0.184,0.187,0.030
31153,Sarpy,NE,C,OAX,ec,41.1131,-96.1119,0.00957,0.73537,0.45168,0.14703,61344,587,95.77876,47.19749,0.35988,0.05181,640.4745,289.2895,212.7360,312.09,199886,98600,1.412,0.419,0.049,0.022
21021,Boyle,KY,E,LMK,cc,37.6244,-84.8667,0.32848,0.37318,0.60565,0.42029,3160,1038,6.65570,1.84380,0.12832,0.25725,474.7784,287.5495,107.3085,65.27,30988,58000,0.979,0.274,0.147,0.045
21203,Rockcastle,KY,E,JKL,sc,37.3652,-84.316,0.64544,0.67715,0.20872,0.45016,3458,2232,4.19755,0.32338,0.07800,0.69841,823.8387,171.9516,116.4369,19.65,16190,45200,0.762,0.137,0.218,0.047
21145,McCracken,KY,C,PAH,ww,37.0539,-88.7127,0.07426,0.57517,0.41352,0.26043,16888,1254,24.32299,5.56854,0.22065,0.16538,694.3195,287.1150,165.1402,97.11,67428,60000,1.013,0.279,0.157,0.040
54037,Jefferson,WV,E,LWX,pa,39.3076,-77.8628,0.18835,0.79774,0.52056,0.42766,36743,6921,67.05279,2.76379,0.17960,0.27564,547.9671,285.2498,227.5539,109.11,59787,87300,1.613,0.337,0.090,0.027
36097,Schuyler,NY,E,BGM,cc,42.3938,-76.8752,0.15906,0.79847,0.31690,0.34270,29120,4632,32.85156,1.99233,0.08365,0.51731,886.4239,280.9077,224.2956,19.75,17507,63200,0.796,0.254,0.133,0.039
17155,Putnam,IL,C,DVN,nc,41.2045,-89.2858,0.16153,0.40926,0.62148,0.34506,15817,2555,35.45706,3.84746,0.07320,0.15907,446.0919,277.2372,113.4625,12.47,5561,83000,1.082,0.246,0.088,0.056
24035,Queen Anne's,MD,E,PHI,ne,39.0314,-76.09825,0.18773,0.90968,0.27666,0.36151,538,101,4.74841,1.47371,0.01750,0.00408,991.7990,274.3911,249.6082,52.94,52508,109000,1.152,0.372,0.065,0.018
39095,Lucas,OH,E,CLE,nw,41.62,-83.6586,0.04147,0.88786,0.30405,0.22370,846607,35109,939.14738,7.33181,0.50693,0.10156,901.4631,274.0899,243.3535,471.99,425484,58000,0.881,0.285,0.182,0.042
42077,Lehigh,PA,E,PHI,ee,40.6129,-75.5924,0.03169,0.90087,0.30349,0.20539,97241,3082,107.80464,9.57684,0.40449,0.27574,902.0114,273.7514,246.6147,418.79,377754,72600,1.011,0.334,0.121,0.036
21113,Jessamine,KY,E,LMK,cc,37.872,-84.5809,0.55659,0.86262,0.60359,0.66176,15648,8710,34.62540,1.08444,0.17345,0.21216,451.9305,272.7807,235.3056,121.74,55017,69200,1.168,0.324,0.103,0.035
51540,City of Charlottesville,VA,E,LWX,cc,38.0373,-78.4858,0.00006,1.00000,0.00095,0.00385,32112,2,1209.83558,15.83333,0.93678,0.05462,26.5426,0.0252,0.0252,1694.75,44983,67900,0.791,0.606,0.196,0.024
51113,Madison,VA,E,LWX,nw,38.4137,-78.2792,0.30647,0.68542,0.32677,0.40945,32598,9990,39.11576,1.06624,0.05326,0.60638,833.3824,272.3244,186.6572,16.95,14128,71700,0.835,0.276,0.101,0.023
13211,Morgan,GA,E,FFC,nc,33.5908,-83.4924,0.26991,0.53453,0.29647,0.34972,6047,1632,6.58436,1.09840,0.08271,0.50860,918.3139,272.2525,145.5285,23.37,21460,74300,1.022,0.301,0.112,0.028
13235,Pulaski,GA,E,FFC,cc,32.2328,-83.4764,0.07116,0.23839,0.41800,0.19212,1293,92,1.99671,5.87409,0.07426,0.20285,647.4730,270.6437,64.5190,15.59,10095,47000,0.646,0.120,0.230,0.035
21181,Nicholas,KY,E,LMK,cc,38.3356,-84.0153,0.09165,0.20677,0.53115,0.21591,796,73,1.56337,5.79542,0.06075,0.40316,509.4647,270.6022,55.9533,15.09,7686,51100,0.863,0.095,0.172,0.043
28009,Benton,MS,C,MEG,ne,34.8173,-89.1885,0.04325,0.20321,0.25488,0.13084,578,25,0.54604,5.89318,0.05584,0.58486,1058.5398,269.8006,54.8259,7.03,7438,43200,0.819,0.121,0.200,0.037
45017,Calhoun,SC,E,CAE,cc,33.6749,-80.7802,0.04067,0.35060,0.26546,0.15585,3442,140,3.38716,6.52717,0.08368,0.25166,1016.3196,269.7922,94.5904,13.96,14186,55600,0.866,0.218,0.146,0.033
47007,Bledsoe,TN,C,MRX,ea,35.5964,-85.2051,0.09262,0.59533,0.25600,0.24168,8270,766,7.85163,2.76398,0.05928,0.63886,1053.2958,269.6437,160.5260,14.30,15060,46200,0.708,0.088,0.216,0.053
18163,Vanderburgh,IN,C,PAH,sw,38.0254,-87.5857,0.00767,0.74326,0.44082,0.13596,59943,460,98.20949,57.47327,0.37123,0.15162,610.3554,269.0569,199.9805,294.60,179810,58000,0.869,0.271,0.138,0.032
47011,Bradley,TN,E,MRX,ea,35.1541,-84.8596,0.15702,0.69244,0.31247,0.32388,24022,3772,27.97529,1.99000,0.22606,0.41736,858.7021,268.3186,185.7936,129.94,111579,62700,0.961,0.246,0.150,0.035
21207,Russell,KY,C,LMK,sc,36.9911,-85.0586,0.06000,0.35199,0.36601,0.19772,2083,125,2.84454,6.10017,0.09202,0.43319,732.4470,268.0829,94.3629,24.96,18279,44400,0.750,0.158,0.223,0.053
13119,Franklin,GA,E,GSP,ne,34.3755,-83.2292,0.07613,0.37713,0.38822,0.22338,2233,170,3.23616,5.09944,0.11526,0.40956,690.0153,267.8777,101.0249,35.92,24782,49900,0.687,0.169,0.169,0.032
42067,Juniata,PA,E,CTP,cc,40.5311,-77.402,0.12830,0.76141,0.26257,0.29491,30948,3971,30.36110,2.04653,0.08629,0.63504,1019.3185,267.6425,203.7857,22.80,23243,62700,0.873,0.150,0.108,0.034
31055,Douglas,NE,C,OAX,ec,41.2953,-96.1544,0.00945,0.87274,0.30052,0.13533,73716,697,83.80589,31.80106,0.56051,0.03744,879.6019,264.3380,230.6976,670.24,589540,74400,1.066,0.422,0.115,0.026
22007,Assumption,LA,C,LIX,se,29.9006,-91.0626,0.01396,0.25738,0.27943,0.10013,4298,60,4.54988,20.01648,0.06160,0.00083,944.6915,263.9751,67.9420,21.34,20160,54400,0.981,0.137,0.183,0.043
18029,Dearborn,IN,E,ILN,se,39.1453,-84.9733,0.49515,0.42725,0.33100,0.41218,7793,3859,9.79986,0.66848,0.13742,0.51347,795.1955,263.2097,112.4569,64.41,51215,77600,1.163,0.260,0.079,0.033
37177,Tyrrell,NC,E,MHX,ee,35.8161,-76.2118,0.16370,0.51420,0.25986,0.27967,9546,1563,9.44646,1.58742,0.02548,0.05541,1010.4863,262.5850,135.0216,3.43,3461,42500,0.630,0.147,0.214,0.051
37109,Lincoln,NC,E,GSP,pd,35.4862,-81.2239,0.06047,0.61948,0.32788,0.23073,8268,500,10.39694,5.42219,0.21119,0.40467,795.2424,260.7441,161.5269,120.31,95675,78600,1.164,0.270,0.107,0.030
17013,Calhoun,IL,C,LSX,sw,39.1692,-90.6675,0.34950,0.34947,0.35367,0.35087,13966,4881,19.00813,1.01193,0.04986,0.37288,734.7259,259.8505,90.8091,5.88,4317,68500,0.893,0.184,0.099,0.042
13075,Cook,GA,E,TAE,sc,31.154,-83.4305,0.05601,0.29247,0.42843,0.19146,3196,179,5.29082,7.64917,0.10726,0.15969,603.9901,258.7675,75.6829,29.33,17714,44500,0.611,0.167,0.199,0.032
13147,Hart,GA,E,GSP,ne,34.3511,-82.964,0.13928,0.32501,0.38934,0.26024,4588,639,6.90600,2.79538,0.13054,0.34461,664.3495,258.6578,84.0654,41.48,27556,56100,0.772,0.181,0.149,0.029
17151,Pope,IL,C,PAH,ss,37.4127,-88.5615,0.07728,0.79628,0.26523,0.25366,5900,456,6.08106,3.43207,0.03675,0.64728,970.2765,257.3464,204.9194,3.82,3707,54900,0.715,0.168,0.161,0.039
17003,Alexander,IL,C,PAH,ss,37.1915,-89.3376,0.39357,0.89295,0.39040,0.51577,9081,3574,13.88457,0.99195,0.06152,0.31288,654.0413,255.3377,228.0035,7.18,4695,41400,0.539,0.126,0.258,0.063
13195,Madison,GA,E,FFC,ne,34.1279,-83.209,0.48486,0.47300,0.34443,0.42907,5507,2670,7.44557,0.71037,0.11033,0.47636,739.6067,254.7427,120.4932,43.52,32191,58800,0.808,0.202,0.130,0.029
13157,Jackson,GA,E,FFC,ne,34.1339,-83.5663,0.45410,0.48822,0.28290,0.39731,5063,2299,5.69869,0.62299,0.18801,0.45323,888.4669,251.3473,122.7131,99.74,88615,82100,1.129,0.273,0.083,0.021
48343,Morris,TX,C,SHV,ne,33.1135,-94.7326,0.02963,0.45774,0.37493,0.17196,9215,273,13.75132,12.65373,0.07478,0.27120,670.1027,251.2416,115.0022,18.01,12066,49800,0.690,0.155,0.193,0.059
37059,Davie,NC,E,GSP,pd,35.9292,-80.5446,0.13229,0.49012,0.36258,0.28647,6176,817,8.93697,2.74080,0.14253,0.44470,691.0549,250.5627,122.8062,64.54,44599,63400,0.940,0.268,0.097,0.031
37025,Cabarrus,NC,E,GSP,pd,35.3868,-80.5519,0.15860,0.82234,0.26298,0.32491,17844,2830,18.88019,1.65813,0.30911,0.37448,945.1359,248.5518,204.3936,253.95,240016,79600,1.180,0.377,0.091,0.032
51093,Isle of Wight,VA,E,AKQ,se,36.8908,-76.7269,0.18893,0.53278,0.29756,0.31056,14217,2686,17.02910,1.57497,0.09890,0.28728,834.8420,248.4156,132.3506,48.76,40711,85200,0.993,0.299,0.073,0.028
47105,Loudon,TN,E,MRX,ea,35.735,-84.3116,0.12501,0.61482,0.38715,0.30988,10972,1372,17.16593,3.09695,0.19712,0.32209,639.1756,247.4568,152.1403,94.80,60591,79700,1.222,0.286,0.105,0.033
51043,Clarke,VA,E,LWX,nw,39.1122,-77.9966,0.11600,0.72181,0.53103,0.35427,28227,3274,61.14656,4.57784,0.08742,0.36823,461.6325,245.1407,176.9441,33.50,15466,107000,1.246,0.373,0.073,0.025
51155,Pulaski,VA,E,RNK,sw,37.0636,-80.7143,0.19195,0.56169,0.28708,0.31397,17926,3441,20.99444,1.49560,0.11731,0.55903,853.8634,245.1271,137.6843,39.41,33655,57700,0.673,0.214,0.165,0.028
47023,Chester,TN,C,MEG,we,35.4211,-88.6128,0.08253,0.29250,0.32569,0.19884,1963,162,2.62420,3.94632,0.08356,0.47607,748.0389,243.6288,71.2606,23.54,17606,57700,0.885,0.192,0.167,0.031
21191,Pendleton,KY,E,ILN,nn,38.6957,-84.3602,0.17067,0.35251,0.33271,0.27152,1623,277,2.22356,1.94943,0.07397,0.57452,729.9111,242.8487,85.6077,20.29,14810,65700,1.109,0.166,0.132,0.040
47015,Cannon,TN,C,OHX,mi,35.8087,-86.0617,0.70658,0.50749,0.35204,0.50164,6958,4916,10.11363,0.49823,0.07184,0.55608,687.9866,242.1988,122.9142,21.89,15063,63200,0.968,0.169,0.144,0.029
13297,Walton,GA,E,FFC,nc,33.7816,-83.7338,0.10339,0.69062,0.28274,0.27229,8260,854,9.66058,2.73469,0.20498,0.41897,855.0482,241.7563,166.9625,124.79,106702,83000,1.142,0.249,0.101,0.030
13279,Toombs,GA,E,FFC,se,32.1206,-82.3306,0.04055,0.18014,0.25207,0.12257,666,27,0.69757,6.21628,0.10063,0.23220,954.6025,240.6267,43.3471,28.33,27040,45100,0.620,0.195,0.228,0.038
13165,Jenkins,GA,E,CHS,se,32.7925,-81.9636,0.03891,0.20601,0.26310,0.12824,1465,57,1.60525,6.76176,0.06468,0.21450,912.6317,240.1134,49.4664,9.45,8627,41800,0.575,0.078,0.289,0.050
42119,Union,PA,E,CTP,cc,40.963,-77.0621,0.30109,0.74057,0.29187,0.40224,20353,6128,24.77916,0.96938,0.11077,0.57738,821.3895,239.7390,177.5435,51.18,42042,65500,0.913,0.264,0.113,0.029
47041,De Kalb,TN,C,OHX,mi,35.9798,-85.8328,0.02220,0.45798,0.28140,0.14196,11800,262,13.85244,12.67568,0.08534,0.54217,851.8353,239.7065,109.7797,24.92,21225,55400,0.849,0.200,0.163,0.041
54003,Berkeley,WV,E,LWX,pa,39.4641,-78.0275,0.48752,0.70106,0.28582,0.46055,22832,11131,27.41476,0.58627,0.21492,0.47859,832.8360,238.0412,166.8814,159.02,132440,70800,1.309,0.243,0.113,0.034
21081,Grant,KY,E,ILN,nn,38.6488,-84.6245,0.15851,0.61433,0.35073,0.32445,2605,413,3.85638,2.21267,0.09560,0.54588,675.4785,236.9106,145.5412,37.93,25619,66500,1.122,0.151,0.130,0.040
21061,Edmonson,KY,C,LMK,sc,37.2087,-86.2385,0.00732,0.29703,0.29310,0.08606,14885,109,18.65626,40.04098,0.05927,0.62253,797.8556,233.8515,69.4618,15.60,12448,51400,0.868,0.103,0.160,0.051
47057,Grainger,TN,E,MRX,ea,36.2762,-83.5096,0.82531,0.42609,0.29806,0.47149,18199,15020,23.23525,0.36115,0.10068,0.50681,783.2601,233.4585,99.4740,31.51,24681,52000,0.796,0.149,0.155,0.037
21215,Spencer,KY,E,LMK,cc,38.0325,-85.3279,0.93721,0.51729,0.46350,0.60796,28260,26486,56.89373,0.49455,0.09754,0.41286,496.7076,230.2240,119.0935,41.33,20531,102000,1.714,0.221,0.070,0.037
24029,Kent,MD,E,PHI,ne,39.2061,-76.09525,0.15554,0.95717,0.30800,0.35793,2622,408,25.84139,1.98020,0.00734,0.01474,733.3357,225.8674,216.1934,26.32,19303,69700,0.734,0.379,0.130,0.024
18143,Scott,IN,E,LMK,sc,38.6851,-85.7474,0.02589,0.35457,0.44349,0.15968,1738,45,3.48270,17.12978,0.11311,0.39109,499.1106,221.3506,78.4851,49.40,24657,57800,0.866,0.124,0.145,0.035
13005,Bacon,GA,E,JAX,se,31.5537,-82.4527,0.01954,0.23584,0.29829,0.11119,614,12,0.82891,15.26561,0.07961,0.21765,740.7329,220.9532,52.1102,15.02,11124,46000,0.633,0.110,0.229,0.029
13023,Bleckley,GA,E,FFC,cc,32.4344,-83.3279,0.00836,0.29127,0.38835,0.09815,1315,11,2.31603,46.45335,0.09996,0.25275,567.8616,220.5291,64.2338,21.95,12465,56100,0.771,0.183,0.182,0.042
48063,Camp,TX,C,SHV,ne,32.9732,-94.9785,0.10328,0.40420,0.41492,0.25874,2682,277,5.09505,4.01743,0.08361,0.27021,526.3937,218.4113,88.2825,24.70,13000,52900,0.732,0.197,0.176,0.044
37003,Alexander,NC,E,GSP,pd,35.9211,-81.1772,0.06051,0.45284,0.29526,0.20075,3454,209,5.06694,4.87952,0.14165,0.51267,681.6968,201.2778,91.1458,53.50,36473,67700,1.003,0.154,0.124,0.032
21073,Franklin,KY,E,LMK,cc,38.2391,-84.877,0.14048,0.72977,0.36360,0.33405,30605,4299,55.69377,2.58827,0.16566,0.45440,549.5153,199.8038,145.8113,93.98,51644,58500,0.987,0.318,0.118,0.036
21005,Anderson,KY,E,LMK,cc,38.004,-84.9909,0.40449,0.52960,0.37274,0.43061,2054,831,3.88297,0.92151,0.10902,0.50932,529.0888,197.2126,104.4433,46.52,24613,66800,1.128,0.257,0.090,0.033
21185,Oldham,KY,E,LMK,cc,38.3995,-85.4485,0.47699,0.71098,0.38681,0.50811,22218,10598,43.64815,0.81094,0.21648,0.35394,509.0329,196.8990,139.9921,137.88,70183,116000,1.961,0.456,0.058,0.034
13253,Seminole,GA,E,TAE,sw,30.8708,-84.87465,0.03376,0.22983,0.30894,0.13383,660,22,8.25097,9.15107,0.00852,0.04739,624.5438,192.9466,44.3455,14.56,9092,45200,0.622,0.158,0.223,0.038
51157,Rappahannock,VA,E,LWX,nw,38.6845,-78.1593,0.49191,0.88796,0.27741,0.49484,15589,7668,22.55304,0.56394,0.03927,0.67679,691.1989,191.7455,170.2618,10.73,7414,85600,0.997,0.356,0.090,0.026
36061,New York (Manhattan),NY,E,OKX,se,40.7786,-73.9671,0.00000,0.00000,0.00000,0.00000,558510,0,6825.89511,0.00000,0.71254,0.00505,81.8222,0.0000,0.0000,19523.44,1597451,95500,1.202,0.640,0.165,0.046
21053,Clinton,KY,C,LMK,sc,36.7275,-85.1361,0.68621,0.12493,0.35941,0.31350,802,550,1.50570,0.52376,0.07723,0.51348,532.3142,191.3190,23.9021,17.19,9148,41700,0.705,0.165,0.236,0.052
51131,Northampton,VA,E,AKQ,ee,37.3566,-75.8995,0.04703,0.93392,0.34327,0.24704,112402,5286,202.93552,7.29896,0.08090,0.10627,553.8809,190.1307,177.5670,21.70,12021,52800,0.615,0.325,0.175,0.035
18155,Switzerland,IN,E,ILN,se,38.8262,-85.037,0.21709,0.46878,0.32349,0.32050,3662,795,6.32643,1.49012,0.07392,0.57828,578.8665,187.2575,87.7819,17.31,10019,63200,0.947,0.100,0.128,0.032
37005,Alleghany,NC,E,RNK,nw,36.4915,-81.1286,0.14317,0.64984,0.30601,0.30535,5637,807,9.24204,2.13739,0.09923,0.55035,609.9121,186.6392,121.2859,18.60,11342,49500,0.734,0.228,0.163,0.045
13043,Candler,GA,E,CHS,se,32.4035,-82.0737,0.09097,0.37679,0.28792,0.21450,1484,135,2.30316,3.16500,0.07999,0.19869,644.3312,185.5158,69.8999,17.16,11059,44500,0.612,0.136,0.215,0.025
24041,Talbot,MD,E,PHI,ee,38.7471,-76.11425,0.12663,0.85199,0.25802,0.30307,3014,382,18.26511,2.03759,0.01527,0.00795,713.7148,184.1527,156.8970,52.99,37823,76600,0.807,0.413,0.101,0.022
13017,Ben Hill,GA,E,TAE,sc,31.7598,-83.2206,0.01656,0.10319,0.27893,0.07811,302,5,0.45896,16.84360,0.09131,0.32911,658.0024,183.5366,18.9388,26.03,17128,41100,0.566,0.121,0.244,0.043
21023,Bracken,KY,E,ILN,nn,38.6888,-84.0901,0.07381,0.26822,0.33029,0.18700,461,34,0.85126,4.47487,0.07337,0.56470,541.1090,178.7229,47.9362,15.57,8426,58300,0.984,0.170,0.143,0.047
22093,St. James,LA,C,LIX,se,30.0263,-90.7962,0.02995,0.25248,0.25817,0.12498,835,25,1.25010,8.62003,0.10979,0.00043,667.7318,172.3883,43.5251,28.74,19191,67900,1.225,0.202,0.151,0.045
13231,Pike,GA,E,FFC,wc,33.0922,-84.3892,0.03020,0.35719,0.30320,0.14844,4768,144,8.39062,10.03974,0.08696,0.47142,568.2539,172.2946,61.5425,36.01,20461,80600,1.108,0.214,0.112,0.027
21091,Hancock,KY,C,LMK,cc,37.8415,-86.778,0.01665,0.12368,0.32859,0.08779,901,15,1.74833,19.73514,0.09057,0.50040,515.3497,169.3388,20.9440,17.31,8920,66300,1.119,0.168,0.119,0.046
47063,Hamblen,TN,E,MRX,ea,36.2172,-83.2666,0.22264,0.54360,0.36994,0.35509,2749,612,6.03691,1.66161,0.28396,0.24905,455.3473,168.4512,91.5704,145.42,66216,56700,0.870,0.201,0.173,0.036
22121,West Baton Rouge,LA,C,LIX,se,30.4634,-91.3134,0.34001,0.55126,0.30641,0.38582,3594,1222,6.79024,0.90118,0.14572,0.00210,529.2920,162.1804,89.4035,53.40,28266,71400,1.287,0.231,0.136,0.033
42093,Montour,PA,E,CTP,cc,41.028,-76.6586,0.04993,0.80119,0.46815,0.26556,19686,983,57.47563,9.37613,0.15252,0.35789,342.5162,160.3490,128.4706,52.14,17860,76200,1.062,0.366,0.098,0.027
37139,Pasquotank,NC,E,AKQ,ne,36.251,-76.2099,0.01279,0.35032,0.26670,0.10612,7194,92,6.12095,20.85223,0.12822,0.05566,587.7341,156.7487,54.9118,70.51,41444,59100,0.875,0.269,0.155,0.041
47121,Meigs,TN,E,MRX,ea,35.5127,-84.8135,0.02144,0.44737,0.27361,0.13794,22057,473,39.28403,12.76166,0.08794,0.48506,561.4776,153.6259,68.7277,24.38,13691,54300,0.832,0.120,0.156,0.050
13225,Peach,GA,E,FFC,cc,32.5688,-83.8268,0.17449,0.43123,0.37892,0.30550,1759,307,4.48430,2.17159,0.17994,0.30992,392.3574,148.6721,64.1114,73.42,28805,58500,0.804,0.243,0.173,0.038
47169,Trousdale,TN,C,OHX,mi,36.3921,-86.1567,0.27404,0.33149,0.48445,0.35306,208,57,0.68832,1.76781,0.08642,0.40058,302.1845,146.3933,48.5275,40.61,12271,58600,0.898,0.101,0.158,0.031
13219,Oconee,GA,E,FFC,ne,33.8349,-83.437,0.26896,0.92204,0.28112,0.41157,28689,7716,59.51343,1.04521,0.17319,0.47134,482.0552,135.5154,124.9499,91.65,44182,115000,1.578,0.549,0.075,0.024
21223,Trimble,KY,E,LMK,cc,38.613,-85.3374,0.36575,0.67765,0.31289,0.42644,1441,527,3.56077,0.85548,0.07403,0.55372,404.6538,126.6121,85.7988,21.27,8607,65800,1.111,0.147,0.132,0.039
13171,Lamar,GA,E,FFC,wc,33.0765,-84.1394,0.75389,0.41037,0.25934,0.43130,6749,5088,14.02162,0.34400,0.10683,0.48927,481.3280,124.8276,51.2254,42.38,20401,61500,0.846,0.195,0.142,0.034
51630,City of Fredericksburg,VA,E,LWX,cc,38.2992,-77.487,0.00000,1.00000,0.00814,0.00000,7760,0,285.30617,0.00000,0.76617,0.17610,27.1994,0.2214,0.2214,1063.55,28928,71200,0.830,0.468,0.127,0.034
51830,City of Williamsburg,VA,E,AKQ,se,37.2691,-76.7074,0.00000,1.00000,0.00259,0.00000,24129,0,1020.63503,0.00000,0.61376,0.29599,23.6416,0.0612,0.0612,670.30,15847,67500,0.787,0.485,0.188,0.040
51720,City of Norton,VA,E,MRX,sw,36.9317,-82.6259,0.00000,1.00000,0.00106,0.00000,486,0,24.94603,0.00000,0.36586,0.57644,19.5012,0.0207,0.0207,179.07,3492,41300,0.481,0.166,0.206,0.041
47127,Moore,TN,C,HUN,mi,35.2847,-86.3588,0.26675,0.54284,0.35652,0.37235,2425,647,7.19271,1.33653,0.09018,0.49444,337.2103,120.2222,65.2612,20.01,6748,68100,1.044,0.247,0.099,0.025
51670,City of Hopewell,VA,E,AKQ,sc,37.2914,-77.2986,0.00000,1.00000,0.00032,0.00000,6195,0,221.61940,0.00000,0.78840,0.05151,27.9549,0.0089,0.0089,813.88,22752,53100,0.619,0.125,0.200,0.044
13013,Barrow,GA,E,FFC,nc,33.9932,-83.7126,0.01783,0.72947,0.27515,0.15296,12734,227,30.19427,15.43186,0.30784,0.35479,421.7235,116.0372,84.6452,220.03,92792,77600,1.067,0.210,0.112,0.028
51735,City of Poquoson,VA,E,AKQ,se,37.14155,-76.36355,0.00000,1.00000,0.00007,0.00000,30,0,3.48895,0.00000,0.09442,0.00465,40.9836,0.0029,0.0029,308.29,12635,110000,1.276,0.401,0.058,0.025
51683,City of Manassas,VA,E,LWX,nn,38.7482,-77.4837,0.00000,0.99317,0.01604,0.00000,7019,0,271.33698,0.00000,0.95387,0.01695,25.8691,0.4149,0.4121,1650.46,42696,97700,1.138,0.332,0.107,0.025
13047,Catoosa,GA,E,FFC,nw,34.9036,-85.1381,0.23648,0.72583,0.26289,0.35602,6202,1467,14.72464,1.11168,0.26735,0.44178,421.1703,110.7215,80.3655,163.62,68910,66900,0.920,0.245,0.107,0.027
51620,City of Franklin,VA,E,AKQ,se,36.6827,-76.9384,0.00000,0.97919,0.15927,0.00000,775,0,35.73567,0.00000,0.47432,0.16516,21.6870,3.4541,3.3822,384.52,8339,54600,0.636,0.264,0.198,0.038
51595,City of Emporia,VA,E,AKQ,se,36.6952,-77.5356,0.00000,0.95973,0.09706,0.00000,772,0,43.16906,0.00000,0.54302,0.19050,17.8843,1.7359,1.6660,305.46,5463,43500,0.507,0.152,0.201,0.046
51530,City of Buena Vista,VA,E,RNK,wc,37.7317,-79.3567,0.00000,0.94893,0.06795,0.00000,1007,0,57.28738,0.00000,0.49695,0.40844,17.5780,1.1944,1.1334,373.53,6566,51000,0.594,0.247,0.146,0.027
51690,City of Martinsville,VA,E,RNK,sc,36.6826,-79.8636,0.00000,0.94167,0.00391,0.00000,6641,0,232.86640,0.00000,0.70125,0.27674,28.5195,0.1115,0.1050,482.58,13763,41500,0.483,0.212,0.225,0.047
51580,City of Covington,VA,E,RNK,wc,37.7786,-79.9867,0.00000,0.87784,0.05289,0.00000,274,0,18.70107,0.00000,0.56375,0.37251,14.6704,0.7759,0.6811,377.97,5545,46600,0.543,0.096,0.177,0.041
51685,City of Manassas Park,VA,E,LWX,nn,38.7714,-77.4445,0.00000,0.00000,0.00010,0.00000,620,0,95.47331,0.00000,0.91989,0.07958,6.4958,0.0006,0.0000,2518.72,16361,90800,1.058,0.255,0.077,0.026
51013,Arlington,VA,E,LWX,nn,38.8788,-77.1008,0.00000,0.00000,0.00000,0.00000,83528,0,1230.45442,0.00000,0.96237,0.02687,67.8841,0.0000,0.0000,3449.44,234162,131000,1.526,0.771,0.071,0.021
51510,City of Alexandria,VA,E,LWX,nn,38.8185,-77.0861,0.00000,0.00000,0.00000,0.00000,78950,0,1969.86754,0.00000,0.96210,0.01097,40.0790,0.0000,0.0000,3873.10,155230,110000,1.283,0.658,0.085,0.023
51570,City of Colonial Heights,VA,E,AKQ,cc,37.2647,-77.3968,0.00000,0.00000,0.00000,0.00000,1188,0,58.72360,0.00000,0.75453,0.05431,20.2378,0.0000,0.0000,908.85,18393,68500,0.798,0.295,0.104,0.031
51600,City of Fairfax,VA,E,LWX,nn,38.8533,-77.3003,0.00000,0.00000,0.00000,0.00000,12199,0,740.75199,0.00000,0.96944,0.02959,16.4688,0.0000,0.0000,1526.77,25144,123000,1.430,0.623,0.074,0.024
51610,City of Falls Church,VA,E,LWX,nn,38.8843,-77.1743,0.00000,0.00000,0.00000,0.00000,5141,0,1010.65447,0.00000,0.99536,0.00052,5.0869,0.0000,0.0000,2886.82,14685,143000,1.660,0.797,0.051,0.023
21041,Carroll,KY,E,ILN,nn,38.6679,-85.1235,0.47345,0.64653,0.29558,0.44893,1337,633,3.76091,0.62431,0.11268,0.51925,355.4988,105.0783,67.9360,30.91,10987,59200,1.000,0.089,0.162,0.035
18043,Floyd,IN,E,LMK,sc,38.3194,-85.9068,0.05632,0.78453,0.26671,0.22756,14233,802,37.06119,4.73562,0.27922,0.43900,384.0498,102.4299,80.3595,210.41,80809,74300,1.112,0.313,0.102,0.028
21201,Robertson,KY,E,ILN,nn,38.5188,-84.0521,0.16627,0.09851,0.35722,0.18020,656,109,2.52957,2.14843,0.06111,0.57704,259.1582,92.5765,9.1200,8.93,2313,53500,0.902,0.135,0.196,0.052
18115,Ohio,IN,E,ILN,se,38.9501,-84.965,0.20713,0.40268,0.37193,0.31421,661,137,2.91964,1.79564,0.08983,0.51992,226.5390,84.2567,33.9284,26.50,6004,70600,1.058,0.190,0.092,0.030
21077,Gallatin,KY,E,ILN,nn,38.7569,-84.8592,0.37875,0.61744,0.26301,0.39474,2437,923,8.98646,0.69442,0.12479,0.54444,271.1797,71.3230,44.0378,32.42,8792,59200,0.999,0.132,0.131,0.040